  0
SECTION
  2
HEADER
  9
$ANGBASE
  50
0.0
  9
$ANGDIR
  70
1
  9
$MEASUREMENT
  70
1
  0
ENDSEC
  0
SECTION
  2
TABLES
  0
TABLE
  2
LTYPE
  70
4
  0
LTYPE
  5
40F
  2
CONTINUOUS
  70
0
  3
Solid line
  72
65
  73
0
  40
0.0
  0
LTYPE
  5
410
  2
DASHDOT
 70
0
  3
Dash Dot ____ _ ____ _
 72
65
 73
4
 40
2.0
 49
1.25
 49
-0.25
 49
0.25
 49
-0.25
  0
LTYPE
  5
411
  2
DASHED
 70
0
  3
Dashed __ __ __ __ __
 72
65
 73
2
 40
0.75
 49
0.5
 49
-0.25
  0
LTYPE
  5
43B
  2
DOTTED
 70
0
  3
Dotted .  .  .  .
 72
65
 73
2
 40
0.2
 49
0.0
 49
-0.2
  0
ENDTAB
  0
TABLE
  2
STYLE
  70
4
  0
STYLE
  2
KICAD
  70
0
  40
0
  41
1
  42
1
  50
0
  71
0
  3
isocp.shx
  0
STYLE
  2
KICADB
  70
0
  40
0
  41
1
  42
1
  50
0
  71
0
  3
isocp.shx
  0
STYLE
  2
KICADI
  70
0
  40
0
  41
1
  42
1
  50
15
  71
0
  3
isocp.shx
  0
STYLE
  2
KICADBI
  70
0
  40
0
  41
1
  42
1
  50
15
  71
0
  3
isocp.shx
  0
ENDTAB
  0
TABLE
  2
LAYER
  70
1
  0
LAYER
  2
BLACK
  70
0
  62
7
  6
CONTINUOUS
  0
ENDTAB
  0
ENDSEC
  0
SECTION
  2
ENTITIES
0
LINE
8
BLACK
6
CONTINUOUS
10
122.1206699999999898
20
-145.7940299999999922
11
122.2017759999999953
21
-145.8482239999999877
0
LINE
8
BLACK
6
CONTINUOUS
10
122.2017759999999953
20
-145.8482239999999877
11
122.2559699999999907
21
-145.9293299999999931
0
LINE
8
BLACK
6
CONTINUOUS
10
122.2559699999999907
20
-145.9293299999999931
11
122.274998999999994
21
-146.0250020000000006
0
LINE
8
BLACK
6
CONTINUOUS
10
122.274998999999994
20
-146.0250020000000006
11
122.2749999999999915
21
-146.9499989999999912
0
LINE
8
BLACK
6
CONTINUOUS
10
122.2749999999999915
20
-146.9499989999999912
11
122.2559699999999907
21
-147.0456700000000012
0
LINE
8
BLACK
6
CONTINUOUS
10
122.2559699999999907
20
-147.0456700000000012
11
122.2017759999999953
21
-147.1267760000000067
0
LINE
8
BLACK
6
CONTINUOUS
10
122.2017759999999953
20
-147.1267760000000067
11
122.1206699999999898
21
-147.1809700000000021
0
LINE
8
BLACK
6
CONTINUOUS
10
122.1206699999999898
20
-147.1809700000000021
11
122.0249979999999965
21
-147.1999989999999912
0
LINE
8
BLACK
6
CONTINUOUS
10
122.0249979999999965
20
-147.1999989999999912
11
120.7750009999999889
21
-147.1999999999999886
0
LINE
8
BLACK
6
CONTINUOUS
10
120.7750009999999889
20
-147.1999999999999886
11
120.6793299999999931
21
-147.1809700000000021
0
LINE
8
BLACK
6
CONTINUOUS
10
120.6793299999999931
20
-147.1809700000000021
11
120.5982239999999877
21
-147.1267760000000067
0
LINE
8
BLACK
6
CONTINUOUS
10
120.5982239999999877
20
-147.1267760000000067
11
120.5440299999999922
21
-147.0456700000000012
0
LINE
8
BLACK
6
CONTINUOUS
10
120.5440299999999922
20
-147.0456700000000012
11
120.5250009999999889
21
-146.9499979999999937
0
LINE
8
BLACK
6
CONTINUOUS
10
120.5250009999999889
20
-146.9499979999999937
11
120.5249999999999915
21
-146.0250010000000032
0
LINE
8
BLACK
6
CONTINUOUS
10
120.5249999999999915
20
-146.0250010000000032
11
120.5440299999999922
21
-145.9293299999999931
0
LINE
8
BLACK
6
CONTINUOUS
10
120.5440299999999922
20
-145.9293299999999931
11
120.5982239999999877
21
-145.8482239999999877
0
LINE
8
BLACK
6
CONTINUOUS
10
120.5982239999999877
20
-145.8482239999999877
11
120.6793299999999931
21
-145.7940299999999922
0
LINE
8
BLACK
6
CONTINUOUS
10
120.6793299999999931
20
-145.7940299999999922
11
120.7750020000000006
21
-145.7750010000000032
0
LINE
8
BLACK
6
CONTINUOUS
10
120.7750020000000006
20
-145.7750010000000032
11
122.024998999999994
21
-145.7750000000000057
0
LINE
8
BLACK
6
CONTINUOUS
10
122.024998999999994
20
-145.7750000000000057
11
122.1206699999999898
21
-145.7940299999999922
0
LINE
8
BLACK
6
CONTINUOUS
10
125.5956709999999958
20
-145.2790300000000059
11
125.6767770000000013
21
-145.3332230000000038
0
LINE
8
BLACK
6
CONTINUOUS
10
125.6767770000000013
20
-145.3332230000000038
11
125.7309699999999992
21
-145.4143289999999809
0
LINE
8
BLACK
6
CONTINUOUS
10
125.7309699999999992
20
-145.4143289999999809
11
125.75
21
-145.5099999999999909
0
LINE
8
BLACK
6
CONTINUOUS
10
125.75
20
-145.5099999999999909
11
125.75
21
-146.2099999999999795
0
LINE
8
BLACK
6
CONTINUOUS
10
125.75
20
-146.2099999999999795
11
125.7309699999999992
21
-146.3056709999999896
0
LINE
8
BLACK
6
CONTINUOUS
10
125.7309699999999992
20
-146.3056709999999896
11
125.6767770000000013
21
-146.386776999999995
0
LINE
8
BLACK
6
CONTINUOUS
10
125.6767770000000013
20
-146.386776999999995
11
125.5956709999999958
21
-146.440969999999993
0
LINE
8
BLACK
6
CONTINUOUS
10
125.5956709999999958
20
-146.440969999999993
11
125.5
21
-146.4599999999999795
0
LINE
8
BLACK
6
CONTINUOUS
10
125.5
20
-146.4599999999999795
11
124.5999999999999943
21
-146.4599999999999795
0
LINE
8
BLACK
6
CONTINUOUS
10
124.5999999999999943
20
-146.4599999999999795
11
124.5043289999999985
21
-146.440969999999993
0
LINE
8
BLACK
6
CONTINUOUS
10
124.5043289999999985
20
-146.440969999999993
11
124.423222999999993
21
-146.386776999999995
0
LINE
8
BLACK
6
CONTINUOUS
10
124.423222999999993
20
-146.386776999999995
11
124.3690299999999951
21
-146.3056709999999896
0
LINE
8
BLACK
6
CONTINUOUS
10
124.3690299999999951
20
-146.3056709999999896
11
124.3499999999999943
21
-146.2099999999999795
0
LINE
8
BLACK
6
CONTINUOUS
10
124.3499999999999943
20
-146.2099999999999795
11
124.3499999999999943
21
-145.5099999999999909
0
LINE
8
BLACK
6
CONTINUOUS
10
124.3499999999999943
20
-145.5099999999999909
11
124.3690299999999951
21
-145.4143289999999809
0
LINE
8
BLACK
6
CONTINUOUS
10
124.3690299999999951
20
-145.4143289999999809
11
124.423222999999993
21
-145.3332230000000038
0
LINE
8
BLACK
6
CONTINUOUS
10
124.423222999999993
20
-145.3332230000000038
11
124.5043289999999985
21
-145.2790300000000059
0
LINE
8
BLACK
6
CONTINUOUS
10
124.5043289999999985
20
-145.2790300000000059
11
124.5999999999999943
21
-145.2599999999999909
0
LINE
8
BLACK
6
CONTINUOUS
10
124.5999999999999943
20
-145.2599999999999909
11
125.5
21
-145.2599999999999909
0
LINE
8
BLACK
6
CONTINUOUS
10
125.5
20
-145.2599999999999909
11
125.5956709999999958
21
-145.2790300000000059
0
LINE
8
BLACK
6
CONTINUOUS
10
159.020670999999993
20
-144.5190299999999866
11
159.1017769999999985
21
-144.5732229999999845
0
LINE
8
BLACK
6
CONTINUOUS
10
159.1017769999999985
20
-144.5732229999999845
11
159.1559699999999964
21
-144.6543289999999899
0
LINE
8
BLACK
6
CONTINUOUS
10
159.1559699999999964
20
-144.6543289999999899
11
159.1749999999999829
21
-144.75
0
LINE
8
BLACK
6
CONTINUOUS
10
159.1749999999999829
20
-144.75
11
159.1749999999999829
21
-145.4249999999999829
0
LINE
8
BLACK
6
CONTINUOUS
10
159.1749999999999829
20
-145.4249999999999829
11
159.1559699999999964
21
-145.520670999999993
0
LINE
8
BLACK
6
CONTINUOUS
10
159.1559699999999964
20
-145.520670999999993
11
159.1017769999999985
21
-145.6017769999999985
0
LINE
8
BLACK
6
CONTINUOUS
10
159.1017769999999985
20
-145.6017769999999985
11
159.020670999999993
21
-145.6559699999999964
0
LINE
8
BLACK
6
CONTINUOUS
10
159.020670999999993
20
-145.6559699999999964
11
158.9249999999999829
21
-145.6749999999999829
0
LINE
8
BLACK
6
CONTINUOUS
10
158.9249999999999829
20
-145.6749999999999829
11
157.9749999999999943
21
-145.6749999999999829
0
LINE
8
BLACK
6
CONTINUOUS
10
157.9749999999999943
20
-145.6749999999999829
11
157.8793289999999843
21
-145.6559699999999964
0
LINE
8
BLACK
6
CONTINUOUS
10
157.8793289999999843
20
-145.6559699999999964
11
157.7982229999999788
21
-145.6017769999999985
0
LINE
8
BLACK
6
CONTINUOUS
10
157.7982229999999788
20
-145.6017769999999985
11
157.7440299999999809
21
-145.520670999999993
0
LINE
8
BLACK
6
CONTINUOUS
10
157.7440299999999809
20
-145.520670999999993
11
157.7249999999999943
21
-145.4249999999999829
0
LINE
8
BLACK
6
CONTINUOUS
10
157.7249999999999943
20
-145.4249999999999829
11
157.7249999999999943
21
-144.75
0
LINE
8
BLACK
6
CONTINUOUS
10
157.7249999999999943
20
-144.75
11
157.7440299999999809
21
-144.6543289999999899
0
LINE
8
BLACK
6
CONTINUOUS
10
157.7440299999999809
20
-144.6543289999999899
11
157.7982229999999788
21
-144.5732229999999845
0
LINE
8
BLACK
6
CONTINUOUS
10
157.7982229999999788
20
-144.5732229999999845
11
157.8793289999999843
21
-144.5190299999999866
0
LINE
8
BLACK
6
CONTINUOUS
10
157.8793289999999843
20
-144.5190299999999866
11
157.9749999999999943
21
-144.5
0
LINE
8
BLACK
6
CONTINUOUS
10
157.9749999999999943
20
-144.5
11
158.9249999999999829
21
-144.5
0
LINE
8
BLACK
6
CONTINUOUS
10
158.9249999999999829
20
-144.5
11
159.020670999999993
21
-144.5190299999999866
0
LINE
8
BLACK
6
CONTINUOUS
10
156.5956709999999816
20
-144.4690300000000036
11
156.6767769999999871
21
-144.5232230000000015
0
LINE
8
BLACK
6
CONTINUOUS
10
156.6767769999999871
20
-144.5232230000000015
11
156.730969999999985
21
-144.604329000000007
0
LINE
8
BLACK
6
CONTINUOUS
10
156.730969999999985
20
-144.604329000000007
11
156.75
21
-144.6999999999999886
0
LINE
8
BLACK
6
CONTINUOUS
10
156.75
20
-144.6999999999999886
11
156.75
21
-145.4000000000000057
0
LINE
8
BLACK
6
CONTINUOUS
10
156.75
20
-145.4000000000000057
11
156.730969999999985
21
-145.4956709999999873
0
LINE
8
BLACK
6
CONTINUOUS
10
156.730969999999985
20
-145.4956709999999873
11
156.6767769999999871
21
-145.5767769999999928
0
LINE
8
BLACK
6
CONTINUOUS
10
156.6767769999999871
20
-145.5767769999999928
11
156.5956709999999816
21
-145.6309699999999907
0
LINE
8
BLACK
6
CONTINUOUS
10
156.5956709999999816
20
-145.6309699999999907
11
156.5
21
-145.6500000000000057
0
LINE
8
BLACK
6
CONTINUOUS
10
156.5
20
-145.6500000000000057
11
155.5999999999999943
21
-145.6500000000000057
0
LINE
8
BLACK
6
CONTINUOUS
10
155.5999999999999943
20
-145.6500000000000057
11
155.5043289999999843
21
-145.6309699999999907
0
LINE
8
BLACK
6
CONTINUOUS
10
155.5043289999999843
20
-145.6309699999999907
11
155.4232229999999788
21
-145.5767769999999928
0
LINE
8
BLACK
6
CONTINUOUS
10
155.4232229999999788
20
-145.5767769999999928
11
155.3690299999999809
21
-145.4956709999999873
0
LINE
8
BLACK
6
CONTINUOUS
10
155.3690299999999809
20
-145.4956709999999873
11
155.3499999999999943
21
-145.4000000000000057
0
LINE
8
BLACK
6
CONTINUOUS
10
155.3499999999999943
20
-145.4000000000000057
11
155.3499999999999943
21
-144.6999999999999886
0
LINE
8
BLACK
6
CONTINUOUS
10
155.3499999999999943
20
-144.6999999999999886
11
155.3690299999999809
21
-144.604329000000007
0
LINE
8
BLACK
6
CONTINUOUS
10
155.3690299999999809
20
-144.604329000000007
11
155.4232229999999788
21
-144.5232230000000015
0
LINE
8
BLACK
6
CONTINUOUS
10
155.4232229999999788
20
-144.5232230000000015
11
155.5043289999999843
21
-144.4690300000000036
0
LINE
8
BLACK
6
CONTINUOUS
10
155.5043289999999843
20
-144.4690300000000036
11
155.5999999999999943
21
-144.4499999999999886
0
LINE
8
BLACK
6
CONTINUOUS
10
155.5999999999999943
20
-144.4499999999999886
11
156.5
21
-144.4499999999999886
0
LINE
8
BLACK
6
CONTINUOUS
10
156.5
20
-144.4499999999999886
11
156.5956709999999816
21
-144.4690300000000036
0
LINE
8
BLACK
6
CONTINUOUS
10
125.5956709999999958
20
-143.2790300000000059
11
125.6767770000000013
21
-143.3332230000000038
0
LINE
8
BLACK
6
CONTINUOUS
10
125.6767770000000013
20
-143.3332230000000038
11
125.7309699999999992
21
-143.4143289999999809
0
LINE
8
BLACK
6
CONTINUOUS
10
125.7309699999999992
20
-143.4143289999999809
11
125.75
21
-143.5099999999999909
0
LINE
8
BLACK
6
CONTINUOUS
10
125.75
20
-143.5099999999999909
11
125.75
21
-144.2099999999999795
0
LINE
8
BLACK
6
CONTINUOUS
10
125.75
20
-144.2099999999999795
11
125.7309699999999992
21
-144.3056709999999896
0
LINE
8
BLACK
6
CONTINUOUS
10
125.7309699999999992
20
-144.3056709999999896
11
125.6767770000000013
21
-144.386776999999995
0
LINE
8
BLACK
6
CONTINUOUS
10
125.6767770000000013
20
-144.386776999999995
11
125.5956709999999958
21
-144.440969999999993
0
LINE
8
BLACK
6
CONTINUOUS
10
125.5956709999999958
20
-144.440969999999993
11
125.5
21
-144.4599999999999795
0
LINE
8
BLACK
6
CONTINUOUS
10
125.5
20
-144.4599999999999795
11
124.5999999999999943
21
-144.4599999999999795
0
LINE
8
BLACK
6
CONTINUOUS
10
124.5999999999999943
20
-144.4599999999999795
11
124.5043289999999985
21
-144.440969999999993
0
LINE
8
BLACK
6
CONTINUOUS
10
124.5043289999999985
20
-144.440969999999993
11
124.423222999999993
21
-144.386776999999995
0
LINE
8
BLACK
6
CONTINUOUS
10
124.423222999999993
20
-144.386776999999995
11
124.3690299999999951
21
-144.3056709999999896
0
LINE
8
BLACK
6
CONTINUOUS
10
124.3690299999999951
20
-144.3056709999999896
11
124.3499999999999943
21
-144.2099999999999795
0
LINE
8
BLACK
6
CONTINUOUS
10
124.3499999999999943
20
-144.2099999999999795
11
124.3499999999999943
21
-143.5099999999999909
0
LINE
8
BLACK
6
CONTINUOUS
10
124.3499999999999943
20
-143.5099999999999909
11
124.3690299999999951
21
-143.4143289999999809
0
LINE
8
BLACK
6
CONTINUOUS
10
124.3690299999999951
20
-143.4143289999999809
11
124.423222999999993
21
-143.3332230000000038
0
LINE
8
BLACK
6
CONTINUOUS
10
124.423222999999993
20
-143.3332230000000038
11
124.5043289999999985
21
-143.2790300000000059
0
LINE
8
BLACK
6
CONTINUOUS
10
124.5043289999999985
20
-143.2790300000000059
11
124.5999999999999943
21
-143.2599999999999909
0
LINE
8
BLACK
6
CONTINUOUS
10
124.5999999999999943
20
-143.2599999999999909
11
125.5
21
-143.2599999999999909
0
LINE
8
BLACK
6
CONTINUOUS
10
125.5
20
-143.2599999999999909
11
125.5956709999999958
21
-143.2790300000000059
0
LINE
8
BLACK
6
CONTINUOUS
10
122.1206699999999898
20
-142.8190299999999979
11
122.2017759999999953
21
-142.8732239999999933
0
LINE
8
BLACK
6
CONTINUOUS
10
122.2017759999999953
20
-142.8732239999999933
11
122.2559699999999907
21
-142.9543299999999988
0
LINE
8
BLACK
6
CONTINUOUS
10
122.2559699999999907
20
-142.9543299999999988
11
122.274998999999994
21
-143.0500020000000063
0
LINE
8
BLACK
6
CONTINUOUS
10
122.274998999999994
20
-143.0500020000000063
11
122.2749999999999915
21
-143.9749989999999968
0
LINE
8
BLACK
6
CONTINUOUS
10
122.2749999999999915
20
-143.9749989999999968
11
122.2559699999999907
21
-144.0706700000000069
0
LINE
8
BLACK
6
CONTINUOUS
10
122.2559699999999907
20
-144.0706700000000069
11
122.2017759999999953
21
-144.1517759999999839
0
LINE
8
BLACK
6
CONTINUOUS
10
122.2017759999999953
20
-144.1517759999999839
11
122.1206699999999898
21
-144.2059699999999793
0
LINE
8
BLACK
6
CONTINUOUS
10
122.1206699999999898
20
-144.2059699999999793
11
122.0249979999999965
21
-144.2249989999999968
0
LINE
8
BLACK
6
CONTINUOUS
10
122.0249979999999965
20
-144.2249989999999968
11
120.7750009999999889
21
-144.2249999999999943
0
LINE
8
BLACK
6
CONTINUOUS
10
120.7750009999999889
20
-144.2249999999999943
11
120.6793299999999931
21
-144.2059699999999793
0
LINE
8
BLACK
6
CONTINUOUS
10
120.6793299999999931
20
-144.2059699999999793
11
120.5982239999999877
21
-144.1517759999999839
0
LINE
8
BLACK
6
CONTINUOUS
10
120.5982239999999877
20
-144.1517759999999839
11
120.5440299999999922
21
-144.0706700000000069
0
LINE
8
BLACK
6
CONTINUOUS
10
120.5440299999999922
20
-144.0706700000000069
11
120.5250009999999889
21
-143.9749979999999994
0
LINE
8
BLACK
6
CONTINUOUS
10
120.5250009999999889
20
-143.9749979999999994
11
120.5249999999999915
21
-143.0500009999999804
0
LINE
8
BLACK
6
CONTINUOUS
10
120.5249999999999915
20
-143.0500009999999804
11
120.5440299999999922
21
-142.9543299999999988
0
LINE
8
BLACK
6
CONTINUOUS
10
120.5440299999999922
20
-142.9543299999999988
11
120.5982239999999877
21
-142.8732239999999933
0
LINE
8
BLACK
6
CONTINUOUS
10
120.5982239999999877
20
-142.8732239999999933
11
120.6793299999999931
21
-142.8190299999999979
0
LINE
8
BLACK
6
CONTINUOUS
10
120.6793299999999931
20
-142.8190299999999979
11
120.7750020000000006
21
-142.8000009999999804
0
LINE
8
BLACK
6
CONTINUOUS
10
120.7750020000000006
20
-142.8000009999999804
11
122.024998999999994
21
-142.7999999999999829
0
LINE
8
BLACK
6
CONTINUOUS
10
122.024998999999994
20
-142.7999999999999829
11
122.1206699999999898
21
-142.8190299999999979
0
LINE
8
BLACK
6
CONTINUOUS
10
156.5956709999999816
20
-142.4690300000000036
11
156.6767769999999871
21
-142.5232230000000015
0
LINE
8
BLACK
6
CONTINUOUS
10
156.6767769999999871
20
-142.5232230000000015
11
156.730969999999985
21
-142.604329000000007
0
LINE
8
BLACK
6
CONTINUOUS
10
156.730969999999985
20
-142.604329000000007
11
156.75
21
-142.6999999999999886
0
LINE
8
BLACK
6
CONTINUOUS
10
156.75
20
-142.6999999999999886
11
156.75
21
-143.4000000000000057
0
LINE
8
BLACK
6
CONTINUOUS
10
156.75
20
-143.4000000000000057
11
156.730969999999985
21
-143.4956709999999873
0
LINE
8
BLACK
6
CONTINUOUS
10
156.730969999999985
20
-143.4956709999999873
11
156.6767769999999871
21
-143.5767769999999928
0
LINE
8
BLACK
6
CONTINUOUS
10
156.6767769999999871
20
-143.5767769999999928
11
156.5956709999999816
21
-143.6309699999999907
0
LINE
8
BLACK
6
CONTINUOUS
10
156.5956709999999816
20
-143.6309699999999907
11
156.5
21
-143.6500000000000057
0
LINE
8
BLACK
6
CONTINUOUS
10
156.5
20
-143.6500000000000057
11
155.5999999999999943
21
-143.6500000000000057
0
LINE
8
BLACK
6
CONTINUOUS
10
155.5999999999999943
20
-143.6500000000000057
11
155.5043289999999843
21
-143.6309699999999907
0
LINE
8
BLACK
6
CONTINUOUS
10
155.5043289999999843
20
-143.6309699999999907
11
155.4232229999999788
21
-143.5767769999999928
0
LINE
8
BLACK
6
CONTINUOUS
10
155.4232229999999788
20
-143.5767769999999928
11
155.3690299999999809
21
-143.4956709999999873
0
LINE
8
BLACK
6
CONTINUOUS
10
155.3690299999999809
20
-143.4956709999999873
11
155.3499999999999943
21
-143.4000000000000057
0
LINE
8
BLACK
6
CONTINUOUS
10
155.3499999999999943
20
-143.4000000000000057
11
155.3499999999999943
21
-142.6999999999999886
0
LINE
8
BLACK
6
CONTINUOUS
10
155.3499999999999943
20
-142.6999999999999886
11
155.3690299999999809
21
-142.604329000000007
0
LINE
8
BLACK
6
CONTINUOUS
10
155.3690299999999809
20
-142.604329000000007
11
155.4232229999999788
21
-142.5232230000000015
0
LINE
8
BLACK
6
CONTINUOUS
10
155.4232229999999788
20
-142.5232230000000015
11
155.5043289999999843
21
-142.4690300000000036
0
LINE
8
BLACK
6
CONTINUOUS
10
155.5043289999999843
20
-142.4690300000000036
11
155.5999999999999943
21
-142.4499999999999886
0
LINE
8
BLACK
6
CONTINUOUS
10
155.5999999999999943
20
-142.4499999999999886
11
156.5
21
-142.4499999999999886
0
LINE
8
BLACK
6
CONTINUOUS
10
156.5
20
-142.4499999999999886
11
156.5956709999999816
21
-142.4690300000000036
0
LINE
8
BLACK
6
CONTINUOUS
10
159.020670999999993
20
-142.4440299999999979
11
159.1017769999999985
21
-142.4982229999999959
0
LINE
8
BLACK
6
CONTINUOUS
10
159.1017769999999985
20
-142.4982229999999959
11
159.1559699999999964
21
-142.5793290000000013
0
LINE
8
BLACK
6
CONTINUOUS
10
159.1559699999999964
20
-142.5793290000000013
11
159.1749999999999829
21
-142.6749999999999829
0
LINE
8
BLACK
6
CONTINUOUS
10
159.1749999999999829
20
-142.6749999999999829
11
159.1749999999999829
21
-143.3499999999999943
0
LINE
8
BLACK
6
CONTINUOUS
10
159.1749999999999829
20
-143.3499999999999943
11
159.1559699999999964
21
-143.4456710000000044
0
LINE
8
BLACK
6
CONTINUOUS
10
159.1559699999999964
20
-143.4456710000000044
11
159.1017769999999985
21
-143.5267769999999814
0
LINE
8
BLACK
6
CONTINUOUS
10
159.1017769999999985
20
-143.5267769999999814
11
159.020670999999993
21
-143.5809699999999793
0
LINE
8
BLACK
6
CONTINUOUS
10
159.020670999999993
20
-143.5809699999999793
11
158.9249999999999829
21
-143.5999999999999943
0
LINE
8
BLACK
6
CONTINUOUS
10
158.9249999999999829
20
-143.5999999999999943
11
157.9749999999999943
21
-143.5999999999999943
0
LINE
8
BLACK
6
CONTINUOUS
10
157.9749999999999943
20
-143.5999999999999943
11
157.8793289999999843
21
-143.5809699999999793
0
LINE
8
BLACK
6
CONTINUOUS
10
157.8793289999999843
20
-143.5809699999999793
11
157.7982229999999788
21
-143.5267769999999814
0
LINE
8
BLACK
6
CONTINUOUS
10
157.7982229999999788
20
-143.5267769999999814
11
157.7440299999999809
21
-143.4456710000000044
0
LINE
8
BLACK
6
CONTINUOUS
10
157.7440299999999809
20
-143.4456710000000044
11
157.7249999999999943
21
-143.3499999999999943
0
LINE
8
BLACK
6
CONTINUOUS
10
157.7249999999999943
20
-143.3499999999999943
11
157.7249999999999943
21
-142.6749999999999829
0
LINE
8
BLACK
6
CONTINUOUS
10
157.7249999999999943
20
-142.6749999999999829
11
157.7440299999999809
21
-142.5793290000000013
0
LINE
8
BLACK
6
CONTINUOUS
10
157.7440299999999809
20
-142.5793290000000013
11
157.7982229999999788
21
-142.4982229999999959
0
LINE
8
BLACK
6
CONTINUOUS
10
157.7982229999999788
20
-142.4982229999999959
11
157.8793289999999843
21
-142.4440299999999979
0
LINE
8
BLACK
6
CONTINUOUS
10
157.8793289999999843
20
-142.4440299999999979
11
157.9749999999999943
21
-142.4249999999999829
0
LINE
8
BLACK
6
CONTINUOUS
10
157.9749999999999943
20
-142.4249999999999829
11
158.9249999999999829
21
-142.4249999999999829
0
LINE
8
BLACK
6
CONTINUOUS
10
158.9249999999999829
20
-142.4249999999999829
11
159.020670999999993
21
-142.4440299999999979
0
LINE
8
BLACK
6
CONTINUOUS
10
156.6206709999999873
20
-139.3190299999999979
11
156.7017769999999928
21
-139.3732229999999959
0
LINE
8
BLACK
6
CONTINUOUS
10
156.7017769999999928
20
-139.3732229999999959
11
156.7559699999999907
21
-139.4543290000000013
0
LINE
8
BLACK
6
CONTINUOUS
10
156.7559699999999907
20
-139.4543290000000013
11
156.7750000000000057
21
-139.5499999999999829
0
LINE
8
BLACK
6
CONTINUOUS
10
156.7750000000000057
20
-139.5499999999999829
11
156.7750000000000057
21
-140.2249999999999943
0
LINE
8
BLACK
6
CONTINUOUS
10
156.7750000000000057
20
-140.2249999999999943
11
156.7559699999999907
21
-140.3206710000000044
0
LINE
8
BLACK
6
CONTINUOUS
10
156.7559699999999907
20
-140.3206710000000044
11
156.7017769999999928
21
-140.4017769999999814
0
LINE
8
BLACK
6
CONTINUOUS
10
156.7017769999999928
20
-140.4017769999999814
11
156.6206709999999873
21
-140.4559700000000078
0
LINE
8
BLACK
6
CONTINUOUS
10
156.6206709999999873
20
-140.4559700000000078
11
156.5250000000000057
21
-140.4749999999999943
0
LINE
8
BLACK
6
CONTINUOUS
10
156.5250000000000057
20
-140.4749999999999943
11
155.5749999999999886
21
-140.4749999999999943
0
LINE
8
BLACK
6
CONTINUOUS
10
155.5749999999999886
20
-140.4749999999999943
11
155.479329000000007
21
-140.4559700000000078
0
LINE
8
BLACK
6
CONTINUOUS
10
155.479329000000007
20
-140.4559700000000078
11
155.3982230000000015
21
-140.4017769999999814
0
LINE
8
BLACK
6
CONTINUOUS
10
155.3982230000000015
20
-140.4017769999999814
11
155.3440300000000036
21
-140.3206710000000044
0
LINE
8
BLACK
6
CONTINUOUS
10
155.3440300000000036
20
-140.3206710000000044
11
155.3249999999999886
21
-140.2249999999999943
0
LINE
8
BLACK
6
CONTINUOUS
10
155.3249999999999886
20
-140.2249999999999943
11
155.3249999999999886
21
-139.5499999999999829
0
LINE
8
BLACK
6
CONTINUOUS
10
155.3249999999999886
20
-139.5499999999999829
11
155.3440300000000036
21
-139.4543290000000013
0
LINE
8
BLACK
6
CONTINUOUS
10
155.3440300000000036
20
-139.4543290000000013
11
155.3982230000000015
21
-139.3732229999999959
0
LINE
8
BLACK
6
CONTINUOUS
10
155.3982230000000015
20
-139.3732229999999959
11
155.479329000000007
21
-139.3190299999999979
0
LINE
8
BLACK
6
CONTINUOUS
10
155.479329000000007
20
-139.3190299999999979
11
155.5749999999999886
21
-139.2999999999999829
0
LINE
8
BLACK
6
CONTINUOUS
10
155.5749999999999886
20
-139.2999999999999829
11
156.5250000000000057
21
-139.2999999999999829
0
LINE
8
BLACK
6
CONTINUOUS
10
156.5250000000000057
20
-139.2999999999999829
11
156.6206709999999873
21
-139.3190299999999979
0
LINE
8
BLACK
6
CONTINUOUS
10
129.5706710000000044
20
-139.2690299999999866
11
129.6517769999999814
21
-139.3232229999999845
0
LINE
8
BLACK
6
CONTINUOUS
10
129.6517769999999814
20
-139.3232229999999845
11
129.7059700000000078
21
-139.4043289999999899
0
LINE
8
BLACK
6
CONTINUOUS
10
129.7059700000000078
20
-139.4043289999999899
11
129.7249999999999943
21
-139.5
0
LINE
8
BLACK
6
CONTINUOUS
10
129.7249999999999943
20
-139.5
11
129.7249999999999943
21
-140.1749999999999829
0
LINE
8
BLACK
6
CONTINUOUS
10
129.7249999999999943
20
-140.1749999999999829
11
129.7059700000000078
21
-140.270670999999993
0
LINE
8
BLACK
6
CONTINUOUS
10
129.7059700000000078
20
-140.270670999999993
11
129.6517769999999814
21
-140.3517769999999985
0
LINE
8
BLACK
6
CONTINUOUS
10
129.6517769999999814
20
-140.3517769999999985
11
129.5706710000000044
21
-140.4059699999999964
0
LINE
8
BLACK
6
CONTINUOUS
10
129.5706710000000044
20
-140.4059699999999964
11
129.4749999999999943
21
-140.4249999999999829
0
LINE
8
BLACK
6
CONTINUOUS
10
129.4749999999999943
20
-140.4249999999999829
11
128.5250000000000057
21
-140.4249999999999829
0
LINE
8
BLACK
6
CONTINUOUS
10
128.5250000000000057
20
-140.4249999999999829
11
128.4293289999999956
21
-140.4059699999999964
0
LINE
8
BLACK
6
CONTINUOUS
10
128.4293289999999956
20
-140.4059699999999964
11
128.3482229999999902
21
-140.3517769999999985
0
LINE
8
BLACK
6
CONTINUOUS
10
128.3482229999999902
20
-140.3517769999999985
11
128.2940299999999922
21
-140.270670999999993
0
LINE
8
BLACK
6
CONTINUOUS
10
128.2940299999999922
20
-140.270670999999993
11
128.2750000000000057
21
-140.1749999999999829
0
LINE
8
BLACK
6
CONTINUOUS
10
128.2750000000000057
20
-140.1749999999999829
11
128.2750000000000057
21
-139.5
0
LINE
8
BLACK
6
CONTINUOUS
10
128.2750000000000057
20
-139.5
11
128.2940299999999922
21
-139.4043289999999899
0
LINE
8
BLACK
6
CONTINUOUS
10
128.2940299999999922
20
-139.4043289999999899
11
128.3482229999999902
21
-139.3232229999999845
0
LINE
8
BLACK
6
CONTINUOUS
10
128.3482229999999902
20
-139.3232229999999845
11
128.4293289999999956
21
-139.2690299999999866
0
LINE
8
BLACK
6
CONTINUOUS
10
128.4293289999999956
20
-139.2690299999999866
11
128.5250000000000057
21
-139.25
0
LINE
8
BLACK
6
CONTINUOUS
10
128.5250000000000057
20
-139.25
11
129.4749999999999943
21
-139.25
0
LINE
8
BLACK
6
CONTINUOUS
10
129.4749999999999943
20
-139.25
11
129.5706710000000044
21
-139.2690299999999866
0
LINE
8
BLACK
6
CONTINUOUS
10
151.8706709999999873
20
-139.2690299999999866
11
151.9517769999999928
21
-139.3232229999999845
0
LINE
8
BLACK
6
CONTINUOUS
10
151.9517769999999928
20
-139.3232229999999845
11
152.0059699999999907
21
-139.4043289999999899
0
LINE
8
BLACK
6
CONTINUOUS
10
152.0059699999999907
20
-139.4043289999999899
11
152.0250000000000057
21
-139.5
0
LINE
8
BLACK
6
CONTINUOUS
10
152.0250000000000057
20
-139.5
11
152.0250000000000057
21
-140.1749999999999829
0
LINE
8
BLACK
6
CONTINUOUS
10
152.0250000000000057
20
-140.1749999999999829
11
152.0059699999999907
21
-140.270670999999993
0
LINE
8
BLACK
6
CONTINUOUS
10
152.0059699999999907
20
-140.270670999999993
11
151.9517769999999928
21
-140.3517769999999985
0
LINE
8
BLACK
6
CONTINUOUS
10
151.9517769999999928
20
-140.3517769999999985
11
151.8706709999999873
21
-140.4059699999999964
0
LINE
8
BLACK
6
CONTINUOUS
10
151.8706709999999873
20
-140.4059699999999964
11
151.7750000000000057
21
-140.4249999999999829
0
LINE
8
BLACK
6
CONTINUOUS
10
151.7750000000000057
20
-140.4249999999999829
11
150.8249999999999886
21
-140.4249999999999829
0
LINE
8
BLACK
6
CONTINUOUS
10
150.8249999999999886
20
-140.4249999999999829
11
150.729329000000007
21
-140.4059699999999964
0
LINE
8
BLACK
6
CONTINUOUS
10
150.729329000000007
20
-140.4059699999999964
11
150.6482230000000015
21
-140.3517769999999985
0
LINE
8
BLACK
6
CONTINUOUS
10
150.6482230000000015
20
-140.3517769999999985
11
150.5940300000000036
21
-140.270670999999993
0
LINE
8
BLACK
6
CONTINUOUS
10
150.5940300000000036
20
-140.270670999999993
11
150.5749999999999886
21
-140.1749999999999829
0
LINE
8
BLACK
6
CONTINUOUS
10
150.5749999999999886
20
-140.1749999999999829
11
150.5749999999999886
21
-139.5
0
LINE
8
BLACK
6
CONTINUOUS
10
150.5749999999999886
20
-139.5
11
150.5940300000000036
21
-139.4043289999999899
0
LINE
8
BLACK
6
CONTINUOUS
10
150.5940300000000036
20
-139.4043289999999899
11
150.6482230000000015
21
-139.3232229999999845
0
LINE
8
BLACK
6
CONTINUOUS
10
150.6482230000000015
20
-139.3232229999999845
11
150.729329000000007
21
-139.2690299999999866
0
LINE
8
BLACK
6
CONTINUOUS
10
150.729329000000007
20
-139.2690299999999866
11
150.8249999999999886
21
-139.25
0
LINE
8
BLACK
6
CONTINUOUS
10
150.8249999999999886
20
-139.25
11
151.7750000000000057
21
-139.25
0
LINE
8
BLACK
6
CONTINUOUS
10
151.7750000000000057
20
-139.25
11
151.8706709999999873
21
-139.2690299999999866
0
LINE
8
BLACK
6
CONTINUOUS
10
131.7456709999999873
20
-139.2190300000000036
11
131.8267769999999928
21
-139.2732230000000015
0
LINE
8
BLACK
6
CONTINUOUS
10
131.8267769999999928
20
-139.2732230000000015
11
131.8809699999999907
21
-139.354329000000007
0
LINE
8
BLACK
6
CONTINUOUS
10
131.8809699999999907
20
-139.354329000000007
11
131.9000000000000057
21
-139.4499999999999886
0
LINE
8
BLACK
6
CONTINUOUS
10
131.9000000000000057
20
-139.4499999999999886
11
131.9000000000000057
21
-140.1500000000000057
0
LINE
8
BLACK
6
CONTINUOUS
10
131.9000000000000057
20
-140.1500000000000057
11
131.8809699999999907
21
-140.2456709999999873
0
LINE
8
BLACK
6
CONTINUOUS
10
131.8809699999999907
20
-140.2456709999999873
11
131.8267769999999928
21
-140.3267769999999928
0
LINE
8
BLACK
6
CONTINUOUS
10
131.8267769999999928
20
-140.3267769999999928
11
131.7456709999999873
21
-140.3809699999999907
0
LINE
8
BLACK
6
CONTINUOUS
10
131.7456709999999873
20
-140.3809699999999907
11
131.6500000000000057
21
-140.4000000000000057
0
LINE
8
BLACK
6
CONTINUOUS
10
131.6500000000000057
20
-140.4000000000000057
11
130.75
21
-140.4000000000000057
0
LINE
8
BLACK
6
CONTINUOUS
10
130.75
20
-140.4000000000000057
11
130.6543289999999899
21
-140.3809699999999907
0
LINE
8
BLACK
6
CONTINUOUS
10
130.6543289999999899
20
-140.3809699999999907
11
130.5732229999999845
21
-140.3267769999999928
0
LINE
8
BLACK
6
CONTINUOUS
10
130.5732229999999845
20
-140.3267769999999928
11
130.5190299999999866
21
-140.2456709999999873
0
LINE
8
BLACK
6
CONTINUOUS
10
130.5190299999999866
20
-140.2456709999999873
11
130.5
21
-140.1500000000000057
0
LINE
8
BLACK
6
CONTINUOUS
10
130.5
20
-140.1500000000000057
11
130.5
21
-139.4499999999999886
0
LINE
8
BLACK
6
CONTINUOUS
10
130.5
20
-139.4499999999999886
11
130.5190299999999866
21
-139.354329000000007
0
LINE
8
BLACK
6
CONTINUOUS
10
130.5190299999999866
20
-139.354329000000007
11
130.5732229999999845
21
-139.2732230000000015
0
LINE
8
BLACK
6
CONTINUOUS
10
130.5732229999999845
20
-139.2732230000000015
11
130.6543289999999899
21
-139.2190300000000036
0
LINE
8
BLACK
6
CONTINUOUS
10
130.6543289999999899
20
-139.2190300000000036
11
130.75
21
-139.1999999999999886
0
LINE
8
BLACK
6
CONTINUOUS
10
130.75
20
-139.1999999999999886
11
131.6500000000000057
21
-139.1999999999999886
0
LINE
8
BLACK
6
CONTINUOUS
10
131.6500000000000057
20
-139.1999999999999886
11
131.7456709999999873
21
-139.2190300000000036
0
LINE
8
BLACK
6
CONTINUOUS
10
134.145670999999993
20
-139.2190300000000036
11
134.2267769999999985
21
-139.2732230000000015
0
LINE
8
BLACK
6
CONTINUOUS
10
134.2267769999999985
20
-139.2732230000000015
11
134.2809699999999964
21
-139.354329000000007
0
LINE
8
BLACK
6
CONTINUOUS
10
134.2809699999999964
20
-139.354329000000007
11
134.2999999999999829
21
-139.4499999999999886
0
LINE
8
BLACK
6
CONTINUOUS
10
134.2999999999999829
20
-139.4499999999999886
11
134.2999999999999829
21
-140.1500000000000057
0
LINE
8
BLACK
6
CONTINUOUS
10
134.2999999999999829
20
-140.1500000000000057
11
134.2809699999999964
21
-140.2456709999999873
0
LINE
8
BLACK
6
CONTINUOUS
10
134.2809699999999964
20
-140.2456709999999873
11
134.2267769999999985
21
-140.3267769999999928
0
LINE
8
BLACK
6
CONTINUOUS
10
134.2267769999999985
20
-140.3267769999999928
11
134.145670999999993
21
-140.3809699999999907
0
LINE
8
BLACK
6
CONTINUOUS
10
134.145670999999993
20
-140.3809699999999907
11
134.0499999999999829
21
-140.4000000000000057
0
LINE
8
BLACK
6
CONTINUOUS
10
134.0499999999999829
20
-140.4000000000000057
11
133.1500000000000057
21
-140.4000000000000057
0
LINE
8
BLACK
6
CONTINUOUS
10
133.1500000000000057
20
-140.4000000000000057
11
133.0543289999999956
21
-140.3809699999999907
0
LINE
8
BLACK
6
CONTINUOUS
10
133.0543289999999956
20
-140.3809699999999907
11
132.9732229999999902
21
-140.3267769999999928
0
LINE
8
BLACK
6
CONTINUOUS
10
132.9732229999999902
20
-140.3267769999999928
11
132.9190299999999922
21
-140.2456709999999873
0
LINE
8
BLACK
6
CONTINUOUS
10
132.9190299999999922
20
-140.2456709999999873
11
132.9000000000000057
21
-140.1500000000000057
0
LINE
8
BLACK
6
CONTINUOUS
10
132.9000000000000057
20
-140.1500000000000057
11
132.9000000000000057
21
-139.4499999999999886
0
LINE
8
BLACK
6
CONTINUOUS
10
132.9000000000000057
20
-139.4499999999999886
11
132.9190299999999922
21
-139.354329000000007
0
LINE
8
BLACK
6
CONTINUOUS
10
132.9190299999999922
20
-139.354329000000007
11
132.9732229999999902
21
-139.2732230000000015
0
LINE
8
BLACK
6
CONTINUOUS
10
132.9732229999999902
20
-139.2732230000000015
11
133.0543289999999956
21
-139.2190300000000036
0
LINE
8
BLACK
6
CONTINUOUS
10
133.0543289999999956
20
-139.2190300000000036
11
133.1500000000000057
21
-139.1999999999999886
0
LINE
8
BLACK
6
CONTINUOUS
10
133.1500000000000057
20
-139.1999999999999886
11
134.0499999999999829
21
-139.1999999999999886
0
LINE
8
BLACK
6
CONTINUOUS
10
134.0499999999999829
20
-139.1999999999999886
11
134.145670999999993
21
-139.2190300000000036
0
LINE
8
BLACK
6
CONTINUOUS
10
136.7456709999999873
20
-139.2190300000000036
11
136.8267769999999928
21
-139.2732230000000015
0
LINE
8
BLACK
6
CONTINUOUS
10
136.8267769999999928
20
-139.2732230000000015
11
136.8809699999999907
21
-139.354329000000007
0
LINE
8
BLACK
6
CONTINUOUS
10
136.8809699999999907
20
-139.354329000000007
11
136.9000000000000057
21
-139.4499999999999886
0
LINE
8
BLACK
6
CONTINUOUS
10
136.9000000000000057
20
-139.4499999999999886
11
136.9000000000000057
21
-140.1500000000000057
0
LINE
8
BLACK
6
CONTINUOUS
10
136.9000000000000057
20
-140.1500000000000057
11
136.8809699999999907
21
-140.2456709999999873
0
LINE
8
BLACK
6
CONTINUOUS
10
136.8809699999999907
20
-140.2456709999999873
11
136.8267769999999928
21
-140.3267769999999928
0
LINE
8
BLACK
6
CONTINUOUS
10
136.8267769999999928
20
-140.3267769999999928
11
136.7456709999999873
21
-140.3809699999999907
0
LINE
8
BLACK
6
CONTINUOUS
10
136.7456709999999873
20
-140.3809699999999907
11
136.6500000000000057
21
-140.4000000000000057
0
LINE
8
BLACK
6
CONTINUOUS
10
136.6500000000000057
20
-140.4000000000000057
11
135.75
21
-140.4000000000000057
0
LINE
8
BLACK
6
CONTINUOUS
10
135.75
20
-140.4000000000000057
11
135.6543289999999899
21
-140.3809699999999907
0
LINE
8
BLACK
6
CONTINUOUS
10
135.6543289999999899
20
-140.3809699999999907
11
135.5732229999999845
21
-140.3267769999999928
0
LINE
8
BLACK
6
CONTINUOUS
10
135.5732229999999845
20
-140.3267769999999928
11
135.5190299999999866
21
-140.2456709999999873
0
LINE
8
BLACK
6
CONTINUOUS
10
135.5190299999999866
20
-140.2456709999999873
11
135.5
21
-140.1500000000000057
0
LINE
8
BLACK
6
CONTINUOUS
10
135.5
20
-140.1500000000000057
11
135.5
21
-139.4499999999999886
0
LINE
8
BLACK
6
CONTINUOUS
10
135.5
20
-139.4499999999999886
11
135.5190299999999866
21
-139.354329000000007
0
LINE
8
BLACK
6
CONTINUOUS
10
135.5190299999999866
20
-139.354329000000007
11
135.5732229999999845
21
-139.2732230000000015
0
LINE
8
BLACK
6
CONTINUOUS
10
135.5732229999999845
20
-139.2732230000000015
11
135.6543289999999899
21
-139.2190300000000036
0
LINE
8
BLACK
6
CONTINUOUS
10
135.6543289999999899
20
-139.2190300000000036
11
135.75
21
-139.1999999999999886
0
LINE
8
BLACK
6
CONTINUOUS
10
135.75
20
-139.1999999999999886
11
136.6500000000000057
21
-139.1999999999999886
0
LINE
8
BLACK
6
CONTINUOUS
10
136.6500000000000057
20
-139.1999999999999886
11
136.7456709999999873
21
-139.2190300000000036
0
LINE
8
BLACK
6
CONTINUOUS
10
139.3456709999999816
20
-139.2190300000000036
11
139.4267769999999871
21
-139.2732230000000015
0
LINE
8
BLACK
6
CONTINUOUS
10
139.4267769999999871
20
-139.2732230000000015
11
139.480969999999985
21
-139.354329000000007
0
LINE
8
BLACK
6
CONTINUOUS
10
139.480969999999985
20
-139.354329000000007
11
139.5
21
-139.4499999999999886
0
LINE
8
BLACK
6
CONTINUOUS
10
139.5
20
-139.4499999999999886
11
139.5
21
-140.1500000000000057
0
LINE
8
BLACK
6
CONTINUOUS
10
139.5
20
-140.1500000000000057
11
139.480969999999985
21
-140.2456709999999873
0
LINE
8
BLACK
6
CONTINUOUS
10
139.480969999999985
20
-140.2456709999999873
11
139.4267769999999871
21
-140.3267769999999928
0
LINE
8
BLACK
6
CONTINUOUS
10
139.4267769999999871
20
-140.3267769999999928
11
139.3456709999999816
21
-140.3809699999999907
0
LINE
8
BLACK
6
CONTINUOUS
10
139.3456709999999816
20
-140.3809699999999907
11
139.25
21
-140.4000000000000057
0
LINE
8
BLACK
6
CONTINUOUS
10
139.25
20
-140.4000000000000057
11
138.3499999999999943
21
-140.4000000000000057
0
LINE
8
BLACK
6
CONTINUOUS
10
138.3499999999999943
20
-140.4000000000000057
11
138.2543289999999843
21
-140.3809699999999907
0
LINE
8
BLACK
6
CONTINUOUS
10
138.2543289999999843
20
-140.3809699999999907
11
138.1732230000000072
21
-140.3267769999999928
0
LINE
8
BLACK
6
CONTINUOUS
10
138.1732230000000072
20
-140.3267769999999928
11
138.1190299999999809
21
-140.2456709999999873
0
LINE
8
BLACK
6
CONTINUOUS
10
138.1190299999999809
20
-140.2456709999999873
11
138.0999999999999943
21
-140.1500000000000057
0
LINE
8
BLACK
6
CONTINUOUS
10
138.0999999999999943
20
-140.1500000000000057
11
138.0999999999999943
21
-139.4499999999999886
0
LINE
8
BLACK
6
CONTINUOUS
10
138.0999999999999943
20
-139.4499999999999886
11
138.1190299999999809
21
-139.354329000000007
0
LINE
8
BLACK
6
CONTINUOUS
10
138.1190299999999809
20
-139.354329000000007
11
138.1732230000000072
21
-139.2732230000000015
0
LINE
8
BLACK
6
CONTINUOUS
10
138.1732230000000072
20
-139.2732230000000015
11
138.2543289999999843
21
-139.2190300000000036
0
LINE
8
BLACK
6
CONTINUOUS
10
138.2543289999999843
20
-139.2190300000000036
11
138.3499999999999943
21
-139.1999999999999886
0
LINE
8
BLACK
6
CONTINUOUS
10
138.3499999999999943
20
-139.1999999999999886
11
139.25
21
-139.1999999999999886
0
LINE
8
BLACK
6
CONTINUOUS
10
139.25
20
-139.1999999999999886
11
139.3456709999999816
21
-139.2190300000000036
0
LINE
8
BLACK
6
CONTINUOUS
10
141.895670999999993
20
-139.2190300000000036
11
141.9767769999999985
21
-139.2732230000000015
0
LINE
8
BLACK
6
CONTINUOUS
10
141.9767769999999985
20
-139.2732230000000015
11
142.0309699999999964
21
-139.354329000000007
0
LINE
8
BLACK
6
CONTINUOUS
10
142.0309699999999964
20
-139.354329000000007
11
142.0499999999999829
21
-139.4499999999999886
0
LINE
8
BLACK
6
CONTINUOUS
10
142.0499999999999829
20
-139.4499999999999886
11
142.0499999999999829
21
-140.1500000000000057
0
LINE
8
BLACK
6
CONTINUOUS
10
142.0499999999999829
20
-140.1500000000000057
11
142.0309699999999964
21
-140.2456709999999873
0
LINE
8
BLACK
6
CONTINUOUS
10
142.0309699999999964
20
-140.2456709999999873
11
141.9767769999999985
21
-140.3267769999999928
0
LINE
8
BLACK
6
CONTINUOUS
10
141.9767769999999985
20
-140.3267769999999928
11
141.895670999999993
21
-140.3809699999999907
0
LINE
8
BLACK
6
CONTINUOUS
10
141.895670999999993
20
-140.3809699999999907
11
141.7999999999999829
21
-140.4000000000000057
0
LINE
8
BLACK
6
CONTINUOUS
10
141.7999999999999829
20
-140.4000000000000057
11
140.9000000000000057
21
-140.4000000000000057
0
LINE
8
BLACK
6
CONTINUOUS
10
140.9000000000000057
20
-140.4000000000000057
11
140.8043289999999956
21
-140.3809699999999907
0
LINE
8
BLACK
6
CONTINUOUS
10
140.8043289999999956
20
-140.3809699999999907
11
140.7232229999999902
21
-140.3267769999999928
0
LINE
8
BLACK
6
CONTINUOUS
10
140.7232229999999902
20
-140.3267769999999928
11
140.6690299999999922
21
-140.2456709999999873
0
LINE
8
BLACK
6
CONTINUOUS
10
140.6690299999999922
20
-140.2456709999999873
11
140.6500000000000057
21
-140.1500000000000057
0
LINE
8
BLACK
6
CONTINUOUS
10
140.6500000000000057
20
-140.1500000000000057
11
140.6500000000000057
21
-139.4499999999999886
0
LINE
8
BLACK
6
CONTINUOUS
10
140.6500000000000057
20
-139.4499999999999886
11
140.6690299999999922
21
-139.354329000000007
0
LINE
8
BLACK
6
CONTINUOUS
10
140.6690299999999922
20
-139.354329000000007
11
140.7232229999999902
21
-139.2732230000000015
0
LINE
8
BLACK
6
CONTINUOUS
10
140.7232229999999902
20
-139.2732230000000015
11
140.8043289999999956
21
-139.2190300000000036
0
LINE
8
BLACK
6
CONTINUOUS
10
140.8043289999999956
20
-139.2190300000000036
11
140.9000000000000057
21
-139.1999999999999886
0
LINE
8
BLACK
6
CONTINUOUS
10
140.9000000000000057
20
-139.1999999999999886
11
141.7999999999999829
21
-139.1999999999999886
0
LINE
8
BLACK
6
CONTINUOUS
10
141.7999999999999829
20
-139.1999999999999886
11
141.895670999999993
21
-139.2190300000000036
0
LINE
8
BLACK
6
CONTINUOUS
10
144.5456709999999987
20
-139.2190300000000036
11
144.6267770000000041
21
-139.2732230000000015
0
LINE
8
BLACK
6
CONTINUOUS
10
144.6267770000000041
20
-139.2732230000000015
11
144.6809700000000021
21
-139.354329000000007
0
LINE
8
BLACK
6
CONTINUOUS
10
144.6809700000000021
20
-139.354329000000007
11
144.6999999999999886
21
-139.4499999999999886
0
LINE
8
BLACK
6
CONTINUOUS
10
144.6999999999999886
20
-139.4499999999999886
11
144.6999999999999886
21
-140.1500000000000057
0
LINE
8
BLACK
6
CONTINUOUS
10
144.6999999999999886
20
-140.1500000000000057
11
144.6809700000000021
21
-140.2456709999999873
0
LINE
8
BLACK
6
CONTINUOUS
10
144.6809700000000021
20
-140.2456709999999873
11
144.6267770000000041
21
-140.3267769999999928
0
LINE
8
BLACK
6
CONTINUOUS
10
144.6267770000000041
20
-140.3267769999999928
11
144.5456709999999987
21
-140.3809699999999907
0
LINE
8
BLACK
6
CONTINUOUS
10
144.5456709999999987
20
-140.3809699999999907
11
144.4499999999999886
21
-140.4000000000000057
0
LINE
8
BLACK
6
CONTINUOUS
10
144.4499999999999886
20
-140.4000000000000057
11
143.5499999999999829
21
-140.4000000000000057
0
LINE
8
BLACK
6
CONTINUOUS
10
143.5499999999999829
20
-140.4000000000000057
11
143.4543290000000013
21
-140.3809699999999907
0
LINE
8
BLACK
6
CONTINUOUS
10
143.4543290000000013
20
-140.3809699999999907
11
143.3732229999999959
21
-140.3267769999999928
0
LINE
8
BLACK
6
CONTINUOUS
10
143.3732229999999959
20
-140.3267769999999928
11
143.3190299999999979
21
-140.2456709999999873
0
LINE
8
BLACK
6
CONTINUOUS
10
143.3190299999999979
20
-140.2456709999999873
11
143.2999999999999829
21
-140.1500000000000057
0
LINE
8
BLACK
6
CONTINUOUS
10
143.2999999999999829
20
-140.1500000000000057
11
143.2999999999999829
21
-139.4499999999999886
0
LINE
8
BLACK
6
CONTINUOUS
10
143.2999999999999829
20
-139.4499999999999886
11
143.3190299999999979
21
-139.354329000000007
0
LINE
8
BLACK
6
CONTINUOUS
10
143.3190299999999979
20
-139.354329000000007
11
143.3732229999999959
21
-139.2732230000000015
0
LINE
8
BLACK
6
CONTINUOUS
10
143.3732229999999959
20
-139.2732230000000015
11
143.4543290000000013
21
-139.2190300000000036
0
LINE
8
BLACK
6
CONTINUOUS
10
143.4543290000000013
20
-139.2190300000000036
11
143.5499999999999829
21
-139.1999999999999886
0
LINE
8
BLACK
6
CONTINUOUS
10
143.5499999999999829
20
-139.1999999999999886
11
144.4499999999999886
21
-139.1999999999999886
0
LINE
8
BLACK
6
CONTINUOUS
10
144.4499999999999886
20
-139.1999999999999886
11
144.5456709999999987
21
-139.2190300000000036
0
LINE
8
BLACK
6
CONTINUOUS
10
149.5456709999999987
20
-139.2190300000000036
11
149.6267770000000041
21
-139.2732230000000015
0
LINE
8
BLACK
6
CONTINUOUS
10
149.6267770000000041
20
-139.2732230000000015
11
149.6809700000000021
21
-139.354329000000007
0
LINE
8
BLACK
6
CONTINUOUS
10
149.6809700000000021
20
-139.354329000000007
11
149.6999999999999886
21
-139.4499999999999886
0
LINE
8
BLACK
6
CONTINUOUS
10
149.6999999999999886
20
-139.4499999999999886
11
149.6999999999999886
21
-140.1500000000000057
0
LINE
8
BLACK
6
CONTINUOUS
10
149.6999999999999886
20
-140.1500000000000057
11
149.6809700000000021
21
-140.2456709999999873
0
LINE
8
BLACK
6
CONTINUOUS
10
149.6809700000000021
20
-140.2456709999999873
11
149.6267770000000041
21
-140.3267769999999928
0
LINE
8
BLACK
6
CONTINUOUS
10
149.6267770000000041
20
-140.3267769999999928
11
149.5456709999999987
21
-140.3809699999999907
0
LINE
8
BLACK
6
CONTINUOUS
10
149.5456709999999987
20
-140.3809699999999907
11
149.4499999999999886
21
-140.4000000000000057
0
LINE
8
BLACK
6
CONTINUOUS
10
149.4499999999999886
20
-140.4000000000000057
11
148.5499999999999829
21
-140.4000000000000057
0
LINE
8
BLACK
6
CONTINUOUS
10
148.5499999999999829
20
-140.4000000000000057
11
148.4543290000000013
21
-140.3809699999999907
0
LINE
8
BLACK
6
CONTINUOUS
10
148.4543290000000013
20
-140.3809699999999907
11
148.3732229999999959
21
-140.3267769999999928
0
LINE
8
BLACK
6
CONTINUOUS
10
148.3732229999999959
20
-140.3267769999999928
11
148.3190299999999979
21
-140.2456709999999873
0
LINE
8
BLACK
6
CONTINUOUS
10
148.3190299999999979
20
-140.2456709999999873
11
148.2999999999999829
21
-140.1500000000000057
0
LINE
8
BLACK
6
CONTINUOUS
10
148.2999999999999829
20
-140.1500000000000057
11
148.2999999999999829
21
-139.4499999999999886
0
LINE
8
BLACK
6
CONTINUOUS
10
148.2999999999999829
20
-139.4499999999999886
11
148.3190299999999979
21
-139.354329000000007
0
LINE
8
BLACK
6
CONTINUOUS
10
148.3190299999999979
20
-139.354329000000007
11
148.3732229999999959
21
-139.2732230000000015
0
LINE
8
BLACK
6
CONTINUOUS
10
148.3732229999999959
20
-139.2732230000000015
11
148.4543290000000013
21
-139.2190300000000036
0
LINE
8
BLACK
6
CONTINUOUS
10
148.4543290000000013
20
-139.2190300000000036
11
148.5499999999999829
21
-139.1999999999999886
0
LINE
8
BLACK
6
CONTINUOUS
10
148.5499999999999829
20
-139.1999999999999886
11
149.4499999999999886
21
-139.1999999999999886
0
LINE
8
BLACK
6
CONTINUOUS
10
149.4499999999999886
20
-139.1999999999999886
11
149.5456709999999987
21
-139.2190300000000036
0
LINE
8
BLACK
6
CONTINUOUS
10
154.2956709999999987
20
-139.2190300000000036
11
154.3767770000000041
21
-139.2732230000000015
0
LINE
8
BLACK
6
CONTINUOUS
10
154.3767770000000041
20
-139.2732230000000015
11
154.4309700000000021
21
-139.354329000000007
0
LINE
8
BLACK
6
CONTINUOUS
10
154.4309700000000021
20
-139.354329000000007
11
154.4499999999999886
21
-139.4499999999999886
0
LINE
8
BLACK
6
CONTINUOUS
10
154.4499999999999886
20
-139.4499999999999886
11
154.4499999999999886
21
-140.1500000000000057
0
LINE
8
BLACK
6
CONTINUOUS
10
154.4499999999999886
20
-140.1500000000000057
11
154.4309700000000021
21
-140.2456709999999873
0
LINE
8
BLACK
6
CONTINUOUS
10
154.4309700000000021
20
-140.2456709999999873
11
154.3767770000000041
21
-140.3267769999999928
0
LINE
8
BLACK
6
CONTINUOUS
10
154.3767770000000041
20
-140.3267769999999928
11
154.2956709999999987
21
-140.3809699999999907
0
LINE
8
BLACK
6
CONTINUOUS
10
154.2956709999999987
20
-140.3809699999999907
11
154.1999999999999886
21
-140.4000000000000057
0
LINE
8
BLACK
6
CONTINUOUS
10
154.1999999999999886
20
-140.4000000000000057
11
153.2999999999999829
21
-140.4000000000000057
0
LINE
8
BLACK
6
CONTINUOUS
10
153.2999999999999829
20
-140.4000000000000057
11
153.2043290000000013
21
-140.3809699999999907
0
LINE
8
BLACK
6
CONTINUOUS
10
153.2043290000000013
20
-140.3809699999999907
11
153.1232229999999959
21
-140.3267769999999928
0
LINE
8
BLACK
6
CONTINUOUS
10
153.1232229999999959
20
-140.3267769999999928
11
153.0690299999999979
21
-140.2456709999999873
0
LINE
8
BLACK
6
CONTINUOUS
10
153.0690299999999979
20
-140.2456709999999873
11
153.0499999999999829
21
-140.1500000000000057
0
LINE
8
BLACK
6
CONTINUOUS
10
153.0499999999999829
20
-140.1500000000000057
11
153.0499999999999829
21
-139.4499999999999886
0
LINE
8
BLACK
6
CONTINUOUS
10
153.0499999999999829
20
-139.4499999999999886
11
153.0690299999999979
21
-139.354329000000007
0
LINE
8
BLACK
6
CONTINUOUS
10
153.0690299999999979
20
-139.354329000000007
11
153.1232229999999959
21
-139.2732230000000015
0
LINE
8
BLACK
6
CONTINUOUS
10
153.1232229999999959
20
-139.2732230000000015
11
153.2043290000000013
21
-139.2190300000000036
0
LINE
8
BLACK
6
CONTINUOUS
10
153.2043290000000013
20
-139.2190300000000036
11
153.2999999999999829
21
-139.1999999999999886
0
LINE
8
BLACK
6
CONTINUOUS
10
153.2999999999999829
20
-139.1999999999999886
11
154.1999999999999886
21
-139.1999999999999886
0
LINE
8
BLACK
6
CONTINUOUS
10
154.1999999999999886
20
-139.1999999999999886
11
154.2956709999999987
21
-139.2190300000000036
0
LINE
8
BLACK
6
CONTINUOUS
10
146.9756710000000055
20
-139.1990299999999934
11
147.0567769999999825
21
-139.2532229999999913
0
LINE
8
BLACK
6
CONTINUOUS
10
147.0567769999999825
20
-139.2532229999999913
11
147.1109699999999805
21
-139.3343289999999968
0
LINE
8
BLACK
6
CONTINUOUS
10
147.1109699999999805
20
-139.3343289999999968
11
147.1299999999999955
21
-139.4300000000000068
0
LINE
8
BLACK
6
CONTINUOUS
10
147.1299999999999955
20
-139.4300000000000068
11
147.1299999999999955
21
-140.1299999999999955
0
LINE
8
BLACK
6
CONTINUOUS
10
147.1299999999999955
20
-140.1299999999999955
11
147.1109699999999805
21
-140.2256710000000055
0
LINE
8
BLACK
6
CONTINUOUS
10
147.1109699999999805
20
-140.2256710000000055
11
147.0567769999999825
21
-140.3067769999999825
0
LINE
8
BLACK
6
CONTINUOUS
10
147.0567769999999825
20
-140.3067769999999825
11
146.9756710000000055
21
-140.3609699999999805
0
LINE
8
BLACK
6
CONTINUOUS
10
146.9756710000000055
20
-140.3609699999999805
11
146.8799999999999955
21
-140.3799999999999955
0
LINE
8
BLACK
6
CONTINUOUS
10
146.8799999999999955
20
-140.3799999999999955
11
145.9799999999999898
21
-140.3799999999999955
0
LINE
8
BLACK
6
CONTINUOUS
10
145.9799999999999898
20
-140.3799999999999955
11
145.8843289999999797
21
-140.3609699999999805
0
LINE
8
BLACK
6
CONTINUOUS
10
145.8843289999999797
20
-140.3609699999999805
11
145.8032230000000027
21
-140.3067769999999825
0
LINE
8
BLACK
6
CONTINUOUS
10
145.8032230000000027
20
-140.3067769999999825
11
145.7490300000000047
21
-140.2256710000000055
0
LINE
8
BLACK
6
CONTINUOUS
10
145.7490300000000047
20
-140.2256710000000055
11
145.7299999999999898
21
-140.1299999999999955
0
LINE
8
BLACK
6
CONTINUOUS
10
145.7299999999999898
20
-140.1299999999999955
11
145.7299999999999898
21
-139.4300000000000068
0
LINE
8
BLACK
6
CONTINUOUS
10
145.7299999999999898
20
-139.4300000000000068
11
145.7490300000000047
21
-139.3343289999999968
0
LINE
8
BLACK
6
CONTINUOUS
10
145.7490300000000047
20
-139.3343289999999968
11
145.8032230000000027
21
-139.2532229999999913
0
LINE
8
BLACK
6
CONTINUOUS
10
145.8032230000000027
20
-139.2532229999999913
11
145.8843289999999797
21
-139.1990299999999934
0
LINE
8
BLACK
6
CONTINUOUS
10
145.8843289999999797
20
-139.1990299999999934
11
145.9799999999999898
21
-139.1800000000000068
0
LINE
8
BLACK
6
CONTINUOUS
10
145.9799999999999898
20
-139.1800000000000068
11
146.8799999999999955
21
-139.1800000000000068
0
LINE
8
BLACK
6
CONTINUOUS
10
146.8799999999999955
20
-139.1800000000000068
11
146.9756710000000055
21
-139.1990299999999934
0
LINE
8
BLACK
6
CONTINUOUS
10
131.7456709999999873
20
-137.2190300000000036
11
131.8267769999999928
21
-137.2732230000000015
0
LINE
8
BLACK
6
CONTINUOUS
10
131.8267769999999928
20
-137.2732230000000015
11
131.8809699999999907
21
-137.354329000000007
0
LINE
8
BLACK
6
CONTINUOUS
10
131.8809699999999907
20
-137.354329000000007
11
131.9000000000000057
21
-137.4499999999999886
0
LINE
8
BLACK
6
CONTINUOUS
10
131.9000000000000057
20
-137.4499999999999886
11
131.9000000000000057
21
-138.1500000000000057
0
LINE
8
BLACK
6
CONTINUOUS
10
131.9000000000000057
20
-138.1500000000000057
11
131.8809699999999907
21
-138.2456709999999873
0
LINE
8
BLACK
6
CONTINUOUS
10
131.8809699999999907
20
-138.2456709999999873
11
131.8267769999999928
21
-138.3267769999999928
0
LINE
8
BLACK
6
CONTINUOUS
10
131.8267769999999928
20
-138.3267769999999928
11
131.7456709999999873
21
-138.3809699999999907
0
LINE
8
BLACK
6
CONTINUOUS
10
131.7456709999999873
20
-138.3809699999999907
11
131.6500000000000057
21
-138.4000000000000057
0
LINE
8
BLACK
6
CONTINUOUS
10
131.6500000000000057
20
-138.4000000000000057
11
130.75
21
-138.4000000000000057
0
LINE
8
BLACK
6
CONTINUOUS
10
130.75
20
-138.4000000000000057
11
130.6543289999999899
21
-138.3809699999999907
0
LINE
8
BLACK
6
CONTINUOUS
10
130.6543289999999899
20
-138.3809699999999907
11
130.5732229999999845
21
-138.3267769999999928
0
LINE
8
BLACK
6
CONTINUOUS
10
130.5732229999999845
20
-138.3267769999999928
11
130.5190299999999866
21
-138.2456709999999873
0
LINE
8
BLACK
6
CONTINUOUS
10
130.5190299999999866
20
-138.2456709999999873
11
130.5
21
-138.1500000000000057
0
LINE
8
BLACK
6
CONTINUOUS
10
130.5
20
-138.1500000000000057
11
130.5
21
-137.4499999999999886
0
LINE
8
BLACK
6
CONTINUOUS
10
130.5
20
-137.4499999999999886
11
130.5190299999999866
21
-137.354329000000007
0
LINE
8
BLACK
6
CONTINUOUS
10
130.5190299999999866
20
-137.354329000000007
11
130.5732229999999845
21
-137.2732230000000015
0
LINE
8
BLACK
6
CONTINUOUS
10
130.5732229999999845
20
-137.2732230000000015
11
130.6543289999999899
21
-137.2190300000000036
0
LINE
8
BLACK
6
CONTINUOUS
10
130.6543289999999899
20
-137.2190300000000036
11
130.75
21
-137.1999999999999886
0
LINE
8
BLACK
6
CONTINUOUS
10
130.75
20
-137.1999999999999886
11
131.6500000000000057
21
-137.1999999999999886
0
LINE
8
BLACK
6
CONTINUOUS
10
131.6500000000000057
20
-137.1999999999999886
11
131.7456709999999873
21
-137.2190300000000036
0
LINE
8
BLACK
6
CONTINUOUS
10
134.145670999999993
20
-137.2190300000000036
11
134.2267769999999985
21
-137.2732230000000015
0
LINE
8
BLACK
6
CONTINUOUS
10
134.2267769999999985
20
-137.2732230000000015
11
134.2809699999999964
21
-137.354329000000007
0
LINE
8
BLACK
6
CONTINUOUS
10
134.2809699999999964
20
-137.354329000000007
11
134.2999999999999829
21
-137.4499999999999886
0
LINE
8
BLACK
6
CONTINUOUS
10
134.2999999999999829
20
-137.4499999999999886
11
134.2999999999999829
21
-138.1500000000000057
0
LINE
8
BLACK
6
CONTINUOUS
10
134.2999999999999829
20
-138.1500000000000057
11
134.2809699999999964
21
-138.2456709999999873
0
LINE
8
BLACK
6
CONTINUOUS
10
134.2809699999999964
20
-138.2456709999999873
11
134.2267769999999985
21
-138.3267769999999928
0
LINE
8
BLACK
6
CONTINUOUS
10
134.2267769999999985
20
-138.3267769999999928
11
134.145670999999993
21
-138.3809699999999907
0
LINE
8
BLACK
6
CONTINUOUS
10
134.145670999999993
20
-138.3809699999999907
11
134.0499999999999829
21
-138.4000000000000057
0
LINE
8
BLACK
6
CONTINUOUS
10
134.0499999999999829
20
-138.4000000000000057
11
133.1500000000000057
21
-138.4000000000000057
0
LINE
8
BLACK
6
CONTINUOUS
10
133.1500000000000057
20
-138.4000000000000057
11
133.0543289999999956
21
-138.3809699999999907
0
LINE
8
BLACK
6
CONTINUOUS
10
133.0543289999999956
20
-138.3809699999999907
11
132.9732229999999902
21
-138.3267769999999928
0
LINE
8
BLACK
6
CONTINUOUS
10
132.9732229999999902
20
-138.3267769999999928
11
132.9190299999999922
21
-138.2456709999999873
0
LINE
8
BLACK
6
CONTINUOUS
10
132.9190299999999922
20
-138.2456709999999873
11
132.9000000000000057
21
-138.1500000000000057
0
LINE
8
BLACK
6
CONTINUOUS
10
132.9000000000000057
20
-138.1500000000000057
11
132.9000000000000057
21
-137.4499999999999886
0
LINE
8
BLACK
6
CONTINUOUS
10
132.9000000000000057
20
-137.4499999999999886
11
132.9190299999999922
21
-137.354329000000007
0
LINE
8
BLACK
6
CONTINUOUS
10
132.9190299999999922
20
-137.354329000000007
11
132.9732229999999902
21
-137.2732230000000015
0
LINE
8
BLACK
6
CONTINUOUS
10
132.9732229999999902
20
-137.2732230000000015
11
133.0543289999999956
21
-137.2190300000000036
0
LINE
8
BLACK
6
CONTINUOUS
10
133.0543289999999956
20
-137.2190300000000036
11
133.1500000000000057
21
-137.1999999999999886
0
LINE
8
BLACK
6
CONTINUOUS
10
133.1500000000000057
20
-137.1999999999999886
11
134.0499999999999829
21
-137.1999999999999886
0
LINE
8
BLACK
6
CONTINUOUS
10
134.0499999999999829
20
-137.1999999999999886
11
134.145670999999993
21
-137.2190300000000036
0
LINE
8
BLACK
6
CONTINUOUS
10
136.7456709999999873
20
-137.2190300000000036
11
136.8267769999999928
21
-137.2732230000000015
0
LINE
8
BLACK
6
CONTINUOUS
10
136.8267769999999928
20
-137.2732230000000015
11
136.8809699999999907
21
-137.354329000000007
0
LINE
8
BLACK
6
CONTINUOUS
10
136.8809699999999907
20
-137.354329000000007
11
136.9000000000000057
21
-137.4499999999999886
0
LINE
8
BLACK
6
CONTINUOUS
10
136.9000000000000057
20
-137.4499999999999886
11
136.9000000000000057
21
-138.1500000000000057
0
LINE
8
BLACK
6
CONTINUOUS
10
136.9000000000000057
20
-138.1500000000000057
11
136.8809699999999907
21
-138.2456709999999873
0
LINE
8
BLACK
6
CONTINUOUS
10
136.8809699999999907
20
-138.2456709999999873
11
136.8267769999999928
21
-138.3267769999999928
0
LINE
8
BLACK
6
CONTINUOUS
10
136.8267769999999928
20
-138.3267769999999928
11
136.7456709999999873
21
-138.3809699999999907
0
LINE
8
BLACK
6
CONTINUOUS
10
136.7456709999999873
20
-138.3809699999999907
11
136.6500000000000057
21
-138.4000000000000057
0
LINE
8
BLACK
6
CONTINUOUS
10
136.6500000000000057
20
-138.4000000000000057
11
135.75
21
-138.4000000000000057
0
LINE
8
BLACK
6
CONTINUOUS
10
135.75
20
-138.4000000000000057
11
135.6543289999999899
21
-138.3809699999999907
0
LINE
8
BLACK
6
CONTINUOUS
10
135.6543289999999899
20
-138.3809699999999907
11
135.5732229999999845
21
-138.3267769999999928
0
LINE
8
BLACK
6
CONTINUOUS
10
135.5732229999999845
20
-138.3267769999999928
11
135.5190299999999866
21
-138.2456709999999873
0
LINE
8
BLACK
6
CONTINUOUS
10
135.5190299999999866
20
-138.2456709999999873
11
135.5
21
-138.1500000000000057
0
LINE
8
BLACK
6
CONTINUOUS
10
135.5
20
-138.1500000000000057
11
135.5
21
-137.4499999999999886
0
LINE
8
BLACK
6
CONTINUOUS
10
135.5
20
-137.4499999999999886
11
135.5190299999999866
21
-137.354329000000007
0
LINE
8
BLACK
6
CONTINUOUS
10
135.5190299999999866
20
-137.354329000000007
11
135.5732229999999845
21
-137.2732230000000015
0
LINE
8
BLACK
6
CONTINUOUS
10
135.5732229999999845
20
-137.2732230000000015
11
135.6543289999999899
21
-137.2190300000000036
0
LINE
8
BLACK
6
CONTINUOUS
10
135.6543289999999899
20
-137.2190300000000036
11
135.75
21
-137.1999999999999886
0
LINE
8
BLACK
6
CONTINUOUS
10
135.75
20
-137.1999999999999886
11
136.6500000000000057
21
-137.1999999999999886
0
LINE
8
BLACK
6
CONTINUOUS
10
136.6500000000000057
20
-137.1999999999999886
11
136.7456709999999873
21
-137.2190300000000036
0
LINE
8
BLACK
6
CONTINUOUS
10
139.3456709999999816
20
-137.2190300000000036
11
139.4267769999999871
21
-137.2732230000000015
0
LINE
8
BLACK
6
CONTINUOUS
10
139.4267769999999871
20
-137.2732230000000015
11
139.480969999999985
21
-137.354329000000007
0
LINE
8
BLACK
6
CONTINUOUS
10
139.480969999999985
20
-137.354329000000007
11
139.5
21
-137.4499999999999886
0
LINE
8
BLACK
6
CONTINUOUS
10
139.5
20
-137.4499999999999886
11
139.5
21
-138.1500000000000057
0
LINE
8
BLACK
6
CONTINUOUS
10
139.5
20
-138.1500000000000057
11
139.480969999999985
21
-138.2456709999999873
0
LINE
8
BLACK
6
CONTINUOUS
10
139.480969999999985
20
-138.2456709999999873
11
139.4267769999999871
21
-138.3267769999999928
0
LINE
8
BLACK
6
CONTINUOUS
10
139.4267769999999871
20
-138.3267769999999928
11
139.3456709999999816
21
-138.3809699999999907
0
LINE
8
BLACK
6
CONTINUOUS
10
139.3456709999999816
20
-138.3809699999999907
11
139.25
21
-138.4000000000000057
0
LINE
8
BLACK
6
CONTINUOUS
10
139.25
20
-138.4000000000000057
11
138.3499999999999943
21
-138.4000000000000057
0
LINE
8
BLACK
6
CONTINUOUS
10
138.3499999999999943
20
-138.4000000000000057
11
138.2543289999999843
21
-138.3809699999999907
0
LINE
8
BLACK
6
CONTINUOUS
10
138.2543289999999843
20
-138.3809699999999907
11
138.1732230000000072
21
-138.3267769999999928
0
LINE
8
BLACK
6
CONTINUOUS
10
138.1732230000000072
20
-138.3267769999999928
11
138.1190299999999809
21
-138.2456709999999873
0
LINE
8
BLACK
6
CONTINUOUS
10
138.1190299999999809
20
-138.2456709999999873
11
138.0999999999999943
21
-138.1500000000000057
0
LINE
8
BLACK
6
CONTINUOUS
10
138.0999999999999943
20
-138.1500000000000057
11
138.0999999999999943
21
-137.4499999999999886
0
LINE
8
BLACK
6
CONTINUOUS
10
138.0999999999999943
20
-137.4499999999999886
11
138.1190299999999809
21
-137.354329000000007
0
LINE
8
BLACK
6
CONTINUOUS
10
138.1190299999999809
20
-137.354329000000007
11
138.1732230000000072
21
-137.2732230000000015
0
LINE
8
BLACK
6
CONTINUOUS
10
138.1732230000000072
20
-137.2732230000000015
11
138.2543289999999843
21
-137.2190300000000036
0
LINE
8
BLACK
6
CONTINUOUS
10
138.2543289999999843
20
-137.2190300000000036
11
138.3499999999999943
21
-137.1999999999999886
0
LINE
8
BLACK
6
CONTINUOUS
10
138.3499999999999943
20
-137.1999999999999886
11
139.25
21
-137.1999999999999886
0
LINE
8
BLACK
6
CONTINUOUS
10
139.25
20
-137.1999999999999886
11
139.3456709999999816
21
-137.2190300000000036
0
LINE
8
BLACK
6
CONTINUOUS
10
141.895670999999993
20
-137.2190300000000036
11
141.9767769999999985
21
-137.2732230000000015
0
LINE
8
BLACK
6
CONTINUOUS
10
141.9767769999999985
20
-137.2732230000000015
11
142.0309699999999964
21
-137.354329000000007
0
LINE
8
BLACK
6
CONTINUOUS
10
142.0309699999999964
20
-137.354329000000007
11
142.0499999999999829
21
-137.4499999999999886
0
LINE
8
BLACK
6
CONTINUOUS
10
142.0499999999999829
20
-137.4499999999999886
11
142.0499999999999829
21
-138.1500000000000057
0
LINE
8
BLACK
6
CONTINUOUS
10
142.0499999999999829
20
-138.1500000000000057
11
142.0309699999999964
21
-138.2456709999999873
0
LINE
8
BLACK
6
CONTINUOUS
10
142.0309699999999964
20
-138.2456709999999873
11
141.9767769999999985
21
-138.3267769999999928
0
LINE
8
BLACK
6
CONTINUOUS
10
141.9767769999999985
20
-138.3267769999999928
11
141.895670999999993
21
-138.3809699999999907
0
LINE
8
BLACK
6
CONTINUOUS
10
141.895670999999993
20
-138.3809699999999907
11
141.7999999999999829
21
-138.4000000000000057
0
LINE
8
BLACK
6
CONTINUOUS
10
141.7999999999999829
20
-138.4000000000000057
11
140.9000000000000057
21
-138.4000000000000057
0
LINE
8
BLACK
6
CONTINUOUS
10
140.9000000000000057
20
-138.4000000000000057
11
140.8043289999999956
21
-138.3809699999999907
0
LINE
8
BLACK
6
CONTINUOUS
10
140.8043289999999956
20
-138.3809699999999907
11
140.7232229999999902
21
-138.3267769999999928
0
LINE
8
BLACK
6
CONTINUOUS
10
140.7232229999999902
20
-138.3267769999999928
11
140.6690299999999922
21
-138.2456709999999873
0
LINE
8
BLACK
6
CONTINUOUS
10
140.6690299999999922
20
-138.2456709999999873
11
140.6500000000000057
21
-138.1500000000000057
0
LINE
8
BLACK
6
CONTINUOUS
10
140.6500000000000057
20
-138.1500000000000057
11
140.6500000000000057
21
-137.4499999999999886
0
LINE
8
BLACK
6
CONTINUOUS
10
140.6500000000000057
20
-137.4499999999999886
11
140.6690299999999922
21
-137.354329000000007
0
LINE
8
BLACK
6
CONTINUOUS
10
140.6690299999999922
20
-137.354329000000007
11
140.7232229999999902
21
-137.2732230000000015
0
LINE
8
BLACK
6
CONTINUOUS
10
140.7232229999999902
20
-137.2732230000000015
11
140.8043289999999956
21
-137.2190300000000036
0
LINE
8
BLACK
6
CONTINUOUS
10
140.8043289999999956
20
-137.2190300000000036
11
140.9000000000000057
21
-137.1999999999999886
0
LINE
8
BLACK
6
CONTINUOUS
10
140.9000000000000057
20
-137.1999999999999886
11
141.7999999999999829
21
-137.1999999999999886
0
LINE
8
BLACK
6
CONTINUOUS
10
141.7999999999999829
20
-137.1999999999999886
11
141.895670999999993
21
-137.2190300000000036
0
LINE
8
BLACK
6
CONTINUOUS
10
144.5456709999999987
20
-137.2190300000000036
11
144.6267770000000041
21
-137.2732230000000015
0
LINE
8
BLACK
6
CONTINUOUS
10
144.6267770000000041
20
-137.2732230000000015
11
144.6809700000000021
21
-137.354329000000007
0
LINE
8
BLACK
6
CONTINUOUS
10
144.6809700000000021
20
-137.354329000000007
11
144.6999999999999886
21
-137.4499999999999886
0
LINE
8
BLACK
6
CONTINUOUS
10
144.6999999999999886
20
-137.4499999999999886
11
144.6999999999999886
21
-138.1500000000000057
0
LINE
8
BLACK
6
CONTINUOUS
10
144.6999999999999886
20
-138.1500000000000057
11
144.6809700000000021
21
-138.2456709999999873
0
LINE
8
BLACK
6
CONTINUOUS
10
144.6809700000000021
20
-138.2456709999999873
11
144.6267770000000041
21
-138.3267769999999928
0
LINE
8
BLACK
6
CONTINUOUS
10
144.6267770000000041
20
-138.3267769999999928
11
144.5456709999999987
21
-138.3809699999999907
0
LINE
8
BLACK
6
CONTINUOUS
10
144.5456709999999987
20
-138.3809699999999907
11
144.4499999999999886
21
-138.4000000000000057
0
LINE
8
BLACK
6
CONTINUOUS
10
144.4499999999999886
20
-138.4000000000000057
11
143.5499999999999829
21
-138.4000000000000057
0
LINE
8
BLACK
6
CONTINUOUS
10
143.5499999999999829
20
-138.4000000000000057
11
143.4543290000000013
21
-138.3809699999999907
0
LINE
8
BLACK
6
CONTINUOUS
10
143.4543290000000013
20
-138.3809699999999907
11
143.3732229999999959
21
-138.3267769999999928
0
LINE
8
BLACK
6
CONTINUOUS
10
143.3732229999999959
20
-138.3267769999999928
11
143.3190299999999979
21
-138.2456709999999873
0
LINE
8
BLACK
6
CONTINUOUS
10
143.3190299999999979
20
-138.2456709999999873
11
143.2999999999999829
21
-138.1500000000000057
0
LINE
8
BLACK
6
CONTINUOUS
10
143.2999999999999829
20
-138.1500000000000057
11
143.2999999999999829
21
-137.4499999999999886
0
LINE
8
BLACK
6
CONTINUOUS
10
143.2999999999999829
20
-137.4499999999999886
11
143.3190299999999979
21
-137.354329000000007
0
LINE
8
BLACK
6
CONTINUOUS
10
143.3190299999999979
20
-137.354329000000007
11
143.3732229999999959
21
-137.2732230000000015
0
LINE
8
BLACK
6
CONTINUOUS
10
143.3732229999999959
20
-137.2732230000000015
11
143.4543290000000013
21
-137.2190300000000036
0
LINE
8
BLACK
6
CONTINUOUS
10
143.4543290000000013
20
-137.2190300000000036
11
143.5499999999999829
21
-137.1999999999999886
0
LINE
8
BLACK
6
CONTINUOUS
10
143.5499999999999829
20
-137.1999999999999886
11
144.4499999999999886
21
-137.1999999999999886
0
LINE
8
BLACK
6
CONTINUOUS
10
144.4499999999999886
20
-137.1999999999999886
11
144.5456709999999987
21
-137.2190300000000036
0
LINE
8
BLACK
6
CONTINUOUS
10
149.5456709999999987
20
-137.2190300000000036
11
149.6267770000000041
21
-137.2732230000000015
0
LINE
8
BLACK
6
CONTINUOUS
10
149.6267770000000041
20
-137.2732230000000015
11
149.6809700000000021
21
-137.354329000000007
0
LINE
8
BLACK
6
CONTINUOUS
10
149.6809700000000021
20
-137.354329000000007
11
149.6999999999999886
21
-137.4499999999999886
0
LINE
8
BLACK
6
CONTINUOUS
10
149.6999999999999886
20
-137.4499999999999886
11
149.6999999999999886
21
-138.1500000000000057
0
LINE
8
BLACK
6
CONTINUOUS
10
149.6999999999999886
20
-138.1500000000000057
11
149.6809700000000021
21
-138.2456709999999873
0
LINE
8
BLACK
6
CONTINUOUS
10
149.6809700000000021
20
-138.2456709999999873
11
149.6267770000000041
21
-138.3267769999999928
0
LINE
8
BLACK
6
CONTINUOUS
10
149.6267770000000041
20
-138.3267769999999928
11
149.5456709999999987
21
-138.3809699999999907
0
LINE
8
BLACK
6
CONTINUOUS
10
149.5456709999999987
20
-138.3809699999999907
11
149.4499999999999886
21
-138.4000000000000057
0
LINE
8
BLACK
6
CONTINUOUS
10
149.4499999999999886
20
-138.4000000000000057
11
148.5499999999999829
21
-138.4000000000000057
0
LINE
8
BLACK
6
CONTINUOUS
10
148.5499999999999829
20
-138.4000000000000057
11
148.4543290000000013
21
-138.3809699999999907
0
LINE
8
BLACK
6
CONTINUOUS
10
148.4543290000000013
20
-138.3809699999999907
11
148.3732229999999959
21
-138.3267769999999928
0
LINE
8
BLACK
6
CONTINUOUS
10
148.3732229999999959
20
-138.3267769999999928
11
148.3190299999999979
21
-138.2456709999999873
0
LINE
8
BLACK
6
CONTINUOUS
10
148.3190299999999979
20
-138.2456709999999873
11
148.2999999999999829
21
-138.1500000000000057
0
LINE
8
BLACK
6
CONTINUOUS
10
148.2999999999999829
20
-138.1500000000000057
11
148.2999999999999829
21
-137.4499999999999886
0
LINE
8
BLACK
6
CONTINUOUS
10
148.2999999999999829
20
-137.4499999999999886
11
148.3190299999999979
21
-137.354329000000007
0
LINE
8
BLACK
6
CONTINUOUS
10
148.3190299999999979
20
-137.354329000000007
11
148.3732229999999959
21
-137.2732230000000015
0
LINE
8
BLACK
6
CONTINUOUS
10
148.3732229999999959
20
-137.2732230000000015
11
148.4543290000000013
21
-137.2190300000000036
0
LINE
8
BLACK
6
CONTINUOUS
10
148.4543290000000013
20
-137.2190300000000036
11
148.5499999999999829
21
-137.1999999999999886
0
LINE
8
BLACK
6
CONTINUOUS
10
148.5499999999999829
20
-137.1999999999999886
11
149.4499999999999886
21
-137.1999999999999886
0
LINE
8
BLACK
6
CONTINUOUS
10
149.4499999999999886
20
-137.1999999999999886
11
149.5456709999999987
21
-137.2190300000000036
0
LINE
8
BLACK
6
CONTINUOUS
10
154.2956709999999987
20
-137.2190300000000036
11
154.3767770000000041
21
-137.2732230000000015
0
LINE
8
BLACK
6
CONTINUOUS
10
154.3767770000000041
20
-137.2732230000000015
11
154.4309700000000021
21
-137.354329000000007
0
LINE
8
BLACK
6
CONTINUOUS
10
154.4309700000000021
20
-137.354329000000007
11
154.4499999999999886
21
-137.4499999999999886
0
LINE
8
BLACK
6
CONTINUOUS
10
154.4499999999999886
20
-137.4499999999999886
11
154.4499999999999886
21
-138.1500000000000057
0
LINE
8
BLACK
6
CONTINUOUS
10
154.4499999999999886
20
-138.1500000000000057
11
154.4309700000000021
21
-138.2456709999999873
0
LINE
8
BLACK
6
CONTINUOUS
10
154.4309700000000021
20
-138.2456709999999873
11
154.3767770000000041
21
-138.3267769999999928
0
LINE
8
BLACK
6
CONTINUOUS
10
154.3767770000000041
20
-138.3267769999999928
11
154.2956709999999987
21
-138.3809699999999907
0
LINE
8
BLACK
6
CONTINUOUS
10
154.2956709999999987
20
-138.3809699999999907
11
154.1999999999999886
21
-138.4000000000000057
0
LINE
8
BLACK
6
CONTINUOUS
10
154.1999999999999886
20
-138.4000000000000057
11
153.2999999999999829
21
-138.4000000000000057
0
LINE
8
BLACK
6
CONTINUOUS
10
153.2999999999999829
20
-138.4000000000000057
11
153.2043290000000013
21
-138.3809699999999907
0
LINE
8
BLACK
6
CONTINUOUS
10
153.2043290000000013
20
-138.3809699999999907
11
153.1232229999999959
21
-138.3267769999999928
0
LINE
8
BLACK
6
CONTINUOUS
10
153.1232229999999959
20
-138.3267769999999928
11
153.0690299999999979
21
-138.2456709999999873
0
LINE
8
BLACK
6
CONTINUOUS
10
153.0690299999999979
20
-138.2456709999999873
11
153.0499999999999829
21
-138.1500000000000057
0
LINE
8
BLACK
6
CONTINUOUS
10
153.0499999999999829
20
-138.1500000000000057
11
153.0499999999999829
21
-137.4499999999999886
0
LINE
8
BLACK
6
CONTINUOUS
10
153.0499999999999829
20
-137.4499999999999886
11
153.0690299999999979
21
-137.354329000000007
0
LINE
8
BLACK
6
CONTINUOUS
10
153.0690299999999979
20
-137.354329000000007
11
153.1232229999999959
21
-137.2732230000000015
0
LINE
8
BLACK
6
CONTINUOUS
10
153.1232229999999959
20
-137.2732230000000015
11
153.2043290000000013
21
-137.2190300000000036
0
LINE
8
BLACK
6
CONTINUOUS
10
153.2043290000000013
20
-137.2190300000000036
11
153.2999999999999829
21
-137.1999999999999886
0
LINE
8
BLACK
6
CONTINUOUS
10
153.2999999999999829
20
-137.1999999999999886
11
154.1999999999999886
21
-137.1999999999999886
0
LINE
8
BLACK
6
CONTINUOUS
10
154.1999999999999886
20
-137.1999999999999886
11
154.2956709999999987
21
-137.2190300000000036
0
LINE
8
BLACK
6
CONTINUOUS
10
156.6206709999999873
20
-137.2440299999999809
11
156.7017769999999928
21
-137.2982230000000072
0
LINE
8
BLACK
6
CONTINUOUS
10
156.7017769999999928
20
-137.2982230000000072
11
156.7559699999999907
21
-137.3793289999999843
0
LINE
8
BLACK
6
CONTINUOUS
10
156.7559699999999907
20
-137.3793289999999843
11
156.7750000000000057
21
-137.4749999999999943
0
LINE
8
BLACK
6
CONTINUOUS
10
156.7750000000000057
20
-137.4749999999999943
11
156.7750000000000057
21
-138.1500000000000057
0
LINE
8
BLACK
6
CONTINUOUS
10
156.7750000000000057
20
-138.1500000000000057
11
156.7559699999999907
21
-138.2456709999999873
0
LINE
8
BLACK
6
CONTINUOUS
10
156.7559699999999907
20
-138.2456709999999873
11
156.7017769999999928
21
-138.3267769999999928
0
LINE
8
BLACK
6
CONTINUOUS
10
156.7017769999999928
20
-138.3267769999999928
11
156.6206709999999873
21
-138.3809699999999907
0
LINE
8
BLACK
6
CONTINUOUS
10
156.6206709999999873
20
-138.3809699999999907
11
156.5250000000000057
21
-138.4000000000000057
0
LINE
8
BLACK
6
CONTINUOUS
10
156.5250000000000057
20
-138.4000000000000057
11
155.5749999999999886
21
-138.4000000000000057
0
LINE
8
BLACK
6
CONTINUOUS
10
155.5749999999999886
20
-138.4000000000000057
11
155.479329000000007
21
-138.3809699999999907
0
LINE
8
BLACK
6
CONTINUOUS
10
155.479329000000007
20
-138.3809699999999907
11
155.3982230000000015
21
-138.3267769999999928
0
LINE
8
BLACK
6
CONTINUOUS
10
155.3982230000000015
20
-138.3267769999999928
11
155.3440300000000036
21
-138.2456709999999873
0
LINE
8
BLACK
6
CONTINUOUS
10
155.3440300000000036
20
-138.2456709999999873
11
155.3249999999999886
21
-138.1500000000000057
0
LINE
8
BLACK
6
CONTINUOUS
10
155.3249999999999886
20
-138.1500000000000057
11
155.3249999999999886
21
-137.4749999999999943
0
LINE
8
BLACK
6
CONTINUOUS
10
155.3249999999999886
20
-137.4749999999999943
11
155.3440300000000036
21
-137.3793289999999843
0
LINE
8
BLACK
6
CONTINUOUS
10
155.3440300000000036
20
-137.3793289999999843
11
155.3982230000000015
21
-137.2982230000000072
0
LINE
8
BLACK
6
CONTINUOUS
10
155.3982230000000015
20
-137.2982230000000072
11
155.479329000000007
21
-137.2440299999999809
0
LINE
8
BLACK
6
CONTINUOUS
10
155.479329000000007
20
-137.2440299999999809
11
155.5749999999999886
21
-137.2249999999999943
0
LINE
8
BLACK
6
CONTINUOUS
10
155.5749999999999886
20
-137.2249999999999943
11
156.5250000000000057
21
-137.2249999999999943
0
LINE
8
BLACK
6
CONTINUOUS
10
156.5250000000000057
20
-137.2249999999999943
11
156.6206709999999873
21
-137.2440299999999809
0
LINE
8
BLACK
6
CONTINUOUS
10
146.9756710000000055
20
-137.1990299999999934
11
147.0567769999999825
21
-137.2532229999999913
0
LINE
8
BLACK
6
CONTINUOUS
10
147.0567769999999825
20
-137.2532229999999913
11
147.1109699999999805
21
-137.3343289999999968
0
LINE
8
BLACK
6
CONTINUOUS
10
147.1109699999999805
20
-137.3343289999999968
11
147.1299999999999955
21
-137.4300000000000068
0
LINE
8
BLACK
6
CONTINUOUS
10
147.1299999999999955
20
-137.4300000000000068
11
147.1299999999999955
21
-138.1299999999999955
0
LINE
8
BLACK
6
CONTINUOUS
10
147.1299999999999955
20
-138.1299999999999955
11
147.1109699999999805
21
-138.2256710000000055
0
LINE
8
BLACK
6
CONTINUOUS
10
147.1109699999999805
20
-138.2256710000000055
11
147.0567769999999825
21
-138.3067769999999825
0
LINE
8
BLACK
6
CONTINUOUS
10
147.0567769999999825
20
-138.3067769999999825
11
146.9756710000000055
21
-138.3609699999999805
0
LINE
8
BLACK
6
CONTINUOUS
10
146.9756710000000055
20
-138.3609699999999805
11
146.8799999999999955
21
-138.3799999999999955
0
LINE
8
BLACK
6
CONTINUOUS
10
146.8799999999999955
20
-138.3799999999999955
11
145.9799999999999898
21
-138.3799999999999955
0
LINE
8
BLACK
6
CONTINUOUS
10
145.9799999999999898
20
-138.3799999999999955
11
145.8843289999999797
21
-138.3609699999999805
0
LINE
8
BLACK
6
CONTINUOUS
10
145.8843289999999797
20
-138.3609699999999805
11
145.8032230000000027
21
-138.3067769999999825
0
LINE
8
BLACK
6
CONTINUOUS
10
145.8032230000000027
20
-138.3067769999999825
11
145.7490300000000047
21
-138.2256710000000055
0
LINE
8
BLACK
6
CONTINUOUS
10
145.7490300000000047
20
-138.2256710000000055
11
145.7299999999999898
21
-138.1299999999999955
0
LINE
8
BLACK
6
CONTINUOUS
10
145.7299999999999898
20
-138.1299999999999955
11
145.7299999999999898
21
-137.4300000000000068
0
LINE
8
BLACK
6
CONTINUOUS
10
145.7299999999999898
20
-137.4300000000000068
11
145.7490300000000047
21
-137.3343289999999968
0
LINE
8
BLACK
6
CONTINUOUS
10
145.7490300000000047
20
-137.3343289999999968
11
145.8032230000000027
21
-137.2532229999999913
0
LINE
8
BLACK
6
CONTINUOUS
10
145.8032230000000027
20
-137.2532229999999913
11
145.8843289999999797
21
-137.1990299999999934
0
LINE
8
BLACK
6
CONTINUOUS
10
145.8843289999999797
20
-137.1990299999999934
11
145.9799999999999898
21
-137.1800000000000068
0
LINE
8
BLACK
6
CONTINUOUS
10
145.9799999999999898
20
-137.1800000000000068
11
146.8799999999999955
21
-137.1800000000000068
0
LINE
8
BLACK
6
CONTINUOUS
10
146.8799999999999955
20
-137.1800000000000068
11
146.9756710000000055
21
-137.1990299999999934
0
LINE
8
BLACK
6
CONTINUOUS
10
129.5706710000000044
20
-137.1940299999999979
11
129.6517769999999814
21
-137.2482229999999959
0
LINE
8
BLACK
6
CONTINUOUS
10
129.6517769999999814
20
-137.2482229999999959
11
129.7059700000000078
21
-137.3293290000000013
0
LINE
8
BLACK
6
CONTINUOUS
10
129.7059700000000078
20
-137.3293290000000013
11
129.7249999999999943
21
-137.4249999999999829
0
LINE
8
BLACK
6
CONTINUOUS
10
129.7249999999999943
20
-137.4249999999999829
11
129.7249999999999943
21
-138.0999999999999943
0
LINE
8
BLACK
6
CONTINUOUS
10
129.7249999999999943
20
-138.0999999999999943
11
129.7059700000000078
21
-138.1956710000000044
0
LINE
8
BLACK
6
CONTINUOUS
10
129.7059700000000078
20
-138.1956710000000044
11
129.6517769999999814
21
-138.2767769999999814
0
LINE
8
BLACK
6
CONTINUOUS
10
129.6517769999999814
20
-138.2767769999999814
11
129.5706710000000044
21
-138.3309700000000078
0
LINE
8
BLACK
6
CONTINUOUS
10
129.5706710000000044
20
-138.3309700000000078
11
129.4749999999999943
21
-138.3499999999999943
0
LINE
8
BLACK
6
CONTINUOUS
10
129.4749999999999943
20
-138.3499999999999943
11
128.5250000000000057
21
-138.3499999999999943
0
LINE
8
BLACK
6
CONTINUOUS
10
128.5250000000000057
20
-138.3499999999999943
11
128.4293289999999956
21
-138.3309700000000078
0
LINE
8
BLACK
6
CONTINUOUS
10
128.4293289999999956
20
-138.3309700000000078
11
128.3482229999999902
21
-138.2767769999999814
0
LINE
8
BLACK
6
CONTINUOUS
10
128.3482229999999902
20
-138.2767769999999814
11
128.2940299999999922
21
-138.1956710000000044
0
LINE
8
BLACK
6
CONTINUOUS
10
128.2940299999999922
20
-138.1956710000000044
11
128.2750000000000057
21
-138.0999999999999943
0
LINE
8
BLACK
6
CONTINUOUS
10
128.2750000000000057
20
-138.0999999999999943
11
128.2750000000000057
21
-137.4249999999999829
0
LINE
8
BLACK
6
CONTINUOUS
10
128.2750000000000057
20
-137.4249999999999829
11
128.2940299999999922
21
-137.3293290000000013
0
LINE
8
BLACK
6
CONTINUOUS
10
128.2940299999999922
20
-137.3293290000000013
11
128.3482229999999902
21
-137.2482229999999959
0
LINE
8
BLACK
6
CONTINUOUS
10
128.3482229999999902
20
-137.2482229999999959
11
128.4293289999999956
21
-137.1940299999999979
0
LINE
8
BLACK
6
CONTINUOUS
10
128.4293289999999956
20
-137.1940299999999979
11
128.5250000000000057
21
-137.1749999999999829
0
LINE
8
BLACK
6
CONTINUOUS
10
128.5250000000000057
20
-137.1749999999999829
11
129.4749999999999943
21
-137.1749999999999829
0
LINE
8
BLACK
6
CONTINUOUS
10
129.4749999999999943
20
-137.1749999999999829
11
129.5706710000000044
21
-137.1940299999999979
0
LINE
8
BLACK
6
CONTINUOUS
10
151.8706709999999873
20
-137.1940299999999979
11
151.9517769999999928
21
-137.2482229999999959
0
LINE
8
BLACK
6
CONTINUOUS
10
151.9517769999999928
20
-137.2482229999999959
11
152.0059699999999907
21
-137.3293290000000013
0
LINE
8
BLACK
6
CONTINUOUS
10
152.0059699999999907
20
-137.3293290000000013
11
152.0250000000000057
21
-137.4249999999999829
0
LINE
8
BLACK
6
CONTINUOUS
10
152.0250000000000057
20
-137.4249999999999829
11
152.0250000000000057
21
-138.0999999999999943
0
LINE
8
BLACK
6
CONTINUOUS
10
152.0250000000000057
20
-138.0999999999999943
11
152.0059699999999907
21
-138.1956710000000044
0
LINE
8
BLACK
6
CONTINUOUS
10
152.0059699999999907
20
-138.1956710000000044
11
151.9517769999999928
21
-138.2767769999999814
0
LINE
8
BLACK
6
CONTINUOUS
10
151.9517769999999928
20
-138.2767769999999814
11
151.8706709999999873
21
-138.3309700000000078
0
LINE
8
BLACK
6
CONTINUOUS
10
151.8706709999999873
20
-138.3309700000000078
11
151.7750000000000057
21
-138.3499999999999943
0
LINE
8
BLACK
6
CONTINUOUS
10
151.7750000000000057
20
-138.3499999999999943
11
150.8249999999999886
21
-138.3499999999999943
0
LINE
8
BLACK
6
CONTINUOUS
10
150.8249999999999886
20
-138.3499999999999943
11
150.729329000000007
21
-138.3309700000000078
0
LINE
8
BLACK
6
CONTINUOUS
10
150.729329000000007
20
-138.3309700000000078
11
150.6482230000000015
21
-138.2767769999999814
0
LINE
8
BLACK
6
CONTINUOUS
10
150.6482230000000015
20
-138.2767769999999814
11
150.5940300000000036
21
-138.1956710000000044
0
LINE
8
BLACK
6
CONTINUOUS
10
150.5940300000000036
20
-138.1956710000000044
11
150.5749999999999886
21
-138.0999999999999943
0
LINE
8
BLACK
6
CONTINUOUS
10
150.5749999999999886
20
-138.0999999999999943
11
150.5749999999999886
21
-137.4249999999999829
0
LINE
8
BLACK
6
CONTINUOUS
10
150.5749999999999886
20
-137.4249999999999829
11
150.5940300000000036
21
-137.3293290000000013
0
LINE
8
BLACK
6
CONTINUOUS
10
150.5940300000000036
20
-137.3293290000000013
11
150.6482230000000015
21
-137.2482229999999959
0
LINE
8
BLACK
6
CONTINUOUS
10
150.6482230000000015
20
-137.2482229999999959
11
150.729329000000007
21
-137.1940299999999979
0
LINE
8
BLACK
6
CONTINUOUS
10
150.729329000000007
20
-137.1940299999999979
11
150.8249999999999886
21
-137.1749999999999829
0
LINE
8
BLACK
6
CONTINUOUS
10
150.8249999999999886
20
-137.1749999999999829
11
151.7750000000000057
21
-137.1749999999999829
0
LINE
8
BLACK
6
CONTINUOUS
10
151.7750000000000057
20
-137.1749999999999829
11
151.8706709999999873
21
-137.1940299999999979
0
LINE
8
BLACK
6
CONTINUOUS
10
136.7265370000000075
20
-133.5652240000000006
11
136.7914209999999855
21
-133.6085789999999918
0
LINE
8
BLACK
6
CONTINUOUS
10
136.7914209999999855
20
-133.6085789999999918
11
136.8347760000000051
21
-133.6734629999999981
0
LINE
8
BLACK
6
CONTINUOUS
10
136.8347760000000051
20
-133.6734629999999981
11
136.8499999999999943
21
-133.75
0
LINE
8
BLACK
6
CONTINUOUS
10
136.8499999999999943
20
-133.75
11
136.8499999999999943
21
-135.25
0
LINE
8
BLACK
6
CONTINUOUS
10
136.8499999999999943
20
-135.25
11
136.8347760000000051
21
-135.3265370000000019
0
LINE
8
BLACK
6
CONTINUOUS
10
136.8347760000000051
20
-135.3265370000000019
11
136.7914209999999855
21
-135.3914209999999798
0
LINE
8
BLACK
6
CONTINUOUS
10
136.7914209999999855
20
-135.3914209999999798
11
136.7265370000000075
21
-135.4347759999999994
0
LINE
8
BLACK
6
CONTINUOUS
10
136.7265370000000075
20
-135.4347759999999994
11
136.6500000000000057
21
-135.4499999999999886
0
LINE
8
BLACK
6
CONTINUOUS
10
136.6500000000000057
20
-135.4499999999999886
11
136.25
21
-135.4499999999999886
0
LINE
8
BLACK
6
CONTINUOUS
10
136.25
20
-135.4499999999999886
11
136.1734629999999981
21
-135.4347759999999994
0
LINE
8
BLACK
6
CONTINUOUS
10
136.1734629999999981
20
-135.4347759999999994
11
136.1085789999999918
21
-135.3914209999999798
0
LINE
8
BLACK
6
CONTINUOUS
10
136.1085789999999918
20
-135.3914209999999798
11
136.0652240000000006
21
-135.3265370000000019
0
LINE
8
BLACK
6
CONTINUOUS
10
136.0652240000000006
20
-135.3265370000000019
11
136.0499999999999829
21
-135.25
0
LINE
8
BLACK
6
CONTINUOUS
10
136.0499999999999829
20
-135.25
11
136.0499999999999829
21
-133.75
0
LINE
8
BLACK
6
CONTINUOUS
10
136.0499999999999829
20
-133.75
11
136.0652240000000006
21
-133.6734629999999981
0
LINE
8
BLACK
6
CONTINUOUS
10
136.0652240000000006
20
-133.6734629999999981
11
136.1085789999999918
21
-133.6085789999999918
0
LINE
8
BLACK
6
CONTINUOUS
10
136.1085789999999918
20
-133.6085789999999918
11
136.1734629999999981
21
-133.5652240000000006
0
LINE
8
BLACK
6
CONTINUOUS
10
136.1734629999999981
20
-133.5652240000000006
11
136.25
21
-133.5499999999999829
0
LINE
8
BLACK
6
CONTINUOUS
10
136.25
20
-133.5499999999999829
11
136.6500000000000057
21
-133.5499999999999829
0
LINE
8
BLACK
6
CONTINUOUS
10
136.6500000000000057
20
-133.5499999999999829
11
136.7265370000000075
21
-133.5652240000000006
0
LINE
8
BLACK
6
CONTINUOUS
10
138.6265369999999848
20
-133.5652240000000006
11
138.6914209999999912
21
-133.6085789999999918
0
LINE
8
BLACK
6
CONTINUOUS
10
138.6914209999999912
20
-133.6085789999999918
11
138.7347759999999823
21
-133.6734629999999981
0
LINE
8
BLACK
6
CONTINUOUS
10
138.7347759999999823
20
-133.6734629999999981
11
138.75
21
-133.75
0
LINE
8
BLACK
6
CONTINUOUS
10
138.75
20
-133.75
11
138.75
21
-135.25
0
LINE
8
BLACK
6
CONTINUOUS
10
138.75
20
-135.25
11
138.7347759999999823
21
-135.3265370000000019
0
LINE
8
BLACK
6
CONTINUOUS
10
138.7347759999999823
20
-135.3265370000000019
11
138.6914209999999912
21
-135.3914209999999798
0
LINE
8
BLACK
6
CONTINUOUS
10
138.6914209999999912
20
-135.3914209999999798
11
138.6265369999999848
21
-135.4347759999999994
0
LINE
8
BLACK
6
CONTINUOUS
10
138.6265369999999848
20
-135.4347759999999994
11
138.5499999999999829
21
-135.4499999999999886
0
LINE
8
BLACK
6
CONTINUOUS
10
138.5499999999999829
20
-135.4499999999999886
11
138.1500000000000057
21
-135.4499999999999886
0
LINE
8
BLACK
6
CONTINUOUS
10
138.1500000000000057
20
-135.4499999999999886
11
138.0734630000000038
21
-135.4347759999999994
0
LINE
8
BLACK
6
CONTINUOUS
10
138.0734630000000038
20
-135.4347759999999994
11
138.0085789999999974
21
-135.3914209999999798
0
LINE
8
BLACK
6
CONTINUOUS
10
138.0085789999999974
20
-135.3914209999999798
11
137.9652240000000063
21
-135.3265370000000019
0
LINE
8
BLACK
6
CONTINUOUS
10
137.9652240000000063
20
-135.3265370000000019
11
137.9499999999999886
21
-135.25
0
LINE
8
BLACK
6
CONTINUOUS
10
137.9499999999999886
20
-135.25
11
137.9499999999999886
21
-133.75
0
LINE
8
BLACK
6
CONTINUOUS
10
137.9499999999999886
20
-133.75
11
137.9652240000000063
21
-133.6734629999999981
0
LINE
8
BLACK
6
CONTINUOUS
10
137.9652240000000063
20
-133.6734629999999981
11
138.0085789999999974
21
-133.6085789999999918
0
LINE
8
BLACK
6
CONTINUOUS
10
138.0085789999999974
20
-133.6085789999999918
11
138.0734630000000038
21
-133.5652240000000006
0
LINE
8
BLACK
6
CONTINUOUS
10
138.0734630000000038
20
-133.5652240000000006
11
138.1500000000000057
21
-133.5499999999999829
0
LINE
8
BLACK
6
CONTINUOUS
10
138.1500000000000057
20
-133.5499999999999829
11
138.5499999999999829
21
-133.5499999999999829
0
LINE
8
BLACK
6
CONTINUOUS
10
138.5499999999999829
20
-133.5499999999999829
11
138.6265369999999848
21
-133.5652240000000006
0
LINE
8
BLACK
6
CONTINUOUS
10
141.4265369999999962
20
-133.5652240000000006
11
141.4914210000000026
21
-133.6085789999999918
0
LINE
8
BLACK
6
CONTINUOUS
10
141.4914210000000026
20
-133.6085789999999918
11
141.5347759999999937
21
-133.6734629999999981
0
LINE
8
BLACK
6
CONTINUOUS
10
141.5347759999999937
20
-133.6734629999999981
11
141.5499999999999829
21
-133.75
0
LINE
8
BLACK
6
CONTINUOUS
10
141.5499999999999829
20
-133.75
11
141.5499999999999829
21
-135.25
0
LINE
8
BLACK
6
CONTINUOUS
10
141.5499999999999829
20
-135.25
11
141.5347759999999937
21
-135.3265370000000019
0
LINE
8
BLACK
6
CONTINUOUS
10
141.5347759999999937
20
-135.3265370000000019
11
141.4914210000000026
21
-135.3914209999999798
0
LINE
8
BLACK
6
CONTINUOUS
10
141.4914210000000026
20
-135.3914209999999798
11
141.4265369999999962
21
-135.4347759999999994
0
LINE
8
BLACK
6
CONTINUOUS
10
141.4265369999999962
20
-135.4347759999999994
11
141.3499999999999943
21
-135.4499999999999886
0
LINE
8
BLACK
6
CONTINUOUS
10
141.3499999999999943
20
-135.4499999999999886
11
140.9499999999999886
21
-135.4499999999999886
0
LINE
8
BLACK
6
CONTINUOUS
10
140.9499999999999886
20
-135.4499999999999886
11
140.8734629999999868
21
-135.4347759999999994
0
LINE
8
BLACK
6
CONTINUOUS
10
140.8734629999999868
20
-135.4347759999999994
11
140.8085789999999804
21
-135.3914209999999798
0
LINE
8
BLACK
6
CONTINUOUS
10
140.8085789999999804
20
-135.3914209999999798
11
140.7652239999999892
21
-135.3265370000000019
0
LINE
8
BLACK
6
CONTINUOUS
10
140.7652239999999892
20
-135.3265370000000019
11
140.75
21
-135.25
0
LINE
8
BLACK
6
CONTINUOUS
10
140.75
20
-135.25
11
140.75
21
-133.75
0
LINE
8
BLACK
6
CONTINUOUS
10
140.75
20
-133.75
11
140.7652239999999892
21
-133.6734629999999981
0
LINE
8
BLACK
6
CONTINUOUS
10
140.7652239999999892
20
-133.6734629999999981
11
140.8085789999999804
21
-133.6085789999999918
0
LINE
8
BLACK
6
CONTINUOUS
10
140.8085789999999804
20
-133.6085789999999918
11
140.8734629999999868
21
-133.5652240000000006
0
LINE
8
BLACK
6
CONTINUOUS
10
140.8734629999999868
20
-133.5652240000000006
11
140.9499999999999886
21
-133.5499999999999829
0
LINE
8
BLACK
6
CONTINUOUS
10
140.9499999999999886
20
-133.5499999999999829
11
141.3499999999999943
21
-133.5499999999999829
0
LINE
8
BLACK
6
CONTINUOUS
10
141.3499999999999943
20
-133.5499999999999829
11
141.4265369999999962
21
-133.5652240000000006
0
LINE
8
BLACK
6
CONTINUOUS
10
143.3265370000000019
20
-133.5652240000000006
11
143.3914209999999798
21
-133.6085789999999918
0
LINE
8
BLACK
6
CONTINUOUS
10
143.3914209999999798
20
-133.6085789999999918
11
143.4347759999999994
21
-133.6734629999999981
0
LINE
8
BLACK
6
CONTINUOUS
10
143.4347759999999994
20
-133.6734629999999981
11
143.4499999999999886
21
-133.75
0
LINE
8
BLACK
6
CONTINUOUS
10
143.4499999999999886
20
-133.75
11
143.4499999999999886
21
-135.25
0
LINE
8
BLACK
6
CONTINUOUS
10
143.4499999999999886
20
-135.25
11
143.4347759999999994
21
-135.3265370000000019
0
LINE
8
BLACK
6
CONTINUOUS
10
143.4347759999999994
20
-135.3265370000000019
11
143.3914209999999798
21
-135.3914209999999798
0
LINE
8
BLACK
6
CONTINUOUS
10
143.3914209999999798
20
-135.3914209999999798
11
143.3265370000000019
21
-135.4347759999999994
0
LINE
8
BLACK
6
CONTINUOUS
10
143.3265370000000019
20
-135.4347759999999994
11
143.25
21
-135.4499999999999886
0
LINE
8
BLACK
6
CONTINUOUS
10
143.25
20
-135.4499999999999886
11
142.8499999999999943
21
-135.4499999999999886
0
LINE
8
BLACK
6
CONTINUOUS
10
142.8499999999999943
20
-135.4499999999999886
11
142.7734629999999925
21
-135.4347759999999994
0
LINE
8
BLACK
6
CONTINUOUS
10
142.7734629999999925
20
-135.4347759999999994
11
142.7085789999999861
21
-135.3914209999999798
0
LINE
8
BLACK
6
CONTINUOUS
10
142.7085789999999861
20
-135.3914209999999798
11
142.6652239999999949
21
-135.3265370000000019
0
LINE
8
BLACK
6
CONTINUOUS
10
142.6652239999999949
20
-135.3265370000000019
11
142.6500000000000057
21
-135.25
0
LINE
8
BLACK
6
CONTINUOUS
10
142.6500000000000057
20
-135.25
11
142.6500000000000057
21
-133.75
0
LINE
8
BLACK
6
CONTINUOUS
10
142.6500000000000057
20
-133.75
11
142.6652239999999949
21
-133.6734629999999981
0
LINE
8
BLACK
6
CONTINUOUS
10
142.6652239999999949
20
-133.6734629999999981
11
142.7085789999999861
21
-133.6085789999999918
0
LINE
8
BLACK
6
CONTINUOUS
10
142.7085789999999861
20
-133.6085789999999918
11
142.7734629999999925
21
-133.5652240000000006
0
LINE
8
BLACK
6
CONTINUOUS
10
142.7734629999999925
20
-133.5652240000000006
11
142.8499999999999943
21
-133.5499999999999829
0
LINE
8
BLACK
6
CONTINUOUS
10
142.8499999999999943
20
-133.5499999999999829
11
143.25
21
-133.5499999999999829
0
LINE
8
BLACK
6
CONTINUOUS
10
143.25
20
-133.5499999999999829
11
143.3265370000000019
21
-133.5652240000000006
0
LINE
8
BLACK
6
CONTINUOUS
10
146.5956709999999816
20
-132.2690299999999866
11
146.6767769999999871
21
-132.3232229999999845
0
LINE
8
BLACK
6
CONTINUOUS
10
146.6767769999999871
20
-132.3232229999999845
11
146.730969999999985
21
-132.4043289999999899
0
LINE
8
BLACK
6
CONTINUOUS
10
146.730969999999985
20
-132.4043289999999899
11
146.75
21
-132.5
0
LINE
8
BLACK
6
CONTINUOUS
10
146.75
20
-132.5
11
146.75
21
-133.1999999999999886
0
LINE
8
BLACK
6
CONTINUOUS
10
146.75
20
-133.1999999999999886
11
146.730969999999985
21
-133.2956709999999987
0
LINE
8
BLACK
6
CONTINUOUS
10
146.730969999999985
20
-133.2956709999999987
11
146.6767769999999871
21
-133.3767770000000041
0
LINE
8
BLACK
6
CONTINUOUS
10
146.6767769999999871
20
-133.3767770000000041
11
146.5956709999999816
21
-133.4309700000000021
0
LINE
8
BLACK
6
CONTINUOUS
10
146.5956709999999816
20
-133.4309700000000021
11
146.5
21
-133.4499999999999886
0
LINE
8
BLACK
6
CONTINUOUS
10
146.5
20
-133.4499999999999886
11
145.5999999999999943
21
-133.4499999999999886
0
LINE
8
BLACK
6
CONTINUOUS
10
145.5999999999999943
20
-133.4499999999999886
11
145.5043289999999843
21
-133.4309700000000021
0
LINE
8
BLACK
6
CONTINUOUS
10
145.5043289999999843
20
-133.4309700000000021
11
145.4232230000000072
21
-133.3767770000000041
0
LINE
8
BLACK
6
CONTINUOUS
10
145.4232230000000072
20
-133.3767770000000041
11
145.3690299999999809
21
-133.2956709999999987
0
LINE
8
BLACK
6
CONTINUOUS
10
145.3690299999999809
20
-133.2956709999999987
11
145.3499999999999943
21
-133.1999999999999886
0
LINE
8
BLACK
6
CONTINUOUS
10
145.3499999999999943
20
-133.1999999999999886
11
145.3499999999999943
21
-132.5
0
LINE
8
BLACK
6
CONTINUOUS
10
145.3499999999999943
20
-132.5
11
145.3690299999999809
21
-132.4043289999999899
0
LINE
8
BLACK
6
CONTINUOUS
10
145.3690299999999809
20
-132.4043289999999899
11
145.4232230000000072
21
-132.3232229999999845
0
LINE
8
BLACK
6
CONTINUOUS
10
145.4232230000000072
20
-132.3232229999999845
11
145.5043289999999843
21
-132.2690299999999866
0
LINE
8
BLACK
6
CONTINUOUS
10
145.5043289999999843
20
-132.2690299999999866
11
145.5999999999999943
21
-132.25
0
LINE
8
BLACK
6
CONTINUOUS
10
145.5999999999999943
20
-132.25
11
146.5
21
-132.25
0
LINE
8
BLACK
6
CONTINUOUS
10
146.5
20
-132.25
11
146.5956709999999816
21
-132.2690299999999866
0
LINE
8
BLACK
6
CONTINUOUS
10
148.895670999999993
20
-132.2690299999999866
11
148.9767769999999985
21
-132.3232229999999845
0
LINE
8
BLACK
6
CONTINUOUS
10
148.9767769999999985
20
-132.3232229999999845
11
149.0309699999999964
21
-132.4043289999999899
0
LINE
8
BLACK
6
CONTINUOUS
10
149.0309699999999964
20
-132.4043289999999899
11
149.0499999999999829
21
-132.5
0
LINE
8
BLACK
6
CONTINUOUS
10
149.0499999999999829
20
-132.5
11
149.0499999999999829
21
-133.1999999999999886
0
LINE
8
BLACK
6
CONTINUOUS
10
149.0499999999999829
20
-133.1999999999999886
11
149.0309699999999964
21
-133.2956709999999987
0
LINE
8
BLACK
6
CONTINUOUS
10
149.0309699999999964
20
-133.2956709999999987
11
148.9767769999999985
21
-133.3767770000000041
0
LINE
8
BLACK
6
CONTINUOUS
10
148.9767769999999985
20
-133.3767770000000041
11
148.895670999999993
21
-133.4309700000000021
0
LINE
8
BLACK
6
CONTINUOUS
10
148.895670999999993
20
-133.4309700000000021
11
148.7999999999999829
21
-133.4499999999999886
0
LINE
8
BLACK
6
CONTINUOUS
10
148.7999999999999829
20
-133.4499999999999886
11
147.9000000000000057
21
-133.4499999999999886
0
LINE
8
BLACK
6
CONTINUOUS
10
147.9000000000000057
20
-133.4499999999999886
11
147.8043289999999956
21
-133.4309700000000021
0
LINE
8
BLACK
6
CONTINUOUS
10
147.8043289999999956
20
-133.4309700000000021
11
147.7232229999999902
21
-133.3767770000000041
0
LINE
8
BLACK
6
CONTINUOUS
10
147.7232229999999902
20
-133.3767770000000041
11
147.6690299999999922
21
-133.2956709999999987
0
LINE
8
BLACK
6
CONTINUOUS
10
147.6690299999999922
20
-133.2956709999999987
11
147.6500000000000057
21
-133.1999999999999886
0
LINE
8
BLACK
6
CONTINUOUS
10
147.6500000000000057
20
-133.1999999999999886
11
147.6500000000000057
21
-132.5
0
LINE
8
BLACK
6
CONTINUOUS
10
147.6500000000000057
20
-132.5
11
147.6690299999999922
21
-132.4043289999999899
0
LINE
8
BLACK
6
CONTINUOUS
10
147.6690299999999922
20
-132.4043289999999899
11
147.7232229999999902
21
-132.3232229999999845
0
LINE
8
BLACK
6
CONTINUOUS
10
147.7232229999999902
20
-132.3232229999999845
11
147.8043289999999956
21
-132.2690299999999866
0
LINE
8
BLACK
6
CONTINUOUS
10
147.8043289999999956
20
-132.2690299999999866
11
147.9000000000000057
21
-132.25
0
LINE
8
BLACK
6
CONTINUOUS
10
147.9000000000000057
20
-132.25
11
148.7999999999999829
21
-132.25
0
LINE
8
BLACK
6
CONTINUOUS
10
148.7999999999999829
20
-132.25
11
148.895670999999993
21
-132.2690299999999866
0
LINE
8
BLACK
6
CONTINUOUS
10
137.6765369999999962
20
-130.5652240000000006
11
137.7414210000000026
21
-130.6085789999999918
0
LINE
8
BLACK
6
CONTINUOUS
10
137.7414210000000026
20
-130.6085789999999918
11
137.7847759999999937
21
-130.6734629999999981
0
LINE
8
BLACK
6
CONTINUOUS
10
137.7847759999999937
20
-130.6734629999999981
11
137.7999999999999829
21
-130.75
0
LINE
8
BLACK
6
CONTINUOUS
10
137.7999999999999829
20
-130.75
11
137.7999999999999829
21
-132.25
0
LINE
8
BLACK
6
CONTINUOUS
10
137.7999999999999829
20
-132.25
11
137.7847759999999937
21
-132.3265370000000019
0
LINE
8
BLACK
6
CONTINUOUS
10
137.7847759999999937
20
-132.3265370000000019
11
137.7414210000000026
21
-132.3914209999999798
0
LINE
8
BLACK
6
CONTINUOUS
10
137.7414210000000026
20
-132.3914209999999798
11
137.6765369999999962
21
-132.4347759999999994
0
LINE
8
BLACK
6
CONTINUOUS
10
137.6765369999999962
20
-132.4347759999999994
11
137.5999999999999943
21
-132.4499999999999886
0
LINE
8
BLACK
6
CONTINUOUS
10
137.5999999999999943
20
-132.4499999999999886
11
137.1999999999999886
21
-132.4499999999999886
0
LINE
8
BLACK
6
CONTINUOUS
10
137.1999999999999886
20
-132.4499999999999886
11
137.1234629999999868
21
-132.4347759999999994
0
LINE
8
BLACK
6
CONTINUOUS
10
137.1234629999999868
20
-132.4347759999999994
11
137.0585789999999804
21
-132.3914209999999798
0
LINE
8
BLACK
6
CONTINUOUS
10
137.0585789999999804
20
-132.3914209999999798
11
137.0152239999999892
21
-132.3265370000000019
0
LINE
8
BLACK
6
CONTINUOUS
10
137.0152239999999892
20
-132.3265370000000019
11
137.
21
-132.25
0
LINE
8
BLACK
6
CONTINUOUS
10
137.
20
-132.25
11
137.
21
-130.75
0
LINE
8
BLACK
6
CONTINUOUS
10
137.
20
-130.75
11
137.0152239999999892
21
-130.6734629999999981
0
LINE
8
BLACK
6
CONTINUOUS
10
137.0152239999999892
20
-130.6734629999999981
11
137.0585789999999804
21
-130.6085789999999918
0
LINE
8
BLACK
6
CONTINUOUS
10
137.0585789999999804
20
-130.6085789999999918
11
137.1234629999999868
21
-130.5652240000000006
0
LINE
8
BLACK
6
CONTINUOUS
10
137.1234629999999868
20
-130.5652240000000006
11
137.1999999999999886
21
-130.5499999999999829
0
LINE
8
BLACK
6
CONTINUOUS
10
137.1999999999999886
20
-130.5499999999999829
11
137.5999999999999943
21
-130.5499999999999829
0
LINE
8
BLACK
6
CONTINUOUS
10
137.5999999999999943
20
-130.5499999999999829
11
137.6765369999999962
21
-130.5652240000000006
0
LINE
8
BLACK
6
CONTINUOUS
10
142.3765369999999848
20
-130.5652240000000006
11
142.4414209999999912
21
-130.6085789999999918
0
LINE
8
BLACK
6
CONTINUOUS
10
142.4414209999999912
20
-130.6085789999999918
11
142.4847759999999823
21
-130.6734629999999981
0
LINE
8
BLACK
6
CONTINUOUS
10
142.4847759999999823
20
-130.6734629999999981
11
142.5
21
-130.75
0
LINE
8
BLACK
6
CONTINUOUS
10
142.5
20
-130.75
11
142.5
21
-132.25
0
LINE
8
BLACK
6
CONTINUOUS
10
142.5
20
-132.25
11
142.4847759999999823
21
-132.3265370000000019
0
LINE
8
BLACK
6
CONTINUOUS
10
142.4847759999999823
20
-132.3265370000000019
11
142.4414209999999912
21
-132.3914209999999798
0
LINE
8
BLACK
6
CONTINUOUS
10
142.4414209999999912
20
-132.3914209999999798
11
142.3765369999999848
21
-132.4347759999999994
0
LINE
8
BLACK
6
CONTINUOUS
10
142.3765369999999848
20
-132.4347759999999994
11
142.2999999999999829
21
-132.4499999999999886
0
LINE
8
BLACK
6
CONTINUOUS
10
142.2999999999999829
20
-132.4499999999999886
11
141.9000000000000057
21
-132.4499999999999886
0
LINE
8
BLACK
6
CONTINUOUS
10
141.9000000000000057
20
-132.4499999999999886
11
141.8234630000000038
21
-132.4347759999999994
0
LINE
8
BLACK
6
CONTINUOUS
10
141.8234630000000038
20
-132.4347759999999994
11
141.7585789999999974
21
-132.3914209999999798
0
LINE
8
BLACK
6
CONTINUOUS
10
141.7585789999999974
20
-132.3914209999999798
11
141.7152240000000063
21
-132.3265370000000019
0
LINE
8
BLACK
6
CONTINUOUS
10
141.7152240000000063
20
-132.3265370000000019
11
141.6999999999999886
21
-132.25
0
LINE
8
BLACK
6
CONTINUOUS
10
141.6999999999999886
20
-132.25
11
141.6999999999999886
21
-130.75
0
LINE
8
BLACK
6
CONTINUOUS
10
141.6999999999999886
20
-130.75
11
141.7152240000000063
21
-130.6734629999999981
0
LINE
8
BLACK
6
CONTINUOUS
10
141.7152240000000063
20
-130.6734629999999981
11
141.7585789999999974
21
-130.6085789999999918
0
LINE
8
BLACK
6
CONTINUOUS
10
141.7585789999999974
20
-130.6085789999999918
11
141.8234630000000038
21
-130.5652240000000006
0
LINE
8
BLACK
6
CONTINUOUS
10
141.8234630000000038
20
-130.5652240000000006
11
141.9000000000000057
21
-130.5499999999999829
0
LINE
8
BLACK
6
CONTINUOUS
10
141.9000000000000057
20
-130.5499999999999829
11
142.2999999999999829
21
-130.5499999999999829
0
LINE
8
BLACK
6
CONTINUOUS
10
142.2999999999999829
20
-130.5499999999999829
11
142.3765369999999848
21
-130.5652240000000006
0
LINE
8
BLACK
6
CONTINUOUS
10
146.5956709999999816
20
-130.2690299999999866
11
146.6767769999999871
21
-130.3232229999999845
0
LINE
8
BLACK
6
CONTINUOUS
10
146.6767769999999871
20
-130.3232229999999845
11
146.730969999999985
21
-130.4043289999999899
0
LINE
8
BLACK
6
CONTINUOUS
10
146.730969999999985
20
-130.4043289999999899
11
146.75
21
-130.5
0
LINE
8
BLACK
6
CONTINUOUS
10
146.75
20
-130.5
11
146.75
21
-131.1999999999999886
0
LINE
8
BLACK
6
CONTINUOUS
10
146.75
20
-131.1999999999999886
11
146.730969999999985
21
-131.2956709999999987
0
LINE
8
BLACK
6
CONTINUOUS
10
146.730969999999985
20
-131.2956709999999987
11
146.6767769999999871
21
-131.3767770000000041
0
LINE
8
BLACK
6
CONTINUOUS
10
146.6767769999999871
20
-131.3767770000000041
11
146.5956709999999816
21
-131.4309700000000021
0
LINE
8
BLACK
6
CONTINUOUS
10
146.5956709999999816
20
-131.4309700000000021
11
146.5
21
-131.4499999999999886
0
LINE
8
BLACK
6
CONTINUOUS
10
146.5
20
-131.4499999999999886
11
145.5999999999999943
21
-131.4499999999999886
0
LINE
8
BLACK
6
CONTINUOUS
10
145.5999999999999943
20
-131.4499999999999886
11
145.5043289999999843
21
-131.4309700000000021
0
LINE
8
BLACK
6
CONTINUOUS
10
145.5043289999999843
20
-131.4309700000000021
11
145.4232230000000072
21
-131.3767770000000041
0
LINE
8
BLACK
6
CONTINUOUS
10
145.4232230000000072
20
-131.3767770000000041
11
145.3690299999999809
21
-131.2956709999999987
0
LINE
8
BLACK
6
CONTINUOUS
10
145.3690299999999809
20
-131.2956709999999987
11
145.3499999999999943
21
-131.1999999999999886
0
LINE
8
BLACK
6
CONTINUOUS
10
145.3499999999999943
20
-131.1999999999999886
11
145.3499999999999943
21
-130.5
0
LINE
8
BLACK
6
CONTINUOUS
10
145.3499999999999943
20
-130.5
11
145.3690299999999809
21
-130.4043289999999899
0
LINE
8
BLACK
6
CONTINUOUS
10
145.3690299999999809
20
-130.4043289999999899
11
145.4232230000000072
21
-130.3232229999999845
0
LINE
8
BLACK
6
CONTINUOUS
10
145.4232230000000072
20
-130.3232229999999845
11
145.5043289999999843
21
-130.2690299999999866
0
LINE
8
BLACK
6
CONTINUOUS
10
145.5043289999999843
20
-130.2690299999999866
11
145.5999999999999943
21
-130.25
0
LINE
8
BLACK
6
CONTINUOUS
10
145.5999999999999943
20
-130.25
11
146.5
21
-130.25
0
LINE
8
BLACK
6
CONTINUOUS
10
146.5
20
-130.25
11
146.5956709999999816
21
-130.2690299999999866
0
LINE
8
BLACK
6
CONTINUOUS
10
148.895670999999993
20
-130.2690299999999866
11
148.9767769999999985
21
-130.3232229999999845
0
LINE
8
BLACK
6
CONTINUOUS
10
148.9767769999999985
20
-130.3232229999999845
11
149.0309699999999964
21
-130.4043289999999899
0
LINE
8
BLACK
6
CONTINUOUS
10
149.0309699999999964
20
-130.4043289999999899
11
149.0499999999999829
21
-130.5
0
LINE
8
BLACK
6
CONTINUOUS
10
149.0499999999999829
20
-130.5
11
149.0499999999999829
21
-131.1999999999999886
0
LINE
8
BLACK
6
CONTINUOUS
10
149.0499999999999829
20
-131.1999999999999886
11
149.0309699999999964
21
-131.2956709999999987
0
LINE
8
BLACK
6
CONTINUOUS
10
149.0309699999999964
20
-131.2956709999999987
11
148.9767769999999985
21
-131.3767770000000041
0
LINE
8
BLACK
6
CONTINUOUS
10
148.9767769999999985
20
-131.3767770000000041
11
148.895670999999993
21
-131.4309700000000021
0
LINE
8
BLACK
6
CONTINUOUS
10
148.895670999999993
20
-131.4309700000000021
11
148.7999999999999829
21
-131.4499999999999886
0
LINE
8
BLACK
6
CONTINUOUS
10
148.7999999999999829
20
-131.4499999999999886
11
147.9000000000000057
21
-131.4499999999999886
0
LINE
8
BLACK
6
CONTINUOUS
10
147.9000000000000057
20
-131.4499999999999886
11
147.8043289999999956
21
-131.4309700000000021
0
LINE
8
BLACK
6
CONTINUOUS
10
147.8043289999999956
20
-131.4309700000000021
11
147.7232229999999902
21
-131.3767770000000041
0
LINE
8
BLACK
6
CONTINUOUS
10
147.7232229999999902
20
-131.3767770000000041
11
147.6690299999999922
21
-131.2956709999999987
0
LINE
8
BLACK
6
CONTINUOUS
10
147.6690299999999922
20
-131.2956709999999987
11
147.6500000000000057
21
-131.1999999999999886
0
LINE
8
BLACK
6
CONTINUOUS
10
147.6500000000000057
20
-131.1999999999999886
11
147.6500000000000057
21
-130.5
0
LINE
8
BLACK
6
CONTINUOUS
10
147.6500000000000057
20
-130.5
11
147.6690299999999922
21
-130.4043289999999899
0
LINE
8
BLACK
6
CONTINUOUS
10
147.6690299999999922
20
-130.4043289999999899
11
147.7232229999999902
21
-130.3232229999999845
0
LINE
8
BLACK
6
CONTINUOUS
10
147.7232229999999902
20
-130.3232229999999845
11
147.8043289999999956
21
-130.2690299999999866
0
LINE
8
BLACK
6
CONTINUOUS
10
147.8043289999999956
20
-130.2690299999999866
11
147.9000000000000057
21
-130.25
0
LINE
8
BLACK
6
CONTINUOUS
10
147.9000000000000057
20
-130.25
11
148.7999999999999829
21
-130.25
0
LINE
8
BLACK
6
CONTINUOUS
10
148.7999999999999829
20
-130.25
11
148.895670999999993
21
-130.2690299999999866
0
LINE
8
BLACK
6
CONTINUOUS
10
136.7265370000000075
20
-127.3652239999999978
11
136.7914209999999855
21
-127.4085789999999889
0
LINE
8
BLACK
6
CONTINUOUS
10
136.7914209999999855
20
-127.4085789999999889
11
136.8347760000000051
21
-127.4734629999999953
0
LINE
8
BLACK
6
CONTINUOUS
10
136.8347760000000051
20
-127.4734629999999953
11
136.8499999999999943
21
-127.5499999999999972
0
LINE
8
BLACK
6
CONTINUOUS
10
136.8499999999999943
20
-127.5499999999999972
11
136.8499999999999943
21
-129.0499999999999829
0
LINE
8
BLACK
6
CONTINUOUS
10
136.8499999999999943
20
-129.0499999999999829
11
136.8347760000000051
21
-129.1265369999999848
0
LINE
8
BLACK
6
CONTINUOUS
10
136.8347760000000051
20
-129.1265369999999848
11
136.7914209999999855
21
-129.1914209999999912
0
LINE
8
BLACK
6
CONTINUOUS
10
136.7914209999999855
20
-129.1914209999999912
11
136.7265370000000075
21
-129.2347759999999823
0
LINE
8
BLACK
6
CONTINUOUS
10
136.7265370000000075
20
-129.2347759999999823
11
136.6500000000000057
21
-129.25
0
LINE
8
BLACK
6
CONTINUOUS
10
136.6500000000000057
20
-129.25
11
136.25
21
-129.25
0
LINE
8
BLACK
6
CONTINUOUS
10
136.25
20
-129.25
11
136.1734629999999981
21
-129.2347759999999823
0
LINE
8
BLACK
6
CONTINUOUS
10
136.1734629999999981
20
-129.2347759999999823
11
136.1085789999999918
21
-129.1914209999999912
0
LINE
8
BLACK
6
CONTINUOUS
10
136.1085789999999918
20
-129.1914209999999912
11
136.0652240000000006
21
-129.1265369999999848
0
LINE
8
BLACK
6
CONTINUOUS
10
136.0652240000000006
20
-129.1265369999999848
11
136.0499999999999829
21
-129.0499999999999829
0
LINE
8
BLACK
6
CONTINUOUS
10
136.0499999999999829
20
-129.0499999999999829
11
136.0499999999999829
21
-127.5499999999999972
0
LINE
8
BLACK
6
CONTINUOUS
10
136.0499999999999829
20
-127.5499999999999972
11
136.0652240000000006
21
-127.4734629999999953
0
LINE
8
BLACK
6
CONTINUOUS
10
136.0652240000000006
20
-127.4734629999999953
11
136.1085789999999918
21
-127.4085789999999889
0
LINE
8
BLACK
6
CONTINUOUS
10
136.1085789999999918
20
-127.4085789999999889
11
136.1734629999999981
21
-127.3652239999999978
0
LINE
8
BLACK
6
CONTINUOUS
10
136.1734629999999981
20
-127.3652239999999978
11
136.25
21
-127.3499999999999943
0
LINE
8
BLACK
6
CONTINUOUS
10
136.25
20
-127.3499999999999943
11
136.6500000000000057
21
-127.3499999999999943
0
LINE
8
BLACK
6
CONTINUOUS
10
136.6500000000000057
20
-127.3499999999999943
11
136.7265370000000075
21
-127.3652239999999978
0
LINE
8
BLACK
6
CONTINUOUS
10
138.6265369999999848
20
-127.3652239999999978
11
138.6914209999999912
21
-127.4085789999999889
0
LINE
8
BLACK
6
CONTINUOUS
10
138.6914209999999912
20
-127.4085789999999889
11
138.7347759999999823
21
-127.4734629999999953
0
LINE
8
BLACK
6
CONTINUOUS
10
138.7347759999999823
20
-127.4734629999999953
11
138.75
21
-127.5499999999999972
0
LINE
8
BLACK
6
CONTINUOUS
10
138.75
20
-127.5499999999999972
11
138.75
21
-129.0499999999999829
0
LINE
8
BLACK
6
CONTINUOUS
10
138.75
20
-129.0499999999999829
11
138.7347759999999823
21
-129.1265369999999848
0
LINE
8
BLACK
6
CONTINUOUS
10
138.7347759999999823
20
-129.1265369999999848
11
138.6914209999999912
21
-129.1914209999999912
0
LINE
8
BLACK
6
CONTINUOUS
10
138.6914209999999912
20
-129.1914209999999912
11
138.6265369999999848
21
-129.2347759999999823
0
LINE
8
BLACK
6
CONTINUOUS
10
138.6265369999999848
20
-129.2347759999999823
11
138.5499999999999829
21
-129.25
0
LINE
8
BLACK
6
CONTINUOUS
10
138.5499999999999829
20
-129.25
11
138.1500000000000057
21
-129.25
0
LINE
8
BLACK
6
CONTINUOUS
10
138.1500000000000057
20
-129.25
11
138.0734630000000038
21
-129.2347759999999823
0
LINE
8
BLACK
6
CONTINUOUS
10
138.0734630000000038
20
-129.2347759999999823
11
138.0085789999999974
21
-129.1914209999999912
0
LINE
8
BLACK
6
CONTINUOUS
10
138.0085789999999974
20
-129.1914209999999912
11
137.9652240000000063
21
-129.1265369999999848
0
LINE
8
BLACK
6
CONTINUOUS
10
137.9652240000000063
20
-129.1265369999999848
11
137.9499999999999886
21
-129.0499999999999829
0
LINE
8
BLACK
6
CONTINUOUS
10
137.9499999999999886
20
-129.0499999999999829
11
137.9499999999999886
21
-127.5499999999999972
0
LINE
8
BLACK
6
CONTINUOUS
10
137.9499999999999886
20
-127.5499999999999972
11
137.9652240000000063
21
-127.4734629999999953
0
LINE
8
BLACK
6
CONTINUOUS
10
137.9652240000000063
20
-127.4734629999999953
11
138.0085789999999974
21
-127.4085789999999889
0
LINE
8
BLACK
6
CONTINUOUS
10
138.0085789999999974
20
-127.4085789999999889
11
138.0734630000000038
21
-127.3652239999999978
0
LINE
8
BLACK
6
CONTINUOUS
10
138.0734630000000038
20
-127.3652239999999978
11
138.1500000000000057
21
-127.3499999999999943
0
LINE
8
BLACK
6
CONTINUOUS
10
138.1500000000000057
20
-127.3499999999999943
11
138.5499999999999829
21
-127.3499999999999943
0
LINE
8
BLACK
6
CONTINUOUS
10
138.5499999999999829
20
-127.3499999999999943
11
138.6265369999999848
21
-127.3652239999999978
0
LINE
8
BLACK
6
CONTINUOUS
10
141.3265370000000019
20
-127.3652239999999978
11
141.3914209999999798
21
-127.4085789999999889
0
LINE
8
BLACK
6
CONTINUOUS
10
141.3914209999999798
20
-127.4085789999999889
11
141.4347759999999994
21
-127.4734629999999953
0
LINE
8
BLACK
6
CONTINUOUS
10
141.4347759999999994
20
-127.4734629999999953
11
141.4499999999999886
21
-127.5499999999999972
0
LINE
8
BLACK
6
CONTINUOUS
10
141.4499999999999886
20
-127.5499999999999972
11
141.4499999999999886
21
-129.0499999999999829
0
LINE
8
BLACK
6
CONTINUOUS
10
141.4499999999999886
20
-129.0499999999999829
11
141.4347759999999994
21
-129.1265369999999848
0
LINE
8
BLACK
6
CONTINUOUS
10
141.4347759999999994
20
-129.1265369999999848
11
141.3914209999999798
21
-129.1914209999999912
0
LINE
8
BLACK
6
CONTINUOUS
10
141.3914209999999798
20
-129.1914209999999912
11
141.3265370000000019
21
-129.2347759999999823
0
LINE
8
BLACK
6
CONTINUOUS
10
141.3265370000000019
20
-129.2347759999999823
11
141.25
21
-129.25
0
LINE
8
BLACK
6
CONTINUOUS
10
141.25
20
-129.25
11
140.8499999999999943
21
-129.25
0
LINE
8
BLACK
6
CONTINUOUS
10
140.8499999999999943
20
-129.25
11
140.7734629999999925
21
-129.2347759999999823
0
LINE
8
BLACK
6
CONTINUOUS
10
140.7734629999999925
20
-129.2347759999999823
11
140.7085789999999861
21
-129.1914209999999912
0
LINE
8
BLACK
6
CONTINUOUS
10
140.7085789999999861
20
-129.1914209999999912
11
140.6652239999999949
21
-129.1265369999999848
0
LINE
8
BLACK
6
CONTINUOUS
10
140.6652239999999949
20
-129.1265369999999848
11
140.6500000000000057
21
-129.0499999999999829
0
LINE
8
BLACK
6
CONTINUOUS
10
140.6500000000000057
20
-129.0499999999999829
11
140.6500000000000057
21
-127.5499999999999972
0
LINE
8
BLACK
6
CONTINUOUS
10
140.6500000000000057
20
-127.5499999999999972
11
140.6652239999999949
21
-127.4734629999999953
0
LINE
8
BLACK
6
CONTINUOUS
10
140.6652239999999949
20
-127.4734629999999953
11
140.7085789999999861
21
-127.4085789999999889
0
LINE
8
BLACK
6
CONTINUOUS
10
140.7085789999999861
20
-127.4085789999999889
11
140.7734629999999925
21
-127.3652239999999978
0
LINE
8
BLACK
6
CONTINUOUS
10
140.7734629999999925
20
-127.3652239999999978
11
140.8499999999999943
21
-127.3499999999999943
0
LINE
8
BLACK
6
CONTINUOUS
10
140.8499999999999943
20
-127.3499999999999943
11
141.25
21
-127.3499999999999943
0
LINE
8
BLACK
6
CONTINUOUS
10
141.25
20
-127.3499999999999943
11
141.3265370000000019
21
-127.3652239999999978
0
LINE
8
BLACK
6
CONTINUOUS
10
143.2265370000000075
20
-127.3652239999999978
11
143.2914209999999855
21
-127.4085789999999889
0
LINE
8
BLACK
6
CONTINUOUS
10
143.2914209999999855
20
-127.4085789999999889
11
143.3347760000000051
21
-127.4734629999999953
0
LINE
8
BLACK
6
CONTINUOUS
10
143.3347760000000051
20
-127.4734629999999953
11
143.3499999999999943
21
-127.5499999999999972
0
LINE
8
BLACK
6
CONTINUOUS
10
143.3499999999999943
20
-127.5499999999999972
11
143.3499999999999943
21
-129.0499999999999829
0
LINE
8
BLACK
6
CONTINUOUS
10
143.3499999999999943
20
-129.0499999999999829
11
143.3347760000000051
21
-129.1265369999999848
0
LINE
8
BLACK
6
CONTINUOUS
10
143.3347760000000051
20
-129.1265369999999848
11
143.2914209999999855
21
-129.1914209999999912
0
LINE
8
BLACK
6
CONTINUOUS
10
143.2914209999999855
20
-129.1914209999999912
11
143.2265370000000075
21
-129.2347759999999823
0
LINE
8
BLACK
6
CONTINUOUS
10
143.2265370000000075
20
-129.2347759999999823
11
143.1500000000000057
21
-129.25
0
LINE
8
BLACK
6
CONTINUOUS
10
143.1500000000000057
20
-129.25
11
142.75
21
-129.25
0
LINE
8
BLACK
6
CONTINUOUS
10
142.75
20
-129.25
11
142.6734629999999981
21
-129.2347759999999823
0
LINE
8
BLACK
6
CONTINUOUS
10
142.6734629999999981
20
-129.2347759999999823
11
142.6085789999999918
21
-129.1914209999999912
0
LINE
8
BLACK
6
CONTINUOUS
10
142.6085789999999918
20
-129.1914209999999912
11
142.5652240000000006
21
-129.1265369999999848
0
LINE
8
BLACK
6
CONTINUOUS
10
142.5652240000000006
20
-129.1265369999999848
11
142.5499999999999829
21
-129.0499999999999829
0
LINE
8
BLACK
6
CONTINUOUS
10
142.5499999999999829
20
-129.0499999999999829
11
142.5499999999999829
21
-127.5499999999999972
0
LINE
8
BLACK
6
CONTINUOUS
10
142.5499999999999829
20
-127.5499999999999972
11
142.5652240000000006
21
-127.4734629999999953
0
LINE
8
BLACK
6
CONTINUOUS
10
142.5652240000000006
20
-127.4734629999999953
11
142.6085789999999918
21
-127.4085789999999889
0
LINE
8
BLACK
6
CONTINUOUS
10
142.6085789999999918
20
-127.4085789999999889
11
142.6734629999999981
21
-127.3652239999999978
0
LINE
8
BLACK
6
CONTINUOUS
10
142.6734629999999981
20
-127.3652239999999978
11
142.75
21
-127.3499999999999943
0
LINE
8
BLACK
6
CONTINUOUS
10
142.75
20
-127.3499999999999943
11
143.1500000000000057
21
-127.3499999999999943
0
LINE
8
BLACK
6
CONTINUOUS
10
143.1500000000000057
20
-127.3499999999999943
11
143.2265370000000075
21
-127.3652239999999978
0
LINE
8
BLACK
6
CONTINUOUS
10
148.9456710000000044
20
-127.3690299999999951
11
149.0267769999999814
21
-127.423222999999993
0
LINE
8
BLACK
6
CONTINUOUS
10
149.0267769999999814
20
-127.423222999999993
11
149.0809699999999793
21
-127.5043289999999985
0
LINE
8
BLACK
6
CONTINUOUS
10
149.0809699999999793
20
-127.5043289999999985
11
149.0999999999999943
21
-127.5999999999999943
0
LINE
8
BLACK
6
CONTINUOUS
10
149.0999999999999943
20
-127.5999999999999943
11
149.0999999999999943
21
-128.2999999999999829
0
LINE
8
BLACK
6
CONTINUOUS
10
149.0999999999999943
20
-128.2999999999999829
11
149.0809699999999793
21
-128.395670999999993
0
LINE
8
BLACK
6
CONTINUOUS
10
149.0809699999999793
20
-128.395670999999993
11
149.0267769999999814
21
-128.4767769999999985
0
LINE
8
BLACK
6
CONTINUOUS
10
149.0267769999999814
20
-128.4767769999999985
11
148.9456710000000044
21
-128.5309699999999964
0
LINE
8
BLACK
6
CONTINUOUS
10
148.9456710000000044
20
-128.5309699999999964
11
148.8499999999999943
21
-128.5499999999999829
0
LINE
8
BLACK
6
CONTINUOUS
10
148.8499999999999943
20
-128.5499999999999829
11
147.9499999999999886
21
-128.5499999999999829
0
LINE
8
BLACK
6
CONTINUOUS
10
147.9499999999999886
20
-128.5499999999999829
11
147.854329000000007
21
-128.5309699999999964
0
LINE
8
BLACK
6
CONTINUOUS
10
147.854329000000007
20
-128.5309699999999964
11
147.7732230000000015
21
-128.4767769999999985
0
LINE
8
BLACK
6
CONTINUOUS
10
147.7732230000000015
20
-128.4767769999999985
11
147.7190300000000036
21
-128.395670999999993
0
LINE
8
BLACK
6
CONTINUOUS
10
147.7190300000000036
20
-128.395670999999993
11
147.6999999999999886
21
-128.2999999999999829
0
LINE
8
BLACK
6
CONTINUOUS
10
147.6999999999999886
20
-128.2999999999999829
11
147.6999999999999886
21
-127.5999999999999943
0
LINE
8
BLACK
6
CONTINUOUS
10
147.6999999999999886
20
-127.5999999999999943
11
147.7190300000000036
21
-127.5043289999999985
0
LINE
8
BLACK
6
CONTINUOUS
10
147.7190300000000036
20
-127.5043289999999985
11
147.7732230000000015
21
-127.423222999999993
0
LINE
8
BLACK
6
CONTINUOUS
10
147.7732230000000015
20
-127.423222999999993
11
147.854329000000007
21
-127.3690299999999951
0
LINE
8
BLACK
6
CONTINUOUS
10
147.854329000000007
20
-127.3690299999999951
11
147.9499999999999886
21
-127.3499999999999943
0
LINE
8
BLACK
6
CONTINUOUS
10
147.9499999999999886
20
-127.3499999999999943
11
148.8499999999999943
21
-127.3499999999999943
0
LINE
8
BLACK
6
CONTINUOUS
10
148.8499999999999943
20
-127.3499999999999943
11
148.9456710000000044
21
-127.3690299999999951
0
LINE
8
BLACK
6
CONTINUOUS
10
146.645670999999993
20
-127.3190299999999979
11
146.7267769999999985
21
-127.3732229999999959
0
LINE
8
BLACK
6
CONTINUOUS
10
146.7267769999999985
20
-127.3732229999999959
11
146.7809699999999964
21
-127.4543290000000013
0
LINE
8
BLACK
6
CONTINUOUS
10
146.7809699999999964
20
-127.4543290000000013
11
146.7999999999999829
21
-127.5499999999999972
0
LINE
8
BLACK
6
CONTINUOUS
10
146.7999999999999829
20
-127.5499999999999972
11
146.7999999999999829
21
-128.25
0
LINE
8
BLACK
6
CONTINUOUS
10
146.7999999999999829
20
-128.25
11
146.7809699999999964
21
-128.3456709999999816
0
LINE
8
BLACK
6
CONTINUOUS
10
146.7809699999999964
20
-128.3456709999999816
11
146.7267769999999985
21
-128.4267769999999871
0
LINE
8
BLACK
6
CONTINUOUS
10
146.7267769999999985
20
-128.4267769999999871
11
146.645670999999993
21
-128.480969999999985
0
LINE
8
BLACK
6
CONTINUOUS
10
146.645670999999993
20
-128.480969999999985
11
146.5499999999999829
21
-128.5
0
LINE
8
BLACK
6
CONTINUOUS
10
146.5499999999999829
20
-128.5
11
145.6500000000000057
21
-128.5
0
LINE
8
BLACK
6
CONTINUOUS
10
145.6500000000000057
20
-128.5
11
145.5543289999999956
21
-128.480969999999985
0
LINE
8
BLACK
6
CONTINUOUS
10
145.5543289999999956
20
-128.480969999999985
11
145.4732229999999902
21
-128.4267769999999871
0
LINE
8
BLACK
6
CONTINUOUS
10
145.4732229999999902
20
-128.4267769999999871
11
145.4190299999999922
21
-128.3456709999999816
0
LINE
8
BLACK
6
CONTINUOUS
10
145.4190299999999922
20
-128.3456709999999816
11
145.4000000000000057
21
-128.25
0
LINE
8
BLACK
6
CONTINUOUS
10
145.4000000000000057
20
-128.25
11
145.4000000000000057
21
-127.5499999999999972
0
LINE
8
BLACK
6
CONTINUOUS
10
145.4000000000000057
20
-127.5499999999999972
11
145.4190299999999922
21
-127.4543290000000013
0
LINE
8
BLACK
6
CONTINUOUS
10
145.4190299999999922
20
-127.4543290000000013
11
145.4732229999999902
21
-127.3732229999999959
0
LINE
8
BLACK
6
CONTINUOUS
10
145.4732229999999902
20
-127.3732229999999959
11
145.5543289999999956
21
-127.3190299999999979
0
LINE
8
BLACK
6
CONTINUOUS
10
145.5543289999999956
20
-127.3190299999999979
11
145.6500000000000057
21
-127.2999999999999972
0
LINE
8
BLACK
6
CONTINUOUS
10
145.6500000000000057
20
-127.2999999999999972
11
146.5499999999999829
21
-127.2999999999999972
0
LINE
8
BLACK
6
CONTINUOUS
10
146.5499999999999829
20
-127.2999999999999972
11
146.645670999999993
21
-127.3190299999999979
0
LINE
8
BLACK
6
CONTINUOUS
10
148.9456710000000044
20
-125.3690299999999951
11
149.0267769999999814
21
-125.423222999999993
0
LINE
8
BLACK
6
CONTINUOUS
10
149.0267769999999814
20
-125.423222999999993
11
149.0809699999999793
21
-125.5043289999999985
0
LINE
8
BLACK
6
CONTINUOUS
10
149.0809699999999793
20
-125.5043289999999985
11
149.0999999999999943
21
-125.5999999999999943
0
LINE
8
BLACK
6
CONTINUOUS
10
149.0999999999999943
20
-125.5999999999999943
11
149.0999999999999943
21
-126.2999999999999972
0
LINE
8
BLACK
6
CONTINUOUS
10
149.0999999999999943
20
-126.2999999999999972
11
149.0809699999999793
21
-126.395670999999993
0
LINE
8
BLACK
6
CONTINUOUS
10
149.0809699999999793
20
-126.395670999999993
11
149.0267769999999814
21
-126.4767769999999985
0
LINE
8
BLACK
6
CONTINUOUS
10
149.0267769999999814
20
-126.4767769999999985
11
148.9456710000000044
21
-126.5309699999999964
0
LINE
8
BLACK
6
CONTINUOUS
10
148.9456710000000044
20
-126.5309699999999964
11
148.8499999999999943
21
-126.5499999999999972
0
LINE
8
BLACK
6
CONTINUOUS
10
148.8499999999999943
20
-126.5499999999999972
11
147.9499999999999886
21
-126.5499999999999972
0
LINE
8
BLACK
6
CONTINUOUS
10
147.9499999999999886
20
-126.5499999999999972
11
147.854329000000007
21
-126.5309699999999964
0
LINE
8
BLACK
6
CONTINUOUS
10
147.854329000000007
20
-126.5309699999999964
11
147.7732230000000015
21
-126.4767769999999985
0
LINE
8
BLACK
6
CONTINUOUS
10
147.7732230000000015
20
-126.4767769999999985
11
147.7190300000000036
21
-126.395670999999993
0
LINE
8
BLACK
6
CONTINUOUS
10
147.7190300000000036
20
-126.395670999999993
11
147.6999999999999886
21
-126.2999999999999972
0
LINE
8
BLACK
6
CONTINUOUS
10
147.6999999999999886
20
-126.2999999999999972
11
147.6999999999999886
21
-125.5999999999999943
0
LINE
8
BLACK
6
CONTINUOUS
10
147.6999999999999886
20
-125.5999999999999943
11
147.7190300000000036
21
-125.5043289999999985
0
LINE
8
BLACK
6
CONTINUOUS
10
147.7190300000000036
20
-125.5043289999999985
11
147.7732230000000015
21
-125.423222999999993
0
LINE
8
BLACK
6
CONTINUOUS
10
147.7732230000000015
20
-125.423222999999993
11
147.854329000000007
21
-125.3690299999999951
0
LINE
8
BLACK
6
CONTINUOUS
10
147.854329000000007
20
-125.3690299999999951
11
147.9499999999999886
21
-125.3499999999999943
0
LINE
8
BLACK
6
CONTINUOUS
10
147.9499999999999886
20
-125.3499999999999943
11
148.8499999999999943
21
-125.3499999999999943
0
LINE
8
BLACK
6
CONTINUOUS
10
148.8499999999999943
20
-125.3499999999999943
11
148.9456710000000044
21
-125.3690299999999951
0
LINE
8
BLACK
6
CONTINUOUS
10
146.645670999999993
20
-125.3190299999999979
11
146.7267769999999985
21
-125.3732229999999959
0
LINE
8
BLACK
6
CONTINUOUS
10
146.7267769999999985
20
-125.3732229999999959
11
146.7809699999999964
21
-125.4543290000000013
0
LINE
8
BLACK
6
CONTINUOUS
10
146.7809699999999964
20
-125.4543290000000013
11
146.7999999999999829
21
-125.5499999999999972
0
LINE
8
BLACK
6
CONTINUOUS
10
146.7999999999999829
20
-125.5499999999999972
11
146.7999999999999829
21
-126.25
0
LINE
8
BLACK
6
CONTINUOUS
10
146.7999999999999829
20
-126.25
11
146.7809699999999964
21
-126.3456709999999958
0
LINE
8
BLACK
6
CONTINUOUS
10
146.7809699999999964
20
-126.3456709999999958
11
146.7267769999999985
21
-126.4267770000000013
0
LINE
8
BLACK
6
CONTINUOUS
10
146.7267769999999985
20
-126.4267770000000013
11
146.645670999999993
21
-126.4809699999999992
0
LINE
8
BLACK
6
CONTINUOUS
10
146.645670999999993
20
-126.4809699999999992
11
146.5499999999999829
21
-126.5
0
LINE
8
BLACK
6
CONTINUOUS
10
146.5499999999999829
20
-126.5
11
145.6500000000000057
21
-126.5
0
LINE
8
BLACK
6
CONTINUOUS
10
145.6500000000000057
20
-126.5
11
145.5543289999999956
21
-126.4809699999999992
0
LINE
8
BLACK
6
CONTINUOUS
10
145.5543289999999956
20
-126.4809699999999992
11
145.4732229999999902
21
-126.4267770000000013
0
LINE
8
BLACK
6
CONTINUOUS
10
145.4732229999999902
20
-126.4267770000000013
11
145.4190299999999922
21
-126.3456709999999958
0
LINE
8
BLACK
6
CONTINUOUS
10
145.4190299999999922
20
-126.3456709999999958
11
145.4000000000000057
21
-126.25
0
LINE
8
BLACK
6
CONTINUOUS
10
145.4000000000000057
20
-126.25
11
145.4000000000000057
21
-125.5499999999999972
0
LINE
8
BLACK
6
CONTINUOUS
10
145.4000000000000057
20
-125.5499999999999972
11
145.4190299999999922
21
-125.4543290000000013
0
LINE
8
BLACK
6
CONTINUOUS
10
145.4190299999999922
20
-125.4543290000000013
11
145.4732229999999902
21
-125.3732229999999959
0
LINE
8
BLACK
6
CONTINUOUS
10
145.4732229999999902
20
-125.3732229999999959
11
145.5543289999999956
21
-125.3190299999999979
0
LINE
8
BLACK
6
CONTINUOUS
10
145.5543289999999956
20
-125.3190299999999979
11
145.6500000000000057
21
-125.2999999999999972
0
LINE
8
BLACK
6
CONTINUOUS
10
145.6500000000000057
20
-125.2999999999999972
11
146.5499999999999829
21
-125.2999999999999972
0
LINE
8
BLACK
6
CONTINUOUS
10
146.5499999999999829
20
-125.2999999999999972
11
146.645670999999993
21
-125.3190299999999979
0
LINE
8
BLACK
6
CONTINUOUS
10
137.6765369999999962
20
-124.3652239999999978
11
137.7414210000000026
21
-124.4085789999999889
0
LINE
8
BLACK
6
CONTINUOUS
10
137.7414210000000026
20
-124.4085789999999889
11
137.7847759999999937
21
-124.4734629999999953
0
LINE
8
BLACK
6
CONTINUOUS
10
137.7847759999999937
20
-124.4734629999999953
11
137.7999999999999829
21
-124.5499999999999972
0
LINE
8
BLACK
6
CONTINUOUS
10
137.7999999999999829
20
-124.5499999999999972
11
137.7999999999999829
21
-126.0499999999999972
0
LINE
8
BLACK
6
CONTINUOUS
10
137.7999999999999829
20
-126.0499999999999972
11
137.7847759999999937
21
-126.126536999999999
0
LINE
8
BLACK
6
CONTINUOUS
10
137.7847759999999937
20
-126.126536999999999
11
137.7414210000000026
21
-126.1914209999999912
0
LINE
8
BLACK
6
CONTINUOUS
10
137.7414210000000026
20
-126.1914209999999912
11
137.6765369999999962
21
-126.2347759999999965
0
LINE
8
BLACK
6
CONTINUOUS
10
137.6765369999999962
20
-126.2347759999999965
11
137.5999999999999943
21
-126.25
0
LINE
8
BLACK
6
CONTINUOUS
10
137.5999999999999943
20
-126.25
11
137.1999999999999886
21
-126.25
0
LINE
8
BLACK
6
CONTINUOUS
10
137.1999999999999886
20
-126.25
11
137.1234629999999868
21
-126.2347759999999965
0
LINE
8
BLACK
6
CONTINUOUS
10
137.1234629999999868
20
-126.2347759999999965
11
137.0585789999999804
21
-126.1914209999999912
0
LINE
8
BLACK
6
CONTINUOUS
10
137.0585789999999804
20
-126.1914209999999912
11
137.0152239999999892
21
-126.126536999999999
0
LINE
8
BLACK
6
CONTINUOUS
10
137.0152239999999892
20
-126.126536999999999
11
137.
21
-126.0499999999999972
0
LINE
8
BLACK
6
CONTINUOUS
10
137.
20
-126.0499999999999972
11
137.
21
-124.5499999999999972
0
LINE
8
BLACK
6
CONTINUOUS
10
137.
20
-124.5499999999999972
11
137.0152239999999892
21
-124.4734629999999953
0
LINE
8
BLACK
6
CONTINUOUS
10
137.0152239999999892
20
-124.4734629999999953
11
137.0585789999999804
21
-124.4085789999999889
0
LINE
8
BLACK
6
CONTINUOUS
10
137.0585789999999804
20
-124.4085789999999889
11
137.1234629999999868
21
-124.3652239999999978
0
LINE
8
BLACK
6
CONTINUOUS
10
137.1234629999999868
20
-124.3652239999999978
11
137.1999999999999886
21
-124.3499999999999943
0
LINE
8
BLACK
6
CONTINUOUS
10
137.1999999999999886
20
-124.3499999999999943
11
137.5999999999999943
21
-124.3499999999999943
0
LINE
8
BLACK
6
CONTINUOUS
10
137.5999999999999943
20
-124.3499999999999943
11
137.6765369999999962
21
-124.3652239999999978
0
LINE
8
BLACK
6
CONTINUOUS
10
142.2765369999999905
20
-124.3652239999999978
11
142.3414209999999969
21
-124.4085789999999889
0
LINE
8
BLACK
6
CONTINUOUS
10
142.3414209999999969
20
-124.4085789999999889
11
142.384775999999988
21
-124.4734629999999953
0
LINE
8
BLACK
6
CONTINUOUS
10
142.384775999999988
20
-124.4734629999999953
11
142.4000000000000057
21
-124.5499999999999972
0
LINE
8
BLACK
6
CONTINUOUS
10
142.4000000000000057
20
-124.5499999999999972
11
142.4000000000000057
21
-126.0499999999999972
0
LINE
8
BLACK
6
CONTINUOUS
10
142.4000000000000057
20
-126.0499999999999972
11
142.384775999999988
21
-126.126536999999999
0
LINE
8
BLACK
6
CONTINUOUS
10
142.384775999999988
20
-126.126536999999999
11
142.3414209999999969
21
-126.1914209999999912
0
LINE
8
BLACK
6
CONTINUOUS
10
142.3414209999999969
20
-126.1914209999999912
11
142.2765369999999905
21
-126.2347759999999965
0
LINE
8
BLACK
6
CONTINUOUS
10
142.2765369999999905
20
-126.2347759999999965
11
142.1999999999999886
21
-126.25
0
LINE
8
BLACK
6
CONTINUOUS
10
142.1999999999999886
20
-126.25
11
141.7999999999999829
21
-126.25
0
LINE
8
BLACK
6
CONTINUOUS
10
141.7999999999999829
20
-126.25
11
141.7234629999999811
21
-126.2347759999999965
0
LINE
8
BLACK
6
CONTINUOUS
10
141.7234629999999811
20
-126.2347759999999965
11
141.6585790000000031
21
-126.1914209999999912
0
LINE
8
BLACK
6
CONTINUOUS
10
141.6585790000000031
20
-126.1914209999999912
11
141.6152239999999836
21
-126.126536999999999
0
LINE
8
BLACK
6
CONTINUOUS
10
141.6152239999999836
20
-126.126536999999999
11
141.5999999999999943
21
-126.0499999999999972
0
LINE
8
BLACK
6
CONTINUOUS
10
141.5999999999999943
20
-126.0499999999999972
11
141.5999999999999943
21
-124.5499999999999972
0
LINE
8
BLACK
6
CONTINUOUS
10
141.5999999999999943
20
-124.5499999999999972
11
141.6152239999999836
21
-124.4734629999999953
0
LINE
8
BLACK
6
CONTINUOUS
10
141.6152239999999836
20
-124.4734629999999953
11
141.6585790000000031
21
-124.4085789999999889
0
LINE
8
BLACK
6
CONTINUOUS
10
141.6585790000000031
20
-124.4085789999999889
11
141.7234629999999811
21
-124.3652239999999978
0
LINE
8
BLACK
6
CONTINUOUS
10
141.7234629999999811
20
-124.3652239999999978
11
141.7999999999999829
21
-124.3499999999999943
0
LINE
8
BLACK
6
CONTINUOUS
10
141.7999999999999829
20
-124.3499999999999943
11
142.1999999999999886
21
-124.3499999999999943
0
LINE
8
BLACK
6
CONTINUOUS
10
142.1999999999999886
20
-124.3499999999999943
11
142.2765369999999905
21
-124.3652239999999978
0
LINE
8
BLACK
6
CONTINUOUS
10
116.2332859999999926
20
-141.7401209999999878
11
116.5870669999999905
21
-141.8002309999999966
0
LINE
8
BLACK
6
CONTINUOUS
10
116.5870669999999905
20
-141.8002309999999966
11
116.9318929999999881
21
-141.8995730000000037
0
LINE
8
BLACK
6
CONTINUOUS
10
116.9318929999999881
20
-141.8995730000000037
11
117.2634279999999904
21
-142.0369000000000028
0
LINE
8
BLACK
6
CONTINUOUS
10
117.2634279999999904
20
-142.0369000000000028
11
117.577502999999993
21
-142.2104829999999822
0
LINE
8
BLACK
6
CONTINUOUS
10
117.577502999999993
20
-142.2104829999999822
11
117.870166999999995
21
-142.4181389999999965
0
LINE
8
BLACK
6
CONTINUOUS
10
117.870166999999995
20
-142.4181389999999965
11
118.1377419999999887
21
-142.6572579999999846
0
LINE
8
BLACK
6
CONTINUOUS
10
118.1377419999999887
20
-142.6572579999999846
11
118.376860999999991
21
-142.9248330000000067
0
LINE
8
BLACK
6
CONTINUOUS
10
118.376860999999991
20
-142.9248330000000067
11
118.5845169999999911
21
-143.2174969999999803
0
LINE
8
BLACK
6
CONTINUOUS
10
118.5845169999999911
20
-143.2174969999999803
11
118.7580999999999989
21
-143.5315719999999828
0
LINE
8
BLACK
6
CONTINUOUS
10
118.7580999999999989
20
-143.5315719999999828
11
118.895426999999998
21
-143.8631069999999852
0
LINE
8
BLACK
6
CONTINUOUS
10
118.895426999999998
20
-143.8631069999999852
11
118.9947689999999909
21
-144.207932999999997
0
LINE
8
BLACK
6
CONTINUOUS
10
118.9947689999999909
20
-144.207932999999997
11
119.0548789999999997
21
-144.5617139999999949
0
LINE
8
BLACK
6
CONTINUOUS
10
119.0548789999999997
20
-144.5617139999999949
11
119.0749999999999886
21
-144.9199999999999875
0
LINE
8
BLACK
6
CONTINUOUS
10
119.0749999999999886
20
-144.9199999999999875
11
119.0548789999999997
21
-145.27828599999998
0
LINE
8
BLACK
6
CONTINUOUS
10
119.0548789999999997
20
-145.27828599999998
11
118.9947689999999909
21
-145.6320670000000064
0
LINE
8
BLACK
6
CONTINUOUS
10
118.9947689999999909
20
-145.6320670000000064
11
118.895426999999998
21
-145.9768929999999898
0
LINE
8
BLACK
6
CONTINUOUS
10
118.895426999999998
20
-145.9768929999999898
11
118.7580999999999989
21
-146.3084279999999922
0
LINE
8
BLACK
6
CONTINUOUS
10
118.7580999999999989
20
-146.3084279999999922
11
118.5845169999999911
21
-146.6225029999999947
0
LINE
8
BLACK
6
CONTINUOUS
10
118.5845169999999911
20
-146.6225029999999947
11
118.376860999999991
21
-146.9151669999999967
0
LINE
8
BLACK
6
CONTINUOUS
10
118.376860999999991
20
-146.9151669999999967
11
118.1377419999999887
21
-147.1827419999999904
0
LINE
8
BLACK
6
CONTINUOUS
10
118.1377419999999887
20
-147.1827419999999904
11
117.870166999999995
21
-147.4218610000000069
0
LINE
8
BLACK
6
CONTINUOUS
10
117.870166999999995
20
-147.4218610000000069
11
117.577502999999993
21
-147.6295169999999928
0
LINE
8
BLACK
6
CONTINUOUS
10
117.577502999999993
20
-147.6295169999999928
11
117.2634279999999904
21
-147.8031000000000006
0
LINE
8
BLACK
6
CONTINUOUS
10
117.2634279999999904
20
-147.8031000000000006
11
116.9318929999999881
21
-147.9404269999999997
0
LINE
8
BLACK
6
CONTINUOUS
10
116.9318929999999881
20
-147.9404269999999997
11
116.5870669999999905
21
-148.0397690000000068
0
LINE
8
BLACK
6
CONTINUOUS
10
116.5870669999999905
20
-148.0397690000000068
11
116.2332859999999926
21
-148.0998789999999872
0
LINE
8
BLACK
6
CONTINUOUS
10
116.2332859999999926
20
-148.0998789999999872
11
115.875
21
-148.1200000000000045
0
LINE
8
BLACK
6
CONTINUOUS
10
115.875
20
-148.1200000000000045
11
115.5167139999999932
21
-148.0998789999999872
0
LINE
8
BLACK
6
CONTINUOUS
10
115.5167139999999932
20
-148.0998789999999872
11
115.1629329999999953
21
-148.0397690000000068
0
LINE
8
BLACK
6
CONTINUOUS
10
115.1629329999999953
20
-148.0397690000000068
11
114.8181069999999977
21
-147.9404269999999997
0
LINE
8
BLACK
6
CONTINUOUS
10
114.8181069999999977
20
-147.9404269999999997
11
114.4865719999999953
21
-147.8031000000000006
0
LINE
8
BLACK
6
CONTINUOUS
10
114.4865719999999953
20
-147.8031000000000006
11
114.1724969999999928
21
-147.6295169999999928
0
LINE
8
BLACK
6
CONTINUOUS
10
114.1724969999999928
20
-147.6295169999999928
11
113.8798329999999908
21
-147.4218610000000069
0
LINE
8
BLACK
6
CONTINUOUS
10
113.8798329999999908
20
-147.4218610000000069
11
113.6122579999999971
21
-147.1827419999999904
0
LINE
8
BLACK
6
CONTINUOUS
10
113.6122579999999971
20
-147.1827419999999904
11
113.3731389999999948
21
-146.9151669999999967
0
LINE
8
BLACK
6
CONTINUOUS
10
113.3731389999999948
20
-146.9151669999999967
11
113.1654829999999947
21
-146.6225029999999947
0
LINE
8
BLACK
6
CONTINUOUS
10
113.1654829999999947
20
-146.6225029999999947
11
112.9919000000000011
21
-146.3084279999999922
0
LINE
8
BLACK
6
CONTINUOUS
10
112.9919000000000011
20
-146.3084279999999922
11
112.8545729999999878
21
-145.9768929999999898
0
LINE
8
BLACK
6
CONTINUOUS
10
112.8545729999999878
20
-145.9768929999999898
11
112.7552309999999949
21
-145.6320670000000064
0
LINE
8
BLACK
6
CONTINUOUS
10
112.7552309999999949
20
-145.6320670000000064
11
112.6951210000000003
21
-145.27828599999998
0
LINE
8
BLACK
6
CONTINUOUS
10
112.6951210000000003
20
-145.27828599999998
11
112.6749999999999972
21
-144.9199999999999875
0
LINE
8
BLACK
6
CONTINUOUS
10
112.6749999999999972
20
-144.9199999999999875
11
112.6951210000000003
21
-144.5617139999999949
0
LINE
8
BLACK
6
CONTINUOUS
10
112.6951210000000003
20
-144.5617139999999949
11
112.7552309999999949
21
-144.207932999999997
0
LINE
8
BLACK
6
CONTINUOUS
10
112.7552309999999949
20
-144.207932999999997
11
112.8545729999999878
21
-143.8631069999999852
0
LINE
8
BLACK
6
CONTINUOUS
10
112.8545729999999878
20
-143.8631069999999852
11
112.9919000000000011
21
-143.5315719999999828
0
LINE
8
BLACK
6
CONTINUOUS
10
112.9919000000000011
20
-143.5315719999999828
11
113.1654829999999947
21
-143.2174969999999803
0
LINE
8
BLACK
6
CONTINUOUS
10
113.1654829999999947
20
-143.2174969999999803
11
113.3731389999999948
21
-142.9248330000000067
0
LINE
8
BLACK
6
CONTINUOUS
10
113.3731389999999948
20
-142.9248330000000067
11
113.6122579999999971
21
-142.6572579999999846
0
LINE
8
BLACK
6
CONTINUOUS
10
113.6122579999999971
20
-142.6572579999999846
11
113.8798329999999908
21
-142.4181389999999965
0
LINE
8
BLACK
6
CONTINUOUS
10
113.8798329999999908
20
-142.4181389999999965
11
114.1724969999999928
21
-142.2104829999999822
0
LINE
8
BLACK
6
CONTINUOUS
10
114.1724969999999928
20
-142.2104829999999822
11
114.4865719999999953
21
-142.0369000000000028
0
LINE
8
BLACK
6
CONTINUOUS
10
114.4865719999999953
20
-142.0369000000000028
11
114.8181069999999977
21
-141.8995730000000037
0
LINE
8
BLACK
6
CONTINUOUS
10
114.8181069999999977
20
-141.8995730000000037
11
115.1629329999999953
21
-141.8002309999999966
0
LINE
8
BLACK
6
CONTINUOUS
10
115.1629329999999953
20
-141.8002309999999966
11
115.5167139999999932
21
-141.7401209999999878
0
LINE
8
BLACK
6
CONTINUOUS
10
115.5167139999999932
20
-141.7401209999999878
11
115.875
21
-141.7199999999999989
0
LINE
8
BLACK
6
CONTINUOUS
10
115.875
20
-141.7199999999999989
11
116.2332859999999926
21
-141.7401209999999878
0
LINE
8
BLACK
6
CONTINUOUS
10
164.5082859999999982
20
-141.6701209999999946
11
164.8620669999999961
21
-141.7302310000000034
0
LINE
8
BLACK
6
CONTINUOUS
10
164.8620669999999961
20
-141.7302310000000034
11
165.2068929999999796
21
-141.8295729999999821
0
LINE
8
BLACK
6
CONTINUOUS
10
165.2068929999999796
20
-141.8295729999999821
11
165.5384279999999819
21
-141.9668999999999812
0
LINE
8
BLACK
6
CONTINUOUS
10
165.5384279999999819
20
-141.9668999999999812
11
165.8525029999999845
21
-142.140482999999989
0
LINE
8
BLACK
6
CONTINUOUS
10
165.8525029999999845
20
-142.140482999999989
11
166.1451669999999865
21
-142.3481390000000033
0
LINE
8
BLACK
6
CONTINUOUS
10
166.1451669999999865
20
-142.3481390000000033
11
166.4127419999999802
21
-142.5872579999999914
0
LINE
8
BLACK
6
CONTINUOUS
10
166.4127419999999802
20
-142.5872579999999914
11
166.6518609999999967
21
-142.8548329999999851
0
LINE
8
BLACK
6
CONTINUOUS
10
166.6518609999999967
20
-142.8548329999999851
11
166.8595169999999825
21
-143.1474969999999871
0
LINE
8
BLACK
6
CONTINUOUS
10
166.8595169999999825
20
-143.1474969999999871
11
167.0330999999999904
21
-143.4615719999999897
0
LINE
8
BLACK
6
CONTINUOUS
10
167.0330999999999904
20
-143.4615719999999897
11
167.1704269999999894
21
-143.793106999999992
0
LINE
8
BLACK
6
CONTINUOUS
10
167.1704269999999894
20
-143.793106999999992
11
167.2697689999999966
21
-144.1379330000000039
0
LINE
8
BLACK
6
CONTINUOUS
10
167.2697689999999966
20
-144.1379330000000039
11
167.3298790000000054
21
-144.4917140000000018
0
LINE
8
BLACK
6
CONTINUOUS
10
167.3298790000000054
20
-144.4917140000000018
11
167.3499999999999943
21
-144.8499999999999943
0
LINE
8
BLACK
6
CONTINUOUS
10
167.3499999999999943
20
-144.8499999999999943
11
167.3298790000000054
21
-145.2082859999999869
0
LINE
8
BLACK
6
CONTINUOUS
10
167.3298790000000054
20
-145.2082859999999869
11
167.2697689999999966
21
-145.5620669999999848
0
LINE
8
BLACK
6
CONTINUOUS
10
167.2697689999999966
20
-145.5620669999999848
11
167.1704269999999894
21
-145.9068929999999966
0
LINE
8
BLACK
6
CONTINUOUS
10
167.1704269999999894
20
-145.9068929999999966
11
167.0330999999999904
21
-146.238427999999999
0
LINE
8
BLACK
6
CONTINUOUS
10
167.0330999999999904
20
-146.238427999999999
11
166.8595169999999825
21
-146.5525030000000015
0
LINE
8
BLACK
6
CONTINUOUS
10
166.8595169999999825
20
-146.5525030000000015
11
166.6518609999999967
21
-146.8451670000000036
0
LINE
8
BLACK
6
CONTINUOUS
10
166.6518609999999967
20
-146.8451670000000036
11
166.4127419999999802
21
-147.1127419999999972
0
LINE
8
BLACK
6
CONTINUOUS
10
166.4127419999999802
20
-147.1127419999999972
11
166.1451669999999865
21
-147.3518609999999853
0
LINE
8
BLACK
6
CONTINUOUS
10
166.1451669999999865
20
-147.3518609999999853
11
165.8525029999999845
21
-147.5595169999999996
0
LINE
8
BLACK
6
CONTINUOUS
10
165.8525029999999845
20
-147.5595169999999996
11
165.5384279999999819
21
-147.7331000000000074
0
LINE
8
BLACK
6
CONTINUOUS
10
165.5384279999999819
20
-147.7331000000000074
11
165.2068929999999796
21
-147.8704270000000065
0
LINE
8
BLACK
6
CONTINUOUS
10
165.2068929999999796
20
-147.8704270000000065
11
164.8620669999999961
21
-147.9697689999999852
0
LINE
8
BLACK
6
CONTINUOUS
10
164.8620669999999961
20
-147.9697689999999852
11
164.5082859999999982
21
-148.029878999999994
0
LINE
8
BLACK
6
CONTINUOUS
10
164.5082859999999982
20
-148.029878999999994
11
164.1500000000000057
21
-148.0499999999999829
0
LINE
8
BLACK
6
CONTINUOUS
10
164.1500000000000057
20
-148.0499999999999829
11
163.7917139999999847
21
-148.029878999999994
0
LINE
8
BLACK
6
CONTINUOUS
10
163.7917139999999847
20
-148.029878999999994
11
163.4379329999999868
21
-147.9697689999999852
0
LINE
8
BLACK
6
CONTINUOUS
10
163.4379329999999868
20
-147.9697689999999852
11
163.0931070000000034
21
-147.8704270000000065
0
LINE
8
BLACK
6
CONTINUOUS
10
163.0931070000000034
20
-147.8704270000000065
11
162.761572000000001
21
-147.7331000000000074
0
LINE
8
BLACK
6
CONTINUOUS
10
162.761572000000001
20
-147.7331000000000074
11
162.4474969999999985
21
-147.5595169999999996
0
LINE
8
BLACK
6
CONTINUOUS
10
162.4474969999999985
20
-147.5595169999999996
11
162.1548329999999964
21
-147.3518609999999853
0
LINE
8
BLACK
6
CONTINUOUS
10
162.1548329999999964
20
-147.3518609999999853
11
161.8872580000000028
21
-147.1127419999999972
0
LINE
8
BLACK
6
CONTINUOUS
10
161.8872580000000028
20
-147.1127419999999972
11
161.6481389999999863
21
-146.8451670000000036
0
LINE
8
BLACK
6
CONTINUOUS
10
161.6481389999999863
20
-146.8451670000000036
11
161.4404830000000004
21
-146.5525030000000015
0
LINE
8
BLACK
6
CONTINUOUS
10
161.4404830000000004
20
-146.5525030000000015
11
161.2668999999999926
21
-146.238427999999999
0
LINE
8
BLACK
6
CONTINUOUS
10
161.2668999999999926
20
-146.238427999999999
11
161.1295729999999935
21
-145.9068929999999966
0
LINE
8
BLACK
6
CONTINUOUS
10
161.1295729999999935
20
-145.9068929999999966
11
161.0302309999999864
21
-145.5620669999999848
0
LINE
8
BLACK
6
CONTINUOUS
10
161.0302309999999864
20
-145.5620669999999848
11
160.970121000000006
21
-145.2082859999999869
0
LINE
8
BLACK
6
CONTINUOUS
10
160.970121000000006
20
-145.2082859999999869
11
160.9499999999999886
21
-144.8499999999999943
0
LINE
8
BLACK
6
CONTINUOUS
10
160.9499999999999886
20
-144.8499999999999943
11
160.970121000000006
21
-144.4917140000000018
0
LINE
8
BLACK
6
CONTINUOUS
10
160.970121000000006
20
-144.4917140000000018
11
161.0302309999999864
21
-144.1379330000000039
0
LINE
8
BLACK
6
CONTINUOUS
10
161.0302309999999864
20
-144.1379330000000039
11
161.1295729999999935
21
-143.793106999999992
0
LINE
8
BLACK
6
CONTINUOUS
10
161.1295729999999935
20
-143.793106999999992
11
161.2668999999999926
21
-143.4615719999999897
0
LINE
8
BLACK
6
CONTINUOUS
10
161.2668999999999926
20
-143.4615719999999897
11
161.4404830000000004
21
-143.1474969999999871
0
LINE
8
BLACK
6
CONTINUOUS
10
161.4404830000000004
20
-143.1474969999999871
11
161.6481389999999863
21
-142.8548329999999851
0
LINE
8
BLACK
6
CONTINUOUS
10
161.6481389999999863
20
-142.8548329999999851
11
161.8872580000000028
21
-142.5872579999999914
0
LINE
8
BLACK
6
CONTINUOUS
10
161.8872580000000028
20
-142.5872579999999914
11
162.1548329999999964
21
-142.3481390000000033
0
LINE
8
BLACK
6
CONTINUOUS
10
162.1548329999999964
20
-142.3481390000000033
11
162.4474969999999985
21
-142.140482999999989
0
LINE
8
BLACK
6
CONTINUOUS
10
162.4474969999999985
20
-142.140482999999989
11
162.761572000000001
21
-141.9668999999999812
0
LINE
8
BLACK
6
CONTINUOUS
10
162.761572000000001
20
-141.9668999999999812
11
163.0931070000000034
21
-141.8295729999999821
0
LINE
8
BLACK
6
CONTINUOUS
10
163.0931070000000034
20
-141.8295729999999821
11
163.4379329999999868
21
-141.7302310000000034
0
LINE
8
BLACK
6
CONTINUOUS
10
163.4379329999999868
20
-141.7302310000000034
11
163.7917139999999847
21
-141.6701209999999946
0
LINE
8
BLACK
6
CONTINUOUS
10
163.7917139999999847
20
-141.6701209999999946
11
164.1500000000000057
21
-141.6500000000000057
0
LINE
8
BLACK
6
CONTINUOUS
10
164.1500000000000057
20
-141.6500000000000057
11
164.5082859999999982
21
-141.6701209999999946
0
LINE
8
BLACK
6
CONTINUOUS
10
103.8999999999999915
20
-147.9000000000000057
11
102.0999999999999943
21
-147.9000000000000057
0
LINE
8
BLACK
6
CONTINUOUS
10
102.0999999999999943
20
-147.9000000000000057
11
102.0999999999999943
21
-146.0999999999999943
0
LINE
8
BLACK
6
CONTINUOUS
10
102.0999999999999943
20
-146.0999999999999943
11
103.8999999999999915
21
-146.0999999999999943
0
LINE
8
BLACK
6
CONTINUOUS
10
103.8999999999999915
20
-146.0999999999999943
11
103.8999999999999915
21
-147.9000000000000057
0
LINE
8
BLACK
6
CONTINUOUS
10
175.3599999999999852
20
-147.9000000000000057
11
173.5600000000000023
21
-147.9000000000000057
0
LINE
8
BLACK
6
CONTINUOUS
10
173.5600000000000023
20
-147.9000000000000057
11
173.5600000000000023
21
-146.0999999999999943
0
LINE
8
BLACK
6
CONTINUOUS
10
173.5600000000000023
20
-146.0999999999999943
11
175.3599999999999852
21
-146.0999999999999943
0
LINE
8
BLACK
6
CONTINUOUS
10
175.3599999999999852
20
-146.0999999999999943
11
175.3599999999999852
21
-147.9000000000000057
0
LINE
8
BLACK
6
CONTINUOUS
10
105.8181149999999917
20
-146.1440489999999954
11
105.9899999999999949
21
-146.2205769999999916
0
LINE
8
BLACK
6
CONTINUOUS
10
105.9899999999999949
20
-146.2205769999999916
11
106.1422179999999997
21
-146.331169999999986
0
LINE
8
BLACK
6
CONTINUOUS
10
106.1422179999999997
20
-146.331169999999986
11
106.2681149999999946
21
-146.4709929999999929
0
LINE
8
BLACK
6
CONTINUOUS
10
106.2681149999999946
20
-146.4709929999999929
11
106.3621909999999957
21
-146.6339370000000031
0
LINE
8
BLACK
6
CONTINUOUS
10
106.3621909999999957
20
-146.6339370000000031
11
106.4203329999999994
21
-146.812878999999981
0
LINE
8
BLACK
6
CONTINUOUS
10
106.4203329999999994
20
-146.812878999999981
11
106.4399999999999977
21
-147.
0
LINE
8
BLACK
6
CONTINUOUS
10
106.4399999999999977
20
-147.
11
106.4203329999999994
21
-147.1871209999999905
0
LINE
8
BLACK
6
CONTINUOUS
10
106.4203329999999994
20
-147.1871209999999905
11
106.3621909999999957
21
-147.3660629999999969
0
LINE
8
BLACK
6
CONTINUOUS
10
106.3621909999999957
20
-147.3660629999999969
11
106.2681149999999946
21
-147.5290070000000071
0
LINE
8
BLACK
6
CONTINUOUS
10
106.2681149999999946
20
-147.5290070000000071
11
106.1422179999999997
21
-147.6688299999999856
0
LINE
8
BLACK
6
CONTINUOUS
10
106.1422179999999997
20
-147.6688299999999856
11
105.9899999999999949
21
-147.77942299999998
0
LINE
8
BLACK
6
CONTINUOUS
10
105.9899999999999949
20
-147.77942299999998
11
105.8181149999999917
21
-147.8559510000000046
0
LINE
8
BLACK
6
CONTINUOUS
10
105.8181149999999917
20
-147.8559510000000046
11
105.6340759999999932
21
-147.895070000000004
0
LINE
8
BLACK
6
CONTINUOUS
10
105.6340759999999932
20
-147.895070000000004
11
105.4459239999999909
21
-147.895070000000004
0
LINE
8
BLACK
6
CONTINUOUS
10
105.4459239999999909
20
-147.895070000000004
11
105.2618849999999924
21
-147.8559510000000046
0
LINE
8
BLACK
6
CONTINUOUS
10
105.2618849999999924
20
-147.8559510000000046
11
105.0899999999999892
21
-147.77942299999998
0
LINE
8
BLACK
6
CONTINUOUS
10
105.0899999999999892
20
-147.77942299999998
11
104.9377819999999986
21
-147.6688299999999856
0
LINE
8
BLACK
6
CONTINUOUS
10
104.9377819999999986
20
-147.6688299999999856
11
104.8118849999999895
21
-147.5290070000000071
0
LINE
8
BLACK
6
CONTINUOUS
10
104.8118849999999895
20
-147.5290070000000071
11
104.7178089999999884
21
-147.3660629999999969
0
LINE
8
BLACK
6
CONTINUOUS
10
104.7178089999999884
20
-147.3660629999999969
11
104.6596669999999989
21
-147.1871209999999905
0
LINE
8
BLACK
6
CONTINUOUS
10
104.6596669999999989
20
-147.1871209999999905
11
104.6400000000000006
21
-147.
0
LINE
8
BLACK
6
CONTINUOUS
10
104.6400000000000006
20
-147.
11
104.6596669999999989
21
-146.812878999999981
0
LINE
8
BLACK
6
CONTINUOUS
10
104.6596669999999989
20
-146.812878999999981
11
104.7178089999999884
21
-146.6339370000000031
0
LINE
8
BLACK
6
CONTINUOUS
10
104.7178089999999884
20
-146.6339370000000031
11
104.8118849999999895
21
-146.4709929999999929
0
LINE
8
BLACK
6
CONTINUOUS
10
104.8118849999999895
20
-146.4709929999999929
11
104.9377819999999986
21
-146.331169999999986
0
LINE
8
BLACK
6
CONTINUOUS
10
104.9377819999999986
20
-146.331169999999986
11
105.0899999999999892
21
-146.2205769999999916
0
LINE
8
BLACK
6
CONTINUOUS
10
105.0899999999999892
20
-146.2205769999999916
11
105.2618849999999924
21
-146.1440489999999954
0
LINE
8
BLACK
6
CONTINUOUS
10
105.2618849999999924
20
-146.1440489999999954
11
105.4459239999999909
21
-146.104929999999996
0
LINE
8
BLACK
6
CONTINUOUS
10
105.4459239999999909
20
-146.104929999999996
11
105.6340759999999932
21
-146.104929999999996
0
LINE
8
BLACK
6
CONTINUOUS
10
105.6340759999999932
20
-146.104929999999996
11
105.8181149999999917
21
-146.1440489999999954
0
LINE
8
BLACK
6
CONTINUOUS
10
177.2781149999999855
20
-146.1440489999999954
11
177.4499999999999886
21
-146.2205769999999916
0
LINE
8
BLACK
6
CONTINUOUS
10
177.4499999999999886
20
-146.2205769999999916
11
177.6022179999999935
21
-146.331169999999986
0
LINE
8
BLACK
6
CONTINUOUS
10
177.6022179999999935
20
-146.331169999999986
11
177.7281150000000025
21
-146.4709929999999929
0
LINE
8
BLACK
6
CONTINUOUS
10
177.7281150000000025
20
-146.4709929999999929
11
177.8221910000000037
21
-146.6339370000000031
0
LINE
8
BLACK
6
CONTINUOUS
10
177.8221910000000037
20
-146.6339370000000031
11
177.8803329999999789
21
-146.812878999999981
0
LINE
8
BLACK
6
CONTINUOUS
10
177.8803329999999789
20
-146.812878999999981
11
177.9000000000000057
21
-147.
0
LINE
8
BLACK
6
CONTINUOUS
10
177.9000000000000057
20
-147.
11
177.8803329999999789
21
-147.1871209999999905
0
LINE
8
BLACK
6
CONTINUOUS
10
177.8803329999999789
20
-147.1871209999999905
11
177.8221910000000037
21
-147.3660629999999969
0
LINE
8
BLACK
6
CONTINUOUS
10
177.8221910000000037
20
-147.3660629999999969
11
177.7281150000000025
21
-147.5290070000000071
0
LINE
8
BLACK
6
CONTINUOUS
10
177.7281150000000025
20
-147.5290070000000071
11
177.6022179999999935
21
-147.6688299999999856
0
LINE
8
BLACK
6
CONTINUOUS
10
177.6022179999999935
20
-147.6688299999999856
11
177.4499999999999886
21
-147.77942299999998
0
LINE
8
BLACK
6
CONTINUOUS
10
177.4499999999999886
20
-147.77942299999998
11
177.2781149999999855
21
-147.8559510000000046
0
LINE
8
BLACK
6
CONTINUOUS
10
177.2781149999999855
20
-147.8559510000000046
11
177.0940760000000012
21
-147.895070000000004
0
LINE
8
BLACK
6
CONTINUOUS
10
177.0940760000000012
20
-147.895070000000004
11
176.9059239999999988
21
-147.895070000000004
0
LINE
8
BLACK
6
CONTINUOUS
10
176.9059239999999988
20
-147.895070000000004
11
176.7218849999999861
21
-147.8559510000000046
0
LINE
8
BLACK
6
CONTINUOUS
10
176.7218849999999861
20
-147.8559510000000046
11
176.5499999999999829
21
-147.77942299999998
0
LINE
8
BLACK
6
CONTINUOUS
10
176.5499999999999829
20
-147.77942299999998
11
176.3977819999999781
21
-147.6688299999999856
0
LINE
8
BLACK
6
CONTINUOUS
10
176.3977819999999781
20
-147.6688299999999856
11
176.2718849999999975
21
-147.5290070000000071
0
LINE
8
BLACK
6
CONTINUOUS
10
176.2718849999999975
20
-147.5290070000000071
11
176.1778089999999963
21
-147.3660629999999969
0
LINE
8
BLACK
6
CONTINUOUS
10
176.1778089999999963
20
-147.3660629999999969
11
176.1196669999999926
21
-147.1871209999999905
0
LINE
8
BLACK
6
CONTINUOUS
10
176.1196669999999926
20
-147.1871209999999905
11
176.0999999999999943
21
-147.
0
LINE
8
BLACK
6
CONTINUOUS
10
176.0999999999999943
20
-147.
11
176.1196669999999926
21
-146.812878999999981
0
LINE
8
BLACK
6
CONTINUOUS
10
176.1196669999999926
20
-146.812878999999981
11
176.1778089999999963
21
-146.6339370000000031
0
LINE
8
BLACK
6
CONTINUOUS
10
176.1778089999999963
20
-146.6339370000000031
11
176.2718849999999975
21
-146.4709929999999929
0
LINE
8
BLACK
6
CONTINUOUS
10
176.2718849999999975
20
-146.4709929999999929
11
176.3977819999999781
21
-146.331169999999986
0
LINE
8
BLACK
6
CONTINUOUS
10
176.3977819999999781
20
-146.331169999999986
11
176.5499999999999829
21
-146.2205769999999916
0
LINE
8
BLACK
6
CONTINUOUS
10
176.5499999999999829
20
-146.2205769999999916
11
176.7218849999999861
21
-146.1440489999999954
0
LINE
8
BLACK
6
CONTINUOUS
10
176.7218849999999861
20
-146.1440489999999954
11
176.9059239999999988
21
-146.104929999999996
0
LINE
8
BLACK
6
CONTINUOUS
10
176.9059239999999988
20
-146.104929999999996
11
177.0940760000000012
21
-146.104929999999996
0
LINE
8
BLACK
6
CONTINUOUS
10
177.0940760000000012
20
-146.104929999999996
11
177.2781149999999855
21
-146.1440489999999954
0
LINE
8
BLACK
6
CONTINUOUS
10
128.8249999999999886
20
-147.7699999999999818
11
127.125
21
-147.7699999999999818
0
LINE
8
BLACK
6
CONTINUOUS
10
127.125
20
-147.7699999999999818
11
127.125
21
-146.0699999999999932
0
LINE
8
BLACK
6
CONTINUOUS
10
127.125
20
-146.0699999999999932
11
128.8249999999999886
21
-146.0699999999999932
0
LINE
8
BLACK
6
CONTINUOUS
10
128.8249999999999886
20
-146.0699999999999932
11
128.8249999999999886
21
-147.7699999999999818
0
LINE
8
BLACK
6
CONTINUOUS
10
133.3176640000000077
20
-146.1116030000000023
11
133.4799999999999898
21
-146.1838789999999904
0
LINE
8
BLACK
6
CONTINUOUS
10
133.4799999999999898
20
-146.1838789999999904
11
133.6237610000000018
21
-146.288328000000007
0
LINE
8
BLACK
6
CONTINUOUS
10
133.6237610000000018
20
-146.288328000000007
11
133.7426639999999907
21
-146.4203839999999843
0
LINE
8
BLACK
6
CONTINUOUS
10
133.7426639999999907
20
-146.4203839999999843
11
133.8315139999999985
21
-146.5742750000000001
0
LINE
8
BLACK
6
CONTINUOUS
10
133.8315139999999985
20
-146.5742750000000001
11
133.8864250000000027
21
-146.7432759999999803
0
LINE
8
BLACK
6
CONTINUOUS
10
133.8864250000000027
20
-146.7432759999999803
11
133.9050000000000011
21
-146.920000999999985
0
LINE
8
BLACK
6
CONTINUOUS
10
133.9050000000000011
20
-146.920000999999985
11
133.8864250000000027
21
-147.0967259999999897
0
LINE
8
BLACK
6
CONTINUOUS
10
133.8864250000000027
20
-147.0967259999999897
11
133.8315139999999985
21
-147.2657269999999983
0
LINE
8
BLACK
6
CONTINUOUS
10
133.8315139999999985
20
-147.2657269999999983
11
133.7426639999999907
21
-147.4196179999999856
0
LINE
8
BLACK
6
CONTINUOUS
10
133.7426639999999907
20
-147.4196179999999856
11
133.6237610000000018
21
-147.5516739999999913
0
LINE
8
BLACK
6
CONTINUOUS
10
133.6237610000000018
20
-147.5516739999999913
11
133.4799999999999898
21
-147.6561229999999796
0
LINE
8
BLACK
6
CONTINUOUS
10
133.4799999999999898
20
-147.6561229999999796
11
133.3176640000000077
21
-147.728398999999996
0
LINE
8
BLACK
6
CONTINUOUS
10
133.3176640000000077
20
-147.728398999999996
11
133.1438489999999888
21
-147.7653449999999964
0
LINE
8
BLACK
6
CONTINUOUS
10
133.1438489999999888
20
-147.7653449999999964
11
132.9661509999999964
21
-147.7653449999999964
0
LINE
8
BLACK
6
CONTINUOUS
10
132.9661509999999964
20
-147.7653449999999964
11
132.7923360000000059
21
-147.728398999999996
0
LINE
8
BLACK
6
CONTINUOUS
10
132.7923360000000059
20
-147.728398999999996
11
132.6299999999999955
21
-147.6561229999999796
0
LINE
8
BLACK
6
CONTINUOUS
10
132.6299999999999955
20
-147.6561229999999796
11
132.4862389999999834
21
-147.5516739999999913
0
LINE
8
BLACK
6
CONTINUOUS
10
132.4862389999999834
20
-147.5516739999999913
11
132.3673359999999946
21
-147.4196179999999856
0
LINE
8
BLACK
6
CONTINUOUS
10
132.3673359999999946
20
-147.4196179999999856
11
132.2784859999999867
21
-147.2657269999999983
0
LINE
8
BLACK
6
CONTINUOUS
10
132.2784859999999867
20
-147.2657269999999983
11
132.2235749999999825
21
-147.0967259999999897
0
LINE
8
BLACK
6
CONTINUOUS
10
132.2235749999999825
20
-147.0967259999999897
11
132.2049999999999841
21
-146.920000999999985
0
LINE
8
BLACK
6
CONTINUOUS
10
132.2049999999999841
20
-146.920000999999985
11
132.2235749999999825
21
-146.7432759999999803
0
LINE
8
BLACK
6
CONTINUOUS
10
132.2235749999999825
20
-146.7432759999999803
11
132.2784859999999867
21
-146.5742750000000001
0
LINE
8
BLACK
6
CONTINUOUS
10
132.2784859999999867
20
-146.5742750000000001
11
132.3673359999999946
21
-146.4203839999999843
0
LINE
8
BLACK
6
CONTINUOUS
10
132.3673359999999946
20
-146.4203839999999843
11
132.4862389999999834
21
-146.288328000000007
0
LINE
8
BLACK
6
CONTINUOUS
10
132.4862389999999834
20
-146.288328000000007
11
132.6299999999999955
21
-146.1838789999999904
0
LINE
8
BLACK
6
CONTINUOUS
10
132.6299999999999955
20
-146.1838789999999904
11
132.7923360000000059
21
-146.1116030000000023
0
LINE
8
BLACK
6
CONTINUOUS
10
132.7923360000000059
20
-146.1116030000000023
11
132.9661509999999964
21
-146.074657000000002
0
LINE
8
BLACK
6
CONTINUOUS
10
132.9661509999999964
20
-146.074657000000002
11
133.1438489999999888
21
-146.074657000000002
0
LINE
8
BLACK
6
CONTINUOUS
10
133.1438489999999888
20
-146.074657000000002
11
133.3176640000000077
21
-146.1116030000000023
0
LINE
8
BLACK
6
CONTINUOUS
10
143.4776640000000043
20
-146.1116030000000023
11
143.6399999999999864
21
-146.1838789999999904
0
LINE
8
BLACK
6
CONTINUOUS
10
143.6399999999999864
20
-146.1838789999999904
11
143.7837609999999984
21
-146.288328000000007
0
LINE
8
BLACK
6
CONTINUOUS
10
143.7837609999999984
20
-146.288328000000007
11
143.9026639999999873
21
-146.4203839999999843
0
LINE
8
BLACK
6
CONTINUOUS
10
143.9026639999999873
20
-146.4203839999999843
11
143.9915139999999951
21
-146.5742750000000001
0
LINE
8
BLACK
6
CONTINUOUS
10
143.9915139999999951
20
-146.5742750000000001
11
144.0464249999999993
21
-146.7432759999999803
0
LINE
8
BLACK
6
CONTINUOUS
10
144.0464249999999993
20
-146.7432759999999803
11
144.0649999999999977
21
-146.920000999999985
0
LINE
8
BLACK
6
CONTINUOUS
10
144.0649999999999977
20
-146.920000999999985
11
144.0464249999999993
21
-147.0967259999999897
0
LINE
8
BLACK
6
CONTINUOUS
10
144.0464249999999993
20
-147.0967259999999897
11
143.9915139999999951
21
-147.2657269999999983
0
LINE
8
BLACK
6
CONTINUOUS
10
143.9915139999999951
20
-147.2657269999999983
11
143.9026639999999873
21
-147.4196179999999856
0
LINE
8
BLACK
6
CONTINUOUS
10
143.9026639999999873
20
-147.4196179999999856
11
143.7837609999999984
21
-147.5516739999999913
0
LINE
8
BLACK
6
CONTINUOUS
10
143.7837609999999984
20
-147.5516739999999913
11
143.6399999999999864
21
-147.6561229999999796
0
LINE
8
BLACK
6
CONTINUOUS
10
143.6399999999999864
20
-147.6561229999999796
11
143.4776640000000043
21
-147.728398999999996
0
LINE
8
BLACK
6
CONTINUOUS
10
143.4776640000000043
20
-147.728398999999996
11
143.3038489999999854
21
-147.7653449999999964
0
LINE
8
BLACK
6
CONTINUOUS
10
143.3038489999999854
20
-147.7653449999999964
11
143.126150999999993
21
-147.7653449999999964
0
LINE
8
BLACK
6
CONTINUOUS
10
143.126150999999993
20
-147.7653449999999964
11
142.9523360000000025
21
-147.728398999999996
0
LINE
8
BLACK
6
CONTINUOUS
10
142.9523360000000025
20
-147.728398999999996
11
142.789999999999992
21
-147.6561229999999796
0
LINE
8
BLACK
6
CONTINUOUS
10
142.789999999999992
20
-147.6561229999999796
11
142.64623899999998
21
-147.5516739999999913
0
LINE
8
BLACK
6
CONTINUOUS
10
142.64623899999998
20
-147.5516739999999913
11
142.5273359999999911
21
-147.4196179999999856
0
LINE
8
BLACK
6
CONTINUOUS
10
142.5273359999999911
20
-147.4196179999999856
11
142.4384859999999833
21
-147.2657269999999983
0
LINE
8
BLACK
6
CONTINUOUS
10
142.4384859999999833
20
-147.2657269999999983
11
142.3835750000000075
21
-147.0967259999999897
0
LINE
8
BLACK
6
CONTINUOUS
10
142.3835750000000075
20
-147.0967259999999897
11
142.3649999999999807
21
-146.920000999999985
0
LINE
8
BLACK
6
CONTINUOUS
10
142.3649999999999807
20
-146.920000999999985
11
142.3835750000000075
21
-146.7432759999999803
0
LINE
8
BLACK
6
CONTINUOUS
10
142.3835750000000075
20
-146.7432759999999803
11
142.4384859999999833
21
-146.5742750000000001
0
LINE
8
BLACK
6
CONTINUOUS
10
142.4384859999999833
20
-146.5742750000000001
11
142.5273359999999911
21
-146.4203839999999843
0
LINE
8
BLACK
6
CONTINUOUS
10
142.5273359999999911
20
-146.4203839999999843
11
142.64623899999998
21
-146.288328000000007
0
LINE
8
BLACK
6
CONTINUOUS
10
142.64623899999998
20
-146.288328000000007
11
142.789999999999992
21
-146.1838789999999904
0
LINE
8
BLACK
6
CONTINUOUS
10
142.789999999999992
20
-146.1838789999999904
11
142.9523360000000025
21
-146.1116030000000023
0
LINE
8
BLACK
6
CONTINUOUS
10
142.9523360000000025
20
-146.1116030000000023
11
143.126150999999993
21
-146.074657000000002
0
LINE
8
BLACK
6
CONTINUOUS
10
143.126150999999993
20
-146.074657000000002
11
143.3038489999999854
21
-146.074657000000002
0
LINE
8
BLACK
6
CONTINUOUS
10
143.3038489999999854
20
-146.074657000000002
11
143.4776640000000043
21
-146.1116030000000023
0
LINE
8
BLACK
6
CONTINUOUS
10
146.0176649999999938
20
-146.1116030000000023
11
146.1800010000000043
21
-146.1838789999999904
0
LINE
8
BLACK
6
CONTINUOUS
10
146.1800010000000043
20
-146.1838789999999904
11
146.3237619999999879
21
-146.288328000000007
0
LINE
8
BLACK
6
CONTINUOUS
10
146.3237619999999879
20
-146.288328000000007
11
146.4426650000000052
21
-146.4203839999999843
0
LINE
8
BLACK
6
CONTINUOUS
10
146.4426650000000052
20
-146.4203839999999843
11
146.5315149999999846
21
-146.5742750000000001
0
LINE
8
BLACK
6
CONTINUOUS
10
146.5315149999999846
20
-146.5742750000000001
11
146.5864259999999888
21
-146.7432759999999803
0
LINE
8
BLACK
6
CONTINUOUS
10
146.5864259999999888
20
-146.7432759999999803
11
146.6050009999999872
21
-146.920000999999985
0
LINE
8
BLACK
6
CONTINUOUS
10
146.6050009999999872
20
-146.920000999999985
11
146.5864259999999888
21
-147.0967259999999897
0
LINE
8
BLACK
6
CONTINUOUS
10
146.5864259999999888
20
-147.0967259999999897
11
146.5315149999999846
21
-147.2657269999999983
0
LINE
8
BLACK
6
CONTINUOUS
10
146.5315149999999846
20
-147.2657269999999983
11
146.4426650000000052
21
-147.4196179999999856
0
LINE
8
BLACK
6
CONTINUOUS
10
146.4426650000000052
20
-147.4196179999999856
11
146.3237619999999879
21
-147.5516739999999913
0
LINE
8
BLACK
6
CONTINUOUS
10
146.3237619999999879
20
-147.5516739999999913
11
146.1800010000000043
21
-147.6561229999999796
0
LINE
8
BLACK
6
CONTINUOUS
10
146.1800010000000043
20
-147.6561229999999796
11
146.0176649999999938
21
-147.728398999999996
0
LINE
8
BLACK
6
CONTINUOUS
10
146.0176649999999938
20
-147.728398999999996
11
145.8438500000000033
21
-147.7653449999999964
0
LINE
8
BLACK
6
CONTINUOUS
10
145.8438500000000033
20
-147.7653449999999964
11
145.6661519999999825
21
-147.7653449999999964
0
LINE
8
BLACK
6
CONTINUOUS
10
145.6661519999999825
20
-147.7653449999999964
11
145.492336999999992
21
-147.728398999999996
0
LINE
8
BLACK
6
CONTINUOUS
10
145.492336999999992
20
-147.728398999999996
11
145.3300009999999816
21
-147.6561229999999796
0
LINE
8
BLACK
6
CONTINUOUS
10
145.3300009999999816
20
-147.6561229999999796
11
145.186239999999998
21
-147.5516739999999913
0
LINE
8
BLACK
6
CONTINUOUS
10
145.186239999999998
20
-147.5516739999999913
11
145.0673369999999807
21
-147.4196179999999856
0
LINE
8
BLACK
6
CONTINUOUS
10
145.0673369999999807
20
-147.4196179999999856
11
144.9784870000000012
21
-147.2657269999999983
0
LINE
8
BLACK
6
CONTINUOUS
10
144.9784870000000012
20
-147.2657269999999983
11
144.9235759999999971
21
-147.0967259999999897
0
LINE
8
BLACK
6
CONTINUOUS
10
144.9235759999999971
20
-147.0967259999999897
11
144.9050009999999986
21
-146.920000999999985
0
LINE
8
BLACK
6
CONTINUOUS
10
144.9050009999999986
20
-146.920000999999985
11
144.9235759999999971
21
-146.7432759999999803
0
LINE
8
BLACK
6
CONTINUOUS
10
144.9235759999999971
20
-146.7432759999999803
11
144.9784870000000012
21
-146.5742750000000001
0
LINE
8
BLACK
6
CONTINUOUS
10
144.9784870000000012
20
-146.5742750000000001
11
145.0673369999999807
21
-146.4203839999999843
0
LINE
8
BLACK
6
CONTINUOUS
10
145.0673369999999807
20
-146.4203839999999843
11
145.186239999999998
21
-146.288328000000007
0
LINE
8
BLACK
6
CONTINUOUS
10
145.186239999999998
20
-146.288328000000007
11
145.3300009999999816
21
-146.1838789999999904
0
LINE
8
BLACK
6
CONTINUOUS
10
145.3300009999999816
20
-146.1838789999999904
11
145.492336999999992
21
-146.1116030000000023
0
LINE
8
BLACK
6
CONTINUOUS
10
145.492336999999992
20
-146.1116030000000023
11
145.6661519999999825
21
-146.074657000000002
0
LINE
8
BLACK
6
CONTINUOUS
10
145.6661519999999825
20
-146.074657000000002
11
145.8438500000000033
21
-146.074657000000002
0
LINE
8
BLACK
6
CONTINUOUS
10
145.8438500000000033
20
-146.074657000000002
11
146.0176649999999938
21
-146.1116030000000023
0
LINE
8
BLACK
6
CONTINUOUS
10
130.7776649999999847
20
-146.1116020000000049
11
130.9400009999999952
21
-146.1838779999999929
0
LINE
8
BLACK
6
CONTINUOUS
10
130.9400009999999952
20
-146.1838779999999929
11
131.0837620000000072
21
-146.2883269999999811
0
LINE
8
BLACK
6
CONTINUOUS
10
131.0837620000000072
20
-146.2883269999999811
11
131.2026649999999961
21
-146.4203829999999869
0
LINE
8
BLACK
6
CONTINUOUS
10
131.2026649999999961
20
-146.4203829999999869
11
131.291515000000004
21
-146.5742740000000026
0
LINE
8
BLACK
6
CONTINUOUS
10
131.291515000000004
20
-146.5742740000000026
11
131.3464260000000081
21
-146.7432749999999828
0
LINE
8
BLACK
6
CONTINUOUS
10
131.3464260000000081
20
-146.7432749999999828
11
131.3650010000000066
21
-146.9199999999999875
0
LINE
8
BLACK
6
CONTINUOUS
10
131.3650010000000066
20
-146.9199999999999875
11
131.3464260000000081
21
-147.0967249999999922
0
LINE
8
BLACK
6
CONTINUOUS
10
131.3464260000000081
20
-147.0967249999999922
11
131.291515000000004
21
-147.2657260000000008
0
LINE
8
BLACK
6
CONTINUOUS
10
131.291515000000004
20
-147.2657260000000008
11
131.2026649999999961
21
-147.4196169999999881
0
LINE
8
BLACK
6
CONTINUOUS
10
131.2026649999999961
20
-147.4196169999999881
11
131.0837620000000072
21
-147.5516729999999939
0
LINE
8
BLACK
6
CONTINUOUS
10
131.0837620000000072
20
-147.5516729999999939
11
130.9400009999999952
21
-147.6561219999999821
0
LINE
8
BLACK
6
CONTINUOUS
10
130.9400009999999952
20
-147.6561219999999821
11
130.7776649999999847
21
-147.7283979999999985
0
LINE
8
BLACK
6
CONTINUOUS
10
130.7776649999999847
20
-147.7283979999999985
11
130.6038499999999942
21
-147.7653439999999989
0
LINE
8
BLACK
6
CONTINUOUS
10
130.6038499999999942
20
-147.7653439999999989
11
130.4261520000000019
21
-147.7653439999999989
0
LINE
8
BLACK
6
CONTINUOUS
10
130.4261520000000019
20
-147.7653439999999989
11
130.2523369999999829
21
-147.7283979999999985
0
LINE
8
BLACK
6
CONTINUOUS
10
130.2523369999999829
20
-147.7283979999999985
11
130.0900010000000009
21
-147.6561219999999821
0
LINE
8
BLACK
6
CONTINUOUS
10
130.0900010000000009
20
-147.6561219999999821
11
129.9462399999999889
21
-147.5516729999999939
0
LINE
8
BLACK
6
CONTINUOUS
10
129.9462399999999889
20
-147.5516729999999939
11
129.827337
21
-147.4196169999999881
0
LINE
8
BLACK
6
CONTINUOUS
10
129.827337
20
-147.4196169999999881
11
129.7384869999999921
21
-147.2657260000000008
0
LINE
8
BLACK
6
CONTINUOUS
10
129.7384869999999921
20
-147.2657260000000008
11
129.683575999999988
21
-147.0967249999999922
0
LINE
8
BLACK
6
CONTINUOUS
10
129.683575999999988
20
-147.0967249999999922
11
129.6650009999999895
21
-146.9199999999999875
0
LINE
8
BLACK
6
CONTINUOUS
10
129.6650009999999895
20
-146.9199999999999875
11
129.683575999999988
21
-146.7432749999999828
0
LINE
8
BLACK
6
CONTINUOUS
10
129.683575999999988
20
-146.7432749999999828
11
129.7384869999999921
21
-146.5742740000000026
0
LINE
8
BLACK
6
CONTINUOUS
10
129.7384869999999921
20
-146.5742740000000026
11
129.827337
21
-146.4203829999999869
0
LINE
8
BLACK
6
CONTINUOUS
10
129.827337
20
-146.4203829999999869
11
129.9462399999999889
21
-146.2883269999999811
0
LINE
8
BLACK
6
CONTINUOUS
10
129.9462399999999889
20
-146.2883269999999811
11
130.0900010000000009
21
-146.1838779999999929
0
LINE
8
BLACK
6
CONTINUOUS
10
130.0900010000000009
20
-146.1838779999999929
11
130.2523369999999829
21
-146.1116020000000049
0
LINE
8
BLACK
6
CONTINUOUS
10
130.2523369999999829
20
-146.1116020000000049
11
130.4261520000000019
21
-146.0746560000000045
0
LINE
8
BLACK
6
CONTINUOUS
10
130.4261520000000019
20
-146.0746560000000045
11
130.6038499999999942
21
-146.0746560000000045
0
LINE
8
BLACK
6
CONTINUOUS
10
130.6038499999999942
20
-146.0746560000000045
11
130.7776649999999847
21
-146.1116020000000049
0
LINE
8
BLACK
6
CONTINUOUS
10
138.3976639999999918
20
-146.1116020000000049
11
138.5600000000000023
21
-146.1838779999999929
0
LINE
8
BLACK
6
CONTINUOUS
10
138.5600000000000023
20
-146.1838779999999929
11
138.7037609999999859
21
-146.2883269999999811
0
LINE
8
BLACK
6
CONTINUOUS
10
138.7037609999999859
20
-146.2883269999999811
11
138.8226640000000032
21
-146.4203829999999869
0
LINE
8
BLACK
6
CONTINUOUS
10
138.8226640000000032
20
-146.4203829999999869
11
138.9115139999999826
21
-146.5742740000000026
0
LINE
8
BLACK
6
CONTINUOUS
10
138.9115139999999826
20
-146.5742740000000026
11
138.9664249999999868
21
-146.7432749999999828
0
LINE
8
BLACK
6
CONTINUOUS
10
138.9664249999999868
20
-146.7432749999999828
11
138.9849999999999852
21
-146.9199999999999875
0
LINE
8
BLACK
6
CONTINUOUS
10
138.9849999999999852
20
-146.9199999999999875
11
138.9664249999999868
21
-147.0967249999999922
0
LINE
8
BLACK
6
CONTINUOUS
10
138.9664249999999868
20
-147.0967249999999922
11
138.9115139999999826
21
-147.2657260000000008
0
LINE
8
BLACK
6
CONTINUOUS
10
138.9115139999999826
20
-147.2657260000000008
11
138.8226640000000032
21
-147.4196169999999881
0
LINE
8
BLACK
6
CONTINUOUS
10
138.8226640000000032
20
-147.4196169999999881
11
138.7037609999999859
21
-147.5516729999999939
0
LINE
8
BLACK
6
CONTINUOUS
10
138.7037609999999859
20
-147.5516729999999939
11
138.5600000000000023
21
-147.6561219999999821
0
LINE
8
BLACK
6
CONTINUOUS
10
138.5600000000000023
20
-147.6561219999999821
11
138.3976639999999918
21
-147.7283979999999985
0
LINE
8
BLACK
6
CONTINUOUS
10
138.3976639999999918
20
-147.7283979999999985
11
138.2238490000000013
21
-147.7653439999999989
0
LINE
8
BLACK
6
CONTINUOUS
10
138.2238490000000013
20
-147.7653439999999989
11
138.0461509999999805
21
-147.7653439999999989
0
LINE
8
BLACK
6
CONTINUOUS
10
138.0461509999999805
20
-147.7653439999999989
11
137.87233599999999
21
-147.7283979999999985
0
LINE
8
BLACK
6
CONTINUOUS
10
137.87233599999999
20
-147.7283979999999985
11
137.710000000000008
21
-147.6561219999999821
0
LINE
8
BLACK
6
CONTINUOUS
10
137.710000000000008
20
-147.6561219999999821
11
137.5662389999999959
21
-147.5516729999999939
0
LINE
8
BLACK
6
CONTINUOUS
10
137.5662389999999959
20
-147.5516729999999939
11
137.4473360000000071
21
-147.4196169999999881
0
LINE
8
BLACK
6
CONTINUOUS
10
137.4473360000000071
20
-147.4196169999999881
11
137.3584859999999992
21
-147.2657260000000008
0
LINE
8
BLACK
6
CONTINUOUS
10
137.3584859999999992
20
-147.2657260000000008
11
137.303574999999995
21
-147.0967249999999922
0
LINE
8
BLACK
6
CONTINUOUS
10
137.303574999999995
20
-147.0967249999999922
11
137.2849999999999966
21
-146.9199999999999875
0
LINE
8
BLACK
6
CONTINUOUS
10
137.2849999999999966
20
-146.9199999999999875
11
137.303574999999995
21
-146.7432749999999828
0
LINE
8
BLACK
6
CONTINUOUS
10
137.303574999999995
20
-146.7432749999999828
11
137.3584859999999992
21
-146.5742740000000026
0
LINE
8
BLACK
6
CONTINUOUS
10
137.3584859999999992
20
-146.5742740000000026
11
137.4473360000000071
21
-146.4203829999999869
0
LINE
8
BLACK
6
CONTINUOUS
10
137.4473360000000071
20
-146.4203829999999869
11
137.5662389999999959
21
-146.2883269999999811
0
LINE
8
BLACK
6
CONTINUOUS
10
137.5662389999999959
20
-146.2883269999999811
11
137.710000000000008
21
-146.1838779999999929
0
LINE
8
BLACK
6
CONTINUOUS
10
137.710000000000008
20
-146.1838779999999929
11
137.87233599999999
21
-146.1116020000000049
0
LINE
8
BLACK
6
CONTINUOUS
10
137.87233599999999
20
-146.1116020000000049
11
138.0461509999999805
21
-146.0746560000000045
0
LINE
8
BLACK
6
CONTINUOUS
10
138.0461509999999805
20
-146.0746560000000045
11
138.2238490000000013
21
-146.0746560000000045
0
LINE
8
BLACK
6
CONTINUOUS
10
138.2238490000000013
20
-146.0746560000000045
11
138.3976639999999918
21
-146.1116020000000049
0
LINE
8
BLACK
6
CONTINUOUS
10
140.9376639999999838
20
-146.1116020000000049
11
141.0999999999999943
21
-146.1838779999999929
0
LINE
8
BLACK
6
CONTINUOUS
10
141.0999999999999943
20
-146.1838779999999929
11
141.2437610000000063
21
-146.2883269999999811
0
LINE
8
BLACK
6
CONTINUOUS
10
141.2437610000000063
20
-146.2883269999999811
11
141.3626639999999952
21
-146.4203829999999869
0
LINE
8
BLACK
6
CONTINUOUS
10
141.3626639999999952
20
-146.4203829999999869
11
141.4515140000000031
21
-146.5742740000000026
0
LINE
8
BLACK
6
CONTINUOUS
10
141.4515140000000031
20
-146.5742740000000026
11
141.5064250000000072
21
-146.7432749999999828
0
LINE
8
BLACK
6
CONTINUOUS
10
141.5064250000000072
20
-146.7432749999999828
11
141.5250000000000057
21
-146.9199999999999875
0
LINE
8
BLACK
6
CONTINUOUS
10
141.5250000000000057
20
-146.9199999999999875
11
141.5064250000000072
21
-147.0967249999999922
0
LINE
8
BLACK
6
CONTINUOUS
10
141.5064250000000072
20
-147.0967249999999922
11
141.4515140000000031
21
-147.2657260000000008
0
LINE
8
BLACK
6
CONTINUOUS
10
141.4515140000000031
20
-147.2657260000000008
11
141.3626639999999952
21
-147.4196169999999881
0
LINE
8
BLACK
6
CONTINUOUS
10
141.3626639999999952
20
-147.4196169999999881
11
141.2437610000000063
21
-147.5516729999999939
0
LINE
8
BLACK
6
CONTINUOUS
10
141.2437610000000063
20
-147.5516729999999939
11
141.0999999999999943
21
-147.6561219999999821
0
LINE
8
BLACK
6
CONTINUOUS
10
141.0999999999999943
20
-147.6561219999999821
11
140.9376639999999838
21
-147.7283979999999985
0
LINE
8
BLACK
6
CONTINUOUS
10
140.9376639999999838
20
-147.7283979999999985
11
140.7638489999999933
21
-147.7653439999999989
0
LINE
8
BLACK
6
CONTINUOUS
10
140.7638489999999933
20
-147.7653439999999989
11
140.586151000000001
21
-147.7653439999999989
0
LINE
8
BLACK
6
CONTINUOUS
10
140.586151000000001
20
-147.7653439999999989
11
140.4123359999999821
21
-147.7283979999999985
0
LINE
8
BLACK
6
CONTINUOUS
10
140.4123359999999821
20
-147.7283979999999985
11
140.25
21
-147.6561219999999821
0
LINE
8
BLACK
6
CONTINUOUS
10
140.25
20
-147.6561219999999821
11
140.106238999999988
21
-147.5516729999999939
0
LINE
8
BLACK
6
CONTINUOUS
10
140.106238999999988
20
-147.5516729999999939
11
139.9873359999999991
21
-147.4196169999999881
0
LINE
8
BLACK
6
CONTINUOUS
10
139.9873359999999991
20
-147.4196169999999881
11
139.8984859999999912
21
-147.2657260000000008
0
LINE
8
BLACK
6
CONTINUOUS
10
139.8984859999999912
20
-147.2657260000000008
11
139.8435749999999871
21
-147.0967249999999922
0
LINE
8
BLACK
6
CONTINUOUS
10
139.8435749999999871
20
-147.0967249999999922
11
139.8249999999999886
21
-146.9199999999999875
0
LINE
8
BLACK
6
CONTINUOUS
10
139.8249999999999886
20
-146.9199999999999875
11
139.8435749999999871
21
-146.7432749999999828
0
LINE
8
BLACK
6
CONTINUOUS
10
139.8435749999999871
20
-146.7432749999999828
11
139.8984859999999912
21
-146.5742740000000026
0
LINE
8
BLACK
6
CONTINUOUS
10
139.8984859999999912
20
-146.5742740000000026
11
139.9873359999999991
21
-146.4203829999999869
0
LINE
8
BLACK
6
CONTINUOUS
10
139.9873359999999991
20
-146.4203829999999869
11
140.106238999999988
21
-146.2883269999999811
0
LINE
8
BLACK
6
CONTINUOUS
10
140.106238999999988
20
-146.2883269999999811
11
140.25
21
-146.1838779999999929
0
LINE
8
BLACK
6
CONTINUOUS
10
140.25
20
-146.1838779999999929
11
140.4123359999999821
21
-146.1116020000000049
0
LINE
8
BLACK
6
CONTINUOUS
10
140.4123359999999821
20
-146.1116020000000049
11
140.586151000000001
21
-146.0746560000000045
0
LINE
8
BLACK
6
CONTINUOUS
10
140.586151000000001
20
-146.0746560000000045
11
140.7638489999999933
21
-146.0746560000000045
0
LINE
8
BLACK
6
CONTINUOUS
10
140.7638489999999933
20
-146.0746560000000045
11
140.9376639999999838
21
-146.1116020000000049
0
LINE
8
BLACK
6
CONTINUOUS
10
148.5576639999999884
20
-146.1116020000000049
11
148.7199999999999989
21
-146.1838779999999929
0
LINE
8
BLACK
6
CONTINUOUS
10
148.7199999999999989
20
-146.1838779999999929
11
148.8637609999999825
21
-146.2883269999999811
0
LINE
8
BLACK
6
CONTINUOUS
10
148.8637609999999825
20
-146.2883269999999811
11
148.9826639999999998
21
-146.4203829999999869
0
LINE
8
BLACK
6
CONTINUOUS
10
148.9826639999999998
20
-146.4203829999999869
11
149.0715139999999792
21
-146.5742740000000026
0
LINE
8
BLACK
6
CONTINUOUS
10
149.0715139999999792
20
-146.5742740000000026
11
149.1264249999999834
21
-146.7432749999999828
0
LINE
8
BLACK
6
CONTINUOUS
10
149.1264249999999834
20
-146.7432749999999828
11
149.1449999999999818
21
-146.9199999999999875
0
LINE
8
BLACK
6
CONTINUOUS
10
149.1449999999999818
20
-146.9199999999999875
11
149.1264249999999834
21
-147.0967249999999922
0
LINE
8
BLACK
6
CONTINUOUS
10
149.1264249999999834
20
-147.0967249999999922
11
149.0715139999999792
21
-147.2657260000000008
0
LINE
8
BLACK
6
CONTINUOUS
10
149.0715139999999792
20
-147.2657260000000008
11
148.9826639999999998
21
-147.4196169999999881
0
LINE
8
BLACK
6
CONTINUOUS
10
148.9826639999999998
20
-147.4196169999999881
11
148.8637609999999825
21
-147.5516729999999939
0
LINE
8
BLACK
6
CONTINUOUS
10
148.8637609999999825
20
-147.5516729999999939
11
148.7199999999999989
21
-147.6561219999999821
0
LINE
8
BLACK
6
CONTINUOUS
10
148.7199999999999989
20
-147.6561219999999821
11
148.5576639999999884
21
-147.7283979999999985
0
LINE
8
BLACK
6
CONTINUOUS
10
148.5576639999999884
20
-147.7283979999999985
11
148.3838489999999979
21
-147.7653439999999989
0
LINE
8
BLACK
6
CONTINUOUS
10
148.3838489999999979
20
-147.7653439999999989
11
148.2061510000000055
21
-147.7653439999999989
0
LINE
8
BLACK
6
CONTINUOUS
10
148.2061510000000055
20
-147.7653439999999989
11
148.0323359999999866
21
-147.7283979999999985
0
LINE
8
BLACK
6
CONTINUOUS
10
148.0323359999999866
20
-147.7283979999999985
11
147.8700000000000045
21
-147.6561219999999821
0
LINE
8
BLACK
6
CONTINUOUS
10
147.8700000000000045
20
-147.6561219999999821
11
147.7262389999999925
21
-147.5516729999999939
0
LINE
8
BLACK
6
CONTINUOUS
10
147.7262389999999925
20
-147.5516729999999939
11
147.6073360000000037
21
-147.4196169999999881
0
LINE
8
BLACK
6
CONTINUOUS
10
147.6073360000000037
20
-147.4196169999999881
11
147.5184859999999958
21
-147.2657260000000008
0
LINE
8
BLACK
6
CONTINUOUS
10
147.5184859999999958
20
-147.2657260000000008
11
147.4635749999999916
21
-147.0967249999999922
0
LINE
8
BLACK
6
CONTINUOUS
10
147.4635749999999916
20
-147.0967249999999922
11
147.4449999999999932
21
-146.9199999999999875
0
LINE
8
BLACK
6
CONTINUOUS
10
147.4449999999999932
20
-146.9199999999999875
11
147.4635749999999916
21
-146.7432749999999828
0
LINE
8
BLACK
6
CONTINUOUS
10
147.4635749999999916
20
-146.7432749999999828
11
147.5184859999999958
21
-146.5742740000000026
0
LINE
8
BLACK
6
CONTINUOUS
10
147.5184859999999958
20
-146.5742740000000026
11
147.6073360000000037
21
-146.4203829999999869
0
LINE
8
BLACK
6
CONTINUOUS
10
147.6073360000000037
20
-146.4203829999999869
11
147.7262389999999925
21
-146.2883269999999811
0
LINE
8
BLACK
6
CONTINUOUS
10
147.7262389999999925
20
-146.2883269999999811
11
147.8700000000000045
21
-146.1838779999999929
0
LINE
8
BLACK
6
CONTINUOUS
10
147.8700000000000045
20
-146.1838779999999929
11
148.0323359999999866
21
-146.1116020000000049
0
LINE
8
BLACK
6
CONTINUOUS
10
148.0323359999999866
20
-146.1116020000000049
11
148.2061510000000055
21
-146.0746560000000045
0
LINE
8
BLACK
6
CONTINUOUS
10
148.2061510000000055
20
-146.0746560000000045
11
148.3838489999999979
21
-146.0746560000000045
0
LINE
8
BLACK
6
CONTINUOUS
10
148.3838489999999979
20
-146.0746560000000045
11
148.5576639999999884
21
-146.1116020000000049
0
LINE
8
BLACK
6
CONTINUOUS
10
135.8576649999999972
20
-146.1116010000000074
11
136.0200010000000077
21
-146.1838769999999954
0
LINE
8
BLACK
6
CONTINUOUS
10
136.0200010000000077
20
-146.1838769999999954
11
136.1637619999999913
21
-146.2883259999999837
0
LINE
8
BLACK
6
CONTINUOUS
10
136.1637619999999913
20
-146.2883259999999837
11
136.2826649999999802
21
-146.4203819999999894
0
LINE
8
BLACK
6
CONTINUOUS
10
136.2826649999999802
20
-146.4203819999999894
11
136.371514999999988
21
-146.5742730000000051
0
LINE
8
BLACK
6
CONTINUOUS
10
136.371514999999988
20
-146.5742730000000051
11
136.4264259999999922
21
-146.7432739999999853
0
LINE
8
BLACK
6
CONTINUOUS
10
136.4264259999999922
20
-146.7432739999999853
11
136.4450009999999907
21
-146.91999899999999
0
LINE
8
BLACK
6
CONTINUOUS
10
136.4450009999999907
20
-146.91999899999999
11
136.4264259999999922
21
-147.0967239999999947
0
LINE
8
BLACK
6
CONTINUOUS
10
136.4264259999999922
20
-147.0967239999999947
11
136.371514999999988
21
-147.2657250000000033
0
LINE
8
BLACK
6
CONTINUOUS
10
136.371514999999988
20
-147.2657250000000033
11
136.2826649999999802
21
-147.4196159999999907
0
LINE
8
BLACK
6
CONTINUOUS
10
136.2826649999999802
20
-147.4196159999999907
11
136.1637619999999913
21
-147.5516719999999964
0
LINE
8
BLACK
6
CONTINUOUS
10
136.1637619999999913
20
-147.5516719999999964
11
136.0200010000000077
21
-147.6561209999999846
0
LINE
8
BLACK
6
CONTINUOUS
10
136.0200010000000077
20
-147.6561209999999846
11
135.8576649999999972
21
-147.7283970000000011
0
LINE
8
BLACK
6
CONTINUOUS
10
135.8576649999999972
20
-147.7283970000000011
11
135.6838500000000067
21
-147.7653430000000014
0
LINE
8
BLACK
6
CONTINUOUS
10
135.6838500000000067
20
-147.7653430000000014
11
135.5061519999999859
21
-147.7653430000000014
0
LINE
8
BLACK
6
CONTINUOUS
10
135.5061519999999859
20
-147.7653430000000014
11
135.3323369999999954
21
-147.7283970000000011
0
LINE
8
BLACK
6
CONTINUOUS
10
135.3323369999999954
20
-147.7283970000000011
11
135.170000999999985
21
-147.6561209999999846
0
LINE
8
BLACK
6
CONTINUOUS
10
135.170000999999985
20
-147.6561209999999846
11
135.0262400000000014
21
-147.5516719999999964
0
LINE
8
BLACK
6
CONTINUOUS
10
135.0262400000000014
20
-147.5516719999999964
11
134.9073369999999841
21
-147.4196159999999907
0
LINE
8
BLACK
6
CONTINUOUS
10
134.9073369999999841
20
-147.4196159999999907
11
134.8184870000000046
21
-147.2657250000000033
0
LINE
8
BLACK
6
CONTINUOUS
10
134.8184870000000046
20
-147.2657250000000033
11
134.7635760000000005
21
-147.0967239999999947
0
LINE
8
BLACK
6
CONTINUOUS
10
134.7635760000000005
20
-147.0967239999999947
11
134.745001000000002
21
-146.91999899999999
0
LINE
8
BLACK
6
CONTINUOUS
10
134.745001000000002
20
-146.91999899999999
11
134.7635760000000005
21
-146.7432739999999853
0
LINE
8
BLACK
6
CONTINUOUS
10
134.7635760000000005
20
-146.7432739999999853
11
134.8184870000000046
21
-146.5742730000000051
0
LINE
8
BLACK
6
CONTINUOUS
10
134.8184870000000046
20
-146.5742730000000051
11
134.9073369999999841
21
-146.4203819999999894
0
LINE
8
BLACK
6
CONTINUOUS
10
134.9073369999999841
20
-146.4203819999999894
11
135.0262400000000014
21
-146.2883259999999837
0
LINE
8
BLACK
6
CONTINUOUS
10
135.0262400000000014
20
-146.2883259999999837
11
135.170000999999985
21
-146.1838769999999954
0
LINE
8
BLACK
6
CONTINUOUS
10
135.170000999999985
20
-146.1838769999999954
11
135.3323369999999954
21
-146.1116010000000074
0
LINE
8
BLACK
6
CONTINUOUS
10
135.3323369999999954
20
-146.1116010000000074
11
135.5061519999999859
21
-146.074655000000007
0
LINE
8
BLACK
6
CONTINUOUS
10
135.5061519999999859
20
-146.074655000000007
11
135.6838500000000067
21
-146.074655000000007
0
LINE
8
BLACK
6
CONTINUOUS
10
135.6838500000000067
20
-146.074655000000007
11
135.8576649999999972
21
-146.1116010000000074
0
LINE
8
BLACK
6
CONTINUOUS
10
151.097662999999983
20
-146.1115999999999815
11
151.2599989999999934
21
-146.1838759999999979
0
LINE
8
BLACK
6
CONTINUOUS
10
151.2599989999999934
20
-146.1838759999999979
11
151.4037600000000054
21
-146.2883249999999862
0
LINE
8
BLACK
6
CONTINUOUS
10
151.4037600000000054
20
-146.2883249999999862
11
151.5226629999999943
21
-146.4203809999999919
0
LINE
8
BLACK
6
CONTINUOUS
10
151.5226629999999943
20
-146.4203809999999919
11
151.6115130000000022
21
-146.5742719999999792
0
LINE
8
BLACK
6
CONTINUOUS
10
151.6115130000000022
20
-146.5742719999999792
11
151.6664240000000063
21
-146.7432729999999879
0
LINE
8
BLACK
6
CONTINUOUS
10
151.6664240000000063
20
-146.7432729999999879
11
151.6849990000000048
21
-146.9199979999999925
0
LINE
8
BLACK
6
CONTINUOUS
10
151.6849990000000048
20
-146.9199979999999925
11
151.6664240000000063
21
-147.0967229999999972
0
LINE
8
BLACK
6
CONTINUOUS
10
151.6664240000000063
20
-147.0967229999999972
11
151.6115130000000022
21
-147.2657240000000058
0
LINE
8
BLACK
6
CONTINUOUS
10
151.6115130000000022
20
-147.2657240000000058
11
151.5226629999999943
21
-147.4196149999999932
0
LINE
8
BLACK
6
CONTINUOUS
10
151.5226629999999943
20
-147.4196149999999932
11
151.4037600000000054
21
-147.5516709999999989
0
LINE
8
BLACK
6
CONTINUOUS
10
151.4037600000000054
20
-147.5516709999999989
11
151.2599989999999934
21
-147.6561199999999872
0
LINE
8
BLACK
6
CONTINUOUS
10
151.2599989999999934
20
-147.6561199999999872
11
151.097662999999983
21
-147.7283960000000036
0
LINE
8
BLACK
6
CONTINUOUS
10
151.097662999999983
20
-147.7283960000000036
11
150.9238479999999925
21
-147.765342000000004
0
LINE
8
BLACK
6
CONTINUOUS
10
150.9238479999999925
20
-147.765342000000004
11
150.7461500000000001
21
-147.765342000000004
0
LINE
8
BLACK
6
CONTINUOUS
10
150.7461500000000001
20
-147.765342000000004
11
150.5723349999999812
21
-147.7283960000000036
0
LINE
8
BLACK
6
CONTINUOUS
10
150.5723349999999812
20
-147.7283960000000036
11
150.4099989999999991
21
-147.6561199999999872
0
LINE
8
BLACK
6
CONTINUOUS
10
150.4099989999999991
20
-147.6561199999999872
11
150.2662379999999871
21
-147.5516709999999989
0
LINE
8
BLACK
6
CONTINUOUS
10
150.2662379999999871
20
-147.5516709999999989
11
150.1473349999999982
21
-147.4196149999999932
0
LINE
8
BLACK
6
CONTINUOUS
10
150.1473349999999982
20
-147.4196149999999932
11
150.0584849999999904
21
-147.2657240000000058
0
LINE
8
BLACK
6
CONTINUOUS
10
150.0584849999999904
20
-147.2657240000000058
11
150.0035739999999862
21
-147.0967229999999972
0
LINE
8
BLACK
6
CONTINUOUS
10
150.0035739999999862
20
-147.0967229999999972
11
149.9849989999999877
21
-146.9199979999999925
0
LINE
8
BLACK
6
CONTINUOUS
10
149.9849989999999877
20
-146.9199979999999925
11
150.0035739999999862
21
-146.7432729999999879
0
LINE
8
BLACK
6
CONTINUOUS
10
150.0035739999999862
20
-146.7432729999999879
11
150.0584849999999904
21
-146.5742719999999792
0
LINE
8
BLACK
6
CONTINUOUS
10
150.0584849999999904
20
-146.5742719999999792
11
150.1473349999999982
21
-146.4203809999999919
0
LINE
8
BLACK
6
CONTINUOUS
10
150.1473349999999982
20
-146.4203809999999919
11
150.2662379999999871
21
-146.2883249999999862
0
LINE
8
BLACK
6
CONTINUOUS
10
150.2662379999999871
20
-146.2883249999999862
11
150.4099989999999991
21
-146.1838759999999979
0
LINE
8
BLACK
6
CONTINUOUS
10
150.4099989999999991
20
-146.1838759999999979
11
150.5723349999999812
21
-146.1115999999999815
0
LINE
8
BLACK
6
CONTINUOUS
10
150.5723349999999812
20
-146.1115999999999815
11
150.7461500000000001
21
-146.0746539999999811
0
LINE
8
BLACK
6
CONTINUOUS
10
150.7461500000000001
20
-146.0746539999999811
11
150.9238479999999925
21
-146.0746539999999811
0
LINE
8
BLACK
6
CONTINUOUS
10
150.9238479999999925
20
-146.0746539999999811
11
151.097662999999983
21
-146.1115999999999815
0
LINE
8
BLACK
6
CONTINUOUS
10
122.1206699999999898
20
-145.7940299999999922
11
122.2017759999999953
21
-145.8482239999999877
0
LINE
8
BLACK
6
CONTINUOUS
10
122.2017759999999953
20
-145.8482239999999877
11
122.2559699999999907
21
-145.9293299999999931
0
LINE
8
BLACK
6
CONTINUOUS
10
122.2559699999999907
20
-145.9293299999999931
11
122.274998999999994
21
-146.0250020000000006
0
LINE
8
BLACK
6
CONTINUOUS
10
122.274998999999994
20
-146.0250020000000006
11
122.2749999999999915
21
-146.9499989999999912
0
LINE
8
BLACK
6
CONTINUOUS
10
122.2749999999999915
20
-146.9499989999999912
11
122.2559699999999907
21
-147.0456700000000012
0
LINE
8
BLACK
6
CONTINUOUS
10
122.2559699999999907
20
-147.0456700000000012
11
122.2017759999999953
21
-147.1267760000000067
0
LINE
8
BLACK
6
CONTINUOUS
10
122.2017759999999953
20
-147.1267760000000067
11
122.1206699999999898
21
-147.1809700000000021
0
LINE
8
BLACK
6
CONTINUOUS
10
122.1206699999999898
20
-147.1809700000000021
11
122.0249979999999965
21
-147.1999989999999912
0
LINE
8
BLACK
6
CONTINUOUS
10
122.0249979999999965
20
-147.1999989999999912
11
120.7750009999999889
21
-147.1999999999999886
0
LINE
8
BLACK
6
CONTINUOUS
10
120.7750009999999889
20
-147.1999999999999886
11
120.6793299999999931
21
-147.1809700000000021
0
LINE
8
BLACK
6
CONTINUOUS
10
120.6793299999999931
20
-147.1809700000000021
11
120.5982239999999877
21
-147.1267760000000067
0
LINE
8
BLACK
6
CONTINUOUS
10
120.5982239999999877
20
-147.1267760000000067
11
120.5440299999999922
21
-147.0456700000000012
0
LINE
8
BLACK
6
CONTINUOUS
10
120.5440299999999922
20
-147.0456700000000012
11
120.5250009999999889
21
-146.9499979999999937
0
LINE
8
BLACK
6
CONTINUOUS
10
120.5250009999999889
20
-146.9499979999999937
11
120.5249999999999915
21
-146.0250010000000032
0
LINE
8
BLACK
6
CONTINUOUS
10
120.5249999999999915
20
-146.0250010000000032
11
120.5440299999999922
21
-145.9293299999999931
0
LINE
8
BLACK
6
CONTINUOUS
10
120.5440299999999922
20
-145.9293299999999931
11
120.5982239999999877
21
-145.8482239999999877
0
LINE
8
BLACK
6
CONTINUOUS
10
120.5982239999999877
20
-145.8482239999999877
11
120.6793299999999931
21
-145.7940299999999922
0
LINE
8
BLACK
6
CONTINUOUS
10
120.6793299999999931
20
-145.7940299999999922
11
120.7750020000000006
21
-145.7750010000000032
0
LINE
8
BLACK
6
CONTINUOUS
10
120.7750020000000006
20
-145.7750010000000032
11
122.024998999999994
21
-145.7750000000000057
0
LINE
8
BLACK
6
CONTINUOUS
10
122.024998999999994
20
-145.7750000000000057
11
122.1206699999999898
21
-145.7940299999999922
0
LINE
8
BLACK
6
CONTINUOUS
10
125.5956709999999958
20
-145.2790300000000059
11
125.6767770000000013
21
-145.3332230000000038
0
LINE
8
BLACK
6
CONTINUOUS
10
125.6767770000000013
20
-145.3332230000000038
11
125.7309699999999992
21
-145.4143289999999809
0
LINE
8
BLACK
6
CONTINUOUS
10
125.7309699999999992
20
-145.4143289999999809
11
125.75
21
-145.5099999999999909
0
LINE
8
BLACK
6
CONTINUOUS
10
125.75
20
-145.5099999999999909
11
125.75
21
-146.2099999999999795
0
LINE
8
BLACK
6
CONTINUOUS
10
125.75
20
-146.2099999999999795
11
125.7309699999999992
21
-146.3056709999999896
0
LINE
8
BLACK
6
CONTINUOUS
10
125.7309699999999992
20
-146.3056709999999896
11
125.6767770000000013
21
-146.386776999999995
0
LINE
8
BLACK
6
CONTINUOUS
10
125.6767770000000013
20
-146.386776999999995
11
125.5956709999999958
21
-146.440969999999993
0
LINE
8
BLACK
6
CONTINUOUS
10
125.5956709999999958
20
-146.440969999999993
11
125.5
21
-146.4599999999999795
0
LINE
8
BLACK
6
CONTINUOUS
10
125.5
20
-146.4599999999999795
11
124.5999999999999943
21
-146.4599999999999795
0
LINE
8
BLACK
6
CONTINUOUS
10
124.5999999999999943
20
-146.4599999999999795
11
124.5043289999999985
21
-146.440969999999993
0
LINE
8
BLACK
6
CONTINUOUS
10
124.5043289999999985
20
-146.440969999999993
11
124.423222999999993
21
-146.386776999999995
0
LINE
8
BLACK
6
CONTINUOUS
10
124.423222999999993
20
-146.386776999999995
11
124.3690299999999951
21
-146.3056709999999896
0
LINE
8
BLACK
6
CONTINUOUS
10
124.3690299999999951
20
-146.3056709999999896
11
124.3499999999999943
21
-146.2099999999999795
0
LINE
8
BLACK
6
CONTINUOUS
10
124.3499999999999943
20
-146.2099999999999795
11
124.3499999999999943
21
-145.5099999999999909
0
LINE
8
BLACK
6
CONTINUOUS
10
124.3499999999999943
20
-145.5099999999999909
11
124.3690299999999951
21
-145.4143289999999809
0
LINE
8
BLACK
6
CONTINUOUS
10
124.3690299999999951
20
-145.4143289999999809
11
124.423222999999993
21
-145.3332230000000038
0
LINE
8
BLACK
6
CONTINUOUS
10
124.423222999999993
20
-145.3332230000000038
11
124.5043289999999985
21
-145.2790300000000059
0
LINE
8
BLACK
6
CONTINUOUS
10
124.5043289999999985
20
-145.2790300000000059
11
124.5999999999999943
21
-145.2599999999999909
0
LINE
8
BLACK
6
CONTINUOUS
10
124.5999999999999943
20
-145.2599999999999909
11
125.5
21
-145.2599999999999909
0
LINE
8
BLACK
6
CONTINUOUS
10
125.5
20
-145.2599999999999909
11
125.5956709999999958
21
-145.2790300000000059
0
LINE
8
BLACK
6
CONTINUOUS
10
159.020670999999993
20
-144.5190299999999866
11
159.1017769999999985
21
-144.5732229999999845
0
LINE
8
BLACK
6
CONTINUOUS
10
159.1017769999999985
20
-144.5732229999999845
11
159.1559699999999964
21
-144.6543289999999899
0
LINE
8
BLACK
6
CONTINUOUS
10
159.1559699999999964
20
-144.6543289999999899
11
159.1749999999999829
21
-144.75
0
LINE
8
BLACK
6
CONTINUOUS
10
159.1749999999999829
20
-144.75
11
159.1749999999999829
21
-145.4249999999999829
0
LINE
8
BLACK
6
CONTINUOUS
10
159.1749999999999829
20
-145.4249999999999829
11
159.1559699999999964
21
-145.520670999999993
0
LINE
8
BLACK
6
CONTINUOUS
10
159.1559699999999964
20
-145.520670999999993
11
159.1017769999999985
21
-145.6017769999999985
0
LINE
8
BLACK
6
CONTINUOUS
10
159.1017769999999985
20
-145.6017769999999985
11
159.020670999999993
21
-145.6559699999999964
0
LINE
8
BLACK
6
CONTINUOUS
10
159.020670999999993
20
-145.6559699999999964
11
158.9249999999999829
21
-145.6749999999999829
0
LINE
8
BLACK
6
CONTINUOUS
10
158.9249999999999829
20
-145.6749999999999829
11
157.9749999999999943
21
-145.6749999999999829
0
LINE
8
BLACK
6
CONTINUOUS
10
157.9749999999999943
20
-145.6749999999999829
11
157.8793289999999843
21
-145.6559699999999964
0
LINE
8
BLACK
6
CONTINUOUS
10
157.8793289999999843
20
-145.6559699999999964
11
157.7982229999999788
21
-145.6017769999999985
0
LINE
8
BLACK
6
CONTINUOUS
10
157.7982229999999788
20
-145.6017769999999985
11
157.7440299999999809
21
-145.520670999999993
0
LINE
8
BLACK
6
CONTINUOUS
10
157.7440299999999809
20
-145.520670999999993
11
157.7249999999999943
21
-145.4249999999999829
0
LINE
8
BLACK
6
CONTINUOUS
10
157.7249999999999943
20
-145.4249999999999829
11
157.7249999999999943
21
-144.75
0
LINE
8
BLACK
6
CONTINUOUS
10
157.7249999999999943
20
-144.75
11
157.7440299999999809
21
-144.6543289999999899
0
LINE
8
BLACK
6
CONTINUOUS
10
157.7440299999999809
20
-144.6543289999999899
11
157.7982229999999788
21
-144.5732229999999845
0
LINE
8
BLACK
6
CONTINUOUS
10
157.7982229999999788
20
-144.5732229999999845
11
157.8793289999999843
21
-144.5190299999999866
0
LINE
8
BLACK
6
CONTINUOUS
10
157.8793289999999843
20
-144.5190299999999866
11
157.9749999999999943
21
-144.5
0
LINE
8
BLACK
6
CONTINUOUS
10
157.9749999999999943
20
-144.5
11
158.9249999999999829
21
-144.5
0
LINE
8
BLACK
6
CONTINUOUS
10
158.9249999999999829
20
-144.5
11
159.020670999999993
21
-144.5190299999999866
0
LINE
8
BLACK
6
CONTINUOUS
10
156.5956709999999816
20
-144.4690300000000036
11
156.6767769999999871
21
-144.5232230000000015
0
LINE
8
BLACK
6
CONTINUOUS
10
156.6767769999999871
20
-144.5232230000000015
11
156.730969999999985
21
-144.604329000000007
0
LINE
8
BLACK
6
CONTINUOUS
10
156.730969999999985
20
-144.604329000000007
11
156.75
21
-144.6999999999999886
0
LINE
8
BLACK
6
CONTINUOUS
10
156.75
20
-144.6999999999999886
11
156.75
21
-145.4000000000000057
0
LINE
8
BLACK
6
CONTINUOUS
10
156.75
20
-145.4000000000000057
11
156.730969999999985
21
-145.4956709999999873
0
LINE
8
BLACK
6
CONTINUOUS
10
156.730969999999985
20
-145.4956709999999873
11
156.6767769999999871
21
-145.5767769999999928
0
LINE
8
BLACK
6
CONTINUOUS
10
156.6767769999999871
20
-145.5767769999999928
11
156.5956709999999816
21
-145.6309699999999907
0
LINE
8
BLACK
6
CONTINUOUS
10
156.5956709999999816
20
-145.6309699999999907
11
156.5
21
-145.6500000000000057
0
LINE
8
BLACK
6
CONTINUOUS
10
156.5
20
-145.6500000000000057
11
155.5999999999999943
21
-145.6500000000000057
0
LINE
8
BLACK
6
CONTINUOUS
10
155.5999999999999943
20
-145.6500000000000057
11
155.5043289999999843
21
-145.6309699999999907
0
LINE
8
BLACK
6
CONTINUOUS
10
155.5043289999999843
20
-145.6309699999999907
11
155.4232229999999788
21
-145.5767769999999928
0
LINE
8
BLACK
6
CONTINUOUS
10
155.4232229999999788
20
-145.5767769999999928
11
155.3690299999999809
21
-145.4956709999999873
0
LINE
8
BLACK
6
CONTINUOUS
10
155.3690299999999809
20
-145.4956709999999873
11
155.3499999999999943
21
-145.4000000000000057
0
LINE
8
BLACK
6
CONTINUOUS
10
155.3499999999999943
20
-145.4000000000000057
11
155.3499999999999943
21
-144.6999999999999886
0
LINE
8
BLACK
6
CONTINUOUS
10
155.3499999999999943
20
-144.6999999999999886
11
155.3690299999999809
21
-144.604329000000007
0
LINE
8
BLACK
6
CONTINUOUS
10
155.3690299999999809
20
-144.604329000000007
11
155.4232229999999788
21
-144.5232230000000015
0
LINE
8
BLACK
6
CONTINUOUS
10
155.4232229999999788
20
-144.5232230000000015
11
155.5043289999999843
21
-144.4690300000000036
0
LINE
8
BLACK
6
CONTINUOUS
10
155.5043289999999843
20
-144.4690300000000036
11
155.5999999999999943
21
-144.4499999999999886
0
LINE
8
BLACK
6
CONTINUOUS
10
155.5999999999999943
20
-144.4499999999999886
11
156.5
21
-144.4499999999999886
0
LINE
8
BLACK
6
CONTINUOUS
10
156.5
20
-144.4499999999999886
11
156.5956709999999816
21
-144.4690300000000036
0
LINE
8
BLACK
6
CONTINUOUS
10
106.4399999999999977
20
-144.9000000000000057
11
104.6400000000000006
21
-144.9000000000000057
0
LINE
8
BLACK
6
CONTINUOUS
10
104.6400000000000006
20
-144.9000000000000057
11
104.6400000000000006
21
-143.0999999999999943
0
LINE
8
BLACK
6
CONTINUOUS
10
104.6400000000000006
20
-143.0999999999999943
11
106.4399999999999977
21
-143.0999999999999943
0
LINE
8
BLACK
6
CONTINUOUS
10
106.4399999999999977
20
-143.0999999999999943
11
106.4399999999999977
21
-144.9000000000000057
0
LINE
8
BLACK
6
CONTINUOUS
10
177.9000000000000057
20
-144.9000000000000057
11
176.0999999999999943
21
-144.9000000000000057
0
LINE
8
BLACK
6
CONTINUOUS
10
176.0999999999999943
20
-144.9000000000000057
11
176.0999999999999943
21
-143.0999999999999943
0
LINE
8
BLACK
6
CONTINUOUS
10
176.0999999999999943
20
-143.0999999999999943
11
177.9000000000000057
21
-143.0999999999999943
0
LINE
8
BLACK
6
CONTINUOUS
10
177.9000000000000057
20
-143.0999999999999943
11
177.9000000000000057
21
-144.9000000000000057
0
LINE
8
BLACK
6
CONTINUOUS
10
103.2781149999999997
20
-143.1440489999999954
11
103.4499999999999886
21
-143.2205769999999916
0
LINE
8
BLACK
6
CONTINUOUS
10
103.4499999999999886
20
-143.2205769999999916
11
103.6022179999999935
21
-143.331169999999986
0
LINE
8
BLACK
6
CONTINUOUS
10
103.6022179999999935
20
-143.331169999999986
11
103.7281149999999883
21
-143.4709929999999929
0
LINE
8
BLACK
6
CONTINUOUS
10
103.7281149999999883
20
-143.4709929999999929
11
103.8221909999999895
21
-143.6339370000000031
0
LINE
8
BLACK
6
CONTINUOUS
10
103.8221909999999895
20
-143.6339370000000031
11
103.8803329999999931
21
-143.812878999999981
0
LINE
8
BLACK
6
CONTINUOUS
10
103.8803329999999931
20
-143.812878999999981
11
103.8999999999999915
21
-144.
0
LINE
8
BLACK
6
CONTINUOUS
10
103.8999999999999915
20
-144.
11
103.8803329999999931
21
-144.1871209999999905
0
LINE
8
BLACK
6
CONTINUOUS
10
103.8803329999999931
20
-144.1871209999999905
11
103.8221909999999895
21
-144.3660629999999969
0
LINE
8
BLACK
6
CONTINUOUS
10
103.8221909999999895
20
-144.3660629999999969
11
103.7281149999999883
21
-144.5290070000000071
0
LINE
8
BLACK
6
CONTINUOUS
10
103.7281149999999883
20
-144.5290070000000071
11
103.6022179999999935
21
-144.6688299999999856
0
LINE
8
BLACK
6
CONTINUOUS
10
103.6022179999999935
20
-144.6688299999999856
11
103.4499999999999886
21
-144.77942299999998
0
LINE
8
BLACK
6
CONTINUOUS
10
103.4499999999999886
20
-144.77942299999998
11
103.2781149999999997
21
-144.8559510000000046
0
LINE
8
BLACK
6
CONTINUOUS
10
103.2781149999999997
20
-144.8559510000000046
11
103.0940760000000012
21
-144.895070000000004
0
LINE
8
BLACK
6
CONTINUOUS
10
103.0940760000000012
20
-144.895070000000004
11
102.9059239999999988
21
-144.895070000000004
0
LINE
8
BLACK
6
CONTINUOUS
10
102.9059239999999988
20
-144.895070000000004
11
102.7218850000000003
21
-144.8559510000000046
0
LINE
8
BLACK
6
CONTINUOUS
10
102.7218850000000003
20
-144.8559510000000046
11
102.5499999999999972
21
-144.77942299999998
0
LINE
8
BLACK
6
CONTINUOUS
10
102.5499999999999972
20
-144.77942299999998
11
102.3977819999999923
21
-144.6688299999999856
0
LINE
8
BLACK
6
CONTINUOUS
10
102.3977819999999923
20
-144.6688299999999856
11
102.2718849999999975
21
-144.5290070000000071
0
LINE
8
BLACK
6
CONTINUOUS
10
102.2718849999999975
20
-144.5290070000000071
11
102.1778089999999963
21
-144.3660629999999969
0
LINE
8
BLACK
6
CONTINUOUS
10
102.1778089999999963
20
-144.3660629999999969
11
102.1196669999999926
21
-144.1871209999999905
0
LINE
8
BLACK
6
CONTINUOUS
10
102.1196669999999926
20
-144.1871209999999905
11
102.0999999999999943
21
-144.
0
LINE
8
BLACK
6
CONTINUOUS
10
102.0999999999999943
20
-144.
11
102.1196669999999926
21
-143.812878999999981
0
LINE
8
BLACK
6
CONTINUOUS
10
102.1196669999999926
20
-143.812878999999981
11
102.1778089999999963
21
-143.6339370000000031
0
LINE
8
BLACK
6
CONTINUOUS
10
102.1778089999999963
20
-143.6339370000000031
11
102.2718849999999975
21
-143.4709929999999929
0
LINE
8
BLACK
6
CONTINUOUS
10
102.2718849999999975
20
-143.4709929999999929
11
102.3977819999999923
21
-143.331169999999986
0
LINE
8
BLACK
6
CONTINUOUS
10
102.3977819999999923
20
-143.331169999999986
11
102.5499999999999972
21
-143.2205769999999916
0
LINE
8
BLACK
6
CONTINUOUS
10
102.5499999999999972
20
-143.2205769999999916
11
102.7218850000000003
21
-143.1440489999999954
0
LINE
8
BLACK
6
CONTINUOUS
10
102.7218850000000003
20
-143.1440489999999954
11
102.9059239999999988
21
-143.104929999999996
0
LINE
8
BLACK
6
CONTINUOUS
10
102.9059239999999988
20
-143.104929999999996
11
103.0940760000000012
21
-143.104929999999996
0
LINE
8
BLACK
6
CONTINUOUS
10
103.0940760000000012
20
-143.104929999999996
11
103.2781149999999997
21
-143.1440489999999954
0
LINE
8
BLACK
6
CONTINUOUS
10
174.7381149999999934
20
-143.1440489999999954
11
174.9099999999999966
21
-143.2205769999999916
0
LINE
8
BLACK
6
CONTINUOUS
10
174.9099999999999966
20
-143.2205769999999916
11
175.0622180000000014
21
-143.331169999999986
0
LINE
8
BLACK
6
CONTINUOUS
10
175.0622180000000014
20
-143.331169999999986
11
175.188114999999982
21
-143.4709929999999929
0
LINE
8
BLACK
6
CONTINUOUS
10
175.188114999999982
20
-143.4709929999999929
11
175.2821909999999832
21
-143.6339370000000031
0
LINE
8
BLACK
6
CONTINUOUS
10
175.2821909999999832
20
-143.6339370000000031
11
175.3403329999999869
21
-143.812878999999981
0
LINE
8
BLACK
6
CONTINUOUS
10
175.3403329999999869
20
-143.812878999999981
11
175.3599999999999852
21
-144.
0
LINE
8
BLACK
6
CONTINUOUS
10
175.3599999999999852
20
-144.
11
175.3403329999999869
21
-144.1871209999999905
0
LINE
8
BLACK
6
CONTINUOUS
10
175.3403329999999869
20
-144.1871209999999905
11
175.2821909999999832
21
-144.3660629999999969
0
LINE
8
BLACK
6
CONTINUOUS
10
175.2821909999999832
20
-144.3660629999999969
11
175.188114999999982
21
-144.5290070000000071
0
LINE
8
BLACK
6
CONTINUOUS
10
175.188114999999982
20
-144.5290070000000071
11
175.0622180000000014
21
-144.6688299999999856
0
LINE
8
BLACK
6
CONTINUOUS
10
175.0622180000000014
20
-144.6688299999999856
11
174.9099999999999966
21
-144.77942299999998
0
LINE
8
BLACK
6
CONTINUOUS
10
174.9099999999999966
20
-144.77942299999998
11
174.7381149999999934
21
-144.8559510000000046
0
LINE
8
BLACK
6
CONTINUOUS
10
174.7381149999999934
20
-144.8559510000000046
11
174.5540759999999807
21
-144.895070000000004
0
LINE
8
BLACK
6
CONTINUOUS
10
174.5540759999999807
20
-144.895070000000004
11
174.3659239999999784
21
-144.895070000000004
0
LINE
8
BLACK
6
CONTINUOUS
10
174.3659239999999784
20
-144.895070000000004
11
174.1818849999999941
21
-144.8559510000000046
0
LINE
8
BLACK
6
CONTINUOUS
10
174.1818849999999941
20
-144.8559510000000046
11
174.0099999999999909
21
-144.77942299999998
0
LINE
8
BLACK
6
CONTINUOUS
10
174.0099999999999909
20
-144.77942299999998
11
173.8577819999999861
21
-144.6688299999999856
0
LINE
8
BLACK
6
CONTINUOUS
10
173.8577819999999861
20
-144.6688299999999856
11
173.7318850000000054
21
-144.5290070000000071
0
LINE
8
BLACK
6
CONTINUOUS
10
173.7318850000000054
20
-144.5290070000000071
11
173.6378090000000043
21
-144.3660629999999969
0
LINE
8
BLACK
6
CONTINUOUS
10
173.6378090000000043
20
-144.3660629999999969
11
173.5796670000000006
21
-144.1871209999999905
0
LINE
8
BLACK
6
CONTINUOUS
10
173.5796670000000006
20
-144.1871209999999905
11
173.5600000000000023
21
-144.
0
LINE
8
BLACK
6
CONTINUOUS
10
173.5600000000000023
20
-144.
11
173.5796670000000006
21
-143.812878999999981
0
LINE
8
BLACK
6
CONTINUOUS
10
173.5796670000000006
20
-143.812878999999981
11
173.6378090000000043
21
-143.6339370000000031
0
LINE
8
BLACK
6
CONTINUOUS
10
173.6378090000000043
20
-143.6339370000000031
11
173.7318850000000054
21
-143.4709929999999929
0
LINE
8
BLACK
6
CONTINUOUS
10
173.7318850000000054
20
-143.4709929999999929
11
173.8577819999999861
21
-143.331169999999986
0
LINE
8
BLACK
6
CONTINUOUS
10
173.8577819999999861
20
-143.331169999999986
11
174.0099999999999909
21
-143.2205769999999916
0
LINE
8
BLACK
6
CONTINUOUS
10
174.0099999999999909
20
-143.2205769999999916
11
174.1818849999999941
21
-143.1440489999999954
0
LINE
8
BLACK
6
CONTINUOUS
10
174.1818849999999941
20
-143.1440489999999954
11
174.3659239999999784
21
-143.104929999999996
0
LINE
8
BLACK
6
CONTINUOUS
10
174.3659239999999784
20
-143.104929999999996
11
174.5540759999999807
21
-143.104929999999996
0
LINE
8
BLACK
6
CONTINUOUS
10
174.5540759999999807
20
-143.104929999999996
11
174.7381149999999934
21
-143.1440489999999954
0
LINE
8
BLACK
6
CONTINUOUS
10
125.5956709999999958
20
-143.2790300000000059
11
125.6767770000000013
21
-143.3332230000000038
0
LINE
8
BLACK
6
CONTINUOUS
10
125.6767770000000013
20
-143.3332230000000038
11
125.7309699999999992
21
-143.4143289999999809
0
LINE
8
BLACK
6
CONTINUOUS
10
125.7309699999999992
20
-143.4143289999999809
11
125.75
21
-143.5099999999999909
0
LINE
8
BLACK
6
CONTINUOUS
10
125.75
20
-143.5099999999999909
11
125.75
21
-144.2099999999999795
0
LINE
8
BLACK
6
CONTINUOUS
10
125.75
20
-144.2099999999999795
11
125.7309699999999992
21
-144.3056709999999896
0
LINE
8
BLACK
6
CONTINUOUS
10
125.7309699999999992
20
-144.3056709999999896
11
125.6767770000000013
21
-144.386776999999995
0
LINE
8
BLACK
6
CONTINUOUS
10
125.6767770000000013
20
-144.386776999999995
11
125.5956709999999958
21
-144.440969999999993
0
LINE
8
BLACK
6
CONTINUOUS
10
125.5956709999999958
20
-144.440969999999993
11
125.5
21
-144.4599999999999795
0
LINE
8
BLACK
6
CONTINUOUS
10
125.5
20
-144.4599999999999795
11
124.5999999999999943
21
-144.4599999999999795
0
LINE
8
BLACK
6
CONTINUOUS
10
124.5999999999999943
20
-144.4599999999999795
11
124.5043289999999985
21
-144.440969999999993
0
LINE
8
BLACK
6
CONTINUOUS
10
124.5043289999999985
20
-144.440969999999993
11
124.423222999999993
21
-144.386776999999995
0
LINE
8
BLACK
6
CONTINUOUS
10
124.423222999999993
20
-144.386776999999995
11
124.3690299999999951
21
-144.3056709999999896
0
LINE
8
BLACK
6
CONTINUOUS
10
124.3690299999999951
20
-144.3056709999999896
11
124.3499999999999943
21
-144.2099999999999795
0
LINE
8
BLACK
6
CONTINUOUS
10
124.3499999999999943
20
-144.2099999999999795
11
124.3499999999999943
21
-143.5099999999999909
0
LINE
8
BLACK
6
CONTINUOUS
10
124.3499999999999943
20
-143.5099999999999909
11
124.3690299999999951
21
-143.4143289999999809
0
LINE
8
BLACK
6
CONTINUOUS
10
124.3690299999999951
20
-143.4143289999999809
11
124.423222999999993
21
-143.3332230000000038
0
LINE
8
BLACK
6
CONTINUOUS
10
124.423222999999993
20
-143.3332230000000038
11
124.5043289999999985
21
-143.2790300000000059
0
LINE
8
BLACK
6
CONTINUOUS
10
124.5043289999999985
20
-143.2790300000000059
11
124.5999999999999943
21
-143.2599999999999909
0
LINE
8
BLACK
6
CONTINUOUS
10
124.5999999999999943
20
-143.2599999999999909
11
125.5
21
-143.2599999999999909
0
LINE
8
BLACK
6
CONTINUOUS
10
125.5
20
-143.2599999999999909
11
125.5956709999999958
21
-143.2790300000000059
0
LINE
8
BLACK
6
CONTINUOUS
10
122.1206699999999898
20
-142.8190299999999979
11
122.2017759999999953
21
-142.8732239999999933
0
LINE
8
BLACK
6
CONTINUOUS
10
122.2017759999999953
20
-142.8732239999999933
11
122.2559699999999907
21
-142.9543299999999988
0
LINE
8
BLACK
6
CONTINUOUS
10
122.2559699999999907
20
-142.9543299999999988
11
122.274998999999994
21
-143.0500020000000063
0
LINE
8
BLACK
6
CONTINUOUS
10
122.274998999999994
20
-143.0500020000000063
11
122.2749999999999915
21
-143.9749989999999968
0
LINE
8
BLACK
6
CONTINUOUS
10
122.2749999999999915
20
-143.9749989999999968
11
122.2559699999999907
21
-144.0706700000000069
0
LINE
8
BLACK
6
CONTINUOUS
10
122.2559699999999907
20
-144.0706700000000069
11
122.2017759999999953
21
-144.1517759999999839
0
LINE
8
BLACK
6
CONTINUOUS
10
122.2017759999999953
20
-144.1517759999999839
11
122.1206699999999898
21
-144.2059699999999793
0
LINE
8
BLACK
6
CONTINUOUS
10
122.1206699999999898
20
-144.2059699999999793
11
122.0249979999999965
21
-144.2249989999999968
0
LINE
8
BLACK
6
CONTINUOUS
10
122.0249979999999965
20
-144.2249989999999968
11
120.7750009999999889
21
-144.2249999999999943
0
LINE
8
BLACK
6
CONTINUOUS
10
120.7750009999999889
20
-144.2249999999999943
11
120.6793299999999931
21
-144.2059699999999793
0
LINE
8
BLACK
6
CONTINUOUS
10
120.6793299999999931
20
-144.2059699999999793
11
120.5982239999999877
21
-144.1517759999999839
0
LINE
8
BLACK
6
CONTINUOUS
10
120.5982239999999877
20
-144.1517759999999839
11
120.5440299999999922
21
-144.0706700000000069
0
LINE
8
BLACK
6
CONTINUOUS
10
120.5440299999999922
20
-144.0706700000000069
11
120.5250009999999889
21
-143.9749979999999994
0
LINE
8
BLACK
6
CONTINUOUS
10
120.5250009999999889
20
-143.9749979999999994
11
120.5249999999999915
21
-143.0500009999999804
0
LINE
8
BLACK
6
CONTINUOUS
10
120.5249999999999915
20
-143.0500009999999804
11
120.5440299999999922
21
-142.9543299999999988
0
LINE
8
BLACK
6
CONTINUOUS
10
120.5440299999999922
20
-142.9543299999999988
11
120.5982239999999877
21
-142.8732239999999933
0
LINE
8
BLACK
6
CONTINUOUS
10
120.5982239999999877
20
-142.8732239999999933
11
120.6793299999999931
21
-142.8190299999999979
0
LINE
8
BLACK
6
CONTINUOUS
10
120.6793299999999931
20
-142.8190299999999979
11
120.7750020000000006
21
-142.8000009999999804
0
LINE
8
BLACK
6
CONTINUOUS
10
120.7750020000000006
20
-142.8000009999999804
11
122.024998999999994
21
-142.7999999999999829
0
LINE
8
BLACK
6
CONTINUOUS
10
122.024998999999994
20
-142.7999999999999829
11
122.1206699999999898
21
-142.8190299999999979
0
LINE
8
BLACK
6
CONTINUOUS
10
156.5956709999999816
20
-142.4690300000000036
11
156.6767769999999871
21
-142.5232230000000015
0
LINE
8
BLACK
6
CONTINUOUS
10
156.6767769999999871
20
-142.5232230000000015
11
156.730969999999985
21
-142.604329000000007
0
LINE
8
BLACK
6
CONTINUOUS
10
156.730969999999985
20
-142.604329000000007
11
156.75
21
-142.6999999999999886
0
LINE
8
BLACK
6
CONTINUOUS
10
156.75
20
-142.6999999999999886
11
156.75
21
-143.4000000000000057
0
LINE
8
BLACK
6
CONTINUOUS
10
156.75
20
-143.4000000000000057
11
156.730969999999985
21
-143.4956709999999873
0
LINE
8
BLACK
6
CONTINUOUS
10
156.730969999999985
20
-143.4956709999999873
11
156.6767769999999871
21
-143.5767769999999928
0
LINE
8
BLACK
6
CONTINUOUS
10
156.6767769999999871
20
-143.5767769999999928
11
156.5956709999999816
21
-143.6309699999999907
0
LINE
8
BLACK
6
CONTINUOUS
10
156.5956709999999816
20
-143.6309699999999907
11
156.5
21
-143.6500000000000057
0
LINE
8
BLACK
6
CONTINUOUS
10
156.5
20
-143.6500000000000057
11
155.5999999999999943
21
-143.6500000000000057
0
LINE
8
BLACK
6
CONTINUOUS
10
155.5999999999999943
20
-143.6500000000000057
11
155.5043289999999843
21
-143.6309699999999907
0
LINE
8
BLACK
6
CONTINUOUS
10
155.5043289999999843
20
-143.6309699999999907
11
155.4232229999999788
21
-143.5767769999999928
0
LINE
8
BLACK
6
CONTINUOUS
10
155.4232229999999788
20
-143.5767769999999928
11
155.3690299999999809
21
-143.4956709999999873
0
LINE
8
BLACK
6
CONTINUOUS
10
155.3690299999999809
20
-143.4956709999999873
11
155.3499999999999943
21
-143.4000000000000057
0
LINE
8
BLACK
6
CONTINUOUS
10
155.3499999999999943
20
-143.4000000000000057
11
155.3499999999999943
21
-142.6999999999999886
0
LINE
8
BLACK
6
CONTINUOUS
10
155.3499999999999943
20
-142.6999999999999886
11
155.3690299999999809
21
-142.604329000000007
0
LINE
8
BLACK
6
CONTINUOUS
10
155.3690299999999809
20
-142.604329000000007
11
155.4232229999999788
21
-142.5232230000000015
0
LINE
8
BLACK
6
CONTINUOUS
10
155.4232229999999788
20
-142.5232230000000015
11
155.5043289999999843
21
-142.4690300000000036
0
LINE
8
BLACK
6
CONTINUOUS
10
155.5043289999999843
20
-142.4690300000000036
11
155.5999999999999943
21
-142.4499999999999886
0
LINE
8
BLACK
6
CONTINUOUS
10
155.5999999999999943
20
-142.4499999999999886
11
156.5
21
-142.4499999999999886
0
LINE
8
BLACK
6
CONTINUOUS
10
156.5
20
-142.4499999999999886
11
156.5956709999999816
21
-142.4690300000000036
0
LINE
8
BLACK
6
CONTINUOUS
10
159.020670999999993
20
-142.4440299999999979
11
159.1017769999999985
21
-142.4982229999999959
0
LINE
8
BLACK
6
CONTINUOUS
10
159.1017769999999985
20
-142.4982229999999959
11
159.1559699999999964
21
-142.5793290000000013
0
LINE
8
BLACK
6
CONTINUOUS
10
159.1559699999999964
20
-142.5793290000000013
11
159.1749999999999829
21
-142.6749999999999829
0
LINE
8
BLACK
6
CONTINUOUS
10
159.1749999999999829
20
-142.6749999999999829
11
159.1749999999999829
21
-143.3499999999999943
0
LINE
8
BLACK
6
CONTINUOUS
10
159.1749999999999829
20
-143.3499999999999943
11
159.1559699999999964
21
-143.4456710000000044
0
LINE
8
BLACK
6
CONTINUOUS
10
159.1559699999999964
20
-143.4456710000000044
11
159.1017769999999985
21
-143.5267769999999814
0
LINE
8
BLACK
6
CONTINUOUS
10
159.1017769999999985
20
-143.5267769999999814
11
159.020670999999993
21
-143.5809699999999793
0
LINE
8
BLACK
6
CONTINUOUS
10
159.020670999999993
20
-143.5809699999999793
11
158.9249999999999829
21
-143.5999999999999943
0
LINE
8
BLACK
6
CONTINUOUS
10
158.9249999999999829
20
-143.5999999999999943
11
157.9749999999999943
21
-143.5999999999999943
0
LINE
8
BLACK
6
CONTINUOUS
10
157.9749999999999943
20
-143.5999999999999943
11
157.8793289999999843
21
-143.5809699999999793
0
LINE
8
BLACK
6
CONTINUOUS
10
157.8793289999999843
20
-143.5809699999999793
11
157.7982229999999788
21
-143.5267769999999814
0
LINE
8
BLACK
6
CONTINUOUS
10
157.7982229999999788
20
-143.5267769999999814
11
157.7440299999999809
21
-143.4456710000000044
0
LINE
8
BLACK
6
CONTINUOUS
10
157.7440299999999809
20
-143.4456710000000044
11
157.7249999999999943
21
-143.3499999999999943
0
LINE
8
BLACK
6
CONTINUOUS
10
157.7249999999999943
20
-143.3499999999999943
11
157.7249999999999943
21
-142.6749999999999829
0
LINE
8
BLACK
6
CONTINUOUS
10
157.7249999999999943
20
-142.6749999999999829
11
157.7440299999999809
21
-142.5793290000000013
0
LINE
8
BLACK
6
CONTINUOUS
10
157.7440299999999809
20
-142.5793290000000013
11
157.7982229999999788
21
-142.4982229999999959
0
LINE
8
BLACK
6
CONTINUOUS
10
157.7982229999999788
20
-142.4982229999999959
11
157.8793289999999843
21
-142.4440299999999979
0
LINE
8
BLACK
6
CONTINUOUS
10
157.8793289999999843
20
-142.4440299999999979
11
157.9749999999999943
21
-142.4249999999999829
0
LINE
8
BLACK
6
CONTINUOUS
10
157.9749999999999943
20
-142.4249999999999829
11
158.9249999999999829
21
-142.4249999999999829
0
LINE
8
BLACK
6
CONTINUOUS
10
158.9249999999999829
20
-142.4249999999999829
11
159.020670999999993
21
-142.4440299999999979
0
LINE
8
BLACK
6
CONTINUOUS
10
156.6206709999999873
20
-139.3190299999999979
11
156.7017769999999928
21
-139.3732229999999959
0
LINE
8
BLACK
6
CONTINUOUS
10
156.7017769999999928
20
-139.3732229999999959
11
156.7559699999999907
21
-139.4543290000000013
0
LINE
8
BLACK
6
CONTINUOUS
10
156.7559699999999907
20
-139.4543290000000013
11
156.7750000000000057
21
-139.5499999999999829
0
LINE
8
BLACK
6
CONTINUOUS
10
156.7750000000000057
20
-139.5499999999999829
11
156.7750000000000057
21
-140.2249999999999943
0
LINE
8
BLACK
6
CONTINUOUS
10
156.7750000000000057
20
-140.2249999999999943
11
156.7559699999999907
21
-140.3206710000000044
0
LINE
8
BLACK
6
CONTINUOUS
10
156.7559699999999907
20
-140.3206710000000044
11
156.7017769999999928
21
-140.4017769999999814
0
LINE
8
BLACK
6
CONTINUOUS
10
156.7017769999999928
20
-140.4017769999999814
11
156.6206709999999873
21
-140.4559700000000078
0
LINE
8
BLACK
6
CONTINUOUS
10
156.6206709999999873
20
-140.4559700000000078
11
156.5250000000000057
21
-140.4749999999999943
0
LINE
8
BLACK
6
CONTINUOUS
10
156.5250000000000057
20
-140.4749999999999943
11
155.5749999999999886
21
-140.4749999999999943
0
LINE
8
BLACK
6
CONTINUOUS
10
155.5749999999999886
20
-140.4749999999999943
11
155.479329000000007
21
-140.4559700000000078
0
LINE
8
BLACK
6
CONTINUOUS
10
155.479329000000007
20
-140.4559700000000078
11
155.3982230000000015
21
-140.4017769999999814
0
LINE
8
BLACK
6
CONTINUOUS
10
155.3982230000000015
20
-140.4017769999999814
11
155.3440300000000036
21
-140.3206710000000044
0
LINE
8
BLACK
6
CONTINUOUS
10
155.3440300000000036
20
-140.3206710000000044
11
155.3249999999999886
21
-140.2249999999999943
0
LINE
8
BLACK
6
CONTINUOUS
10
155.3249999999999886
20
-140.2249999999999943
11
155.3249999999999886
21
-139.5499999999999829
0
LINE
8
BLACK
6
CONTINUOUS
10
155.3249999999999886
20
-139.5499999999999829
11
155.3440300000000036
21
-139.4543290000000013
0
LINE
8
BLACK
6
CONTINUOUS
10
155.3440300000000036
20
-139.4543290000000013
11
155.3982230000000015
21
-139.3732229999999959
0
LINE
8
BLACK
6
CONTINUOUS
10
155.3982230000000015
20
-139.3732229999999959
11
155.479329000000007
21
-139.3190299999999979
0
LINE
8
BLACK
6
CONTINUOUS
10
155.479329000000007
20
-139.3190299999999979
11
155.5749999999999886
21
-139.2999999999999829
0
LINE
8
BLACK
6
CONTINUOUS
10
155.5749999999999886
20
-139.2999999999999829
11
156.5250000000000057
21
-139.2999999999999829
0
LINE
8
BLACK
6
CONTINUOUS
10
156.5250000000000057
20
-139.2999999999999829
11
156.6206709999999873
21
-139.3190299999999979
0
LINE
8
BLACK
6
CONTINUOUS
10
129.5706710000000044
20
-139.2690299999999866
11
129.6517769999999814
21
-139.3232229999999845
0
LINE
8
BLACK
6
CONTINUOUS
10
129.6517769999999814
20
-139.3232229999999845
11
129.7059700000000078
21
-139.4043289999999899
0
LINE
8
BLACK
6
CONTINUOUS
10
129.7059700000000078
20
-139.4043289999999899
11
129.7249999999999943
21
-139.5
0
LINE
8
BLACK
6
CONTINUOUS
10
129.7249999999999943
20
-139.5
11
129.7249999999999943
21
-140.1749999999999829
0
LINE
8
BLACK
6
CONTINUOUS
10
129.7249999999999943
20
-140.1749999999999829
11
129.7059700000000078
21
-140.270670999999993
0
LINE
8
BLACK
6
CONTINUOUS
10
129.7059700000000078
20
-140.270670999999993
11
129.6517769999999814
21
-140.3517769999999985
0
LINE
8
BLACK
6
CONTINUOUS
10
129.6517769999999814
20
-140.3517769999999985
11
129.5706710000000044
21
-140.4059699999999964
0
LINE
8
BLACK
6
CONTINUOUS
10
129.5706710000000044
20
-140.4059699999999964
11
129.4749999999999943
21
-140.4249999999999829
0
LINE
8
BLACK
6
CONTINUOUS
10
129.4749999999999943
20
-140.4249999999999829
11
128.5250000000000057
21
-140.4249999999999829
0
LINE
8
BLACK
6
CONTINUOUS
10
128.5250000000000057
20
-140.4249999999999829
11
128.4293289999999956
21
-140.4059699999999964
0
LINE
8
BLACK
6
CONTINUOUS
10
128.4293289999999956
20
-140.4059699999999964
11
128.3482229999999902
21
-140.3517769999999985
0
LINE
8
BLACK
6
CONTINUOUS
10
128.3482229999999902
20
-140.3517769999999985
11
128.2940299999999922
21
-140.270670999999993
0
LINE
8
BLACK
6
CONTINUOUS
10
128.2940299999999922
20
-140.270670999999993
11
128.2750000000000057
21
-140.1749999999999829
0
LINE
8
BLACK
6
CONTINUOUS
10
128.2750000000000057
20
-140.1749999999999829
11
128.2750000000000057
21
-139.5
0
LINE
8
BLACK
6
CONTINUOUS
10
128.2750000000000057
20
-139.5
11
128.2940299999999922
21
-139.4043289999999899
0
LINE
8
BLACK
6
CONTINUOUS
10
128.2940299999999922
20
-139.4043289999999899
11
128.3482229999999902
21
-139.3232229999999845
0
LINE
8
BLACK
6
CONTINUOUS
10
128.3482229999999902
20
-139.3232229999999845
11
128.4293289999999956
21
-139.2690299999999866
0
LINE
8
BLACK
6
CONTINUOUS
10
128.4293289999999956
20
-139.2690299999999866
11
128.5250000000000057
21
-139.25
0
LINE
8
BLACK
6
CONTINUOUS
10
128.5250000000000057
20
-139.25
11
129.4749999999999943
21
-139.25
0
LINE
8
BLACK
6
CONTINUOUS
10
129.4749999999999943
20
-139.25
11
129.5706710000000044
21
-139.2690299999999866
0
LINE
8
BLACK
6
CONTINUOUS
10
151.8706709999999873
20
-139.2690299999999866
11
151.9517769999999928
21
-139.3232229999999845
0
LINE
8
BLACK
6
CONTINUOUS
10
151.9517769999999928
20
-139.3232229999999845
11
152.0059699999999907
21
-139.4043289999999899
0
LINE
8
BLACK
6
CONTINUOUS
10
152.0059699999999907
20
-139.4043289999999899
11
152.0250000000000057
21
-139.5
0
LINE
8
BLACK
6
CONTINUOUS
10
152.0250000000000057
20
-139.5
11
152.0250000000000057
21
-140.1749999999999829
0
LINE
8
BLACK
6
CONTINUOUS
10
152.0250000000000057
20
-140.1749999999999829
11
152.0059699999999907
21
-140.270670999999993
0
LINE
8
BLACK
6
CONTINUOUS
10
152.0059699999999907
20
-140.270670999999993
11
151.9517769999999928
21
-140.3517769999999985
0
LINE
8
BLACK
6
CONTINUOUS
10
151.9517769999999928
20
-140.3517769999999985
11
151.8706709999999873
21
-140.4059699999999964
0
LINE
8
BLACK
6
CONTINUOUS
10
151.8706709999999873
20
-140.4059699999999964
11
151.7750000000000057
21
-140.4249999999999829
0
LINE
8
BLACK
6
CONTINUOUS
10
151.7750000000000057
20
-140.4249999999999829
11
150.8249999999999886
21
-140.4249999999999829
0
LINE
8
BLACK
6
CONTINUOUS
10
150.8249999999999886
20
-140.4249999999999829
11
150.729329000000007
21
-140.4059699999999964
0
LINE
8
BLACK
6
CONTINUOUS
10
150.729329000000007
20
-140.4059699999999964
11
150.6482230000000015
21
-140.3517769999999985
0
LINE
8
BLACK
6
CONTINUOUS
10
150.6482230000000015
20
-140.3517769999999985
11
150.5940300000000036
21
-140.270670999999993
0
LINE
8
BLACK
6
CONTINUOUS
10
150.5940300000000036
20
-140.270670999999993
11
150.5749999999999886
21
-140.1749999999999829
0
LINE
8
BLACK
6
CONTINUOUS
10
150.5749999999999886
20
-140.1749999999999829
11
150.5749999999999886
21
-139.5
0
LINE
8
BLACK
6
CONTINUOUS
10
150.5749999999999886
20
-139.5
11
150.5940300000000036
21
-139.4043289999999899
0
LINE
8
BLACK
6
CONTINUOUS
10
150.5940300000000036
20
-139.4043289999999899
11
150.6482230000000015
21
-139.3232229999999845
0
LINE
8
BLACK
6
CONTINUOUS
10
150.6482230000000015
20
-139.3232229999999845
11
150.729329000000007
21
-139.2690299999999866
0
LINE
8
BLACK
6
CONTINUOUS
10
150.729329000000007
20
-139.2690299999999866
11
150.8249999999999886
21
-139.25
0
LINE
8
BLACK
6
CONTINUOUS
10
150.8249999999999886
20
-139.25
11
151.7750000000000057
21
-139.25
0
LINE
8
BLACK
6
CONTINUOUS
10
151.7750000000000057
20
-139.25
11
151.8706709999999873
21
-139.2690299999999866
0
LINE
8
BLACK
6
CONTINUOUS
10
131.7456709999999873
20
-139.2190300000000036
11
131.8267769999999928
21
-139.2732230000000015
0
LINE
8
BLACK
6
CONTINUOUS
10
131.8267769999999928
20
-139.2732230000000015
11
131.8809699999999907
21
-139.354329000000007
0
LINE
8
BLACK
6
CONTINUOUS
10
131.8809699999999907
20
-139.354329000000007
11
131.9000000000000057
21
-139.4499999999999886
0
LINE
8
BLACK
6
CONTINUOUS
10
131.9000000000000057
20
-139.4499999999999886
11
131.9000000000000057
21
-140.1500000000000057
0
LINE
8
BLACK
6
CONTINUOUS
10
131.9000000000000057
20
-140.1500000000000057
11
131.8809699999999907
21
-140.2456709999999873
0
LINE
8
BLACK
6
CONTINUOUS
10
131.8809699999999907
20
-140.2456709999999873
11
131.8267769999999928
21
-140.3267769999999928
0
LINE
8
BLACK
6
CONTINUOUS
10
131.8267769999999928
20
-140.3267769999999928
11
131.7456709999999873
21
-140.3809699999999907
0
LINE
8
BLACK
6
CONTINUOUS
10
131.7456709999999873
20
-140.3809699999999907
11
131.6500000000000057
21
-140.4000000000000057
0
LINE
8
BLACK
6
CONTINUOUS
10
131.6500000000000057
20
-140.4000000000000057
11
130.75
21
-140.4000000000000057
0
LINE
8
BLACK
6
CONTINUOUS
10
130.75
20
-140.4000000000000057
11
130.6543289999999899
21
-140.3809699999999907
0
LINE
8
BLACK
6
CONTINUOUS
10
130.6543289999999899
20
-140.3809699999999907
11
130.5732229999999845
21
-140.3267769999999928
0
LINE
8
BLACK
6
CONTINUOUS
10
130.5732229999999845
20
-140.3267769999999928
11
130.5190299999999866
21
-140.2456709999999873
0
LINE
8
BLACK
6
CONTINUOUS
10
130.5190299999999866
20
-140.2456709999999873
11
130.5
21
-140.1500000000000057
0
LINE
8
BLACK
6
CONTINUOUS
10
130.5
20
-140.1500000000000057
11
130.5
21
-139.4499999999999886
0
LINE
8
BLACK
6
CONTINUOUS
10
130.5
20
-139.4499999999999886
11
130.5190299999999866
21
-139.354329000000007
0
LINE
8
BLACK
6
CONTINUOUS
10
130.5190299999999866
20
-139.354329000000007
11
130.5732229999999845
21
-139.2732230000000015
0
LINE
8
BLACK
6
CONTINUOUS
10
130.5732229999999845
20
-139.2732230000000015
11
130.6543289999999899
21
-139.2190300000000036
0
LINE
8
BLACK
6
CONTINUOUS
10
130.6543289999999899
20
-139.2190300000000036
11
130.75
21
-139.1999999999999886
0
LINE
8
BLACK
6
CONTINUOUS
10
130.75
20
-139.1999999999999886
11
131.6500000000000057
21
-139.1999999999999886
0
LINE
8
BLACK
6
CONTINUOUS
10
131.6500000000000057
20
-139.1999999999999886
11
131.7456709999999873
21
-139.2190300000000036
0
LINE
8
BLACK
6
CONTINUOUS
10
134.145670999999993
20
-139.2190300000000036
11
134.2267769999999985
21
-139.2732230000000015
0
LINE
8
BLACK
6
CONTINUOUS
10
134.2267769999999985
20
-139.2732230000000015
11
134.2809699999999964
21
-139.354329000000007
0
LINE
8
BLACK
6
CONTINUOUS
10
134.2809699999999964
20
-139.354329000000007
11
134.2999999999999829
21
-139.4499999999999886
0
LINE
8
BLACK
6
CONTINUOUS
10
134.2999999999999829
20
-139.4499999999999886
11
134.2999999999999829
21
-140.1500000000000057
0
LINE
8
BLACK
6
CONTINUOUS
10
134.2999999999999829
20
-140.1500000000000057
11
134.2809699999999964
21
-140.2456709999999873
0
LINE
8
BLACK
6
CONTINUOUS
10
134.2809699999999964
20
-140.2456709999999873
11
134.2267769999999985
21
-140.3267769999999928
0
LINE
8
BLACK
6
CONTINUOUS
10
134.2267769999999985
20
-140.3267769999999928
11
134.145670999999993
21
-140.3809699999999907
0
LINE
8
BLACK
6
CONTINUOUS
10
134.145670999999993
20
-140.3809699999999907
11
134.0499999999999829
21
-140.4000000000000057
0
LINE
8
BLACK
6
CONTINUOUS
10
134.0499999999999829
20
-140.4000000000000057
11
133.1500000000000057
21
-140.4000000000000057
0
LINE
8
BLACK
6
CONTINUOUS
10
133.1500000000000057
20
-140.4000000000000057
11
133.0543289999999956
21
-140.3809699999999907
0
LINE
8
BLACK
6
CONTINUOUS
10
133.0543289999999956
20
-140.3809699999999907
11
132.9732229999999902
21
-140.3267769999999928
0
LINE
8
BLACK
6
CONTINUOUS
10
132.9732229999999902
20
-140.3267769999999928
11
132.9190299999999922
21
-140.2456709999999873
0
LINE
8
BLACK
6
CONTINUOUS
10
132.9190299999999922
20
-140.2456709999999873
11
132.9000000000000057
21
-140.1500000000000057
0
LINE
8
BLACK
6
CONTINUOUS
10
132.9000000000000057
20
-140.1500000000000057
11
132.9000000000000057
21
-139.4499999999999886
0
LINE
8
BLACK
6
CONTINUOUS
10
132.9000000000000057
20
-139.4499999999999886
11
132.9190299999999922
21
-139.354329000000007
0
LINE
8
BLACK
6
CONTINUOUS
10
132.9190299999999922
20
-139.354329000000007
11
132.9732229999999902
21
-139.2732230000000015
0
LINE
8
BLACK
6
CONTINUOUS
10
132.9732229999999902
20
-139.2732230000000015
11
133.0543289999999956
21
-139.2190300000000036
0
LINE
8
BLACK
6
CONTINUOUS
10
133.0543289999999956
20
-139.2190300000000036
11
133.1500000000000057
21
-139.1999999999999886
0
LINE
8
BLACK
6
CONTINUOUS
10
133.1500000000000057
20
-139.1999999999999886
11
134.0499999999999829
21
-139.1999999999999886
0
LINE
8
BLACK
6
CONTINUOUS
10
134.0499999999999829
20
-139.1999999999999886
11
134.145670999999993
21
-139.2190300000000036
0
LINE
8
BLACK
6
CONTINUOUS
10
136.7456709999999873
20
-139.2190300000000036
11
136.8267769999999928
21
-139.2732230000000015
0
LINE
8
BLACK
6
CONTINUOUS
10
136.8267769999999928
20
-139.2732230000000015
11
136.8809699999999907
21
-139.354329000000007
0
LINE
8
BLACK
6
CONTINUOUS
10
136.8809699999999907
20
-139.354329000000007
11
136.9000000000000057
21
-139.4499999999999886
0
LINE
8
BLACK
6
CONTINUOUS
10
136.9000000000000057
20
-139.4499999999999886
11
136.9000000000000057
21
-140.1500000000000057
0
LINE
8
BLACK
6
CONTINUOUS
10
136.9000000000000057
20
-140.1500000000000057
11
136.8809699999999907
21
-140.2456709999999873
0
LINE
8
BLACK
6
CONTINUOUS
10
136.8809699999999907
20
-140.2456709999999873
11
136.8267769999999928
21
-140.3267769999999928
0
LINE
8
BLACK
6
CONTINUOUS
10
136.8267769999999928
20
-140.3267769999999928
11
136.7456709999999873
21
-140.3809699999999907
0
LINE
8
BLACK
6
CONTINUOUS
10
136.7456709999999873
20
-140.3809699999999907
11
136.6500000000000057
21
-140.4000000000000057
0
LINE
8
BLACK
6
CONTINUOUS
10
136.6500000000000057
20
-140.4000000000000057
11
135.75
21
-140.4000000000000057
0
LINE
8
BLACK
6
CONTINUOUS
10
135.75
20
-140.4000000000000057
11
135.6543289999999899
21
-140.3809699999999907
0
LINE
8
BLACK
6
CONTINUOUS
10
135.6543289999999899
20
-140.3809699999999907
11
135.5732229999999845
21
-140.3267769999999928
0
LINE
8
BLACK
6
CONTINUOUS
10
135.5732229999999845
20
-140.3267769999999928
11
135.5190299999999866
21
-140.2456709999999873
0
LINE
8
BLACK
6
CONTINUOUS
10
135.5190299999999866
20
-140.2456709999999873
11
135.5
21
-140.1500000000000057
0
LINE
8
BLACK
6
CONTINUOUS
10
135.5
20
-140.1500000000000057
11
135.5
21
-139.4499999999999886
0
LINE
8
BLACK
6
CONTINUOUS
10
135.5
20
-139.4499999999999886
11
135.5190299999999866
21
-139.354329000000007
0
LINE
8
BLACK
6
CONTINUOUS
10
135.5190299999999866
20
-139.354329000000007
11
135.5732229999999845
21
-139.2732230000000015
0
LINE
8
BLACK
6
CONTINUOUS
10
135.5732229999999845
20
-139.2732230000000015
11
135.6543289999999899
21
-139.2190300000000036
0
LINE
8
BLACK
6
CONTINUOUS
10
135.6543289999999899
20
-139.2190300000000036
11
135.75
21
-139.1999999999999886
0
LINE
8
BLACK
6
CONTINUOUS
10
135.75
20
-139.1999999999999886
11
136.6500000000000057
21
-139.1999999999999886
0
LINE
8
BLACK
6
CONTINUOUS
10
136.6500000000000057
20
-139.1999999999999886
11
136.7456709999999873
21
-139.2190300000000036
0
LINE
8
BLACK
6
CONTINUOUS
10
139.3456709999999816
20
-139.2190300000000036
11
139.4267769999999871
21
-139.2732230000000015
0
LINE
8
BLACK
6
CONTINUOUS
10
139.4267769999999871
20
-139.2732230000000015
11
139.480969999999985
21
-139.354329000000007
0
LINE
8
BLACK
6
CONTINUOUS
10
139.480969999999985
20
-139.354329000000007
11
139.5
21
-139.4499999999999886
0
LINE
8
BLACK
6
CONTINUOUS
10
139.5
20
-139.4499999999999886
11
139.5
21
-140.1500000000000057
0
LINE
8
BLACK
6
CONTINUOUS
10
139.5
20
-140.1500000000000057
11
139.480969999999985
21
-140.2456709999999873
0
LINE
8
BLACK
6
CONTINUOUS
10
139.480969999999985
20
-140.2456709999999873
11
139.4267769999999871
21
-140.3267769999999928
0
LINE
8
BLACK
6
CONTINUOUS
10
139.4267769999999871
20
-140.3267769999999928
11
139.3456709999999816
21
-140.3809699999999907
0
LINE
8
BLACK
6
CONTINUOUS
10
139.3456709999999816
20
-140.3809699999999907
11
139.25
21
-140.4000000000000057
0
LINE
8
BLACK
6
CONTINUOUS
10
139.25
20
-140.4000000000000057
11
138.3499999999999943
21
-140.4000000000000057
0
LINE
8
BLACK
6
CONTINUOUS
10
138.3499999999999943
20
-140.4000000000000057
11
138.2543289999999843
21
-140.3809699999999907
0
LINE
8
BLACK
6
CONTINUOUS
10
138.2543289999999843
20
-140.3809699999999907
11
138.1732230000000072
21
-140.3267769999999928
0
LINE
8
BLACK
6
CONTINUOUS
10
138.1732230000000072
20
-140.3267769999999928
11
138.1190299999999809
21
-140.2456709999999873
0
LINE
8
BLACK
6
CONTINUOUS
10
138.1190299999999809
20
-140.2456709999999873
11
138.0999999999999943
21
-140.1500000000000057
0
LINE
8
BLACK
6
CONTINUOUS
10
138.0999999999999943
20
-140.1500000000000057
11
138.0999999999999943
21
-139.4499999999999886
0
LINE
8
BLACK
6
CONTINUOUS
10
138.0999999999999943
20
-139.4499999999999886
11
138.1190299999999809
21
-139.354329000000007
0
LINE
8
BLACK
6
CONTINUOUS
10
138.1190299999999809
20
-139.354329000000007
11
138.1732230000000072
21
-139.2732230000000015
0
LINE
8
BLACK
6
CONTINUOUS
10
138.1732230000000072
20
-139.2732230000000015
11
138.2543289999999843
21
-139.2190300000000036
0
LINE
8
BLACK
6
CONTINUOUS
10
138.2543289999999843
20
-139.2190300000000036
11
138.3499999999999943
21
-139.1999999999999886
0
LINE
8
BLACK
6
CONTINUOUS
10
138.3499999999999943
20
-139.1999999999999886
11
139.25
21
-139.1999999999999886
0
LINE
8
BLACK
6
CONTINUOUS
10
139.25
20
-139.1999999999999886
11
139.3456709999999816
21
-139.2190300000000036
0
LINE
8
BLACK
6
CONTINUOUS
10
141.895670999999993
20
-139.2190300000000036
11
141.9767769999999985
21
-139.2732230000000015
0
LINE
8
BLACK
6
CONTINUOUS
10
141.9767769999999985
20
-139.2732230000000015
11
142.0309699999999964
21
-139.354329000000007
0
LINE
8
BLACK
6
CONTINUOUS
10
142.0309699999999964
20
-139.354329000000007
11
142.0499999999999829
21
-139.4499999999999886
0
LINE
8
BLACK
6
CONTINUOUS
10
142.0499999999999829
20
-139.4499999999999886
11
142.0499999999999829
21
-140.1500000000000057
0
LINE
8
BLACK
6
CONTINUOUS
10
142.0499999999999829
20
-140.1500000000000057
11
142.0309699999999964
21
-140.2456709999999873
0
LINE
8
BLACK
6
CONTINUOUS
10
142.0309699999999964
20
-140.2456709999999873
11
141.9767769999999985
21
-140.3267769999999928
0
LINE
8
BLACK
6
CONTINUOUS
10
141.9767769999999985
20
-140.3267769999999928
11
141.895670999999993
21
-140.3809699999999907
0
LINE
8
BLACK
6
CONTINUOUS
10
141.895670999999993
20
-140.3809699999999907
11
141.7999999999999829
21
-140.4000000000000057
0
LINE
8
BLACK
6
CONTINUOUS
10
141.7999999999999829
20
-140.4000000000000057
11
140.9000000000000057
21
-140.4000000000000057
0
LINE
8
BLACK
6
CONTINUOUS
10
140.9000000000000057
20
-140.4000000000000057
11
140.8043289999999956
21
-140.3809699999999907
0
LINE
8
BLACK
6
CONTINUOUS
10
140.8043289999999956
20
-140.3809699999999907
11
140.7232229999999902
21
-140.3267769999999928
0
LINE
8
BLACK
6
CONTINUOUS
10
140.7232229999999902
20
-140.3267769999999928
11
140.6690299999999922
21
-140.2456709999999873
0
LINE
8
BLACK
6
CONTINUOUS
10
140.6690299999999922
20
-140.2456709999999873
11
140.6500000000000057
21
-140.1500000000000057
0
LINE
8
BLACK
6
CONTINUOUS
10
140.6500000000000057
20
-140.1500000000000057
11
140.6500000000000057
21
-139.4499999999999886
0
LINE
8
BLACK
6
CONTINUOUS
10
140.6500000000000057
20
-139.4499999999999886
11
140.6690299999999922
21
-139.354329000000007
0
LINE
8
BLACK
6
CONTINUOUS
10
140.6690299999999922
20
-139.354329000000007
11
140.7232229999999902
21
-139.2732230000000015
0
LINE
8
BLACK
6
CONTINUOUS
10
140.7232229999999902
20
-139.2732230000000015
11
140.8043289999999956
21
-139.2190300000000036
0
LINE
8
BLACK
6
CONTINUOUS
10
140.8043289999999956
20
-139.2190300000000036
11
140.9000000000000057
21
-139.1999999999999886
0
LINE
8
BLACK
6
CONTINUOUS
10
140.9000000000000057
20
-139.1999999999999886
11
141.7999999999999829
21
-139.1999999999999886
0
LINE
8
BLACK
6
CONTINUOUS
10
141.7999999999999829
20
-139.1999999999999886
11
141.895670999999993
21
-139.2190300000000036
0
LINE
8
BLACK
6
CONTINUOUS
10
144.5456709999999987
20
-139.2190300000000036
11
144.6267770000000041
21
-139.2732230000000015
0
LINE
8
BLACK
6
CONTINUOUS
10
144.6267770000000041
20
-139.2732230000000015
11
144.6809700000000021
21
-139.354329000000007
0
LINE
8
BLACK
6
CONTINUOUS
10
144.6809700000000021
20
-139.354329000000007
11
144.6999999999999886
21
-139.4499999999999886
0
LINE
8
BLACK
6
CONTINUOUS
10
144.6999999999999886
20
-139.4499999999999886
11
144.6999999999999886
21
-140.1500000000000057
0
LINE
8
BLACK
6
CONTINUOUS
10
144.6999999999999886
20
-140.1500000000000057
11
144.6809700000000021
21
-140.2456709999999873
0
LINE
8
BLACK
6
CONTINUOUS
10
144.6809700000000021
20
-140.2456709999999873
11
144.6267770000000041
21
-140.3267769999999928
0
LINE
8
BLACK
6
CONTINUOUS
10
144.6267770000000041
20
-140.3267769999999928
11
144.5456709999999987
21
-140.3809699999999907
0
LINE
8
BLACK
6
CONTINUOUS
10
144.5456709999999987
20
-140.3809699999999907
11
144.4499999999999886
21
-140.4000000000000057
0
LINE
8
BLACK
6
CONTINUOUS
10
144.4499999999999886
20
-140.4000000000000057
11
143.5499999999999829
21
-140.4000000000000057
0
LINE
8
BLACK
6
CONTINUOUS
10
143.5499999999999829
20
-140.4000000000000057
11
143.4543290000000013
21
-140.3809699999999907
0
LINE
8
BLACK
6
CONTINUOUS
10
143.4543290000000013
20
-140.3809699999999907
11
143.3732229999999959
21
-140.3267769999999928
0
LINE
8
BLACK
6
CONTINUOUS
10
143.3732229999999959
20
-140.3267769999999928
11
143.3190299999999979
21
-140.2456709999999873
0
LINE
8
BLACK
6
CONTINUOUS
10
143.3190299999999979
20
-140.2456709999999873
11
143.2999999999999829
21
-140.1500000000000057
0
LINE
8
BLACK
6
CONTINUOUS
10
143.2999999999999829
20
-140.1500000000000057
11
143.2999999999999829
21
-139.4499999999999886
0
LINE
8
BLACK
6
CONTINUOUS
10
143.2999999999999829
20
-139.4499999999999886
11
143.3190299999999979
21
-139.354329000000007
0
LINE
8
BLACK
6
CONTINUOUS
10
143.3190299999999979
20
-139.354329000000007
11
143.3732229999999959
21
-139.2732230000000015
0
LINE
8
BLACK
6
CONTINUOUS
10
143.3732229999999959
20
-139.2732230000000015
11
143.4543290000000013
21
-139.2190300000000036
0
LINE
8
BLACK
6
CONTINUOUS
10
143.4543290000000013
20
-139.2190300000000036
11
143.5499999999999829
21
-139.1999999999999886
0
LINE
8
BLACK
6
CONTINUOUS
10
143.5499999999999829
20
-139.1999999999999886
11
144.4499999999999886
21
-139.1999999999999886
0
LINE
8
BLACK
6
CONTINUOUS
10
144.4499999999999886
20
-139.1999999999999886
11
144.5456709999999987
21
-139.2190300000000036
0
LINE
8
BLACK
6
CONTINUOUS
10
149.5456709999999987
20
-139.2190300000000036
11
149.6267770000000041
21
-139.2732230000000015
0
LINE
8
BLACK
6
CONTINUOUS
10
149.6267770000000041
20
-139.2732230000000015
11
149.6809700000000021
21
-139.354329000000007
0
LINE
8
BLACK
6
CONTINUOUS
10
149.6809700000000021
20
-139.354329000000007
11
149.6999999999999886
21
-139.4499999999999886
0
LINE
8
BLACK
6
CONTINUOUS
10
149.6999999999999886
20
-139.4499999999999886
11
149.6999999999999886
21
-140.1500000000000057
0
LINE
8
BLACK
6
CONTINUOUS
10
149.6999999999999886
20
-140.1500000000000057
11
149.6809700000000021
21
-140.2456709999999873
0
LINE
8
BLACK
6
CONTINUOUS
10
149.6809700000000021
20
-140.2456709999999873
11
149.6267770000000041
21
-140.3267769999999928
0
LINE
8
BLACK
6
CONTINUOUS
10
149.6267770000000041
20
-140.3267769999999928
11
149.5456709999999987
21
-140.3809699999999907
0
LINE
8
BLACK
6
CONTINUOUS
10
149.5456709999999987
20
-140.3809699999999907
11
149.4499999999999886
21
-140.4000000000000057
0
LINE
8
BLACK
6
CONTINUOUS
10
149.4499999999999886
20
-140.4000000000000057
11
148.5499999999999829
21
-140.4000000000000057
0
LINE
8
BLACK
6
CONTINUOUS
10
148.5499999999999829
20
-140.4000000000000057
11
148.4543290000000013
21
-140.3809699999999907
0
LINE
8
BLACK
6
CONTINUOUS
10
148.4543290000000013
20
-140.3809699999999907
11
148.3732229999999959
21
-140.3267769999999928
0
LINE
8
BLACK
6
CONTINUOUS
10
148.3732229999999959
20
-140.3267769999999928
11
148.3190299999999979
21
-140.2456709999999873
0
LINE
8
BLACK
6
CONTINUOUS
10
148.3190299999999979
20
-140.2456709999999873
11
148.2999999999999829
21
-140.1500000000000057
0
LINE
8
BLACK
6
CONTINUOUS
10
148.2999999999999829
20
-140.1500000000000057
11
148.2999999999999829
21
-139.4499999999999886
0
LINE
8
BLACK
6
CONTINUOUS
10
148.2999999999999829
20
-139.4499999999999886
11
148.3190299999999979
21
-139.354329000000007
0
LINE
8
BLACK
6
CONTINUOUS
10
148.3190299999999979
20
-139.354329000000007
11
148.3732229999999959
21
-139.2732230000000015
0
LINE
8
BLACK
6
CONTINUOUS
10
148.3732229999999959
20
-139.2732230000000015
11
148.4543290000000013
21
-139.2190300000000036
0
LINE
8
BLACK
6
CONTINUOUS
10
148.4543290000000013
20
-139.2190300000000036
11
148.5499999999999829
21
-139.1999999999999886
0
LINE
8
BLACK
6
CONTINUOUS
10
148.5499999999999829
20
-139.1999999999999886
11
149.4499999999999886
21
-139.1999999999999886
0
LINE
8
BLACK
6
CONTINUOUS
10
149.4499999999999886
20
-139.1999999999999886
11
149.5456709999999987
21
-139.2190300000000036
0
LINE
8
BLACK
6
CONTINUOUS
10
154.2956709999999987
20
-139.2190300000000036
11
154.3767770000000041
21
-139.2732230000000015
0
LINE
8
BLACK
6
CONTINUOUS
10
154.3767770000000041
20
-139.2732230000000015
11
154.4309700000000021
21
-139.354329000000007
0
LINE
8
BLACK
6
CONTINUOUS
10
154.4309700000000021
20
-139.354329000000007
11
154.4499999999999886
21
-139.4499999999999886
0
LINE
8
BLACK
6
CONTINUOUS
10
154.4499999999999886
20
-139.4499999999999886
11
154.4499999999999886
21
-140.1500000000000057
0
LINE
8
BLACK
6
CONTINUOUS
10
154.4499999999999886
20
-140.1500000000000057
11
154.4309700000000021
21
-140.2456709999999873
0
LINE
8
BLACK
6
CONTINUOUS
10
154.4309700000000021
20
-140.2456709999999873
11
154.3767770000000041
21
-140.3267769999999928
0
LINE
8
BLACK
6
CONTINUOUS
10
154.3767770000000041
20
-140.3267769999999928
11
154.2956709999999987
21
-140.3809699999999907
0
LINE
8
BLACK
6
CONTINUOUS
10
154.2956709999999987
20
-140.3809699999999907
11
154.1999999999999886
21
-140.4000000000000057
0
LINE
8
BLACK
6
CONTINUOUS
10
154.1999999999999886
20
-140.4000000000000057
11
153.2999999999999829
21
-140.4000000000000057
0
LINE
8
BLACK
6
CONTINUOUS
10
153.2999999999999829
20
-140.4000000000000057
11
153.2043290000000013
21
-140.3809699999999907
0
LINE
8
BLACK
6
CONTINUOUS
10
153.2043290000000013
20
-140.3809699999999907
11
153.1232229999999959
21
-140.3267769999999928
0
LINE
8
BLACK
6
CONTINUOUS
10
153.1232229999999959
20
-140.3267769999999928
11
153.0690299999999979
21
-140.2456709999999873
0
LINE
8
BLACK
6
CONTINUOUS
10
153.0690299999999979
20
-140.2456709999999873
11
153.0499999999999829
21
-140.1500000000000057
0
LINE
8
BLACK
6
CONTINUOUS
10
153.0499999999999829
20
-140.1500000000000057
11
153.0499999999999829
21
-139.4499999999999886
0
LINE
8
BLACK
6
CONTINUOUS
10
153.0499999999999829
20
-139.4499999999999886
11
153.0690299999999979
21
-139.354329000000007
0
LINE
8
BLACK
6
CONTINUOUS
10
153.0690299999999979
20
-139.354329000000007
11
153.1232229999999959
21
-139.2732230000000015
0
LINE
8
BLACK
6
CONTINUOUS
10
153.1232229999999959
20
-139.2732230000000015
11
153.2043290000000013
21
-139.2190300000000036
0
LINE
8
BLACK
6
CONTINUOUS
10
153.2043290000000013
20
-139.2190300000000036
11
153.2999999999999829
21
-139.1999999999999886
0
LINE
8
BLACK
6
CONTINUOUS
10
153.2999999999999829
20
-139.1999999999999886
11
154.1999999999999886
21
-139.1999999999999886
0
LINE
8
BLACK
6
CONTINUOUS
10
154.1999999999999886
20
-139.1999999999999886
11
154.2956709999999987
21
-139.2190300000000036
0
LINE
8
BLACK
6
CONTINUOUS
10
146.9756710000000055
20
-139.1990299999999934
11
147.0567769999999825
21
-139.2532229999999913
0
LINE
8
BLACK
6
CONTINUOUS
10
147.0567769999999825
20
-139.2532229999999913
11
147.1109699999999805
21
-139.3343289999999968
0
LINE
8
BLACK
6
CONTINUOUS
10
147.1109699999999805
20
-139.3343289999999968
11
147.1299999999999955
21
-139.4300000000000068
0
LINE
8
BLACK
6
CONTINUOUS
10
147.1299999999999955
20
-139.4300000000000068
11
147.1299999999999955
21
-140.1299999999999955
0
LINE
8
BLACK
6
CONTINUOUS
10
147.1299999999999955
20
-140.1299999999999955
11
147.1109699999999805
21
-140.2256710000000055
0
LINE
8
BLACK
6
CONTINUOUS
10
147.1109699999999805
20
-140.2256710000000055
11
147.0567769999999825
21
-140.3067769999999825
0
LINE
8
BLACK
6
CONTINUOUS
10
147.0567769999999825
20
-140.3067769999999825
11
146.9756710000000055
21
-140.3609699999999805
0
LINE
8
BLACK
6
CONTINUOUS
10
146.9756710000000055
20
-140.3609699999999805
11
146.8799999999999955
21
-140.3799999999999955
0
LINE
8
BLACK
6
CONTINUOUS
10
146.8799999999999955
20
-140.3799999999999955
11
145.9799999999999898
21
-140.3799999999999955
0
LINE
8
BLACK
6
CONTINUOUS
10
145.9799999999999898
20
-140.3799999999999955
11
145.8843289999999797
21
-140.3609699999999805
0
LINE
8
BLACK
6
CONTINUOUS
10
145.8843289999999797
20
-140.3609699999999805
11
145.8032230000000027
21
-140.3067769999999825
0
LINE
8
BLACK
6
CONTINUOUS
10
145.8032230000000027
20
-140.3067769999999825
11
145.7490300000000047
21
-140.2256710000000055
0
LINE
8
BLACK
6
CONTINUOUS
10
145.7490300000000047
20
-140.2256710000000055
11
145.7299999999999898
21
-140.1299999999999955
0
LINE
8
BLACK
6
CONTINUOUS
10
145.7299999999999898
20
-140.1299999999999955
11
145.7299999999999898
21
-139.4300000000000068
0
LINE
8
BLACK
6
CONTINUOUS
10
145.7299999999999898
20
-139.4300000000000068
11
145.7490300000000047
21
-139.3343289999999968
0
LINE
8
BLACK
6
CONTINUOUS
10
145.7490300000000047
20
-139.3343289999999968
11
145.8032230000000027
21
-139.2532229999999913
0
LINE
8
BLACK
6
CONTINUOUS
10
145.8032230000000027
20
-139.2532229999999913
11
145.8843289999999797
21
-139.1990299999999934
0
LINE
8
BLACK
6
CONTINUOUS
10
145.8843289999999797
20
-139.1990299999999934
11
145.9799999999999898
21
-139.1800000000000068
0
LINE
8
BLACK
6
CONTINUOUS
10
145.9799999999999898
20
-139.1800000000000068
11
146.8799999999999955
21
-139.1800000000000068
0
LINE
8
BLACK
6
CONTINUOUS
10
146.8799999999999955
20
-139.1800000000000068
11
146.9756710000000055
21
-139.1990299999999934
0
LINE
8
BLACK
6
CONTINUOUS
10
131.7456709999999873
20
-137.2190300000000036
11
131.8267769999999928
21
-137.2732230000000015
0
LINE
8
BLACK
6
CONTINUOUS
10
131.8267769999999928
20
-137.2732230000000015
11
131.8809699999999907
21
-137.354329000000007
0
LINE
8
BLACK
6
CONTINUOUS
10
131.8809699999999907
20
-137.354329000000007
11
131.9000000000000057
21
-137.4499999999999886
0
LINE
8
BLACK
6
CONTINUOUS
10
131.9000000000000057
20
-137.4499999999999886
11
131.9000000000000057
21
-138.1500000000000057
0
LINE
8
BLACK
6
CONTINUOUS
10
131.9000000000000057
20
-138.1500000000000057
11
131.8809699999999907
21
-138.2456709999999873
0
LINE
8
BLACK
6
CONTINUOUS
10
131.8809699999999907
20
-138.2456709999999873
11
131.8267769999999928
21
-138.3267769999999928
0
LINE
8
BLACK
6
CONTINUOUS
10
131.8267769999999928
20
-138.3267769999999928
11
131.7456709999999873
21
-138.3809699999999907
0
LINE
8
BLACK
6
CONTINUOUS
10
131.7456709999999873
20
-138.3809699999999907
11
131.6500000000000057
21
-138.4000000000000057
0
LINE
8
BLACK
6
CONTINUOUS
10
131.6500000000000057
20
-138.4000000000000057
11
130.75
21
-138.4000000000000057
0
LINE
8
BLACK
6
CONTINUOUS
10
130.75
20
-138.4000000000000057
11
130.6543289999999899
21
-138.3809699999999907
0
LINE
8
BLACK
6
CONTINUOUS
10
130.6543289999999899
20
-138.3809699999999907
11
130.5732229999999845
21
-138.3267769999999928
0
LINE
8
BLACK
6
CONTINUOUS
10
130.5732229999999845
20
-138.3267769999999928
11
130.5190299999999866
21
-138.2456709999999873
0
LINE
8
BLACK
6
CONTINUOUS
10
130.5190299999999866
20
-138.2456709999999873
11
130.5
21
-138.1500000000000057
0
LINE
8
BLACK
6
CONTINUOUS
10
130.5
20
-138.1500000000000057
11
130.5
21
-137.4499999999999886
0
LINE
8
BLACK
6
CONTINUOUS
10
130.5
20
-137.4499999999999886
11
130.5190299999999866
21
-137.354329000000007
0
LINE
8
BLACK
6
CONTINUOUS
10
130.5190299999999866
20
-137.354329000000007
11
130.5732229999999845
21
-137.2732230000000015
0
LINE
8
BLACK
6
CONTINUOUS
10
130.5732229999999845
20
-137.2732230000000015
11
130.6543289999999899
21
-137.2190300000000036
0
LINE
8
BLACK
6
CONTINUOUS
10
130.6543289999999899
20
-137.2190300000000036
11
130.75
21
-137.1999999999999886
0
LINE
8
BLACK
6
CONTINUOUS
10
130.75
20
-137.1999999999999886
11
131.6500000000000057
21
-137.1999999999999886
0
LINE
8
BLACK
6
CONTINUOUS
10
131.6500000000000057
20
-137.1999999999999886
11
131.7456709999999873
21
-137.2190300000000036
0
LINE
8
BLACK
6
CONTINUOUS
10
134.145670999999993
20
-137.2190300000000036
11
134.2267769999999985
21
-137.2732230000000015
0
LINE
8
BLACK
6
CONTINUOUS
10
134.2267769999999985
20
-137.2732230000000015
11
134.2809699999999964
21
-137.354329000000007
0
LINE
8
BLACK
6
CONTINUOUS
10
134.2809699999999964
20
-137.354329000000007
11
134.2999999999999829
21
-137.4499999999999886
0
LINE
8
BLACK
6
CONTINUOUS
10
134.2999999999999829
20
-137.4499999999999886
11
134.2999999999999829
21
-138.1500000000000057
0
LINE
8
BLACK
6
CONTINUOUS
10
134.2999999999999829
20
-138.1500000000000057
11
134.2809699999999964
21
-138.2456709999999873
0
LINE
8
BLACK
6
CONTINUOUS
10
134.2809699999999964
20
-138.2456709999999873
11
134.2267769999999985
21
-138.3267769999999928
0
LINE
8
BLACK
6
CONTINUOUS
10
134.2267769999999985
20
-138.3267769999999928
11
134.145670999999993
21
-138.3809699999999907
0
LINE
8
BLACK
6
CONTINUOUS
10
134.145670999999993
20
-138.3809699999999907
11
134.0499999999999829
21
-138.4000000000000057
0
LINE
8
BLACK
6
CONTINUOUS
10
134.0499999999999829
20
-138.4000000000000057
11
133.1500000000000057
21
-138.4000000000000057
0
LINE
8
BLACK
6
CONTINUOUS
10
133.1500000000000057
20
-138.4000000000000057
11
133.0543289999999956
21
-138.3809699999999907
0
LINE
8
BLACK
6
CONTINUOUS
10
133.0543289999999956
20
-138.3809699999999907
11
132.9732229999999902
21
-138.3267769999999928
0
LINE
8
BLACK
6
CONTINUOUS
10
132.9732229999999902
20
-138.3267769999999928
11
132.9190299999999922
21
-138.2456709999999873
0
LINE
8
BLACK
6
CONTINUOUS
10
132.9190299999999922
20
-138.2456709999999873
11
132.9000000000000057
21
-138.1500000000000057
0
LINE
8
BLACK
6
CONTINUOUS
10
132.9000000000000057
20
-138.1500000000000057
11
132.9000000000000057
21
-137.4499999999999886
0
LINE
8
BLACK
6
CONTINUOUS
10
132.9000000000000057
20
-137.4499999999999886
11
132.9190299999999922
21
-137.354329000000007
0
LINE
8
BLACK
6
CONTINUOUS
10
132.9190299999999922
20
-137.354329000000007
11
132.9732229999999902
21
-137.2732230000000015
0
LINE
8
BLACK
6
CONTINUOUS
10
132.9732229999999902
20
-137.2732230000000015
11
133.0543289999999956
21
-137.2190300000000036
0
LINE
8
BLACK
6
CONTINUOUS
10
133.0543289999999956
20
-137.2190300000000036
11
133.1500000000000057
21
-137.1999999999999886
0
LINE
8
BLACK
6
CONTINUOUS
10
133.1500000000000057
20
-137.1999999999999886
11
134.0499999999999829
21
-137.1999999999999886
0
LINE
8
BLACK
6
CONTINUOUS
10
134.0499999999999829
20
-137.1999999999999886
11
134.145670999999993
21
-137.2190300000000036
0
LINE
8
BLACK
6
CONTINUOUS
10
136.7456709999999873
20
-137.2190300000000036
11
136.8267769999999928
21
-137.2732230000000015
0
LINE
8
BLACK
6
CONTINUOUS
10
136.8267769999999928
20
-137.2732230000000015
11
136.8809699999999907
21
-137.354329000000007
0
LINE
8
BLACK
6
CONTINUOUS
10
136.8809699999999907
20
-137.354329000000007
11
136.9000000000000057
21
-137.4499999999999886
0
LINE
8
BLACK
6
CONTINUOUS
10
136.9000000000000057
20
-137.4499999999999886
11
136.9000000000000057
21
-138.1500000000000057
0
LINE
8
BLACK
6
CONTINUOUS
10
136.9000000000000057
20
-138.1500000000000057
11
136.8809699999999907
21
-138.2456709999999873
0
LINE
8
BLACK
6
CONTINUOUS
10
136.8809699999999907
20
-138.2456709999999873
11
136.8267769999999928
21
-138.3267769999999928
0
LINE
8
BLACK
6
CONTINUOUS
10
136.8267769999999928
20
-138.3267769999999928
11
136.7456709999999873
21
-138.3809699999999907
0
LINE
8
BLACK
6
CONTINUOUS
10
136.7456709999999873
20
-138.3809699999999907
11
136.6500000000000057
21
-138.4000000000000057
0
LINE
8
BLACK
6
CONTINUOUS
10
136.6500000000000057
20
-138.4000000000000057
11
135.75
21
-138.4000000000000057
0
LINE
8
BLACK
6
CONTINUOUS
10
135.75
20
-138.4000000000000057
11
135.6543289999999899
21
-138.3809699999999907
0
LINE
8
BLACK
6
CONTINUOUS
10
135.6543289999999899
20
-138.3809699999999907
11
135.5732229999999845
21
-138.3267769999999928
0
LINE
8
BLACK
6
CONTINUOUS
10
135.5732229999999845
20
-138.3267769999999928
11
135.5190299999999866
21
-138.2456709999999873
0
LINE
8
BLACK
6
CONTINUOUS
10
135.5190299999999866
20
-138.2456709999999873
11
135.5
21
-138.1500000000000057
0
LINE
8
BLACK
6
CONTINUOUS
10
135.5
20
-138.1500000000000057
11
135.5
21
-137.4499999999999886
0
LINE
8
BLACK
6
CONTINUOUS
10
135.5
20
-137.4499999999999886
11
135.5190299999999866
21
-137.354329000000007
0
LINE
8
BLACK
6
CONTINUOUS
10
135.5190299999999866
20
-137.354329000000007
11
135.5732229999999845
21
-137.2732230000000015
0
LINE
8
BLACK
6
CONTINUOUS
10
135.5732229999999845
20
-137.2732230000000015
11
135.6543289999999899
21
-137.2190300000000036
0
LINE
8
BLACK
6
CONTINUOUS
10
135.6543289999999899
20
-137.2190300000000036
11
135.75
21
-137.1999999999999886
0
LINE
8
BLACK
6
CONTINUOUS
10
135.75
20
-137.1999999999999886
11
136.6500000000000057
21
-137.1999999999999886
0
LINE
8
BLACK
6
CONTINUOUS
10
136.6500000000000057
20
-137.1999999999999886
11
136.7456709999999873
21
-137.2190300000000036
0
LINE
8
BLACK
6
CONTINUOUS
10
139.3456709999999816
20
-137.2190300000000036
11
139.4267769999999871
21
-137.2732230000000015
0
LINE
8
BLACK
6
CONTINUOUS
10
139.4267769999999871
20
-137.2732230000000015
11
139.480969999999985
21
-137.354329000000007
0
LINE
8
BLACK
6
CONTINUOUS
10
139.480969999999985
20
-137.354329000000007
11
139.5
21
-137.4499999999999886
0
LINE
8
BLACK
6
CONTINUOUS
10
139.5
20
-137.4499999999999886
11
139.5
21
-138.1500000000000057
0
LINE
8
BLACK
6
CONTINUOUS
10
139.5
20
-138.1500000000000057
11
139.480969999999985
21
-138.2456709999999873
0
LINE
8
BLACK
6
CONTINUOUS
10
139.480969999999985
20
-138.2456709999999873
11
139.4267769999999871
21
-138.3267769999999928
0
LINE
8
BLACK
6
CONTINUOUS
10
139.4267769999999871
20
-138.3267769999999928
11
139.3456709999999816
21
-138.3809699999999907
0
LINE
8
BLACK
6
CONTINUOUS
10
139.3456709999999816
20
-138.3809699999999907
11
139.25
21
-138.4000000000000057
0
LINE
8
BLACK
6
CONTINUOUS
10
139.25
20
-138.4000000000000057
11
138.3499999999999943
21
-138.4000000000000057
0
LINE
8
BLACK
6
CONTINUOUS
10
138.3499999999999943
20
-138.4000000000000057
11
138.2543289999999843
21
-138.3809699999999907
0
LINE
8
BLACK
6
CONTINUOUS
10
138.2543289999999843
20
-138.3809699999999907
11
138.1732230000000072
21
-138.3267769999999928
0
LINE
8
BLACK
6
CONTINUOUS
10
138.1732230000000072
20
-138.3267769999999928
11
138.1190299999999809
21
-138.2456709999999873
0
LINE
8
BLACK
6
CONTINUOUS
10
138.1190299999999809
20
-138.2456709999999873
11
138.0999999999999943
21
-138.1500000000000057
0
LINE
8
BLACK
6
CONTINUOUS
10
138.0999999999999943
20
-138.1500000000000057
11
138.0999999999999943
21
-137.4499999999999886
0
LINE
8
BLACK
6
CONTINUOUS
10
138.0999999999999943
20
-137.4499999999999886
11
138.1190299999999809
21
-137.354329000000007
0
LINE
8
BLACK
6
CONTINUOUS
10
138.1190299999999809
20
-137.354329000000007
11
138.1732230000000072
21
-137.2732230000000015
0
LINE
8
BLACK
6
CONTINUOUS
10
138.1732230000000072
20
-137.2732230000000015
11
138.2543289999999843
21
-137.2190300000000036
0
LINE
8
BLACK
6
CONTINUOUS
10
138.2543289999999843
20
-137.2190300000000036
11
138.3499999999999943
21
-137.1999999999999886
0
LINE
8
BLACK
6
CONTINUOUS
10
138.3499999999999943
20
-137.1999999999999886
11
139.25
21
-137.1999999999999886
0
LINE
8
BLACK
6
CONTINUOUS
10
139.25
20
-137.1999999999999886
11
139.3456709999999816
21
-137.2190300000000036
0
LINE
8
BLACK
6
CONTINUOUS
10
141.895670999999993
20
-137.2190300000000036
11
141.9767769999999985
21
-137.2732230000000015
0
LINE
8
BLACK
6
CONTINUOUS
10
141.9767769999999985
20
-137.2732230000000015
11
142.0309699999999964
21
-137.354329000000007
0
LINE
8
BLACK
6
CONTINUOUS
10
142.0309699999999964
20
-137.354329000000007
11
142.0499999999999829
21
-137.4499999999999886
0
LINE
8
BLACK
6
CONTINUOUS
10
142.0499999999999829
20
-137.4499999999999886
11
142.0499999999999829
21
-138.1500000000000057
0
LINE
8
BLACK
6
CONTINUOUS
10
142.0499999999999829
20
-138.1500000000000057
11
142.0309699999999964
21
-138.2456709999999873
0
LINE
8
BLACK
6
CONTINUOUS
10
142.0309699999999964
20
-138.2456709999999873
11
141.9767769999999985
21
-138.3267769999999928
0
LINE
8
BLACK
6
CONTINUOUS
10
141.9767769999999985
20
-138.3267769999999928
11
141.895670999999993
21
-138.3809699999999907
0
LINE
8
BLACK
6
CONTINUOUS
10
141.895670999999993
20
-138.3809699999999907
11
141.7999999999999829
21
-138.4000000000000057
0
LINE
8
BLACK
6
CONTINUOUS
10
141.7999999999999829
20
-138.4000000000000057
11
140.9000000000000057
21
-138.4000000000000057
0
LINE
8
BLACK
6
CONTINUOUS
10
140.9000000000000057
20
-138.4000000000000057
11
140.8043289999999956
21
-138.3809699999999907
0
LINE
8
BLACK
6
CONTINUOUS
10
140.8043289999999956
20
-138.3809699999999907
11
140.7232229999999902
21
-138.3267769999999928
0
LINE
8
BLACK
6
CONTINUOUS
10
140.7232229999999902
20
-138.3267769999999928
11
140.6690299999999922
21
-138.2456709999999873
0
LINE
8
BLACK
6
CONTINUOUS
10
140.6690299999999922
20
-138.2456709999999873
11
140.6500000000000057
21
-138.1500000000000057
0
LINE
8
BLACK
6
CONTINUOUS
10
140.6500000000000057
20
-138.1500000000000057
11
140.6500000000000057
21
-137.4499999999999886
0
LINE
8
BLACK
6
CONTINUOUS
10
140.6500000000000057
20
-137.4499999999999886
11
140.6690299999999922
21
-137.354329000000007
0
LINE
8
BLACK
6
CONTINUOUS
10
140.6690299999999922
20
-137.354329000000007
11
140.7232229999999902
21
-137.2732230000000015
0
LINE
8
BLACK
6
CONTINUOUS
10
140.7232229999999902
20
-137.2732230000000015
11
140.8043289999999956
21
-137.2190300000000036
0
LINE
8
BLACK
6
CONTINUOUS
10
140.8043289999999956
20
-137.2190300000000036
11
140.9000000000000057
21
-137.1999999999999886
0
LINE
8
BLACK
6
CONTINUOUS
10
140.9000000000000057
20
-137.1999999999999886
11
141.7999999999999829
21
-137.1999999999999886
0
LINE
8
BLACK
6
CONTINUOUS
10
141.7999999999999829
20
-137.1999999999999886
11
141.895670999999993
21
-137.2190300000000036
0
LINE
8
BLACK
6
CONTINUOUS
10
144.5456709999999987
20
-137.2190300000000036
11
144.6267770000000041
21
-137.2732230000000015
0
LINE
8
BLACK
6
CONTINUOUS
10
144.6267770000000041
20
-137.2732230000000015
11
144.6809700000000021
21
-137.354329000000007
0
LINE
8
BLACK
6
CONTINUOUS
10
144.6809700000000021
20
-137.354329000000007
11
144.6999999999999886
21
-137.4499999999999886
0
LINE
8
BLACK
6
CONTINUOUS
10
144.6999999999999886
20
-137.4499999999999886
11
144.6999999999999886
21
-138.1500000000000057
0
LINE
8
BLACK
6
CONTINUOUS
10
144.6999999999999886
20
-138.1500000000000057
11
144.6809700000000021
21
-138.2456709999999873
0
LINE
8
BLACK
6
CONTINUOUS
10
144.6809700000000021
20
-138.2456709999999873
11
144.6267770000000041
21
-138.3267769999999928
0
LINE
8
BLACK
6
CONTINUOUS
10
144.6267770000000041
20
-138.3267769999999928
11
144.5456709999999987
21
-138.3809699999999907
0
LINE
8
BLACK
6
CONTINUOUS
10
144.5456709999999987
20
-138.3809699999999907
11
144.4499999999999886
21
-138.4000000000000057
0
LINE
8
BLACK
6
CONTINUOUS
10
144.4499999999999886
20
-138.4000000000000057
11
143.5499999999999829
21
-138.4000000000000057
0
LINE
8
BLACK
6
CONTINUOUS
10
143.5499999999999829
20
-138.4000000000000057
11
143.4543290000000013
21
-138.3809699999999907
0
LINE
8
BLACK
6
CONTINUOUS
10
143.4543290000000013
20
-138.3809699999999907
11
143.3732229999999959
21
-138.3267769999999928
0
LINE
8
BLACK
6
CONTINUOUS
10
143.3732229999999959
20
-138.3267769999999928
11
143.3190299999999979
21
-138.2456709999999873
0
LINE
8
BLACK
6
CONTINUOUS
10
143.3190299999999979
20
-138.2456709999999873
11
143.2999999999999829
21
-138.1500000000000057
0
LINE
8
BLACK
6
CONTINUOUS
10
143.2999999999999829
20
-138.1500000000000057
11
143.2999999999999829
21
-137.4499999999999886
0
LINE
8
BLACK
6
CONTINUOUS
10
143.2999999999999829
20
-137.4499999999999886
11
143.3190299999999979
21
-137.354329000000007
0
LINE
8
BLACK
6
CONTINUOUS
10
143.3190299999999979
20
-137.354329000000007
11
143.3732229999999959
21
-137.2732230000000015
0
LINE
8
BLACK
6
CONTINUOUS
10
143.3732229999999959
20
-137.2732230000000015
11
143.4543290000000013
21
-137.2190300000000036
0
LINE
8
BLACK
6
CONTINUOUS
10
143.4543290000000013
20
-137.2190300000000036
11
143.5499999999999829
21
-137.1999999999999886
0
LINE
8
BLACK
6
CONTINUOUS
10
143.5499999999999829
20
-137.1999999999999886
11
144.4499999999999886
21
-137.1999999999999886
0
LINE
8
BLACK
6
CONTINUOUS
10
144.4499999999999886
20
-137.1999999999999886
11
144.5456709999999987
21
-137.2190300000000036
0
LINE
8
BLACK
6
CONTINUOUS
10
149.5456709999999987
20
-137.2190300000000036
11
149.6267770000000041
21
-137.2732230000000015
0
LINE
8
BLACK
6
CONTINUOUS
10
149.6267770000000041
20
-137.2732230000000015
11
149.6809700000000021
21
-137.354329000000007
0
LINE
8
BLACK
6
CONTINUOUS
10
149.6809700000000021
20
-137.354329000000007
11
149.6999999999999886
21
-137.4499999999999886
0
LINE
8
BLACK
6
CONTINUOUS
10
149.6999999999999886
20
-137.4499999999999886
11
149.6999999999999886
21
-138.1500000000000057
0
LINE
8
BLACK
6
CONTINUOUS
10
149.6999999999999886
20
-138.1500000000000057
11
149.6809700000000021
21
-138.2456709999999873
0
LINE
8
BLACK
6
CONTINUOUS
10
149.6809700000000021
20
-138.2456709999999873
11
149.6267770000000041
21
-138.3267769999999928
0
LINE
8
BLACK
6
CONTINUOUS
10
149.6267770000000041
20
-138.3267769999999928
11
149.5456709999999987
21
-138.3809699999999907
0
LINE
8
BLACK
6
CONTINUOUS
10
149.5456709999999987
20
-138.3809699999999907
11
149.4499999999999886
21
-138.4000000000000057
0
LINE
8
BLACK
6
CONTINUOUS
10
149.4499999999999886
20
-138.4000000000000057
11
148.5499999999999829
21
-138.4000000000000057
0
LINE
8
BLACK
6
CONTINUOUS
10
148.5499999999999829
20
-138.4000000000000057
11
148.4543290000000013
21
-138.3809699999999907
0
LINE
8
BLACK
6
CONTINUOUS
10
148.4543290000000013
20
-138.3809699999999907
11
148.3732229999999959
21
-138.3267769999999928
0
LINE
8
BLACK
6
CONTINUOUS
10
148.3732229999999959
20
-138.3267769999999928
11
148.3190299999999979
21
-138.2456709999999873
0
LINE
8
BLACK
6
CONTINUOUS
10
148.3190299999999979
20
-138.2456709999999873
11
148.2999999999999829
21
-138.1500000000000057
0
LINE
8
BLACK
6
CONTINUOUS
10
148.2999999999999829
20
-138.1500000000000057
11
148.2999999999999829
21
-137.4499999999999886
0
LINE
8
BLACK
6
CONTINUOUS
10
148.2999999999999829
20
-137.4499999999999886
11
148.3190299999999979
21
-137.354329000000007
0
LINE
8
BLACK
6
CONTINUOUS
10
148.3190299999999979
20
-137.354329000000007
11
148.3732229999999959
21
-137.2732230000000015
0
LINE
8
BLACK
6
CONTINUOUS
10
148.3732229999999959
20
-137.2732230000000015
11
148.4543290000000013
21
-137.2190300000000036
0
LINE
8
BLACK
6
CONTINUOUS
10
148.4543290000000013
20
-137.2190300000000036
11
148.5499999999999829
21
-137.1999999999999886
0
LINE
8
BLACK
6
CONTINUOUS
10
148.5499999999999829
20
-137.1999999999999886
11
149.4499999999999886
21
-137.1999999999999886
0
LINE
8
BLACK
6
CONTINUOUS
10
149.4499999999999886
20
-137.1999999999999886
11
149.5456709999999987
21
-137.2190300000000036
0
LINE
8
BLACK
6
CONTINUOUS
10
154.2956709999999987
20
-137.2190300000000036
11
154.3767770000000041
21
-137.2732230000000015
0
LINE
8
BLACK
6
CONTINUOUS
10
154.3767770000000041
20
-137.2732230000000015
11
154.4309700000000021
21
-137.354329000000007
0
LINE
8
BLACK
6
CONTINUOUS
10
154.4309700000000021
20
-137.354329000000007
11
154.4499999999999886
21
-137.4499999999999886
0
LINE
8
BLACK
6
CONTINUOUS
10
154.4499999999999886
20
-137.4499999999999886
11
154.4499999999999886
21
-138.1500000000000057
0
LINE
8
BLACK
6
CONTINUOUS
10
154.4499999999999886
20
-138.1500000000000057
11
154.4309700000000021
21
-138.2456709999999873
0
LINE
8
BLACK
6
CONTINUOUS
10
154.4309700000000021
20
-138.2456709999999873
11
154.3767770000000041
21
-138.3267769999999928
0
LINE
8
BLACK
6
CONTINUOUS
10
154.3767770000000041
20
-138.3267769999999928
11
154.2956709999999987
21
-138.3809699999999907
0
LINE
8
BLACK
6
CONTINUOUS
10
154.2956709999999987
20
-138.3809699999999907
11
154.1999999999999886
21
-138.4000000000000057
0
LINE
8
BLACK
6
CONTINUOUS
10
154.1999999999999886
20
-138.4000000000000057
11
153.2999999999999829
21
-138.4000000000000057
0
LINE
8
BLACK
6
CONTINUOUS
10
153.2999999999999829
20
-138.4000000000000057
11
153.2043290000000013
21
-138.3809699999999907
0
LINE
8
BLACK
6
CONTINUOUS
10
153.2043290000000013
20
-138.3809699999999907
11
153.1232229999999959
21
-138.3267769999999928
0
LINE
8
BLACK
6
CONTINUOUS
10
153.1232229999999959
20
-138.3267769999999928
11
153.0690299999999979
21
-138.2456709999999873
0
LINE
8
BLACK
6
CONTINUOUS
10
153.0690299999999979
20
-138.2456709999999873
11
153.0499999999999829
21
-138.1500000000000057
0
LINE
8
BLACK
6
CONTINUOUS
10
153.0499999999999829
20
-138.1500000000000057
11
153.0499999999999829
21
-137.4499999999999886
0
LINE
8
BLACK
6
CONTINUOUS
10
153.0499999999999829
20
-137.4499999999999886
11
153.0690299999999979
21
-137.354329000000007
0
LINE
8
BLACK
6
CONTINUOUS
10
153.0690299999999979
20
-137.354329000000007
11
153.1232229999999959
21
-137.2732230000000015
0
LINE
8
BLACK
6
CONTINUOUS
10
153.1232229999999959
20
-137.2732230000000015
11
153.2043290000000013
21
-137.2190300000000036
0
LINE
8
BLACK
6
CONTINUOUS
10
153.2043290000000013
20
-137.2190300000000036
11
153.2999999999999829
21
-137.1999999999999886
0
LINE
8
BLACK
6
CONTINUOUS
10
153.2999999999999829
20
-137.1999999999999886
11
154.1999999999999886
21
-137.1999999999999886
0
LINE
8
BLACK
6
CONTINUOUS
10
154.1999999999999886
20
-137.1999999999999886
11
154.2956709999999987
21
-137.2190300000000036
0
LINE
8
BLACK
6
CONTINUOUS
10
156.6206709999999873
20
-137.2440299999999809
11
156.7017769999999928
21
-137.2982230000000072
0
LINE
8
BLACK
6
CONTINUOUS
10
156.7017769999999928
20
-137.2982230000000072
11
156.7559699999999907
21
-137.3793289999999843
0
LINE
8
BLACK
6
CONTINUOUS
10
156.7559699999999907
20
-137.3793289999999843
11
156.7750000000000057
21
-137.4749999999999943
0
LINE
8
BLACK
6
CONTINUOUS
10
156.7750000000000057
20
-137.4749999999999943
11
156.7750000000000057
21
-138.1500000000000057
0
LINE
8
BLACK
6
CONTINUOUS
10
156.7750000000000057
20
-138.1500000000000057
11
156.7559699999999907
21
-138.2456709999999873
0
LINE
8
BLACK
6
CONTINUOUS
10
156.7559699999999907
20
-138.2456709999999873
11
156.7017769999999928
21
-138.3267769999999928
0
LINE
8
BLACK
6
CONTINUOUS
10
156.7017769999999928
20
-138.3267769999999928
11
156.6206709999999873
21
-138.3809699999999907
0
LINE
8
BLACK
6
CONTINUOUS
10
156.6206709999999873
20
-138.3809699999999907
11
156.5250000000000057
21
-138.4000000000000057
0
LINE
8
BLACK
6
CONTINUOUS
10
156.5250000000000057
20
-138.4000000000000057
11
155.5749999999999886
21
-138.4000000000000057
0
LINE
8
BLACK
6
CONTINUOUS
10
155.5749999999999886
20
-138.4000000000000057
11
155.479329000000007
21
-138.3809699999999907
0
LINE
8
BLACK
6
CONTINUOUS
10
155.479329000000007
20
-138.3809699999999907
11
155.3982230000000015
21
-138.3267769999999928
0
LINE
8
BLACK
6
CONTINUOUS
10
155.3982230000000015
20
-138.3267769999999928
11
155.3440300000000036
21
-138.2456709999999873
0
LINE
8
BLACK
6
CONTINUOUS
10
155.3440300000000036
20
-138.2456709999999873
11
155.3249999999999886
21
-138.1500000000000057
0
LINE
8
BLACK
6
CONTINUOUS
10
155.3249999999999886
20
-138.1500000000000057
11
155.3249999999999886
21
-137.4749999999999943
0
LINE
8
BLACK
6
CONTINUOUS
10
155.3249999999999886
20
-137.4749999999999943
11
155.3440300000000036
21
-137.3793289999999843
0
LINE
8
BLACK
6
CONTINUOUS
10
155.3440300000000036
20
-137.3793289999999843
11
155.3982230000000015
21
-137.2982230000000072
0
LINE
8
BLACK
6
CONTINUOUS
10
155.3982230000000015
20
-137.2982230000000072
11
155.479329000000007
21
-137.2440299999999809
0
LINE
8
BLACK
6
CONTINUOUS
10
155.479329000000007
20
-137.2440299999999809
11
155.5749999999999886
21
-137.2249999999999943
0
LINE
8
BLACK
6
CONTINUOUS
10
155.5749999999999886
20
-137.2249999999999943
11
156.5250000000000057
21
-137.2249999999999943
0
LINE
8
BLACK
6
CONTINUOUS
10
156.5250000000000057
20
-137.2249999999999943
11
156.6206709999999873
21
-137.2440299999999809
0
LINE
8
BLACK
6
CONTINUOUS
10
146.9756710000000055
20
-137.1990299999999934
11
147.0567769999999825
21
-137.2532229999999913
0
LINE
8
BLACK
6
CONTINUOUS
10
147.0567769999999825
20
-137.2532229999999913
11
147.1109699999999805
21
-137.3343289999999968
0
LINE
8
BLACK
6
CONTINUOUS
10
147.1109699999999805
20
-137.3343289999999968
11
147.1299999999999955
21
-137.4300000000000068
0
LINE
8
BLACK
6
CONTINUOUS
10
147.1299999999999955
20
-137.4300000000000068
11
147.1299999999999955
21
-138.1299999999999955
0
LINE
8
BLACK
6
CONTINUOUS
10
147.1299999999999955
20
-138.1299999999999955
11
147.1109699999999805
21
-138.2256710000000055
0
LINE
8
BLACK
6
CONTINUOUS
10
147.1109699999999805
20
-138.2256710000000055
11
147.0567769999999825
21
-138.3067769999999825
0
LINE
8
BLACK
6
CONTINUOUS
10
147.0567769999999825
20
-138.3067769999999825
11
146.9756710000000055
21
-138.3609699999999805
0
LINE
8
BLACK
6
CONTINUOUS
10
146.9756710000000055
20
-138.3609699999999805
11
146.8799999999999955
21
-138.3799999999999955
0
LINE
8
BLACK
6
CONTINUOUS
10
146.8799999999999955
20
-138.3799999999999955
11
145.9799999999999898
21
-138.3799999999999955
0
LINE
8
BLACK
6
CONTINUOUS
10
145.9799999999999898
20
-138.3799999999999955
11
145.8843289999999797
21
-138.3609699999999805
0
LINE
8
BLACK
6
CONTINUOUS
10
145.8843289999999797
20
-138.3609699999999805
11
145.8032230000000027
21
-138.3067769999999825
0
LINE
8
BLACK
6
CONTINUOUS
10
145.8032230000000027
20
-138.3067769999999825
11
145.7490300000000047
21
-138.2256710000000055
0
LINE
8
BLACK
6
CONTINUOUS
10
145.7490300000000047
20
-138.2256710000000055
11
145.7299999999999898
21
-138.1299999999999955
0
LINE
8
BLACK
6
CONTINUOUS
10
145.7299999999999898
20
-138.1299999999999955
11
145.7299999999999898
21
-137.4300000000000068
0
LINE
8
BLACK
6
CONTINUOUS
10
145.7299999999999898
20
-137.4300000000000068
11
145.7490300000000047
21
-137.3343289999999968
0
LINE
8
BLACK
6
CONTINUOUS
10
145.7490300000000047
20
-137.3343289999999968
11
145.8032230000000027
21
-137.2532229999999913
0
LINE
8
BLACK
6
CONTINUOUS
10
145.8032230000000027
20
-137.2532229999999913
11
145.8843289999999797
21
-137.1990299999999934
0
LINE
8
BLACK
6
CONTINUOUS
10
145.8843289999999797
20
-137.1990299999999934
11
145.9799999999999898
21
-137.1800000000000068
0
LINE
8
BLACK
6
CONTINUOUS
10
145.9799999999999898
20
-137.1800000000000068
11
146.8799999999999955
21
-137.1800000000000068
0
LINE
8
BLACK
6
CONTINUOUS
10
146.8799999999999955
20
-137.1800000000000068
11
146.9756710000000055
21
-137.1990299999999934
0
LINE
8
BLACK
6
CONTINUOUS
10
129.5706710000000044
20
-137.1940299999999979
11
129.6517769999999814
21
-137.2482229999999959
0
LINE
8
BLACK
6
CONTINUOUS
10
129.6517769999999814
20
-137.2482229999999959
11
129.7059700000000078
21
-137.3293290000000013
0
LINE
8
BLACK
6
CONTINUOUS
10
129.7059700000000078
20
-137.3293290000000013
11
129.7249999999999943
21
-137.4249999999999829
0
LINE
8
BLACK
6
CONTINUOUS
10
129.7249999999999943
20
-137.4249999999999829
11
129.7249999999999943
21
-138.0999999999999943
0
LINE
8
BLACK
6
CONTINUOUS
10
129.7249999999999943
20
-138.0999999999999943
11
129.7059700000000078
21
-138.1956710000000044
0
LINE
8
BLACK
6
CONTINUOUS
10
129.7059700000000078
20
-138.1956710000000044
11
129.6517769999999814
21
-138.2767769999999814
0
LINE
8
BLACK
6
CONTINUOUS
10
129.6517769999999814
20
-138.2767769999999814
11
129.5706710000000044
21
-138.3309700000000078
0
LINE
8
BLACK
6
CONTINUOUS
10
129.5706710000000044
20
-138.3309700000000078
11
129.4749999999999943
21
-138.3499999999999943
0
LINE
8
BLACK
6
CONTINUOUS
10
129.4749999999999943
20
-138.3499999999999943
11
128.5250000000000057
21
-138.3499999999999943
0
LINE
8
BLACK
6
CONTINUOUS
10
128.5250000000000057
20
-138.3499999999999943
11
128.4293289999999956
21
-138.3309700000000078
0
LINE
8
BLACK
6
CONTINUOUS
10
128.4293289999999956
20
-138.3309700000000078
11
128.3482229999999902
21
-138.2767769999999814
0
LINE
8
BLACK
6
CONTINUOUS
10
128.3482229999999902
20
-138.2767769999999814
11
128.2940299999999922
21
-138.1956710000000044
0
LINE
8
BLACK
6
CONTINUOUS
10
128.2940299999999922
20
-138.1956710000000044
11
128.2750000000000057
21
-138.0999999999999943
0
LINE
8
BLACK
6
CONTINUOUS
10
128.2750000000000057
20
-138.0999999999999943
11
128.2750000000000057
21
-137.4249999999999829
0
LINE
8
BLACK
6
CONTINUOUS
10
128.2750000000000057
20
-137.4249999999999829
11
128.2940299999999922
21
-137.3293290000000013
0
LINE
8
BLACK
6
CONTINUOUS
10
128.2940299999999922
20
-137.3293290000000013
11
128.3482229999999902
21
-137.2482229999999959
0
LINE
8
BLACK
6
CONTINUOUS
10
128.3482229999999902
20
-137.2482229999999959
11
128.4293289999999956
21
-137.1940299999999979
0
LINE
8
BLACK
6
CONTINUOUS
10
128.4293289999999956
20
-137.1940299999999979
11
128.5250000000000057
21
-137.1749999999999829
0
LINE
8
BLACK
6
CONTINUOUS
10
128.5250000000000057
20
-137.1749999999999829
11
129.4749999999999943
21
-137.1749999999999829
0
LINE
8
BLACK
6
CONTINUOUS
10
129.4749999999999943
20
-137.1749999999999829
11
129.5706710000000044
21
-137.1940299999999979
0
LINE
8
BLACK
6
CONTINUOUS
10
151.8706709999999873
20
-137.1940299999999979
11
151.9517769999999928
21
-137.2482229999999959
0
LINE
8
BLACK
6
CONTINUOUS
10
151.9517769999999928
20
-137.2482229999999959
11
152.0059699999999907
21
-137.3293290000000013
0
LINE
8
BLACK
6
CONTINUOUS
10
152.0059699999999907
20
-137.3293290000000013
11
152.0250000000000057
21
-137.4249999999999829
0
LINE
8
BLACK
6
CONTINUOUS
10
152.0250000000000057
20
-137.4249999999999829
11
152.0250000000000057
21
-138.0999999999999943
0
LINE
8
BLACK
6
CONTINUOUS
10
152.0250000000000057
20
-138.0999999999999943
11
152.0059699999999907
21
-138.1956710000000044
0
LINE
8
BLACK
6
CONTINUOUS
10
152.0059699999999907
20
-138.1956710000000044
11
151.9517769999999928
21
-138.2767769999999814
0
LINE
8
BLACK
6
CONTINUOUS
10
151.9517769999999928
20
-138.2767769999999814
11
151.8706709999999873
21
-138.3309700000000078
0
LINE
8
BLACK
6
CONTINUOUS
10
151.8706709999999873
20
-138.3309700000000078
11
151.7750000000000057
21
-138.3499999999999943
0
LINE
8
BLACK
6
CONTINUOUS
10
151.7750000000000057
20
-138.3499999999999943
11
150.8249999999999886
21
-138.3499999999999943
0
LINE
8
BLACK
6
CONTINUOUS
10
150.8249999999999886
20
-138.3499999999999943
11
150.729329000000007
21
-138.3309700000000078
0
LINE
8
BLACK
6
CONTINUOUS
10
150.729329000000007
20
-138.3309700000000078
11
150.6482230000000015
21
-138.2767769999999814
0
LINE
8
BLACK
6
CONTINUOUS
10
150.6482230000000015
20
-138.2767769999999814
11
150.5940300000000036
21
-138.1956710000000044
0
LINE
8
BLACK
6
CONTINUOUS
10
150.5940300000000036
20
-138.1956710000000044
11
150.5749999999999886
21
-138.0999999999999943
0
LINE
8
BLACK
6
CONTINUOUS
10
150.5749999999999886
20
-138.0999999999999943
11
150.5749999999999886
21
-137.4249999999999829
0
LINE
8
BLACK
6
CONTINUOUS
10
150.5749999999999886
20
-137.4249999999999829
11
150.5940300000000036
21
-137.3293290000000013
0
LINE
8
BLACK
6
CONTINUOUS
10
150.5940300000000036
20
-137.3293290000000013
11
150.6482230000000015
21
-137.2482229999999959
0
LINE
8
BLACK
6
CONTINUOUS
10
150.6482230000000015
20
-137.2482229999999959
11
150.729329000000007
21
-137.1940299999999979
0
LINE
8
BLACK
6
CONTINUOUS
10
150.729329000000007
20
-137.1940299999999979
11
150.8249999999999886
21
-137.1749999999999829
0
LINE
8
BLACK
6
CONTINUOUS
10
150.8249999999999886
20
-137.1749999999999829
11
151.7750000000000057
21
-137.1749999999999829
0
LINE
8
BLACK
6
CONTINUOUS
10
151.7750000000000057
20
-137.1749999999999829
11
151.8706709999999873
21
-137.1940299999999979
0
LINE
8
BLACK
6
CONTINUOUS
10
136.7265370000000075
20
-133.5652240000000006
11
136.7914209999999855
21
-133.6085789999999918
0
LINE
8
BLACK
6
CONTINUOUS
10
136.7914209999999855
20
-133.6085789999999918
11
136.8347760000000051
21
-133.6734629999999981
0
LINE
8
BLACK
6
CONTINUOUS
10
136.8347760000000051
20
-133.6734629999999981
11
136.8499999999999943
21
-133.75
0
LINE
8
BLACK
6
CONTINUOUS
10
136.8499999999999943
20
-133.75
11
136.8499999999999943
21
-135.25
0
LINE
8
BLACK
6
CONTINUOUS
10
136.8499999999999943
20
-135.25
11
136.8347760000000051
21
-135.3265370000000019
0
LINE
8
BLACK
6
CONTINUOUS
10
136.8347760000000051
20
-135.3265370000000019
11
136.7914209999999855
21
-135.3914209999999798
0
LINE
8
BLACK
6
CONTINUOUS
10
136.7914209999999855
20
-135.3914209999999798
11
136.7265370000000075
21
-135.4347759999999994
0
LINE
8
BLACK
6
CONTINUOUS
10
136.7265370000000075
20
-135.4347759999999994
11
136.6500000000000057
21
-135.4499999999999886
0
LINE
8
BLACK
6
CONTINUOUS
10
136.6500000000000057
20
-135.4499999999999886
11
136.25
21
-135.4499999999999886
0
LINE
8
BLACK
6
CONTINUOUS
10
136.25
20
-135.4499999999999886
11
136.1734629999999981
21
-135.4347759999999994
0
LINE
8
BLACK
6
CONTINUOUS
10
136.1734629999999981
20
-135.4347759999999994
11
136.1085789999999918
21
-135.3914209999999798
0
LINE
8
BLACK
6
CONTINUOUS
10
136.1085789999999918
20
-135.3914209999999798
11
136.0652240000000006
21
-135.3265370000000019
0
LINE
8
BLACK
6
CONTINUOUS
10
136.0652240000000006
20
-135.3265370000000019
11
136.0499999999999829
21
-135.25
0
LINE
8
BLACK
6
CONTINUOUS
10
136.0499999999999829
20
-135.25
11
136.0499999999999829
21
-133.75
0
LINE
8
BLACK
6
CONTINUOUS
10
136.0499999999999829
20
-133.75
11
136.0652240000000006
21
-133.6734629999999981
0
LINE
8
BLACK
6
CONTINUOUS
10
136.0652240000000006
20
-133.6734629999999981
11
136.1085789999999918
21
-133.6085789999999918
0
LINE
8
BLACK
6
CONTINUOUS
10
136.1085789999999918
20
-133.6085789999999918
11
136.1734629999999981
21
-133.5652240000000006
0
LINE
8
BLACK
6
CONTINUOUS
10
136.1734629999999981
20
-133.5652240000000006
11
136.25
21
-133.5499999999999829
0
LINE
8
BLACK
6
CONTINUOUS
10
136.25
20
-133.5499999999999829
11
136.6500000000000057
21
-133.5499999999999829
0
LINE
8
BLACK
6
CONTINUOUS
10
136.6500000000000057
20
-133.5499999999999829
11
136.7265370000000075
21
-133.5652240000000006
0
LINE
8
BLACK
6
CONTINUOUS
10
138.6265369999999848
20
-133.5652240000000006
11
138.6914209999999912
21
-133.6085789999999918
0
LINE
8
BLACK
6
CONTINUOUS
10
138.6914209999999912
20
-133.6085789999999918
11
138.7347759999999823
21
-133.6734629999999981
0
LINE
8
BLACK
6
CONTINUOUS
10
138.7347759999999823
20
-133.6734629999999981
11
138.75
21
-133.75
0
LINE
8
BLACK
6
CONTINUOUS
10
138.75
20
-133.75
11
138.75
21
-135.25
0
LINE
8
BLACK
6
CONTINUOUS
10
138.75
20
-135.25
11
138.7347759999999823
21
-135.3265370000000019
0
LINE
8
BLACK
6
CONTINUOUS
10
138.7347759999999823
20
-135.3265370000000019
11
138.6914209999999912
21
-135.3914209999999798
0
LINE
8
BLACK
6
CONTINUOUS
10
138.6914209999999912
20
-135.3914209999999798
11
138.6265369999999848
21
-135.4347759999999994
0
LINE
8
BLACK
6
CONTINUOUS
10
138.6265369999999848
20
-135.4347759999999994
11
138.5499999999999829
21
-135.4499999999999886
0
LINE
8
BLACK
6
CONTINUOUS
10
138.5499999999999829
20
-135.4499999999999886
11
138.1500000000000057
21
-135.4499999999999886
0
LINE
8
BLACK
6
CONTINUOUS
10
138.1500000000000057
20
-135.4499999999999886
11
138.0734630000000038
21
-135.4347759999999994
0
LINE
8
BLACK
6
CONTINUOUS
10
138.0734630000000038
20
-135.4347759999999994
11
138.0085789999999974
21
-135.3914209999999798
0
LINE
8
BLACK
6
CONTINUOUS
10
138.0085789999999974
20
-135.3914209999999798
11
137.9652240000000063
21
-135.3265370000000019
0
LINE
8
BLACK
6
CONTINUOUS
10
137.9652240000000063
20
-135.3265370000000019
11
137.9499999999999886
21
-135.25
0
LINE
8
BLACK
6
CONTINUOUS
10
137.9499999999999886
20
-135.25
11
137.9499999999999886
21
-133.75
0
LINE
8
BLACK
6
CONTINUOUS
10
137.9499999999999886
20
-133.75
11
137.9652240000000063
21
-133.6734629999999981
0
LINE
8
BLACK
6
CONTINUOUS
10
137.9652240000000063
20
-133.6734629999999981
11
138.0085789999999974
21
-133.6085789999999918
0
LINE
8
BLACK
6
CONTINUOUS
10
138.0085789999999974
20
-133.6085789999999918
11
138.0734630000000038
21
-133.5652240000000006
0
LINE
8
BLACK
6
CONTINUOUS
10
138.0734630000000038
20
-133.5652240000000006
11
138.1500000000000057
21
-133.5499999999999829
0
LINE
8
BLACK
6
CONTINUOUS
10
138.1500000000000057
20
-133.5499999999999829
11
138.5499999999999829
21
-133.5499999999999829
0
LINE
8
BLACK
6
CONTINUOUS
10
138.5499999999999829
20
-133.5499999999999829
11
138.6265369999999848
21
-133.5652240000000006
0
LINE
8
BLACK
6
CONTINUOUS
10
141.4265369999999962
20
-133.5652240000000006
11
141.4914210000000026
21
-133.6085789999999918
0
LINE
8
BLACK
6
CONTINUOUS
10
141.4914210000000026
20
-133.6085789999999918
11
141.5347759999999937
21
-133.6734629999999981
0
LINE
8
BLACK
6
CONTINUOUS
10
141.5347759999999937
20
-133.6734629999999981
11
141.5499999999999829
21
-133.75
0
LINE
8
BLACK
6
CONTINUOUS
10
141.5499999999999829
20
-133.75
11
141.5499999999999829
21
-135.25
0
LINE
8
BLACK
6
CONTINUOUS
10
141.5499999999999829
20
-135.25
11
141.5347759999999937
21
-135.3265370000000019
0
LINE
8
BLACK
6
CONTINUOUS
10
141.5347759999999937
20
-135.3265370000000019
11
141.4914210000000026
21
-135.3914209999999798
0
LINE
8
BLACK
6
CONTINUOUS
10
141.4914210000000026
20
-135.3914209999999798
11
141.4265369999999962
21
-135.4347759999999994
0
LINE
8
BLACK
6
CONTINUOUS
10
141.4265369999999962
20
-135.4347759999999994
11
141.3499999999999943
21
-135.4499999999999886
0
LINE
8
BLACK
6
CONTINUOUS
10
141.3499999999999943
20
-135.4499999999999886
11
140.9499999999999886
21
-135.4499999999999886
0
LINE
8
BLACK
6
CONTINUOUS
10
140.9499999999999886
20
-135.4499999999999886
11
140.8734629999999868
21
-135.4347759999999994
0
LINE
8
BLACK
6
CONTINUOUS
10
140.8734629999999868
20
-135.4347759999999994
11
140.8085789999999804
21
-135.3914209999999798
0
LINE
8
BLACK
6
CONTINUOUS
10
140.8085789999999804
20
-135.3914209999999798
11
140.7652239999999892
21
-135.3265370000000019
0
LINE
8
BLACK
6
CONTINUOUS
10
140.7652239999999892
20
-135.3265370000000019
11
140.75
21
-135.25
0
LINE
8
BLACK
6
CONTINUOUS
10
140.75
20
-135.25
11
140.75
21
-133.75
0
LINE
8
BLACK
6
CONTINUOUS
10
140.75
20
-133.75
11
140.7652239999999892
21
-133.6734629999999981
0
LINE
8
BLACK
6
CONTINUOUS
10
140.7652239999999892
20
-133.6734629999999981
11
140.8085789999999804
21
-133.6085789999999918
0
LINE
8
BLACK
6
CONTINUOUS
10
140.8085789999999804
20
-133.6085789999999918
11
140.8734629999999868
21
-133.5652240000000006
0
LINE
8
BLACK
6
CONTINUOUS
10
140.8734629999999868
20
-133.5652240000000006
11
140.9499999999999886
21
-133.5499999999999829
0
LINE
8
BLACK
6
CONTINUOUS
10
140.9499999999999886
20
-133.5499999999999829
11
141.3499999999999943
21
-133.5499999999999829
0
LINE
8
BLACK
6
CONTINUOUS
10
141.3499999999999943
20
-133.5499999999999829
11
141.4265369999999962
21
-133.5652240000000006
0
LINE
8
BLACK
6
CONTINUOUS
10
143.3265370000000019
20
-133.5652240000000006
11
143.3914209999999798
21
-133.6085789999999918
0
LINE
8
BLACK
6
CONTINUOUS
10
143.3914209999999798
20
-133.6085789999999918
11
143.4347759999999994
21
-133.6734629999999981
0
LINE
8
BLACK
6
CONTINUOUS
10
143.4347759999999994
20
-133.6734629999999981
11
143.4499999999999886
21
-133.75
0
LINE
8
BLACK
6
CONTINUOUS
10
143.4499999999999886
20
-133.75
11
143.4499999999999886
21
-135.25
0
LINE
8
BLACK
6
CONTINUOUS
10
143.4499999999999886
20
-135.25
11
143.4347759999999994
21
-135.3265370000000019
0
LINE
8
BLACK
6
CONTINUOUS
10
143.4347759999999994
20
-135.3265370000000019
11
143.3914209999999798
21
-135.3914209999999798
0
LINE
8
BLACK
6
CONTINUOUS
10
143.3914209999999798
20
-135.3914209999999798
11
143.3265370000000019
21
-135.4347759999999994
0
LINE
8
BLACK
6
CONTINUOUS
10
143.3265370000000019
20
-135.4347759999999994
11
143.25
21
-135.4499999999999886
0
LINE
8
BLACK
6
CONTINUOUS
10
143.25
20
-135.4499999999999886
11
142.8499999999999943
21
-135.4499999999999886
0
LINE
8
BLACK
6
CONTINUOUS
10
142.8499999999999943
20
-135.4499999999999886
11
142.7734629999999925
21
-135.4347759999999994
0
LINE
8
BLACK
6
CONTINUOUS
10
142.7734629999999925
20
-135.4347759999999994
11
142.7085789999999861
21
-135.3914209999999798
0
LINE
8
BLACK
6
CONTINUOUS
10
142.7085789999999861
20
-135.3914209999999798
11
142.6652239999999949
21
-135.3265370000000019
0
LINE
8
BLACK
6
CONTINUOUS
10
142.6652239999999949
20
-135.3265370000000019
11
142.6500000000000057
21
-135.25
0
LINE
8
BLACK
6
CONTINUOUS
10
142.6500000000000057
20
-135.25
11
142.6500000000000057
21
-133.75
0
LINE
8
BLACK
6
CONTINUOUS
10
142.6500000000000057
20
-133.75
11
142.6652239999999949
21
-133.6734629999999981
0
LINE
8
BLACK
6
CONTINUOUS
10
142.6652239999999949
20
-133.6734629999999981
11
142.7085789999999861
21
-133.6085789999999918
0
LINE
8
BLACK
6
CONTINUOUS
10
142.7085789999999861
20
-133.6085789999999918
11
142.7734629999999925
21
-133.5652240000000006
0
LINE
8
BLACK
6
CONTINUOUS
10
142.7734629999999925
20
-133.5652240000000006
11
142.8499999999999943
21
-133.5499999999999829
0
LINE
8
BLACK
6
CONTINUOUS
10
142.8499999999999943
20
-133.5499999999999829
11
143.25
21
-133.5499999999999829
0
LINE
8
BLACK
6
CONTINUOUS
10
143.25
20
-133.5499999999999829
11
143.3265370000000019
21
-133.5652240000000006
0
LINE
8
BLACK
6
CONTINUOUS
10
126.6352669999999989
20
-132.8348239999999976
11
125.478248999999991
21
-134.213704000000007
0
LINE
8
BLACK
6
CONTINUOUS
10
125.478248999999991
20
-134.213704000000007
11
124.0993689999999958
21
-133.0566859999999849
0
LINE
8
BLACK
6
CONTINUOUS
10
124.0993689999999958
20
-133.0566859999999849
11
125.2563869999999895
21
-131.6778060000000039
0
LINE
8
BLACK
6
CONTINUOUS
10
125.2563869999999895
20
-131.6778060000000039
11
126.6352669999999989
21
-132.8348239999999976
0
LINE
8
BLACK
6
CONTINUOUS
10
154.9107970000000023
20
-132.0898039999999867
11
155.0826820000000055
21
-132.1663319999999828
0
LINE
8
BLACK
6
CONTINUOUS
10
155.0826820000000055
20
-132.1663319999999828
11
155.2348999999999819
21
-132.2769250000000056
0
LINE
8
BLACK
6
CONTINUOUS
10
155.2348999999999819
20
-132.2769250000000056
11
155.3607969999999909
21
-132.4167479999999841
0
LINE
8
BLACK
6
CONTINUOUS
10
155.3607969999999909
20
-132.4167479999999841
11
155.4548729999999921
21
-132.5796919999999943
0
LINE
8
BLACK
6
CONTINUOUS
10
155.4548729999999921
20
-132.5796919999999943
11
155.5130149999999958
21
-132.7586340000000007
0
LINE
8
BLACK
6
CONTINUOUS
10
155.5130149999999958
20
-132.7586340000000007
11
155.5326819999999941
21
-132.9457549999999912
0
LINE
8
BLACK
6
CONTINUOUS
10
155.5326819999999941
20
-132.9457549999999912
11
155.5130149999999958
21
-133.1328759999999818
0
LINE
8
BLACK
6
CONTINUOUS
10
155.5130149999999958
20
-133.1328759999999818
11
155.4548729999999921
21
-133.3118179999999882
0
LINE
8
BLACK
6
CONTINUOUS
10
155.4548729999999921
20
-133.3118179999999882
11
155.3607969999999909
21
-133.4747619999999984
0
LINE
8
BLACK
6
CONTINUOUS
10
155.3607969999999909
20
-133.4747619999999984
11
155.2348999999999819
21
-133.6145850000000053
0
LINE
8
BLACK
6
CONTINUOUS
10
155.2348999999999819
20
-133.6145850000000053
11
155.0826820000000055
21
-133.7251779999999997
0
LINE
8
BLACK
6
CONTINUOUS
10
155.0826820000000055
20
-133.7251779999999997
11
154.9107970000000023
21
-133.8017059999999958
0
LINE
8
BLACK
6
CONTINUOUS
10
154.9107970000000023
20
-133.8017059999999958
11
154.7267579999999896
21
-133.8408249999999953
0
LINE
8
BLACK
6
CONTINUOUS
10
154.7267579999999896
20
-133.8408249999999953
11
154.5386059999999873
21
-133.8408249999999953
0
LINE
8
BLACK
6
CONTINUOUS
10
154.5386059999999873
20
-133.8408249999999953
11
154.354567000000003
21
-133.8017059999999958
0
LINE
8
BLACK
6
CONTINUOUS
10
154.354567000000003
20
-133.8017059999999958
11
154.1826819999999998
21
-133.7251779999999997
0
LINE
8
BLACK
6
CONTINUOUS
10
154.1826819999999998
20
-133.7251779999999997
11
154.0304639999999949
21
-133.6145850000000053
0
LINE
8
BLACK
6
CONTINUOUS
10
154.0304639999999949
20
-133.6145850000000053
11
153.9045669999999859
21
-133.4747619999999984
0
LINE
8
BLACK
6
CONTINUOUS
10
153.9045669999999859
20
-133.4747619999999984
11
153.8104909999999848
21
-133.3118179999999882
0
LINE
8
BLACK
6
CONTINUOUS
10
153.8104909999999848
20
-133.3118179999999882
11
153.7523489999999811
21
-133.1328759999999818
0
LINE
8
BLACK
6
CONTINUOUS
10
153.7523489999999811
20
-133.1328759999999818
11
153.7326819999999827
21
-132.9457549999999912
0
LINE
8
BLACK
6
CONTINUOUS
10
153.7326819999999827
20
-132.9457549999999912
11
153.7523489999999811
21
-132.7586340000000007
0
LINE
8
BLACK
6
CONTINUOUS
10
153.7523489999999811
20
-132.7586340000000007
11
153.8104909999999848
21
-132.5796919999999943
0
LINE
8
BLACK
6
CONTINUOUS
10
153.8104909999999848
20
-132.5796919999999943
11
153.9045669999999859
21
-132.4167479999999841
0
LINE
8
BLACK
6
CONTINUOUS
10
153.9045669999999859
20
-132.4167479999999841
11
154.0304639999999949
21
-132.2769250000000056
0
LINE
8
BLACK
6
CONTINUOUS
10
154.0304639999999949
20
-132.2769250000000056
11
154.1826819999999998
21
-132.1663319999999828
0
LINE
8
BLACK
6
CONTINUOUS
10
154.1826819999999998
20
-132.1663319999999828
11
154.354567000000003
21
-132.0898039999999867
0
LINE
8
BLACK
6
CONTINUOUS
10
154.354567000000003
20
-132.0898039999999867
11
154.5386059999999873
21
-132.0506849999999872
0
LINE
8
BLACK
6
CONTINUOUS
10
154.5386059999999873
20
-132.0506849999999872
11
154.7267579999999896
21
-132.0506849999999872
0
LINE
8
BLACK
6
CONTINUOUS
10
154.7267579999999896
20
-132.0506849999999872
11
154.9107970000000023
21
-132.0898039999999867
0
LINE
8
BLACK
6
CONTINUOUS
10
146.5956709999999816
20
-132.2690299999999866
11
146.6767769999999871
21
-132.3232229999999845
0
LINE
8
BLACK
6
CONTINUOUS
10
146.6767769999999871
20
-132.3232229999999845
11
146.730969999999985
21
-132.4043289999999899
0
LINE
8
BLACK
6
CONTINUOUS
10
146.730969999999985
20
-132.4043289999999899
11
146.75
21
-132.5
0
LINE
8
BLACK
6
CONTINUOUS
10
146.75
20
-132.5
11
146.75
21
-133.1999999999999886
0
LINE
8
BLACK
6
CONTINUOUS
10
146.75
20
-133.1999999999999886
11
146.730969999999985
21
-133.2956709999999987
0
LINE
8
BLACK
6
CONTINUOUS
10
146.730969999999985
20
-133.2956709999999987
11
146.6767769999999871
21
-133.3767770000000041
0
LINE
8
BLACK
6
CONTINUOUS
10
146.6767769999999871
20
-133.3767770000000041
11
146.5956709999999816
21
-133.4309700000000021
0
LINE
8
BLACK
6
CONTINUOUS
10
146.5956709999999816
20
-133.4309700000000021
11
146.5
21
-133.4499999999999886
0
LINE
8
BLACK
6
CONTINUOUS
10
146.5
20
-133.4499999999999886
11
145.5999999999999943
21
-133.4499999999999886
0
LINE
8
BLACK
6
CONTINUOUS
10
145.5999999999999943
20
-133.4499999999999886
11
145.5043289999999843
21
-133.4309700000000021
0
LINE
8
BLACK
6
CONTINUOUS
10
145.5043289999999843
20
-133.4309700000000021
11
145.4232230000000072
21
-133.3767770000000041
0
LINE
8
BLACK
6
CONTINUOUS
10
145.4232230000000072
20
-133.3767770000000041
11
145.3690299999999809
21
-133.2956709999999987
0
LINE
8
BLACK
6
CONTINUOUS
10
145.3690299999999809
20
-133.2956709999999987
11
145.3499999999999943
21
-133.1999999999999886
0
LINE
8
BLACK
6
CONTINUOUS
10
145.3499999999999943
20
-133.1999999999999886
11
145.3499999999999943
21
-132.5
0
LINE
8
BLACK
6
CONTINUOUS
10
145.3499999999999943
20
-132.5
11
145.3690299999999809
21
-132.4043289999999899
0
LINE
8
BLACK
6
CONTINUOUS
10
145.3690299999999809
20
-132.4043289999999899
11
145.4232230000000072
21
-132.3232229999999845
0
LINE
8
BLACK
6
CONTINUOUS
10
145.4232230000000072
20
-132.3232229999999845
11
145.5043289999999843
21
-132.2690299999999866
0
LINE
8
BLACK
6
CONTINUOUS
10
145.5043289999999843
20
-132.2690299999999866
11
145.5999999999999943
21
-132.25
0
LINE
8
BLACK
6
CONTINUOUS
10
145.5999999999999943
20
-132.25
11
146.5
21
-132.25
0
LINE
8
BLACK
6
CONTINUOUS
10
146.5
20
-132.25
11
146.5956709999999816
21
-132.2690299999999866
0
LINE
8
BLACK
6
CONTINUOUS
10
148.895670999999993
20
-132.2690299999999866
11
148.9767769999999985
21
-132.3232229999999845
0
LINE
8
BLACK
6
CONTINUOUS
10
148.9767769999999985
20
-132.3232229999999845
11
149.0309699999999964
21
-132.4043289999999899
0
LINE
8
BLACK
6
CONTINUOUS
10
149.0309699999999964
20
-132.4043289999999899
11
149.0499999999999829
21
-132.5
0
LINE
8
BLACK
6
CONTINUOUS
10
149.0499999999999829
20
-132.5
11
149.0499999999999829
21
-133.1999999999999886
0
LINE
8
BLACK
6
CONTINUOUS
10
149.0499999999999829
20
-133.1999999999999886
11
149.0309699999999964
21
-133.2956709999999987
0
LINE
8
BLACK
6
CONTINUOUS
10
149.0309699999999964
20
-133.2956709999999987
11
148.9767769999999985
21
-133.3767770000000041
0
LINE
8
BLACK
6
CONTINUOUS
10
148.9767769999999985
20
-133.3767770000000041
11
148.895670999999993
21
-133.4309700000000021
0
LINE
8
BLACK
6
CONTINUOUS
10
148.895670999999993
20
-133.4309700000000021
11
148.7999999999999829
21
-133.4499999999999886
0
LINE
8
BLACK
6
CONTINUOUS
10
148.7999999999999829
20
-133.4499999999999886
11
147.9000000000000057
21
-133.4499999999999886
0
LINE
8
BLACK
6
CONTINUOUS
10
147.9000000000000057
20
-133.4499999999999886
11
147.8043289999999956
21
-133.4309700000000021
0
LINE
8
BLACK
6
CONTINUOUS
10
147.8043289999999956
20
-133.4309700000000021
11
147.7232229999999902
21
-133.3767770000000041
0
LINE
8
BLACK
6
CONTINUOUS
10
147.7232229999999902
20
-133.3767770000000041
11
147.6690299999999922
21
-133.2956709999999987
0
LINE
8
BLACK
6
CONTINUOUS
10
147.6690299999999922
20
-133.2956709999999987
11
147.6500000000000057
21
-133.1999999999999886
0
LINE
8
BLACK
6
CONTINUOUS
10
147.6500000000000057
20
-133.1999999999999886
11
147.6500000000000057
21
-132.5
0
LINE
8
BLACK
6
CONTINUOUS
10
147.6500000000000057
20
-132.5
11
147.6690299999999922
21
-132.4043289999999899
0
LINE
8
BLACK
6
CONTINUOUS
10
147.6690299999999922
20
-132.4043289999999899
11
147.7232229999999902
21
-132.3232229999999845
0
LINE
8
BLACK
6
CONTINUOUS
10
147.7232229999999902
20
-132.3232229999999845
11
147.8043289999999956
21
-132.2690299999999866
0
LINE
8
BLACK
6
CONTINUOUS
10
147.8043289999999956
20
-132.2690299999999866
11
147.9000000000000057
21
-132.25
0
LINE
8
BLACK
6
CONTINUOUS
10
147.9000000000000057
20
-132.25
11
148.7999999999999829
21
-132.25
0
LINE
8
BLACK
6
CONTINUOUS
10
148.7999999999999829
20
-132.25
11
148.895670999999993
21
-132.2690299999999866
0
LINE
8
BLACK
6
CONTINUOUS
10
137.6765369999999962
20
-130.5652240000000006
11
137.7414210000000026
21
-130.6085789999999918
0
LINE
8
BLACK
6
CONTINUOUS
10
137.7414210000000026
20
-130.6085789999999918
11
137.7847759999999937
21
-130.6734629999999981
0
LINE
8
BLACK
6
CONTINUOUS
10
137.7847759999999937
20
-130.6734629999999981
11
137.7999999999999829
21
-130.75
0
LINE
8
BLACK
6
CONTINUOUS
10
137.7999999999999829
20
-130.75
11
137.7999999999999829
21
-132.25
0
LINE
8
BLACK
6
CONTINUOUS
10
137.7999999999999829
20
-132.25
11
137.7847759999999937
21
-132.3265370000000019
0
LINE
8
BLACK
6
CONTINUOUS
10
137.7847759999999937
20
-132.3265370000000019
11
137.7414210000000026
21
-132.3914209999999798
0
LINE
8
BLACK
6
CONTINUOUS
10
137.7414210000000026
20
-132.3914209999999798
11
137.6765369999999962
21
-132.4347759999999994
0
LINE
8
BLACK
6
CONTINUOUS
10
137.6765369999999962
20
-132.4347759999999994
11
137.5999999999999943
21
-132.4499999999999886
0
LINE
8
BLACK
6
CONTINUOUS
10
137.5999999999999943
20
-132.4499999999999886
11
137.1999999999999886
21
-132.4499999999999886
0
LINE
8
BLACK
6
CONTINUOUS
10
137.1999999999999886
20
-132.4499999999999886
11
137.1234629999999868
21
-132.4347759999999994
0
LINE
8
BLACK
6
CONTINUOUS
10
137.1234629999999868
20
-132.4347759999999994
11
137.0585789999999804
21
-132.3914209999999798
0
LINE
8
BLACK
6
CONTINUOUS
10
137.0585789999999804
20
-132.3914209999999798
11
137.0152239999999892
21
-132.3265370000000019
0
LINE
8
BLACK
6
CONTINUOUS
10
137.0152239999999892
20
-132.3265370000000019
11
137.
21
-132.25
0
LINE
8
BLACK
6
CONTINUOUS
10
137.
20
-132.25
11
137.
21
-130.75
0
LINE
8
BLACK
6
CONTINUOUS
10
137.
20
-130.75
11
137.0152239999999892
21
-130.6734629999999981
0
LINE
8
BLACK
6
CONTINUOUS
10
137.0152239999999892
20
-130.6734629999999981
11
137.0585789999999804
21
-130.6085789999999918
0
LINE
8
BLACK
6
CONTINUOUS
10
137.0585789999999804
20
-130.6085789999999918
11
137.1234629999999868
21
-130.5652240000000006
0
LINE
8
BLACK
6
CONTINUOUS
10
137.1234629999999868
20
-130.5652240000000006
11
137.1999999999999886
21
-130.5499999999999829
0
LINE
8
BLACK
6
CONTINUOUS
10
137.1999999999999886
20
-130.5499999999999829
11
137.5999999999999943
21
-130.5499999999999829
0
LINE
8
BLACK
6
CONTINUOUS
10
137.5999999999999943
20
-130.5499999999999829
11
137.6765369999999962
21
-130.5652240000000006
0
LINE
8
BLACK
6
CONTINUOUS
10
142.3765369999999848
20
-130.5652240000000006
11
142.4414209999999912
21
-130.6085789999999918
0
LINE
8
BLACK
6
CONTINUOUS
10
142.4414209999999912
20
-130.6085789999999918
11
142.4847759999999823
21
-130.6734629999999981
0
LINE
8
BLACK
6
CONTINUOUS
10
142.4847759999999823
20
-130.6734629999999981
11
142.5
21
-130.75
0
LINE
8
BLACK
6
CONTINUOUS
10
142.5
20
-130.75
11
142.5
21
-132.25
0
LINE
8
BLACK
6
CONTINUOUS
10
142.5
20
-132.25
11
142.4847759999999823
21
-132.3265370000000019
0
LINE
8
BLACK
6
CONTINUOUS
10
142.4847759999999823
20
-132.3265370000000019
11
142.4414209999999912
21
-132.3914209999999798
0
LINE
8
BLACK
6
CONTINUOUS
10
142.4414209999999912
20
-132.3914209999999798
11
142.3765369999999848
21
-132.4347759999999994
0
LINE
8
BLACK
6
CONTINUOUS
10
142.3765369999999848
20
-132.4347759999999994
11
142.2999999999999829
21
-132.4499999999999886
0
LINE
8
BLACK
6
CONTINUOUS
10
142.2999999999999829
20
-132.4499999999999886
11
141.9000000000000057
21
-132.4499999999999886
0
LINE
8
BLACK
6
CONTINUOUS
10
141.9000000000000057
20
-132.4499999999999886
11
141.8234630000000038
21
-132.4347759999999994
0
LINE
8
BLACK
6
CONTINUOUS
10
141.8234630000000038
20
-132.4347759999999994
11
141.7585789999999974
21
-132.3914209999999798
0
LINE
8
BLACK
6
CONTINUOUS
10
141.7585789999999974
20
-132.3914209999999798
11
141.7152240000000063
21
-132.3265370000000019
0
LINE
8
BLACK
6
CONTINUOUS
10
141.7152240000000063
20
-132.3265370000000019
11
141.6999999999999886
21
-132.25
0
LINE
8
BLACK
6
CONTINUOUS
10
141.6999999999999886
20
-132.25
11
141.6999999999999886
21
-130.75
0
LINE
8
BLACK
6
CONTINUOUS
10
141.6999999999999886
20
-130.75
11
141.7152240000000063
21
-130.6734629999999981
0
LINE
8
BLACK
6
CONTINUOUS
10
141.7152240000000063
20
-130.6734629999999981
11
141.7585789999999974
21
-130.6085789999999918
0
LINE
8
BLACK
6
CONTINUOUS
10
141.7585789999999974
20
-130.6085789999999918
11
141.8234630000000038
21
-130.5652240000000006
0
LINE
8
BLACK
6
CONTINUOUS
10
141.8234630000000038
20
-130.5652240000000006
11
141.9000000000000057
21
-130.5499999999999829
0
LINE
8
BLACK
6
CONTINUOUS
10
141.9000000000000057
20
-130.5499999999999829
11
142.2999999999999829
21
-130.5499999999999829
0
LINE
8
BLACK
6
CONTINUOUS
10
142.2999999999999829
20
-130.5499999999999829
11
142.3765369999999848
21
-130.5652240000000006
0
LINE
8
BLACK
6
CONTINUOUS
10
158.1987639999999828
20
-131.1283200000000022
11
156.8198840000000018
21
-132.2853379999999959
0
LINE
8
BLACK
6
CONTINUOUS
10
156.8198840000000018
20
-132.2853379999999959
11
155.6628659999999797
21
-130.9064579999999864
0
LINE
8
BLACK
6
CONTINUOUS
10
155.6628659999999797
20
-130.9064579999999864
11
157.0417459999999892
21
-129.7494399999999928
0
LINE
8
BLACK
6
CONTINUOUS
10
157.0417459999999892
20
-129.7494399999999928
11
158.1987639999999828
21
-131.1283200000000022
0
LINE
8
BLACK
6
CONTINUOUS
10
154.2679489999999873
20
-131.1109309999999937
11
152.8890690000000063
21
-132.2679489999999873
0
LINE
8
BLACK
6
CONTINUOUS
10
152.8890690000000063
20
-132.2679489999999873
11
151.7320509999999842
21
-130.8890690000000063
0
LINE
8
BLACK
6
CONTINUOUS
10
151.7320509999999842
20
-130.8890690000000063
11
153.1109309999999937
21
-129.7320509999999842
0
LINE
8
BLACK
6
CONTINUOUS
10
153.1109309999999937
20
-129.7320509999999842
11
154.2679489999999873
21
-131.1109309999999937
0
LINE
8
BLACK
6
CONTINUOUS
10
123.3472969999999975
20
-130.1614439999999888
11
123.5191820000000007
21
-130.237971999999985
0
LINE
8
BLACK
6
CONTINUOUS
10
123.5191820000000007
20
-130.237971999999985
11
123.6713999999999913
21
-130.3485650000000078
0
LINE
8
BLACK
6
CONTINUOUS
10
123.6713999999999913
20
-130.3485650000000078
11
123.7972970000000004
21
-130.4883879999999863
0
LINE
8
BLACK
6
CONTINUOUS
10
123.7972970000000004
20
-130.4883879999999863
11
123.8913729999999873
21
-130.6513319999999965
0
LINE
8
BLACK
6
CONTINUOUS
10
123.8913729999999873
20
-130.6513319999999965
11
123.949514999999991
21
-130.8302740000000028
0
LINE
8
BLACK
6
CONTINUOUS
10
123.949514999999991
20
-130.8302740000000028
11
123.9691819999999893
21
-131.0173949999999934
0
LINE
8
BLACK
6
CONTINUOUS
10
123.9691819999999893
20
-131.0173949999999934
11
123.949514999999991
21
-131.2045159999999839
0
LINE
8
BLACK
6
CONTINUOUS
10
123.949514999999991
20
-131.2045159999999839
11
123.8913729999999873
21
-131.3834579999999903
0
LINE
8
BLACK
6
CONTINUOUS
10
123.8913729999999873
20
-131.3834579999999903
11
123.7972970000000004
21
-131.5464020000000005
0
LINE
8
BLACK
6
CONTINUOUS
10
123.7972970000000004
20
-131.5464020000000005
11
123.6713999999999913
21
-131.6862250000000074
0
LINE
8
BLACK
6
CONTINUOUS
10
123.6713999999999913
20
-131.6862250000000074
11
123.5191820000000007
21
-131.7968180000000018
0
LINE
8
BLACK
6
CONTINUOUS
10
123.5191820000000007
20
-131.7968180000000018
11
123.3472969999999975
21
-131.873345999999998
0
LINE
8
BLACK
6
CONTINUOUS
10
123.3472969999999975
20
-131.873345999999998
11
123.163257999999999
21
-131.9124649999999974
0
LINE
8
BLACK
6
CONTINUOUS
10
123.163257999999999
20
-131.9124649999999974
11
122.9751059999999967
21
-131.9124649999999974
0
LINE
8
BLACK
6
CONTINUOUS
10
122.9751059999999967
20
-131.9124649999999974
11
122.7910669999999982
21
-131.873345999999998
0
LINE
8
BLACK
6
CONTINUOUS
10
122.7910669999999982
20
-131.873345999999998
11
122.619181999999995
21
-131.7968180000000018
0
LINE
8
BLACK
6
CONTINUOUS
10
122.619181999999995
20
-131.7968180000000018
11
122.4669639999999902
21
-131.6862250000000074
0
LINE
8
BLACK
6
CONTINUOUS
10
122.4669639999999902
20
-131.6862250000000074
11
122.3410669999999953
21
-131.5464020000000005
0
LINE
8
BLACK
6
CONTINUOUS
10
122.3410669999999953
20
-131.5464020000000005
11
122.2469909999999942
21
-131.3834579999999903
0
LINE
8
BLACK
6
CONTINUOUS
10
122.2469909999999942
20
-131.3834579999999903
11
122.1888489999999905
21
-131.2045159999999839
0
LINE
8
BLACK
6
CONTINUOUS
10
122.1888489999999905
20
-131.2045159999999839
11
122.1691819999999922
21
-131.0173949999999934
0
LINE
8
BLACK
6
CONTINUOUS
10
122.1691819999999922
20
-131.0173949999999934
11
122.1888489999999905
21
-130.8302740000000028
0
LINE
8
BLACK
6
CONTINUOUS
10
122.1888489999999905
20
-130.8302740000000028
11
122.2469909999999942
21
-130.6513319999999965
0
LINE
8
BLACK
6
CONTINUOUS
10
122.2469909999999942
20
-130.6513319999999965
11
122.3410669999999953
21
-130.4883879999999863
0
LINE
8
BLACK
6
CONTINUOUS
10
122.3410669999999953
20
-130.4883879999999863
11
122.4669639999999902
21
-130.3485650000000078
0
LINE
8
BLACK
6
CONTINUOUS
10
122.4669639999999902
20
-130.3485650000000078
11
122.619181999999995
21
-130.237971999999985
0
LINE
8
BLACK
6
CONTINUOUS
10
122.619181999999995
20
-130.237971999999985
11
122.7910669999999982
21
-130.1614439999999888
0
LINE
8
BLACK
6
CONTINUOUS
10
122.7910669999999982
20
-130.1614439999999888
11
122.9751059999999967
21
-130.1223249999999894
0
LINE
8
BLACK
6
CONTINUOUS
10
122.9751059999999967
20
-130.1223249999999894
11
123.163257999999999
21
-130.1223249999999894
0
LINE
8
BLACK
6
CONTINUOUS
10
123.163257999999999
20
-130.1223249999999894
11
123.3472969999999975
21
-130.1614439999999888
0
LINE
8
BLACK
6
CONTINUOUS
10
127.2781149999999997
20
-130.1440489999999954
11
127.4499999999999886
21
-130.2205769999999916
0
LINE
8
BLACK
6
CONTINUOUS
10
127.4499999999999886
20
-130.2205769999999916
11
127.6022179999999935
21
-130.331169999999986
0
LINE
8
BLACK
6
CONTINUOUS
10
127.6022179999999935
20
-130.331169999999986
11
127.7281149999999883
21
-130.4709929999999929
0
LINE
8
BLACK
6
CONTINUOUS
10
127.7281149999999883
20
-130.4709929999999929
11
127.8221909999999895
21
-130.6339370000000031
0
LINE
8
BLACK
6
CONTINUOUS
10
127.8221909999999895
20
-130.6339370000000031
11
127.8803329999999931
21
-130.812878999999981
0
LINE
8
BLACK
6
CONTINUOUS
10
127.8803329999999931
20
-130.812878999999981
11
127.8999999999999915
21
-131.
0
LINE
8
BLACK
6
CONTINUOUS
10
127.8999999999999915
20
-131.
11
127.8803329999999931
21
-131.1871209999999905
0
LINE
8
BLACK
6
CONTINUOUS
10
127.8803329999999931
20
-131.1871209999999905
11
127.8221909999999895
21
-131.3660629999999969
0
LINE
8
BLACK
6
CONTINUOUS
10
127.8221909999999895
20
-131.3660629999999969
11
127.7281149999999883
21
-131.5290070000000071
0
LINE
8
BLACK
6
CONTINUOUS
10
127.7281149999999883
20
-131.5290070000000071
11
127.6022179999999935
21
-131.6688299999999856
0
LINE
8
BLACK
6
CONTINUOUS
10
127.6022179999999935
20
-131.6688299999999856
11
127.4499999999999886
21
-131.77942299999998
0
LINE
8
BLACK
6
CONTINUOUS
10
127.4499999999999886
20
-131.77942299999998
11
127.2781149999999997
21
-131.8559510000000046
0
LINE
8
BLACK
6
CONTINUOUS
10
127.2781149999999997
20
-131.8559510000000046
11
127.0940760000000012
21
-131.895070000000004
0
LINE
8
BLACK
6
CONTINUOUS
10
127.0940760000000012
20
-131.895070000000004
11
126.9059239999999988
21
-131.895070000000004
0
LINE
8
BLACK
6
CONTINUOUS
10
126.9059239999999988
20
-131.895070000000004
11
126.7218850000000003
21
-131.8559510000000046
0
LINE
8
BLACK
6
CONTINUOUS
10
126.7218850000000003
20
-131.8559510000000046
11
126.5499999999999972
21
-131.77942299999998
0
LINE
8
BLACK
6
CONTINUOUS
10
126.5499999999999972
20
-131.77942299999998
11
126.3977819999999923
21
-131.6688299999999856
0
LINE
8
BLACK
6
CONTINUOUS
10
126.3977819999999923
20
-131.6688299999999856
11
126.2718849999999975
21
-131.5290070000000071
0
LINE
8
BLACK
6
CONTINUOUS
10
126.2718849999999975
20
-131.5290070000000071
11
126.1778089999999963
21
-131.3660629999999969
0
LINE
8
BLACK
6
CONTINUOUS
10
126.1778089999999963
20
-131.3660629999999969
11
126.1196669999999926
21
-131.1871209999999905
0
LINE
8
BLACK
6
CONTINUOUS
10
126.1196669999999926
20
-131.1871209999999905
11
126.0999999999999943
21
-131.
0
LINE
8
BLACK
6
CONTINUOUS
10
126.0999999999999943
20
-131.
11
126.1196669999999926
21
-130.812878999999981
0
LINE
8
BLACK
6
CONTINUOUS
10
126.1196669999999926
20
-130.812878999999981
11
126.1778089999999963
21
-130.6339370000000031
0
LINE
8
BLACK
6
CONTINUOUS
10
126.1778089999999963
20
-130.6339370000000031
11
126.2718849999999975
21
-130.4709929999999929
0
LINE
8
BLACK
6
CONTINUOUS
10
126.2718849999999975
20
-130.4709929999999929
11
126.3977819999999923
21
-130.331169999999986
0
LINE
8
BLACK
6
CONTINUOUS
10
126.3977819999999923
20
-130.331169999999986
11
126.5499999999999972
21
-130.2205769999999916
0
LINE
8
BLACK
6
CONTINUOUS
10
126.5499999999999972
20
-130.2205769999999916
11
126.7218850000000003
21
-130.1440489999999954
0
LINE
8
BLACK
6
CONTINUOUS
10
126.7218850000000003
20
-130.1440489999999954
11
126.9059239999999988
21
-130.104929999999996
0
LINE
8
BLACK
6
CONTINUOUS
10
126.9059239999999988
20
-130.104929999999996
11
127.0940760000000012
21
-130.104929999999996
0
LINE
8
BLACK
6
CONTINUOUS
10
127.0940760000000012
20
-130.104929999999996
11
127.2781149999999997
21
-130.1440489999999954
0
LINE
8
BLACK
6
CONTINUOUS
10
146.5956709999999816
20
-130.2690299999999866
11
146.6767769999999871
21
-130.3232229999999845
0
LINE
8
BLACK
6
CONTINUOUS
10
146.6767769999999871
20
-130.3232229999999845
11
146.730969999999985
21
-130.4043289999999899
0
LINE
8
BLACK
6
CONTINUOUS
10
146.730969999999985
20
-130.4043289999999899
11
146.75
21
-130.5
0
LINE
8
BLACK
6
CONTINUOUS
10
146.75
20
-130.5
11
146.75
21
-131.1999999999999886
0
LINE
8
BLACK
6
CONTINUOUS
10
146.75
20
-131.1999999999999886
11
146.730969999999985
21
-131.2956709999999987
0
LINE
8
BLACK
6
CONTINUOUS
10
146.730969999999985
20
-131.2956709999999987
11
146.6767769999999871
21
-131.3767770000000041
0
LINE
8
BLACK
6
CONTINUOUS
10
146.6767769999999871
20
-131.3767770000000041
11
146.5956709999999816
21
-131.4309700000000021
0
LINE
8
BLACK
6
CONTINUOUS
10
146.5956709999999816
20
-131.4309700000000021
11
146.5
21
-131.4499999999999886
0
LINE
8
BLACK
6
CONTINUOUS
10
146.5
20
-131.4499999999999886
11
145.5999999999999943
21
-131.4499999999999886
0
LINE
8
BLACK
6
CONTINUOUS
10
145.5999999999999943
20
-131.4499999999999886
11
145.5043289999999843
21
-131.4309700000000021
0
LINE
8
BLACK
6
CONTINUOUS
10
145.5043289999999843
20
-131.4309700000000021
11
145.4232230000000072
21
-131.3767770000000041
0
LINE
8
BLACK
6
CONTINUOUS
10
145.4232230000000072
20
-131.3767770000000041
11
145.3690299999999809
21
-131.2956709999999987
0
LINE
8
BLACK
6
CONTINUOUS
10
145.3690299999999809
20
-131.2956709999999987
11
145.3499999999999943
21
-131.1999999999999886
0
LINE
8
BLACK
6
CONTINUOUS
10
145.3499999999999943
20
-131.1999999999999886
11
145.3499999999999943
21
-130.5
0
LINE
8
BLACK
6
CONTINUOUS
10
145.3499999999999943
20
-130.5
11
145.3690299999999809
21
-130.4043289999999899
0
LINE
8
BLACK
6
CONTINUOUS
10
145.3690299999999809
20
-130.4043289999999899
11
145.4232230000000072
21
-130.3232229999999845
0
LINE
8
BLACK
6
CONTINUOUS
10
145.4232230000000072
20
-130.3232229999999845
11
145.5043289999999843
21
-130.2690299999999866
0
LINE
8
BLACK
6
CONTINUOUS
10
145.5043289999999843
20
-130.2690299999999866
11
145.5999999999999943
21
-130.25
0
LINE
8
BLACK
6
CONTINUOUS
10
145.5999999999999943
20
-130.25
11
146.5
21
-130.25
0
LINE
8
BLACK
6
CONTINUOUS
10
146.5
20
-130.25
11
146.5956709999999816
21
-130.2690299999999866
0
LINE
8
BLACK
6
CONTINUOUS
10
148.895670999999993
20
-130.2690299999999866
11
148.9767769999999985
21
-130.3232229999999845
0
LINE
8
BLACK
6
CONTINUOUS
10
148.9767769999999985
20
-130.3232229999999845
11
149.0309699999999964
21
-130.4043289999999899
0
LINE
8
BLACK
6
CONTINUOUS
10
149.0309699999999964
20
-130.4043289999999899
11
149.0499999999999829
21
-130.5
0
LINE
8
BLACK
6
CONTINUOUS
10
149.0499999999999829
20
-130.5
11
149.0499999999999829
21
-131.1999999999999886
0
LINE
8
BLACK
6
CONTINUOUS
10
149.0499999999999829
20
-131.1999999999999886
11
149.0309699999999964
21
-131.2956709999999987
0
LINE
8
BLACK
6
CONTINUOUS
10
149.0309699999999964
20
-131.2956709999999987
11
148.9767769999999985
21
-131.3767770000000041
0
LINE
8
BLACK
6
CONTINUOUS
10
148.9767769999999985
20
-131.3767770000000041
11
148.895670999999993
21
-131.4309700000000021
0
LINE
8
BLACK
6
CONTINUOUS
10
148.895670999999993
20
-131.4309700000000021
11
148.7999999999999829
21
-131.4499999999999886
0
LINE
8
BLACK
6
CONTINUOUS
10
148.7999999999999829
20
-131.4499999999999886
11
147.9000000000000057
21
-131.4499999999999886
0
LINE
8
BLACK
6
CONTINUOUS
10
147.9000000000000057
20
-131.4499999999999886
11
147.8043289999999956
21
-131.4309700000000021
0
LINE
8
BLACK
6
CONTINUOUS
10
147.8043289999999956
20
-131.4309700000000021
11
147.7232229999999902
21
-131.3767770000000041
0
LINE
8
BLACK
6
CONTINUOUS
10
147.7232229999999902
20
-131.3767770000000041
11
147.6690299999999922
21
-131.2956709999999987
0
LINE
8
BLACK
6
CONTINUOUS
10
147.6690299999999922
20
-131.2956709999999987
11
147.6500000000000057
21
-131.1999999999999886
0
LINE
8
BLACK
6
CONTINUOUS
10
147.6500000000000057
20
-131.1999999999999886
11
147.6500000000000057
21
-130.5
0
LINE
8
BLACK
6
CONTINUOUS
10
147.6500000000000057
20
-130.5
11
147.6690299999999922
21
-130.4043289999999899
0
LINE
8
BLACK
6
CONTINUOUS
10
147.6690299999999922
20
-130.4043289999999899
11
147.7232229999999902
21
-130.3232229999999845
0
LINE
8
BLACK
6
CONTINUOUS
10
147.7232229999999902
20
-130.3232229999999845
11
147.8043289999999956
21
-130.2690299999999866
0
LINE
8
BLACK
6
CONTINUOUS
10
147.8043289999999956
20
-130.2690299999999866
11
147.9000000000000057
21
-130.25
0
LINE
8
BLACK
6
CONTINUOUS
10
147.9000000000000057
20
-130.25
11
148.7999999999999829
21
-130.25
0
LINE
8
BLACK
6
CONTINUOUS
10
148.7999999999999829
20
-130.25
11
148.895670999999993
21
-130.2690299999999866
0
LINE
8
BLACK
6
CONTINUOUS
10
125.9698139999999995
20
-128.9607079999999826
11
124.8127959999999916
21
-130.339587999999992
0
LINE
8
BLACK
6
CONTINUOUS
10
124.8127959999999916
20
-130.339587999999992
11
123.4339159999999964
21
-129.1825699999999983
0
LINE
8
BLACK
6
CONTINUOUS
10
123.4339159999999964
20
-129.1825699999999983
11
124.5909339999999901
21
-127.8036899999999889
0
LINE
8
BLACK
6
CONTINUOUS
10
124.5909339999999901
20
-127.8036899999999889
11
125.9698139999999995
21
-128.9607079999999826
0
LINE
8
BLACK
6
CONTINUOUS
10
155.5762479999999925
20
-128.2156829999999843
11
155.7481329999999957
21
-128.2922109999999805
0
LINE
8
BLACK
6
CONTINUOUS
10
155.7481329999999957
20
-128.2922109999999805
11
155.9003510000000006
21
-128.4028040000000033
0
LINE
8
BLACK
6
CONTINUOUS
10
155.9003510000000006
20
-128.4028040000000033
11
156.0262479999999812
21
-128.5426269999999818
0
LINE
8
BLACK
6
CONTINUOUS
10
156.0262479999999812
20
-128.5426269999999818
11
156.1203239999999823
21
-128.705570999999992
0
LINE
8
BLACK
6
CONTINUOUS
10
156.1203239999999823
20
-128.705570999999992
11
156.178465999999986
21
-128.8845129999999983
0
LINE
8
BLACK
6
CONTINUOUS
10
156.178465999999986
20
-128.8845129999999983
11
156.1981329999999843
21
-129.0716339999999889
0
LINE
8
BLACK
6
CONTINUOUS
10
156.1981329999999843
20
-129.0716339999999889
11
156.178465999999986
21
-129.2587550000000078
0
LINE
8
BLACK
6
CONTINUOUS
10
156.178465999999986
20
-129.2587550000000078
11
156.1203239999999823
21
-129.4376969999999858
0
LINE
8
BLACK
6
CONTINUOUS
10
156.1203239999999823
20
-129.4376969999999858
11
156.0262479999999812
21
-129.600640999999996
0
LINE
8
BLACK
6
CONTINUOUS
10
156.0262479999999812
20
-129.600640999999996
11
155.9003510000000006
21
-129.7404640000000029
0
LINE
8
BLACK
6
CONTINUOUS
10
155.9003510000000006
20
-129.7404640000000029
11
155.7481329999999957
21
-129.8510569999999973
0
LINE
8
BLACK
6
CONTINUOUS
10
155.7481329999999957
20
-129.8510569999999973
11
155.5762479999999925
21
-129.9275849999999934
0
LINE
8
BLACK
6
CONTINUOUS
10
155.5762479999999925
20
-129.9275849999999934
11
155.3922089999999798
21
-129.9667039999999929
0
LINE
8
BLACK
6
CONTINUOUS
10
155.3922089999999798
20
-129.9667039999999929
11
155.2040570000000059
21
-129.9667039999999929
0
LINE
8
BLACK
6
CONTINUOUS
10
155.2040570000000059
20
-129.9667039999999929
11
155.0200179999999932
21
-129.9275849999999934
0
LINE
8
BLACK
6
CONTINUOUS
10
155.0200179999999932
20
-129.9275849999999934
11
154.84813299999999
21
-129.8510569999999973
0
LINE
8
BLACK
6
CONTINUOUS
10
154.84813299999999
20
-129.8510569999999973
11
154.6959149999999852
21
-129.7404640000000029
0
LINE
8
BLACK
6
CONTINUOUS
10
154.6959149999999852
20
-129.7404640000000029
11
154.5700180000000046
21
-129.600640999999996
0
LINE
8
BLACK
6
CONTINUOUS
10
154.5700180000000046
20
-129.600640999999996
11
154.4759420000000034
21
-129.4376969999999858
0
LINE
8
BLACK
6
CONTINUOUS
10
154.4759420000000034
20
-129.4376969999999858
11
154.4177999999999997
21
-129.2587550000000078
0
LINE
8
BLACK
6
CONTINUOUS
10
154.4177999999999997
20
-129.2587550000000078
11
154.3981330000000014
21
-129.0716339999999889
0
LINE
8
BLACK
6
CONTINUOUS
10
154.3981330000000014
20
-129.0716339999999889
11
154.4177999999999997
21
-128.8845129999999983
0
LINE
8
BLACK
6
CONTINUOUS
10
154.4177999999999997
20
-128.8845129999999983
11
154.4759420000000034
21
-128.705570999999992
0
LINE
8
BLACK
6
CONTINUOUS
10
154.4759420000000034
20
-128.705570999999992
11
154.5700180000000046
21
-128.5426269999999818
0
LINE
8
BLACK
6
CONTINUOUS
10
154.5700180000000046
20
-128.5426269999999818
11
154.6959149999999852
21
-128.4028040000000033
0
LINE
8
BLACK
6
CONTINUOUS
10
154.6959149999999852
20
-128.4028040000000033
11
154.84813299999999
21
-128.2922109999999805
0
LINE
8
BLACK
6
CONTINUOUS
10
154.84813299999999
20
-128.2922109999999805
11
155.0200179999999932
21
-128.2156829999999843
0
LINE
8
BLACK
6
CONTINUOUS
10
155.0200179999999932
20
-128.2156829999999843
11
155.2040570000000059
21
-128.1765639999999848
0
LINE
8
BLACK
6
CONTINUOUS
10
155.2040570000000059
20
-128.1765639999999848
11
155.3922089999999798
21
-128.1765639999999848
0
LINE
8
BLACK
6
CONTINUOUS
10
155.3922089999999798
20
-128.1765639999999848
11
155.5762479999999925
21
-128.2156829999999843
0
LINE
8
BLACK
6
CONTINUOUS
10
136.7265370000000075
20
-127.3652239999999978
11
136.7914209999999855
21
-127.4085789999999889
0
LINE
8
BLACK
6
CONTINUOUS
10
136.7914209999999855
20
-127.4085789999999889
11
136.8347760000000051
21
-127.4734629999999953
0
LINE
8
BLACK
6
CONTINUOUS
10
136.8347760000000051
20
-127.4734629999999953
11
136.8499999999999943
21
-127.5499999999999972
0
LINE
8
BLACK
6
CONTINUOUS
10
136.8499999999999943
20
-127.5499999999999972
11
136.8499999999999943
21
-129.0499999999999829
0
LINE
8
BLACK
6
CONTINUOUS
10
136.8499999999999943
20
-129.0499999999999829
11
136.8347760000000051
21
-129.1265369999999848
0
LINE
8
BLACK
6
CONTINUOUS
10
136.8347760000000051
20
-129.1265369999999848
11
136.7914209999999855
21
-129.1914209999999912
0
LINE
8
BLACK
6
CONTINUOUS
10
136.7914209999999855
20
-129.1914209999999912
11
136.7265370000000075
21
-129.2347759999999823
0
LINE
8
BLACK
6
CONTINUOUS
10
136.7265370000000075
20
-129.2347759999999823
11
136.6500000000000057
21
-129.25
0
LINE
8
BLACK
6
CONTINUOUS
10
136.6500000000000057
20
-129.25
11
136.25
21
-129.25
0
LINE
8
BLACK
6
CONTINUOUS
10
136.25
20
-129.25
11
136.1734629999999981
21
-129.2347759999999823
0
LINE
8
BLACK
6
CONTINUOUS
10
136.1734629999999981
20
-129.2347759999999823
11
136.1085789999999918
21
-129.1914209999999912
0
LINE
8
BLACK
6
CONTINUOUS
10
136.1085789999999918
20
-129.1914209999999912
11
136.0652240000000006
21
-129.1265369999999848
0
LINE
8
BLACK
6
CONTINUOUS
10
136.0652240000000006
20
-129.1265369999999848
11
136.0499999999999829
21
-129.0499999999999829
0
LINE
8
BLACK
6
CONTINUOUS
10
136.0499999999999829
20
-129.0499999999999829
11
136.0499999999999829
21
-127.5499999999999972
0
LINE
8
BLACK
6
CONTINUOUS
10
136.0499999999999829
20
-127.5499999999999972
11
136.0652240000000006
21
-127.4734629999999953
0
LINE
8
BLACK
6
CONTINUOUS
10
136.0652240000000006
20
-127.4734629999999953
11
136.1085789999999918
21
-127.4085789999999889
0
LINE
8
BLACK
6
CONTINUOUS
10
136.1085789999999918
20
-127.4085789999999889
11
136.1734629999999981
21
-127.3652239999999978
0
LINE
8
BLACK
6
CONTINUOUS
10
136.1734629999999981
20
-127.3652239999999978
11
136.25
21
-127.3499999999999943
0
LINE
8
BLACK
6
CONTINUOUS
10
136.25
20
-127.3499999999999943
11
136.6500000000000057
21
-127.3499999999999943
0
LINE
8
BLACK
6
CONTINUOUS
10
136.6500000000000057
20
-127.3499999999999943
11
136.7265370000000075
21
-127.3652239999999978
0
LINE
8
BLACK
6
CONTINUOUS
10
138.6265369999999848
20
-127.3652239999999978
11
138.6914209999999912
21
-127.4085789999999889
0
LINE
8
BLACK
6
CONTINUOUS
10
138.6914209999999912
20
-127.4085789999999889
11
138.7347759999999823
21
-127.4734629999999953
0
LINE
8
BLACK
6
CONTINUOUS
10
138.7347759999999823
20
-127.4734629999999953
11
138.75
21
-127.5499999999999972
0
LINE
8
BLACK
6
CONTINUOUS
10
138.75
20
-127.5499999999999972
11
138.75
21
-129.0499999999999829
0
LINE
8
BLACK
6
CONTINUOUS
10
138.75
20
-129.0499999999999829
11
138.7347759999999823
21
-129.1265369999999848
0
LINE
8
BLACK
6
CONTINUOUS
10
138.7347759999999823
20
-129.1265369999999848
11
138.6914209999999912
21
-129.1914209999999912
0
LINE
8
BLACK
6
CONTINUOUS
10
138.6914209999999912
20
-129.1914209999999912
11
138.6265369999999848
21
-129.2347759999999823
0
LINE
8
BLACK
6
CONTINUOUS
10
138.6265369999999848
20
-129.2347759999999823
11
138.5499999999999829
21
-129.25
0
LINE
8
BLACK
6
CONTINUOUS
10
138.5499999999999829
20
-129.25
11
138.1500000000000057
21
-129.25
0
LINE
8
BLACK
6
CONTINUOUS
10
138.1500000000000057
20
-129.25
11
138.0734630000000038
21
-129.2347759999999823
0
LINE
8
BLACK
6
CONTINUOUS
10
138.0734630000000038
20
-129.2347759999999823
11
138.0085789999999974
21
-129.1914209999999912
0
LINE
8
BLACK
6
CONTINUOUS
10
138.0085789999999974
20
-129.1914209999999912
11
137.9652240000000063
21
-129.1265369999999848
0
LINE
8
BLACK
6
CONTINUOUS
10
137.9652240000000063
20
-129.1265369999999848
11
137.9499999999999886
21
-129.0499999999999829
0
LINE
8
BLACK
6
CONTINUOUS
10
137.9499999999999886
20
-129.0499999999999829
11
137.9499999999999886
21
-127.5499999999999972
0
LINE
8
BLACK
6
CONTINUOUS
10
137.9499999999999886
20
-127.5499999999999972
11
137.9652240000000063
21
-127.4734629999999953
0
LINE
8
BLACK
6
CONTINUOUS
10
137.9652240000000063
20
-127.4734629999999953
11
138.0085789999999974
21
-127.4085789999999889
0
LINE
8
BLACK
6
CONTINUOUS
10
138.0085789999999974
20
-127.4085789999999889
11
138.0734630000000038
21
-127.3652239999999978
0
LINE
8
BLACK
6
CONTINUOUS
10
138.0734630000000038
20
-127.3652239999999978
11
138.1500000000000057
21
-127.3499999999999943
0
LINE
8
BLACK
6
CONTINUOUS
10
138.1500000000000057
20
-127.3499999999999943
11
138.5499999999999829
21
-127.3499999999999943
0
LINE
8
BLACK
6
CONTINUOUS
10
138.5499999999999829
20
-127.3499999999999943
11
138.6265369999999848
21
-127.3652239999999978
0
LINE
8
BLACK
6
CONTINUOUS
10
141.3265370000000019
20
-127.3652239999999978
11
141.3914209999999798
21
-127.4085789999999889
0
LINE
8
BLACK
6
CONTINUOUS
10
141.3914209999999798
20
-127.4085789999999889
11
141.4347759999999994
21
-127.4734629999999953
0
LINE
8
BLACK
6
CONTINUOUS
10
141.4347759999999994
20
-127.4734629999999953
11
141.4499999999999886
21
-127.5499999999999972
0
LINE
8
BLACK
6
CONTINUOUS
10
141.4499999999999886
20
-127.5499999999999972
11
141.4499999999999886
21
-129.0499999999999829
0
LINE
8
BLACK
6
CONTINUOUS
10
141.4499999999999886
20
-129.0499999999999829
11
141.4347759999999994
21
-129.1265369999999848
0
LINE
8
BLACK
6
CONTINUOUS
10
141.4347759999999994
20
-129.1265369999999848
11
141.3914209999999798
21
-129.1914209999999912
0
LINE
8
BLACK
6
CONTINUOUS
10
141.3914209999999798
20
-129.1914209999999912
11
141.3265370000000019
21
-129.2347759999999823
0
LINE
8
BLACK
6
CONTINUOUS
10
141.3265370000000019
20
-129.2347759999999823
11
141.25
21
-129.25
0
LINE
8
BLACK
6
CONTINUOUS
10
141.25
20
-129.25
11
140.8499999999999943
21
-129.25
0
LINE
8
BLACK
6
CONTINUOUS
10
140.8499999999999943
20
-129.25
11
140.7734629999999925
21
-129.2347759999999823
0
LINE
8
BLACK
6
CONTINUOUS
10
140.7734629999999925
20
-129.2347759999999823
11
140.7085789999999861
21
-129.1914209999999912
0
LINE
8
BLACK
6
CONTINUOUS
10
140.7085789999999861
20
-129.1914209999999912
11
140.6652239999999949
21
-129.1265369999999848
0
LINE
8
BLACK
6
CONTINUOUS
10
140.6652239999999949
20
-129.1265369999999848
11
140.6500000000000057
21
-129.0499999999999829
0
LINE
8
BLACK
6
CONTINUOUS
10
140.6500000000000057
20
-129.0499999999999829
11
140.6500000000000057
21
-127.5499999999999972
0
LINE
8
BLACK
6
CONTINUOUS
10
140.6500000000000057
20
-127.5499999999999972
11
140.6652239999999949
21
-127.4734629999999953
0
LINE
8
BLACK
6
CONTINUOUS
10
140.6652239999999949
20
-127.4734629999999953
11
140.7085789999999861
21
-127.4085789999999889
0
LINE
8
BLACK
6
CONTINUOUS
10
140.7085789999999861
20
-127.4085789999999889
11
140.7734629999999925
21
-127.3652239999999978
0
LINE
8
BLACK
6
CONTINUOUS
10
140.7734629999999925
20
-127.3652239999999978
11
140.8499999999999943
21
-127.3499999999999943
0
LINE
8
BLACK
6
CONTINUOUS
10
140.8499999999999943
20
-127.3499999999999943
11
141.25
21
-127.3499999999999943
0
LINE
8
BLACK
6
CONTINUOUS
10
141.25
20
-127.3499999999999943
11
141.3265370000000019
21
-127.3652239999999978
0
LINE
8
BLACK
6
CONTINUOUS
10
143.2265370000000075
20
-127.3652239999999978
11
143.2914209999999855
21
-127.4085789999999889
0
LINE
8
BLACK
6
CONTINUOUS
10
143.2914209999999855
20
-127.4085789999999889
11
143.3347760000000051
21
-127.4734629999999953
0
LINE
8
BLACK
6
CONTINUOUS
10
143.3347760000000051
20
-127.4734629999999953
11
143.3499999999999943
21
-127.5499999999999972
0
LINE
8
BLACK
6
CONTINUOUS
10
143.3499999999999943
20
-127.5499999999999972
11
143.3499999999999943
21
-129.0499999999999829
0
LINE
8
BLACK
6
CONTINUOUS
10
143.3499999999999943
20
-129.0499999999999829
11
143.3347760000000051
21
-129.1265369999999848
0
LINE
8
BLACK
6
CONTINUOUS
10
143.3347760000000051
20
-129.1265369999999848
11
143.2914209999999855
21
-129.1914209999999912
0
LINE
8
BLACK
6
CONTINUOUS
10
143.2914209999999855
20
-129.1914209999999912
11
143.2265370000000075
21
-129.2347759999999823
0
LINE
8
BLACK
6
CONTINUOUS
10
143.2265370000000075
20
-129.2347759999999823
11
143.1500000000000057
21
-129.25
0
LINE
8
BLACK
6
CONTINUOUS
10
143.1500000000000057
20
-129.25
11
142.75
21
-129.25
0
LINE
8
BLACK
6
CONTINUOUS
10
142.75
20
-129.25
11
142.6734629999999981
21
-129.2347759999999823
0
LINE
8
BLACK
6
CONTINUOUS
10
142.6734629999999981
20
-129.2347759999999823
11
142.6085789999999918
21
-129.1914209999999912
0
LINE
8
BLACK
6
CONTINUOUS
10
142.6085789999999918
20
-129.1914209999999912
11
142.5652240000000006
21
-129.1265369999999848
0
LINE
8
BLACK
6
CONTINUOUS
10
142.5652240000000006
20
-129.1265369999999848
11
142.5499999999999829
21
-129.0499999999999829
0
LINE
8
BLACK
6
CONTINUOUS
10
142.5499999999999829
20
-129.0499999999999829
11
142.5499999999999829
21
-127.5499999999999972
0
LINE
8
BLACK
6
CONTINUOUS
10
142.5499999999999829
20
-127.5499999999999972
11
142.5652240000000006
21
-127.4734629999999953
0
LINE
8
BLACK
6
CONTINUOUS
10
142.5652240000000006
20
-127.4734629999999953
11
142.6085789999999918
21
-127.4085789999999889
0
LINE
8
BLACK
6
CONTINUOUS
10
142.6085789999999918
20
-127.4085789999999889
11
142.6734629999999981
21
-127.3652239999999978
0
LINE
8
BLACK
6
CONTINUOUS
10
142.6734629999999981
20
-127.3652239999999978
11
142.75
21
-127.3499999999999943
0
LINE
8
BLACK
6
CONTINUOUS
10
142.75
20
-127.3499999999999943
11
143.1500000000000057
21
-127.3499999999999943
0
LINE
8
BLACK
6
CONTINUOUS
10
143.1500000000000057
20
-127.3499999999999943
11
143.2265370000000075
21
-127.3652239999999978
0
LINE
8
BLACK
6
CONTINUOUS
10
148.9456710000000044
20
-127.3690299999999951
11
149.0267769999999814
21
-127.423222999999993
0
LINE
8
BLACK
6
CONTINUOUS
10
149.0267769999999814
20
-127.423222999999993
11
149.0809699999999793
21
-127.5043289999999985
0
LINE
8
BLACK
6
CONTINUOUS
10
149.0809699999999793
20
-127.5043289999999985
11
149.0999999999999943
21
-127.5999999999999943
0
LINE
8
BLACK
6
CONTINUOUS
10
149.0999999999999943
20
-127.5999999999999943
11
149.0999999999999943
21
-128.2999999999999829
0
LINE
8
BLACK
6
CONTINUOUS
10
149.0999999999999943
20
-128.2999999999999829
11
149.0809699999999793
21
-128.395670999999993
0
LINE
8
BLACK
6
CONTINUOUS
10
149.0809699999999793
20
-128.395670999999993
11
149.0267769999999814
21
-128.4767769999999985
0
LINE
8
BLACK
6
CONTINUOUS
10
149.0267769999999814
20
-128.4767769999999985
11
148.9456710000000044
21
-128.5309699999999964
0
LINE
8
BLACK
6
CONTINUOUS
10
148.9456710000000044
20
-128.5309699999999964
11
148.8499999999999943
21
-128.5499999999999829
0
LINE
8
BLACK
6
CONTINUOUS
10
148.8499999999999943
20
-128.5499999999999829
11
147.9499999999999886
21
-128.5499999999999829
0
LINE
8
BLACK
6
CONTINUOUS
10
147.9499999999999886
20
-128.5499999999999829
11
147.854329000000007
21
-128.5309699999999964
0
LINE
8
BLACK
6
CONTINUOUS
10
147.854329000000007
20
-128.5309699999999964
11
147.7732230000000015
21
-128.4767769999999985
0
LINE
8
BLACK
6
CONTINUOUS
10
147.7732230000000015
20
-128.4767769999999985
11
147.7190300000000036
21
-128.395670999999993
0
LINE
8
BLACK
6
CONTINUOUS
10
147.7190300000000036
20
-128.395670999999993
11
147.6999999999999886
21
-128.2999999999999829
0
LINE
8
BLACK
6
CONTINUOUS
10
147.6999999999999886
20
-128.2999999999999829
11
147.6999999999999886
21
-127.5999999999999943
0
LINE
8
BLACK
6
CONTINUOUS
10
147.6999999999999886
20
-127.5999999999999943
11
147.7190300000000036
21
-127.5043289999999985
0
LINE
8
BLACK
6
CONTINUOUS
10
147.7190300000000036
20
-127.5043289999999985
11
147.7732230000000015
21
-127.423222999999993
0
LINE
8
BLACK
6
CONTINUOUS
10
147.7732230000000015
20
-127.423222999999993
11
147.854329000000007
21
-127.3690299999999951
0
LINE
8
BLACK
6
CONTINUOUS
10
147.854329000000007
20
-127.3690299999999951
11
147.9499999999999886
21
-127.3499999999999943
0
LINE
8
BLACK
6
CONTINUOUS
10
147.9499999999999886
20
-127.3499999999999943
11
148.8499999999999943
21
-127.3499999999999943
0
LINE
8
BLACK
6
CONTINUOUS
10
148.8499999999999943
20
-127.3499999999999943
11
148.9456710000000044
21
-127.3690299999999951
0
LINE
8
BLACK
6
CONTINUOUS
10
146.645670999999993
20
-127.3190299999999979
11
146.7267769999999985
21
-127.3732229999999959
0
LINE
8
BLACK
6
CONTINUOUS
10
146.7267769999999985
20
-127.3732229999999959
11
146.7809699999999964
21
-127.4543290000000013
0
LINE
8
BLACK
6
CONTINUOUS
10
146.7809699999999964
20
-127.4543290000000013
11
146.7999999999999829
21
-127.5499999999999972
0
LINE
8
BLACK
6
CONTINUOUS
10
146.7999999999999829
20
-127.5499999999999972
11
146.7999999999999829
21
-128.25
0
LINE
8
BLACK
6
CONTINUOUS
10
146.7999999999999829
20
-128.25
11
146.7809699999999964
21
-128.3456709999999816
0
LINE
8
BLACK
6
CONTINUOUS
10
146.7809699999999964
20
-128.3456709999999816
11
146.7267769999999985
21
-128.4267769999999871
0
LINE
8
BLACK
6
CONTINUOUS
10
146.7267769999999985
20
-128.4267769999999871
11
146.645670999999993
21
-128.480969999999985
0
LINE
8
BLACK
6
CONTINUOUS
10
146.645670999999993
20
-128.480969999999985
11
146.5499999999999829
21
-128.5
0
LINE
8
BLACK
6
CONTINUOUS
10
146.5499999999999829
20
-128.5
11
145.6500000000000057
21
-128.5
0
LINE
8
BLACK
6
CONTINUOUS
10
145.6500000000000057
20
-128.5
11
145.5543289999999956
21
-128.480969999999985
0
LINE
8
BLACK
6
CONTINUOUS
10
145.5543289999999956
20
-128.480969999999985
11
145.4732229999999902
21
-128.4267769999999871
0
LINE
8
BLACK
6
CONTINUOUS
10
145.4732229999999902
20
-128.4267769999999871
11
145.4190299999999922
21
-128.3456709999999816
0
LINE
8
BLACK
6
CONTINUOUS
10
145.4190299999999922
20
-128.3456709999999816
11
145.4000000000000057
21
-128.25
0
LINE
8
BLACK
6
CONTINUOUS
10
145.4000000000000057
20
-128.25
11
145.4000000000000057
21
-127.5499999999999972
0
LINE
8
BLACK
6
CONTINUOUS
10
145.4000000000000057
20
-127.5499999999999972
11
145.4190299999999922
21
-127.4543290000000013
0
LINE
8
BLACK
6
CONTINUOUS
10
145.4190299999999922
20
-127.4543290000000013
11
145.4732229999999902
21
-127.3732229999999959
0
LINE
8
BLACK
6
CONTINUOUS
10
145.4732229999999902
20
-127.3732229999999959
11
145.5543289999999956
21
-127.3190299999999979
0
LINE
8
BLACK
6
CONTINUOUS
10
145.5543289999999956
20
-127.3190299999999979
11
145.6500000000000057
21
-127.2999999999999972
0
LINE
8
BLACK
6
CONTINUOUS
10
145.6500000000000057
20
-127.2999999999999972
11
146.5499999999999829
21
-127.2999999999999972
0
LINE
8
BLACK
6
CONTINUOUS
10
146.5499999999999829
20
-127.2999999999999972
11
146.645670999999993
21
-127.3190299999999979
0
LINE
8
BLACK
6
CONTINUOUS
10
148.9456710000000044
20
-125.3690299999999951
11
149.0267769999999814
21
-125.423222999999993
0
LINE
8
BLACK
6
CONTINUOUS
10
149.0267769999999814
20
-125.423222999999993
11
149.0809699999999793
21
-125.5043289999999985
0
LINE
8
BLACK
6
CONTINUOUS
10
149.0809699999999793
20
-125.5043289999999985
11
149.0999999999999943
21
-125.5999999999999943
0
LINE
8
BLACK
6
CONTINUOUS
10
149.0999999999999943
20
-125.5999999999999943
11
149.0999999999999943
21
-126.2999999999999972
0
LINE
8
BLACK
6
CONTINUOUS
10
149.0999999999999943
20
-126.2999999999999972
11
149.0809699999999793
21
-126.395670999999993
0
LINE
8
BLACK
6
CONTINUOUS
10
149.0809699999999793
20
-126.395670999999993
11
149.0267769999999814
21
-126.4767769999999985
0
LINE
8
BLACK
6
CONTINUOUS
10
149.0267769999999814
20
-126.4767769999999985
11
148.9456710000000044
21
-126.5309699999999964
0
LINE
8
BLACK
6
CONTINUOUS
10
148.9456710000000044
20
-126.5309699999999964
11
148.8499999999999943
21
-126.5499999999999972
0
LINE
8
BLACK
6
CONTINUOUS
10
148.8499999999999943
20
-126.5499999999999972
11
147.9499999999999886
21
-126.5499999999999972
0
LINE
8
BLACK
6
CONTINUOUS
10
147.9499999999999886
20
-126.5499999999999972
11
147.854329000000007
21
-126.5309699999999964
0
LINE
8
BLACK
6
CONTINUOUS
10
147.854329000000007
20
-126.5309699999999964
11
147.7732230000000015
21
-126.4767769999999985
0
LINE
8
BLACK
6
CONTINUOUS
10
147.7732230000000015
20
-126.4767769999999985
11
147.7190300000000036
21
-126.395670999999993
0
LINE
8
BLACK
6
CONTINUOUS
10
147.7190300000000036
20
-126.395670999999993
11
147.6999999999999886
21
-126.2999999999999972
0
LINE
8
BLACK
6
CONTINUOUS
10
147.6999999999999886
20
-126.2999999999999972
11
147.6999999999999886
21
-125.5999999999999943
0
LINE
8
BLACK
6
CONTINUOUS
10
147.6999999999999886
20
-125.5999999999999943
11
147.7190300000000036
21
-125.5043289999999985
0
LINE
8
BLACK
6
CONTINUOUS
10
147.7190300000000036
20
-125.5043289999999985
11
147.7732230000000015
21
-125.423222999999993
0
LINE
8
BLACK
6
CONTINUOUS
10
147.7732230000000015
20
-125.423222999999993
11
147.854329000000007
21
-125.3690299999999951
0
LINE
8
BLACK
6
CONTINUOUS
10
147.854329000000007
20
-125.3690299999999951
11
147.9499999999999886
21
-125.3499999999999943
0
LINE
8
BLACK
6
CONTINUOUS
10
147.9499999999999886
20
-125.3499999999999943
11
148.8499999999999943
21
-125.3499999999999943
0
LINE
8
BLACK
6
CONTINUOUS
10
148.8499999999999943
20
-125.3499999999999943
11
148.9456710000000044
21
-125.3690299999999951
0
LINE
8
BLACK
6
CONTINUOUS
10
146.645670999999993
20
-125.3190299999999979
11
146.7267769999999985
21
-125.3732229999999959
0
LINE
8
BLACK
6
CONTINUOUS
10
146.7267769999999985
20
-125.3732229999999959
11
146.7809699999999964
21
-125.4543290000000013
0
LINE
8
BLACK
6
CONTINUOUS
10
146.7809699999999964
20
-125.4543290000000013
11
146.7999999999999829
21
-125.5499999999999972
0
LINE
8
BLACK
6
CONTINUOUS
10
146.7999999999999829
20
-125.5499999999999972
11
146.7999999999999829
21
-126.25
0
LINE
8
BLACK
6
CONTINUOUS
10
146.7999999999999829
20
-126.25
11
146.7809699999999964
21
-126.3456709999999958
0
LINE
8
BLACK
6
CONTINUOUS
10
146.7809699999999964
20
-126.3456709999999958
11
146.7267769999999985
21
-126.4267770000000013
0
LINE
8
BLACK
6
CONTINUOUS
10
146.7267769999999985
20
-126.4267770000000013
11
146.645670999999993
21
-126.4809699999999992
0
LINE
8
BLACK
6
CONTINUOUS
10
146.645670999999993
20
-126.4809699999999992
11
146.5499999999999829
21
-126.5
0
LINE
8
BLACK
6
CONTINUOUS
10
146.5499999999999829
20
-126.5
11
145.6500000000000057
21
-126.5
0
LINE
8
BLACK
6
CONTINUOUS
10
145.6500000000000057
20
-126.5
11
145.5543289999999956
21
-126.4809699999999992
0
LINE
8
BLACK
6
CONTINUOUS
10
145.5543289999999956
20
-126.4809699999999992
11
145.4732229999999902
21
-126.4267770000000013
0
LINE
8
BLACK
6
CONTINUOUS
10
145.4732229999999902
20
-126.4267770000000013
11
145.4190299999999922
21
-126.3456709999999958
0
LINE
8
BLACK
6
CONTINUOUS
10
145.4190299999999922
20
-126.3456709999999958
11
145.4000000000000057
21
-126.25
0
LINE
8
BLACK
6
CONTINUOUS
10
145.4000000000000057
20
-126.25
11
145.4000000000000057
21
-125.5499999999999972
0
LINE
8
BLACK
6
CONTINUOUS
10
145.4000000000000057
20
-125.5499999999999972
11
145.4190299999999922
21
-125.4543290000000013
0
LINE
8
BLACK
6
CONTINUOUS
10
145.4190299999999922
20
-125.4543290000000013
11
145.4732229999999902
21
-125.3732229999999959
0
LINE
8
BLACK
6
CONTINUOUS
10
145.4732229999999902
20
-125.3732229999999959
11
145.5543289999999956
21
-125.3190299999999979
0
LINE
8
BLACK
6
CONTINUOUS
10
145.5543289999999956
20
-125.3190299999999979
11
145.6500000000000057
21
-125.2999999999999972
0
LINE
8
BLACK
6
CONTINUOUS
10
145.6500000000000057
20
-125.2999999999999972
11
146.5499999999999829
21
-125.2999999999999972
0
LINE
8
BLACK
6
CONTINUOUS
10
146.5499999999999829
20
-125.2999999999999972
11
146.645670999999993
21
-125.3190299999999979
0
LINE
8
BLACK
6
CONTINUOUS
10
137.6765369999999962
20
-124.3652239999999978
11
137.7414210000000026
21
-124.4085789999999889
0
LINE
8
BLACK
6
CONTINUOUS
10
137.7414210000000026
20
-124.4085789999999889
11
137.7847759999999937
21
-124.4734629999999953
0
LINE
8
BLACK
6
CONTINUOUS
10
137.7847759999999937
20
-124.4734629999999953
11
137.7999999999999829
21
-124.5499999999999972
0
LINE
8
BLACK
6
CONTINUOUS
10
137.7999999999999829
20
-124.5499999999999972
11
137.7999999999999829
21
-126.0499999999999972
0
LINE
8
BLACK
6
CONTINUOUS
10
137.7999999999999829
20
-126.0499999999999972
11
137.7847759999999937
21
-126.126536999999999
0
LINE
8
BLACK
6
CONTINUOUS
10
137.7847759999999937
20
-126.126536999999999
11
137.7414210000000026
21
-126.1914209999999912
0
LINE
8
BLACK
6
CONTINUOUS
10
137.7414210000000026
20
-126.1914209999999912
11
137.6765369999999962
21
-126.2347759999999965
0
LINE
8
BLACK
6
CONTINUOUS
10
137.6765369999999962
20
-126.2347759999999965
11
137.5999999999999943
21
-126.25
0
LINE
8
BLACK
6
CONTINUOUS
10
137.5999999999999943
20
-126.25
11
137.1999999999999886
21
-126.25
0
LINE
8
BLACK
6
CONTINUOUS
10
137.1999999999999886
20
-126.25
11
137.1234629999999868
21
-126.2347759999999965
0
LINE
8
BLACK
6
CONTINUOUS
10
137.1234629999999868
20
-126.2347759999999965
11
137.0585789999999804
21
-126.1914209999999912
0
LINE
8
BLACK
6
CONTINUOUS
10
137.0585789999999804
20
-126.1914209999999912
11
137.0152239999999892
21
-126.126536999999999
0
LINE
8
BLACK
6
CONTINUOUS
10
137.0152239999999892
20
-126.126536999999999
11
137.
21
-126.0499999999999972
0
LINE
8
BLACK
6
CONTINUOUS
10
137.
20
-126.0499999999999972
11
137.
21
-124.5499999999999972
0
LINE
8
BLACK
6
CONTINUOUS
10
137.
20
-124.5499999999999972
11
137.0152239999999892
21
-124.4734629999999953
0
LINE
8
BLACK
6
CONTINUOUS
10
137.0152239999999892
20
-124.4734629999999953
11
137.0585789999999804
21
-124.4085789999999889
0
LINE
8
BLACK
6
CONTINUOUS
10
137.0585789999999804
20
-124.4085789999999889
11
137.1234629999999868
21
-124.3652239999999978
0
LINE
8
BLACK
6
CONTINUOUS
10
137.1234629999999868
20
-124.3652239999999978
11
137.1999999999999886
21
-124.3499999999999943
0
LINE
8
BLACK
6
CONTINUOUS
10
137.1999999999999886
20
-124.3499999999999943
11
137.5999999999999943
21
-124.3499999999999943
0
LINE
8
BLACK
6
CONTINUOUS
10
137.5999999999999943
20
-124.3499999999999943
11
137.6765369999999962
21
-124.3652239999999978
0
LINE
8
BLACK
6
CONTINUOUS
10
142.2765369999999905
20
-124.3652239999999978
11
142.3414209999999969
21
-124.4085789999999889
0
LINE
8
BLACK
6
CONTINUOUS
10
142.3414209999999969
20
-124.4085789999999889
11
142.384775999999988
21
-124.4734629999999953
0
LINE
8
BLACK
6
CONTINUOUS
10
142.384775999999988
20
-124.4734629999999953
11
142.4000000000000057
21
-124.5499999999999972
0
LINE
8
BLACK
6
CONTINUOUS
10
142.4000000000000057
20
-124.5499999999999972
11
142.4000000000000057
21
-126.0499999999999972
0
LINE
8
BLACK
6
CONTINUOUS
10
142.4000000000000057
20
-126.0499999999999972
11
142.384775999999988
21
-126.126536999999999
0
LINE
8
BLACK
6
CONTINUOUS
10
142.384775999999988
20
-126.126536999999999
11
142.3414209999999969
21
-126.1914209999999912
0
LINE
8
BLACK
6
CONTINUOUS
10
142.3414209999999969
20
-126.1914209999999912
11
142.2765369999999905
21
-126.2347759999999965
0
LINE
8
BLACK
6
CONTINUOUS
10
142.2765369999999905
20
-126.2347759999999965
11
142.1999999999999886
21
-126.25
0
LINE
8
BLACK
6
CONTINUOUS
10
142.1999999999999886
20
-126.25
11
141.7999999999999829
21
-126.25
0
LINE
8
BLACK
6
CONTINUOUS
10
141.7999999999999829
20
-126.25
11
141.7234629999999811
21
-126.2347759999999965
0
LINE
8
BLACK
6
CONTINUOUS
10
141.7234629999999811
20
-126.2347759999999965
11
141.6585790000000031
21
-126.1914209999999912
0
LINE
8
BLACK
6
CONTINUOUS
10
141.6585790000000031
20
-126.1914209999999912
11
141.6152239999999836
21
-126.126536999999999
0
LINE
8
BLACK
6
CONTINUOUS
10
141.6152239999999836
20
-126.126536999999999
11
141.5999999999999943
21
-126.0499999999999972
0
LINE
8
BLACK
6
CONTINUOUS
10
141.5999999999999943
20
-126.0499999999999972
11
141.5999999999999943
21
-124.5499999999999972
0
LINE
8
BLACK
6
CONTINUOUS
10
141.5999999999999943
20
-124.5499999999999972
11
141.6152239999999836
21
-124.4734629999999953
0
LINE
8
BLACK
6
CONTINUOUS
10
141.6152239999999836
20
-124.4734629999999953
11
141.6585790000000031
21
-124.4085789999999889
0
LINE
8
BLACK
6
CONTINUOUS
10
141.6585790000000031
20
-124.4085789999999889
11
141.7234629999999811
21
-124.3652239999999978
0
LINE
8
BLACK
6
CONTINUOUS
10
141.7234629999999811
20
-124.3652239999999978
11
141.7999999999999829
21
-124.3499999999999943
0
LINE
8
BLACK
6
CONTINUOUS
10
141.7999999999999829
20
-124.3499999999999943
11
142.1999999999999886
21
-124.3499999999999943
0
LINE
8
BLACK
6
CONTINUOUS
10
142.1999999999999886
20
-124.3499999999999943
11
142.2765369999999905
21
-124.3652239999999978
  0
ENDSEC
  0
EOF
