solid OpenSCAD_Model
  facet normal 0.830865 0.556474 0
    outer loop
      vertex 151.424 108.833 0.9
      vertex 151.207 109.157 0
      vertex 151.207 109.157 0.9
    endloop
  endfacet
  facet normal 0.830865 0.556474 0
    outer loop
      vertex 151.207 109.157 0
      vertex 151.424 108.833 0.9
      vertex 151.424 108.833 0
    endloop
  endfacet
  facet normal -0.55612 -0.831102 0
    outer loop
      vertex 131.793 72.7431 0
      vertex 132.117 72.5263 0.9
      vertex 131.793 72.7431 0.9
    endloop
  endfacet
  facet normal -0.55612 -0.831102 -0
    outer loop
      vertex 132.117 72.5263 0.9
      vertex 131.793 72.7431 0
      vertex 132.117 72.5263 0
    endloop
  endfacet
  facet normal 0.556474 0.830865 -0
    outer loop
      vertex 151.207 109.157 0
      vertex 150.883 109.374 0.9
      vertex 151.207 109.157 0.9
    endloop
  endfacet
  facet normal 0.556474 0.830865 0
    outer loop
      vertex 150.883 109.374 0.9
      vertex 151.207 109.157 0
      vertex 150.883 109.374 0
    endloop
  endfacet
  facet normal 0.980846 -0.194785 0
    outer loop
      vertex 151.424 73.0675 0.9
      vertex 151.5 73.4502 0
      vertex 151.5 73.4502 0.9
    endloop
  endfacet
  facet normal 0.980846 -0.194785 0
    outer loop
      vertex 151.5 73.4502 0
      vertex 151.424 73.0675 0.9
      vertex 151.424 73.0675 0
    endloop
  endfacet
  facet normal 0.980875 0.194638 0
    outer loop
      vertex 151.5 108.45 0.9
      vertex 151.424 108.833 0
      vertex 151.424 108.833 0.9
    endloop
  endfacet
  facet normal 0.980875 0.194638 0
    outer loop
      vertex 151.424 108.833 0
      vertex 151.5 108.45 0.9
      vertex 151.5 108.45 0
    endloop
  endfacet
  facet normal -0.194638 0.980875 0
    outer loop
      vertex 132.5 109.45 0
      vertex 132.117 109.374 0.9
      vertex 132.5 109.45 0.9
    endloop
  endfacet
  facet normal -0.194638 0.980875 0
    outer loop
      vertex 132.117 109.374 0.9
      vertex 132.5 109.45 0
      vertex 132.117 109.374 0
    endloop
  endfacet
  facet normal -0.980846 -0.194785 0
    outer loop
      vertex 131.576 73.0675 0
      vertex 131.5 73.4502 0.9
      vertex 131.5 73.4502 0
    endloop
  endfacet
  facet normal -0.980846 -0.194785 0
    outer loop
      vertex 131.5 73.4502 0.9
      vertex 131.576 73.0675 0
      vertex 131.576 73.0675 0.9
    endloop
  endfacet
  facet normal -0.831182 -0.556 0
    outer loop
      vertex 131.793 72.7431 0
      vertex 131.576 73.0675 0.9
      vertex 131.576 73.0675 0
    endloop
  endfacet
  facet normal -0.831182 -0.556 0
    outer loop
      vertex 131.576 73.0675 0.9
      vertex 131.793 72.7431 0
      vertex 131.793 72.7431 0.9
    endloop
  endfacet
  facet normal -0 0 1
    outer loop
      vertex 132.5 109.45 0.9
      vertex 150.5 108.45 0.9
      vertex 150.5 109.45 0.9
    endloop
  endfacet
  facet normal 0 0 1
    outer loop
      vertex 132.5 109.45 0.9
      vertex 132.5 108.45 0.9
      vertex 150.5 108.45 0.9
    endloop
  endfacet
  facet normal -0 0 1
    outer loop
      vertex 132.117 109.374 0.9
      vertex 132.5 108.45 0.9
      vertex 132.5 109.45 0.9
    endloop
  endfacet
  facet normal 0 0 1
    outer loop
      vertex 132.5 108.45 0.9
      vertex 131.5 108.45 0.9
      vertex 132.5 73.4502 0.9
    endloop
  endfacet
  facet normal -0 0 1
    outer loop
      vertex 131.793 109.157 0.9
      vertex 132.5 108.45 0.9
      vertex 132.117 109.374 0.9
    endloop
  endfacet
  facet normal 0 0 1
    outer loop
      vertex 131.5 73.4502 0.9
      vertex 132.5 73.4502 0.9
      vertex 131.5 108.45 0.9
    endloop
  endfacet
  facet normal -0 0 1
    outer loop
      vertex 131.576 108.833 0.9
      vertex 132.5 108.45 0.9
      vertex 131.793 109.157 0.9
    endloop
  endfacet
  facet normal 0 -0 1
    outer loop
      vertex 131.576 73.0675 0.9
      vertex 132.5 73.4502 0.9
      vertex 131.5 73.4502 0.9
    endloop
  endfacet
  facet normal 0 0 1
    outer loop
      vertex 132.5 108.45 0.9
      vertex 131.576 108.833 0.9
      vertex 131.5 108.45 0.9
    endloop
  endfacet
  facet normal 0 0 1
    outer loop
      vertex 132.5 73.4502 0.9
      vertex 132.117 72.5263 0.9
      vertex 132.5 72.4502 0.9
    endloop
  endfacet
  facet normal 0 0 1
    outer loop
      vertex 132.5 73.4502 0.9
      vertex 131.793 72.7431 0.9
      vertex 132.117 72.5263 0.9
    endloop
  endfacet
  facet normal 0 0 1
    outer loop
      vertex 132.5 73.4502 0.9
      vertex 131.576 73.0675 0.9
      vertex 131.793 72.7431 0.9
    endloop
  endfacet
  facet normal 0 0 1
    outer loop
      vertex 150.5 108.45 0.9
      vertex 151.5 108.45 0.9
      vertex 151.424 108.833 0.9
    endloop
  endfacet
  facet normal 0 0 1
    outer loop
      vertex 151.5 108.45 0.9
      vertex 150.5 108.45 0.9
      vertex 151.5 73.4502 0.9
    endloop
  endfacet
  facet normal 0 0 1
    outer loop
      vertex 150.5 108.45 0.9
      vertex 151.424 108.833 0.9
      vertex 151.207 109.157 0.9
    endloop
  endfacet
  facet normal 0 0 1
    outer loop
      vertex 150.5 73.4502 0.9
      vertex 151.5 73.4502 0.9
      vertex 150.5 108.45 0.9
    endloop
  endfacet
  facet normal 0 0 1
    outer loop
      vertex 150.5 108.45 0.9
      vertex 151.207 109.157 0.9
      vertex 150.883 109.374 0.9
    endloop
  endfacet
  facet normal 0 0 1
    outer loop
      vertex 151.5 73.4502 0.9
      vertex 150.5 73.4502 0.9
      vertex 151.424 73.0675 0.9
    endloop
  endfacet
  facet normal 0 0 1
    outer loop
      vertex 150.5 108.45 0.9
      vertex 150.883 109.374 0.9
      vertex 150.5 109.45 0.9
    endloop
  endfacet
  facet normal 0 0 1
    outer loop
      vertex 151.424 73.0675 0.9
      vertex 150.5 73.4502 0.9
      vertex 151.207 72.7431 0.9
    endloop
  endfacet
  facet normal 0 0 1
    outer loop
      vertex 151.207 72.7431 0.9
      vertex 150.5 73.4502 0.9
      vertex 150.883 72.5263 0.9
    endloop
  endfacet
  facet normal 0 0 1
    outer loop
      vertex 150.5 73.4502 0.9
      vertex 150.5 72.4502 0.9
      vertex 150.883 72.5263 0.9
    endloop
  endfacet
  facet normal -0 0 1
    outer loop
      vertex 132.5 73.4502 0.9
      vertex 150.5 72.4502 0.9
      vertex 150.5 73.4502 0.9
    endloop
  endfacet
  facet normal 0 0 1
    outer loop
      vertex 150.5 72.4502 0.9
      vertex 132.5 73.4502 0.9
      vertex 132.5 72.4502 0.9
    endloop
  endfacet
  facet normal -1 0 0
    outer loop
      vertex 131.5 73.4502 0
      vertex 131.5 108.45 0.9
      vertex 131.5 108.45 0
    endloop
  endfacet
  facet normal -1 -0 0
    outer loop
      vertex 131.5 108.45 0.9
      vertex 131.5 73.4502 0
      vertex 131.5 73.4502 0.9
    endloop
  endfacet
  facet normal 0 0 -1
    outer loop
      vertex 136.065 87.8232 0
      vertex 134.935 87.8232 0
      vertex 134.95 87.9004 0
    endloop
  endfacet
  facet normal 0 0 -1
    outer loop
      vertex 135.1 84.9004 0
      vertex 134.892 87.7588 0
      vertex 134.935 87.8232 0
    endloop
  endfacet
  facet normal 0 0 -1
    outer loop
      vertex 135.1 84.9004 0
      vertex 134.826 87.7148 0
      vertex 134.892 87.7588 0
    endloop
  endfacet
  facet normal 0 0 -1
    outer loop
      vertex 135.1 84.9004 0
      vertex 134.75 87.7002 0
      vertex 134.826 87.7148 0
    endloop
  endfacet
  facet normal 0 0 -1
    outer loop
      vertex 135.1 84.9004 0
      vertex 134.35 87.7002 0
      vertex 134.75 87.7002 0
    endloop
  endfacet
  facet normal -0 0 -1
    outer loop
      vertex 135.115 84.8232 0
      vertex 133.954 83.0557 0
      vertex 135.1 84.9004 0
    endloop
  endfacet
  facet normal 0 0 -1
    outer loop
      vertex 135.1 84.9004 0
      vertex 134.273 87.7148 0
      vertex 134.35 87.7002 0
    endloop
  endfacet
  facet normal 0 0 -1
    outer loop
      vertex 133.873 83.002 0
      vertex 135.1 84.9004 0
      vertex 133.954 83.0557 0
    endloop
  endfacet
  facet normal 0 0 -1
    outer loop
      vertex 135.1 84.9004 0
      vertex 134.209 87.7588 0
      vertex 134.273 87.7148 0
    endloop
  endfacet
  facet normal -0 0 -1
    outer loop
      vertex 134.209 87.7588 0
      vertex 133.873 83.002 0
      vertex 134.165 87.8232 0
    endloop
  endfacet
  facet normal -0 0 -1
    outer loop
      vertex 135.1 84.9004 0
      vertex 133.873 83.002 0
      vertex 134.209 87.7588 0
    endloop
  endfacet
  facet normal 0 0 -1
    outer loop
      vertex 135.181 82.2041 0
      vertex 137.319 81.1953 0
      vertex 135.181 81.0957 0
    endloop
  endfacet
  facet normal 0 0 -1
    outer loop
      vertex 137.319 81.1953 0
      vertex 135.181 82.2041 0
      vertex 135.2 82.2998 0
    endloop
  endfacet
  facet normal 0 0 -1
    outer loop
      vertex 135.127 81.1768 0
      vertex 135.181 82.2041 0
      vertex 135.181 81.0957 0
    endloop
  endfacet
  facet normal 0 0 -1
    outer loop
      vertex 135.127 81.1768 0
      vertex 135.127 82.123 0
      vertex 135.181 82.2041 0
    endloop
  endfacet
  facet normal 0 0 -1
    outer loop
      vertex 135.046 81.2314 0
      vertex 135.127 82.123 0
      vertex 135.127 81.1768 0
    endloop
  endfacet
  facet normal 0 0 -1
    outer loop
      vertex 135.046 81.2314 0
      vertex 135.046 82.0693 0
      vertex 135.127 82.123 0
    endloop
  endfacet
  facet normal 0 0 -1
    outer loop
      vertex 134.95 81.25 0
      vertex 135.046 82.0693 0
      vertex 135.046 81.2314 0
    endloop
  endfacet
  facet normal 0 0 -1
    outer loop
      vertex 134.95 81.25 0
      vertex 134.95 82.0498 0
      vertex 135.046 82.0693 0
    endloop
  endfacet
  facet normal 0 0 -1
    outer loop
      vertex 134.05 81.25 0
      vertex 134.95 82.0498 0
      vertex 134.95 81.25 0
    endloop
  endfacet
  facet normal 0 0 -1
    outer loop
      vertex 134.05 81.25 0
      vertex 134.05 82.0498 0
      vertex 134.95 82.0498 0
    endloop
  endfacet
  facet normal 0 0 -1
    outer loop
      vertex 133.954 81.2314 0
      vertex 134.05 82.0498 0
      vertex 134.05 81.25 0
    endloop
  endfacet
  facet normal 0 0 -1
    outer loop
      vertex 133.954 81.2314 0
      vertex 133.954 82.0693 0
      vertex 134.05 82.0498 0
    endloop
  endfacet
  facet normal 0 0 -1
    outer loop
      vertex 133.873 81.1768 0
      vertex 133.954 82.0693 0
      vertex 133.954 81.2314 0
    endloop
  endfacet
  facet normal 0 0 -1
    outer loop
      vertex 133.873 81.1768 0
      vertex 133.873 82.123 0
      vertex 133.954 82.0693 0
    endloop
  endfacet
  facet normal 0 0 -1
    outer loop
      vertex 133.819 81.0957 0
      vertex 133.873 82.123 0
      vertex 133.873 81.1768 0
    endloop
  endfacet
  facet normal 0 0 -1
    outer loop
      vertex 133.819 81.0957 0
      vertex 133.819 82.2041 0
      vertex 133.873 82.123 0
    endloop
  endfacet
  facet normal 0 0 -1
    outer loop
      vertex 133.8 81 0
      vertex 133.819 82.2041 0
      vertex 133.819 81.0957 0
    endloop
  endfacet
  facet normal -0 0 -1
    outer loop
      vertex 133.819 82.2041 0
      vertex 133.8 81 0
      vertex 133.8 82.2998 0
    endloop
  endfacet
  facet normal -0 0 -1
    outer loop
      vertex 137.3 82.9248 0
      vertex 135.181 82.9209 0
      vertex 135.776 84.7148 0
    endloop
  endfacet
  facet normal 0 0 -1
    outer loop
      vertex 135.127 83.002 0
      vertex 135.776 84.7148 0
      vertex 135.181 82.9209 0
    endloop
  endfacet
  facet normal 0 0 -1
    outer loop
      vertex 135.776 84.7148 0
      vertex 135.127 83.002 0
      vertex 135.7 84.7002 0
    endloop
  endfacet
  facet normal 0 0 -1
    outer loop
      vertex 135.046 83.0557 0
      vertex 135.7 84.7002 0
      vertex 135.127 83.002 0
    endloop
  endfacet
  facet normal -0 0 -1
    outer loop
      vertex 135.7 84.7002 0
      vertex 135.046 83.0557 0
      vertex 135.3 84.7002 0
    endloop
  endfacet
  facet normal 0 0 -1
    outer loop
      vertex 134.95 83.0752 0
      vertex 135.3 84.7002 0
      vertex 135.046 83.0557 0
    endloop
  endfacet
  facet normal -0 0 -1
    outer loop
      vertex 135.3 84.7002 0
      vertex 134.95 83.0752 0
      vertex 135.224 84.7148 0
    endloop
  endfacet
  facet normal -0 0 -1
    outer loop
      vertex 135.224 84.7148 0
      vertex 134.95 83.0752 0
      vertex 135.158 84.7588 0
    endloop
  endfacet
  facet normal -0 0 -1
    outer loop
      vertex 135.158 84.7588 0
      vertex 134.05 83.0752 0
      vertex 135.115 84.8232 0
    endloop
  endfacet
  facet normal 0 0 -1
    outer loop
      vertex 134.05 83.0752 0
      vertex 135.158 84.7588 0
      vertex 134.95 83.0752 0
    endloop
  endfacet
  facet normal 0 0 -1
    outer loop
      vertex 138.681 82.3047 0
      vertex 140.819 82.3047 0
      vertex 138.681 81.1953 0
    endloop
  endfacet
  facet normal 0 0 -1
    outer loop
      vertex 140.819 82.3047 0
      vertex 138.681 82.3047 0
      vertex 138.7 82.4004 0
    endloop
  endfacet
  facet normal 0 0 -1
    outer loop
      vertex 138.627 81.2764 0
      vertex 138.681 82.3047 0
      vertex 138.681 81.1953 0
    endloop
  endfacet
  facet normal 0 0 -1
    outer loop
      vertex 138.627 81.2764 0
      vertex 138.627 82.2236 0
      vertex 138.681 82.3047 0
    endloop
  endfacet
  facet normal 0 0 -1
    outer loop
      vertex 138.546 81.3311 0
      vertex 138.627 82.2236 0
      vertex 138.627 81.2764 0
    endloop
  endfacet
  facet normal 0 0 -1
    outer loop
      vertex 138.546 81.3311 0
      vertex 138.546 82.1689 0
      vertex 138.627 82.2236 0
    endloop
  endfacet
  facet normal 0 0 -1
    outer loop
      vertex 138.45 81.3496 0
      vertex 138.546 82.1689 0
      vertex 138.546 81.3311 0
    endloop
  endfacet
  facet normal 0 0 -1
    outer loop
      vertex 138.45 81.3496 0
      vertex 138.45 82.1504 0
      vertex 138.546 82.1689 0
    endloop
  endfacet
  facet normal 0 0 -1
    outer loop
      vertex 137.55 81.3496 0
      vertex 138.45 82.1504 0
      vertex 138.45 81.3496 0
    endloop
  endfacet
  facet normal 0 0 -1
    outer loop
      vertex 137.55 81.3496 0
      vertex 137.55 82.1504 0
      vertex 138.45 82.1504 0
    endloop
  endfacet
  facet normal 0 0 -1
    outer loop
      vertex 137.454 81.3311 0
      vertex 137.55 82.1504 0
      vertex 137.55 81.3496 0
    endloop
  endfacet
  facet normal 0 0 -1
    outer loop
      vertex 137.454 81.3311 0
      vertex 137.454 82.1689 0
      vertex 137.55 82.1504 0
    endloop
  endfacet
  facet normal 0 0 -1
    outer loop
      vertex 137.373 81.2764 0
      vertex 137.454 82.1689 0
      vertex 137.454 81.3311 0
    endloop
  endfacet
  facet normal 0 0 -1
    outer loop
      vertex 137.373 81.2764 0
      vertex 137.373 82.2236 0
      vertex 137.454 82.1689 0
    endloop
  endfacet
  facet normal 0 0 -1
    outer loop
      vertex 137.319 81.1953 0
      vertex 137.373 82.2236 0
      vertex 137.373 81.2764 0
    endloop
  endfacet
  facet normal 0 0 -1
    outer loop
      vertex 137.319 81.1953 0
      vertex 137.319 82.3047 0
      vertex 137.373 82.2236 0
    endloop
  endfacet
  facet normal 0 0 -1
    outer loop
      vertex 137.3 80.5752 0
      vertex 135.2 81 0
      vertex 137.3 81.0996 0
    endloop
  endfacet
  facet normal 0 0 -1
    outer loop
      vertex 135.181 81.0957 0
      vertex 137.3 81.0996 0
      vertex 135.2 81 0
    endloop
  endfacet
  facet normal 0 0 -1
    outer loop
      vertex 138.546 83.1562 0
      vertex 139.1 84.7002 0
      vertex 138.627 83.1016 0
    endloop
  endfacet
  facet normal -0 0 -1
    outer loop
      vertex 139.1 84.7002 0
      vertex 138.546 83.1562 0
      vertex 139.023 84.7148 0
    endloop
  endfacet
  facet normal 0 0 -1
    outer loop
      vertex 138.45 83.1748 0
      vertex 139.023 84.7148 0
      vertex 138.546 83.1562 0
    endloop
  endfacet
  facet normal -0 0 -1
    outer loop
      vertex 139.023 84.7148 0
      vertex 138.45 83.1748 0
      vertex 138.959 84.7588 0
    endloop
  endfacet
  facet normal 0 0 -1
    outer loop
      vertex 138.9 84.9004 0
      vertex 138.691 87.7588 0
      vertex 138.734 87.8232 0
    endloop
  endfacet
  facet normal -0 0 -1
    outer loop
      vertex 138.959 84.7588 0
      vertex 138.45 83.1748 0
      vertex 138.915 84.8232 0
    endloop
  endfacet
  facet normal 0 0 -1
    outer loop
      vertex 138.9 84.9004 0
      vertex 138.627 87.7148 0
      vertex 138.691 87.7588 0
    endloop
  endfacet
  facet normal 0 0 -1
    outer loop
      vertex 137.55 83.1748 0
      vertex 138.915 84.8232 0
      vertex 138.45 83.1748 0
    endloop
  endfacet
  facet normal 0 0 -1
    outer loop
      vertex 138.9 84.9004 0
      vertex 138.55 87.7002 0
      vertex 138.627 87.7148 0
    endloop
  endfacet
  facet normal -0 0 -1
    outer loop
      vertex 138.915 84.8232 0
      vertex 137.55 83.1748 0
      vertex 138.9 84.9004 0
    endloop
  endfacet
  facet normal 0 0 -1
    outer loop
      vertex 138.9 84.9004 0
      vertex 138.15 87.7002 0
      vertex 138.55 87.7002 0
    endloop
  endfacet
  facet normal 0 0 -1
    outer loop
      vertex 137.454 83.1562 0
      vertex 138.9 84.9004 0
      vertex 137.55 83.1748 0
    endloop
  endfacet
  facet normal 0 0 -1
    outer loop
      vertex 138.9 84.9004 0
      vertex 138.073 87.7148 0
      vertex 138.15 87.7002 0
    endloop
  endfacet
  facet normal 0 0 -1
    outer loop
      vertex 138.9 84.9004 0
      vertex 136.85 87.9004 0
      vertex 138.073 87.7148 0
    endloop
  endfacet
  facet normal 0 0 -1
    outer loop
      vertex 138.073 87.7148 0
      vertex 136.85 87.9004 0
      vertex 138.009 87.7588 0
    endloop
  endfacet
  facet normal 0 0 -1
    outer loop
      vertex 137.965 87.8232 0
      vertex 136.85 87.9004 0
      vertex 137.95 87.9004 0
    endloop
  endfacet
  facet normal 0 0 -1
    outer loop
      vertex 138.009 87.7588 0
      vertex 136.85 87.9004 0
      vertex 137.965 87.8232 0
    endloop
  endfacet
  facet normal 0 0 -1
    outer loop
      vertex 142.181 82.3047 0
      vertex 144.144 81.2461 0
      vertex 142.181 81.1953 0
    endloop
  endfacet
  facet normal 0 0 -1
    outer loop
      vertex 144.144 81.2461 0
      vertex 142.181 82.3047 0
      vertex 142.2 82.4004 0
    endloop
  endfacet
  facet normal 0 0 -1
    outer loop
      vertex 142.127 81.2764 0
      vertex 142.181 82.3047 0
      vertex 142.181 81.1953 0
    endloop
  endfacet
  facet normal 0 0 -1
    outer loop
      vertex 142.127 81.2764 0
      vertex 142.127 82.2236 0
      vertex 142.181 82.3047 0
    endloop
  endfacet
  facet normal 0 0 -1
    outer loop
      vertex 142.046 81.3311 0
      vertex 142.127 82.2236 0
      vertex 142.127 81.2764 0
    endloop
  endfacet
  facet normal 0 0 -1
    outer loop
      vertex 142.046 81.3311 0
      vertex 142.046 82.1689 0
      vertex 142.127 82.2236 0
    endloop
  endfacet
  facet normal 0 0 -1
    outer loop
      vertex 141.95 81.3496 0
      vertex 142.046 82.1689 0
      vertex 142.046 81.3311 0
    endloop
  endfacet
  facet normal 0 0 -1
    outer loop
      vertex 141.95 81.3496 0
      vertex 141.95 82.1504 0
      vertex 142.046 82.1689 0
    endloop
  endfacet
  facet normal 0 0 -1
    outer loop
      vertex 141.05 81.3496 0
      vertex 141.95 82.1504 0
      vertex 141.95 81.3496 0
    endloop
  endfacet
  facet normal 0 0 -1
    outer loop
      vertex 141.05 81.3496 0
      vertex 141.05 82.1504 0
      vertex 141.95 82.1504 0
    endloop
  endfacet
  facet normal 0 0 -1
    outer loop
      vertex 140.954 81.3311 0
      vertex 141.05 82.1504 0
      vertex 141.05 81.3496 0
    endloop
  endfacet
  facet normal 0 0 -1
    outer loop
      vertex 140.954 81.3311 0
      vertex 140.954 82.1689 0
      vertex 141.05 82.1504 0
    endloop
  endfacet
  facet normal 0 0 -1
    outer loop
      vertex 140.873 81.2764 0
      vertex 140.954 82.1689 0
      vertex 140.954 81.3311 0
    endloop
  endfacet
  facet normal 0 0 -1
    outer loop
      vertex 140.873 81.2764 0
      vertex 140.873 82.2236 0
      vertex 140.954 82.1689 0
    endloop
  endfacet
  facet normal 0 0 -1
    outer loop
      vertex 140.819 81.1953 0
      vertex 140.873 82.2236 0
      vertex 140.873 81.2764 0
    endloop
  endfacet
  facet normal 0 0 -1
    outer loop
      vertex 140.819 81.1953 0
      vertex 140.819 82.3047 0
      vertex 140.873 82.2236 0
    endloop
  endfacet
  facet normal 0 0 -1
    outer loop
      vertex 138.7 81.0996 0
      vertex 140.8 81.0996 0
      vertex 138.7 80.5752 0
    endloop
  endfacet
  facet normal 0 0 -1
    outer loop
      vertex 140.8 81.0996 0
      vertex 138.7 81.0996 0
      vertex 140.819 81.1953 0
    endloop
  endfacet
  facet normal 0 0 -1
    outer loop
      vertex 142.881 86.6543 0
      vertex 148.125 86.3496 0
      vertex 142.881 85.5459 0
    endloop
  endfacet
  facet normal 0 0 -1
    outer loop
      vertex 148.125 86.3496 0
      vertex 142.881 86.6543 0
      vertex 142.9 86.75 0
    endloop
  endfacet
  facet normal 0 0 -1
    outer loop
      vertex 142.827 85.627 0
      vertex 142.881 86.6543 0
      vertex 142.881 85.5459 0
    endloop
  endfacet
  facet normal 0 0 -1
    outer loop
      vertex 142.827 85.627 0
      vertex 142.827 86.5732 0
      vertex 142.881 86.6543 0
    endloop
  endfacet
  facet normal 0 0 -1
    outer loop
      vertex 142.746 85.6807 0
      vertex 142.827 86.5732 0
      vertex 142.827 85.627 0
    endloop
  endfacet
  facet normal 0 0 -1
    outer loop
      vertex 142.746 85.6807 0
      vertex 142.746 86.5186 0
      vertex 142.827 86.5732 0
    endloop
  endfacet
  facet normal 0 0 -1
    outer loop
      vertex 142.65 85.7002 0
      vertex 142.746 86.5186 0
      vertex 142.746 85.6807 0
    endloop
  endfacet
  facet normal 0 0 -1
    outer loop
      vertex 142.65 85.7002 0
      vertex 142.65 86.5 0
      vertex 142.746 86.5186 0
    endloop
  endfacet
  facet normal 0 0 -1
    outer loop
      vertex 141.75 85.7002 0
      vertex 142.65 86.5 0
      vertex 142.65 85.7002 0
    endloop
  endfacet
  facet normal 0 0 -1
    outer loop
      vertex 141.75 85.7002 0
      vertex 141.75 86.5 0
      vertex 142.65 86.5 0
    endloop
  endfacet
  facet normal 0 0 -1
    outer loop
      vertex 141.654 85.6807 0
      vertex 141.75 86.5 0
      vertex 141.75 85.7002 0
    endloop
  endfacet
  facet normal 0 0 -1
    outer loop
      vertex 141.654 85.6807 0
      vertex 141.654 86.5186 0
      vertex 141.75 86.5 0
    endloop
  endfacet
  facet normal 0 0 -1
    outer loop
      vertex 141.573 85.627 0
      vertex 141.654 86.5186 0
      vertex 141.654 85.6807 0
    endloop
  endfacet
  facet normal 0 0 -1
    outer loop
      vertex 141.573 85.627 0
      vertex 141.573 86.5732 0
      vertex 141.654 86.5186 0
    endloop
  endfacet
  facet normal 0 0 -1
    outer loop
      vertex 141.519 85.5459 0
      vertex 141.573 86.5732 0
      vertex 141.573 85.627 0
    endloop
  endfacet
  facet normal 0 0 -1
    outer loop
      vertex 141.519 85.5459 0
      vertex 141.519 86.6543 0
      vertex 141.573 86.5732 0
    endloop
  endfacet
  facet normal 0 0 -1
    outer loop
      vertex 140.65 87.9004 0
      vertex 141.519 85.5459 0
      vertex 141.5 85.4502 0
    endloop
  endfacet
  facet normal 0 0 -1
    outer loop
      vertex 141.519 85.5459 0
      vertex 140.65 87.9004 0
      vertex 141.519 86.6543 0
    endloop
  endfacet
  facet normal 0 0 -1
    outer loop
      vertex 145.556 82.4541 0
      vertex 148.15 81.8496 0
      vertex 145.556 81.2461 0
    endloop
  endfacet
  facet normal 0 0 -1
    outer loop
      vertex 148.15 81.8496 0
      vertex 145.556 82.4541 0
      vertex 145.575 82.5498 0
    endloop
  endfacet
  facet normal 0 0 -1
    outer loop
      vertex 145.502 81.3271 0
      vertex 145.556 82.4541 0
      vertex 145.556 81.2461 0
    endloop
  endfacet
  facet normal 0 0 -1
    outer loop
      vertex 145.502 81.3271 0
      vertex 145.502 82.373 0
      vertex 145.556 82.4541 0
    endloop
  endfacet
  facet normal 0 0 -1
    outer loop
      vertex 145.421 81.3809 0
      vertex 145.502 82.373 0
      vertex 145.502 81.3271 0
    endloop
  endfacet
  facet normal 0 0 -1
    outer loop
      vertex 145.421 81.3809 0
      vertex 145.421 82.3193 0
      vertex 145.502 82.373 0
    endloop
  endfacet
  facet normal 0 0 -1
    outer loop
      vertex 145.325 81.4004 0
      vertex 145.421 82.3193 0
      vertex 145.421 81.3809 0
    endloop
  endfacet
  facet normal 0 0 -1
    outer loop
      vertex 145.325 81.4004 0
      vertex 145.325 82.2998 0
      vertex 145.421 82.3193 0
    endloop
  endfacet
  facet normal 0 0 -1
    outer loop
      vertex 144.375 81.4004 0
      vertex 145.325 82.2998 0
      vertex 145.325 81.4004 0
    endloop
  endfacet
  facet normal 0 0 -1
    outer loop
      vertex 144.375 81.4004 0
      vertex 144.375 82.2998 0
      vertex 145.325 82.2998 0
    endloop
  endfacet
  facet normal 0 0 -1
    outer loop
      vertex 144.279 81.3809 0
      vertex 144.375 82.2998 0
      vertex 144.375 81.4004 0
    endloop
  endfacet
  facet normal 0 0 -1
    outer loop
      vertex 144.279 81.3809 0
      vertex 144.279 82.3193 0
      vertex 144.375 82.2998 0
    endloop
  endfacet
  facet normal 0 0 -1
    outer loop
      vertex 144.198 81.3271 0
      vertex 144.279 82.3193 0
      vertex 144.279 81.3809 0
    endloop
  endfacet
  facet normal 0 0 -1
    outer loop
      vertex 144.198 81.3271 0
      vertex 144.198 82.373 0
      vertex 144.279 82.3193 0
    endloop
  endfacet
  facet normal 0 0 -1
    outer loop
      vertex 144.144 81.2461 0
      vertex 144.198 82.373 0
      vertex 144.198 81.3271 0
    endloop
  endfacet
  facet normal 0 0 -1
    outer loop
      vertex 144.144 81.2461 0
      vertex 144.144 82.4541 0
      vertex 144.198 82.373 0
    endloop
  endfacet
  facet normal 0 0 -1
    outer loop
      vertex 142.181 81.1953 0
      vertex 144.125 81.1504 0
      vertex 142.2 81.0996 0
    endloop
  endfacet
  facet normal 0 0 -1
    outer loop
      vertex 144.144 81.2461 0
      vertex 142.2 82.4004 0
      vertex 144.144 82.4541 0
    endloop
  endfacet
  facet normal 0 0 -1
    outer loop
      vertex 149.531 80.6455 0
      vertex 149.55 81.8496 0
      vertex 149.55 80.5498 0
    endloop
  endfacet
  facet normal 0 0 -1
    outer loop
      vertex 149.531 80.6455 0
      vertex 149.531 81.7539 0
      vertex 149.55 81.8496 0
    endloop
  endfacet
  facet normal 0 0 -1
    outer loop
      vertex 149.477 80.7266 0
      vertex 149.531 81.7539 0
      vertex 149.531 80.6455 0
    endloop
  endfacet
  facet normal 0 0 -1
    outer loop
      vertex 149.477 80.7266 0
      vertex 149.477 81.6729 0
      vertex 149.531 81.7539 0
    endloop
  endfacet
  facet normal 0 0 -1
    outer loop
      vertex 149.396 80.7812 0
      vertex 149.477 81.6729 0
      vertex 149.477 80.7266 0
    endloop
  endfacet
  facet normal 0 0 -1
    outer loop
      vertex 149.396 80.7812 0
      vertex 149.396 81.6191 0
      vertex 149.477 81.6729 0
    endloop
  endfacet
  facet normal 0 0 -1
    outer loop
      vertex 149.3 80.7998 0
      vertex 149.396 81.6191 0
      vertex 149.396 80.7812 0
    endloop
  endfacet
  facet normal 0 0 -1
    outer loop
      vertex 149.3 80.7998 0
      vertex 149.3 81.5996 0
      vertex 149.396 81.6191 0
    endloop
  endfacet
  facet normal 0 0 -1
    outer loop
      vertex 148.4 80.7998 0
      vertex 149.3 81.5996 0
      vertex 149.3 80.7998 0
    endloop
  endfacet
  facet normal 0 0 -1
    outer loop
      vertex 148.4 80.7998 0
      vertex 148.4 81.5996 0
      vertex 149.3 81.5996 0
    endloop
  endfacet
  facet normal 0 0 -1
    outer loop
      vertex 148.305 80.7812 0
      vertex 148.4 81.5996 0
      vertex 148.4 80.7998 0
    endloop
  endfacet
  facet normal 0 0 -1
    outer loop
      vertex 148.305 80.7812 0
      vertex 148.305 81.6191 0
      vertex 148.4 81.5996 0
    endloop
  endfacet
  facet normal 0 0 -1
    outer loop
      vertex 148.224 80.7266 0
      vertex 148.305 81.6191 0
      vertex 148.305 80.7812 0
    endloop
  endfacet
  facet normal 0 0 -1
    outer loop
      vertex 148.224 80.7266 0
      vertex 148.224 81.6729 0
      vertex 148.305 81.6191 0
    endloop
  endfacet
  facet normal 0 0 -1
    outer loop
      vertex 148.169 80.6455 0
      vertex 148.224 81.6729 0
      vertex 148.224 80.7266 0
    endloop
  endfacet
  facet normal 0 0 -1
    outer loop
      vertex 148.169 80.6455 0
      vertex 148.169 81.7539 0
      vertex 148.224 81.6729 0
    endloop
  endfacet
  facet normal 0 0 -1
    outer loop
      vertex 145.575 80.6504 0
      vertex 148.169 80.6455 0
      vertex 148.15 80.5498 0
    endloop
  endfacet
  facet normal 0 0 -1
    outer loop
      vertex 148.169 80.6455 0
      vertex 145.575 81.1504 0
      vertex 148.169 81.7539 0
    endloop
  endfacet
  facet normal 0 0 -1
    outer loop
      vertex 149.556 84.5459 0
      vertex 149.575 85.8496 0
      vertex 149.575 84.4502 0
    endloop
  endfacet
  facet normal 0 0 -1
    outer loop
      vertex 149.556 84.5459 0
      vertex 149.556 85.7539 0
      vertex 149.575 85.8496 0
    endloop
  endfacet
  facet normal 0 0 -1
    outer loop
      vertex 149.502 84.627 0
      vertex 149.556 85.7539 0
      vertex 149.556 84.5459 0
    endloop
  endfacet
  facet normal 0 0 -1
    outer loop
      vertex 149.502 84.627 0
      vertex 149.502 85.6729 0
      vertex 149.556 85.7539 0
    endloop
  endfacet
  facet normal 0 0 -1
    outer loop
      vertex 149.421 84.6807 0
      vertex 149.502 85.6729 0
      vertex 149.502 84.627 0
    endloop
  endfacet
  facet normal 0 0 -1
    outer loop
      vertex 149.421 84.6807 0
      vertex 149.421 85.6191 0
      vertex 149.502 85.6729 0
    endloop
  endfacet
  facet normal 0 0 -1
    outer loop
      vertex 149.325 84.7002 0
      vertex 149.421 85.6191 0
      vertex 149.421 84.6807 0
    endloop
  endfacet
  facet normal 0 0 -1
    outer loop
      vertex 149.325 84.7002 0
      vertex 149.325 85.5996 0
      vertex 149.421 85.6191 0
    endloop
  endfacet
  facet normal 0 0 -1
    outer loop
      vertex 148.375 84.7002 0
      vertex 149.325 85.5996 0
      vertex 149.325 84.7002 0
    endloop
  endfacet
  facet normal 0 0 -1
    outer loop
      vertex 148.375 84.7002 0
      vertex 148.375 85.5996 0
      vertex 149.325 85.5996 0
    endloop
  endfacet
  facet normal 0 0 -1
    outer loop
      vertex 148.279 84.6807 0
      vertex 148.375 85.5996 0
      vertex 148.375 84.7002 0
    endloop
  endfacet
  facet normal 0 0 -1
    outer loop
      vertex 148.279 84.6807 0
      vertex 148.279 85.6191 0
      vertex 148.375 85.5996 0
    endloop
  endfacet
  facet normal 0 0 -1
    outer loop
      vertex 148.198 84.627 0
      vertex 148.279 85.6191 0
      vertex 148.279 84.6807 0
    endloop
  endfacet
  facet normal 0 0 -1
    outer loop
      vertex 148.198 84.627 0
      vertex 148.198 85.6729 0
      vertex 148.279 85.6191 0
    endloop
  endfacet
  facet normal 0 0 -1
    outer loop
      vertex 148.144 84.5459 0
      vertex 148.198 85.6729 0
      vertex 148.198 84.627 0
    endloop
  endfacet
  facet normal 0 0 -1
    outer loop
      vertex 148.144 84.5459 0
      vertex 148.144 85.7539 0
      vertex 148.198 85.6729 0
    endloop
  endfacet
  facet normal 0 0 -1
    outer loop
      vertex 145.421 83.2812 0
      vertex 148.144 84.5459 0
      vertex 148.125 84.4502 0
    endloop
  endfacet
  facet normal -0 0 -1
    outer loop
      vertex 148.144 84.5459 0
      vertex 145.421 83.2812 0
      vertex 148.144 85.7539 0
    endloop
  endfacet
  facet normal 0 0 -1
    outer loop
      vertex 150.5 72.4502 0
      vertex 151.5 73.4502 0
      vertex 151.424 73.0675 0
    endloop
  endfacet
  facet normal 0 0 -1
    outer loop
      vertex 151.5 73.4502 0
      vertex 149.575 86.3496 0
      vertex 151.5 108.45 0
    endloop
  endfacet
  facet normal 0 0 -1
    outer loop
      vertex 150.5 72.4502 0
      vertex 151.424 73.0675 0
      vertex 151.207 72.7431 0
    endloop
  endfacet
  facet normal 0 0 -1
    outer loop
      vertex 149.556 86.4453 0
      vertex 151.5 108.45 0
      vertex 149.575 86.3496 0
    endloop
  endfacet
  facet normal 0 0 -1
    outer loop
      vertex 150.5 72.4502 0
      vertex 151.207 72.7431 0
      vertex 150.883 72.5263 0
    endloop
  endfacet
  facet normal 0 0 -1
    outer loop
      vertex 149.502 86.5264 0
      vertex 151.5 108.45 0
      vertex 149.556 86.4453 0
    endloop
  endfacet
  facet normal 0 0 -1
    outer loop
      vertex 148.4 79.7754 0
      vertex 151.5 73.4502 0
      vertex 150.5 72.4502 0
    endloop
  endfacet
  facet normal 0 0 -1
    outer loop
      vertex 149.421 86.5811 0
      vertex 151.5 108.45 0
      vertex 149.502 86.5264 0
    endloop
  endfacet
  facet normal 0 0 -1
    outer loop
      vertex 151.5 73.4502 0
      vertex 149.575 83.9502 0
      vertex 149.575 84.4502 0
    endloop
  endfacet
  facet normal 0 0 -1
    outer loop
      vertex 151.5 73.4502 0
      vertex 149.55 82.375 0
      vertex 149.575 83.9502 0
    endloop
  endfacet
  facet normal 0 0 -1
    outer loop
      vertex 151.5 73.4502 0
      vertex 149.55 80.0254 0
      vertex 149.55 80.5498 0
    endloop
  endfacet
  facet normal 0 0 -1
    outer loop
      vertex 151.5 73.4502 0
      vertex 149.531 79.9297 0
      vertex 149.55 80.0254 0
    endloop
  endfacet
  facet normal 0 0 -1
    outer loop
      vertex 151.5 73.4502 0
      vertex 149.477 79.8486 0
      vertex 149.531 79.9297 0
    endloop
  endfacet
  facet normal 0 0 -1
    outer loop
      vertex 151.5 73.4502 0
      vertex 149.396 79.7939 0
      vertex 149.477 79.8486 0
    endloop
  endfacet
  facet normal 0 0 -1
    outer loop
      vertex 151.5 73.4502 0
      vertex 149.3 79.7754 0
      vertex 149.396 79.7939 0
    endloop
  endfacet
  facet normal 0 0 -1
    outer loop
      vertex 151.5 73.4502 0
      vertex 148.4 79.7754 0
      vertex 149.3 79.7754 0
    endloop
  endfacet
  facet normal 0 0 -1
    outer loop
      vertex 150.5 72.4502 0
      vertex 148.305 79.7939 0
      vertex 148.4 79.7754 0
    endloop
  endfacet
  facet normal 0 0 -1
    outer loop
      vertex 145.325 80.4004 0
      vertex 148.305 79.7939 0
      vertex 150.5 72.4502 0
    endloop
  endfacet
  facet normal 0 0 -1
    outer loop
      vertex 148.305 79.7939 0
      vertex 145.325 80.4004 0
      vertex 148.224 79.8486 0
    endloop
  endfacet
  facet normal 0 0 -1
    outer loop
      vertex 145.556 80.5547 0
      vertex 148.15 80.5498 0
      vertex 148.15 80.0254 0
    endloop
  endfacet
  facet normal 0 0 -1
    outer loop
      vertex 145.556 81.2461 0
      vertex 148.169 81.7539 0
      vertex 145.575 81.1504 0
    endloop
  endfacet
  facet normal -0 0 -1
    outer loop
      vertex 148.169 81.7539 0
      vertex 145.556 81.2461 0
      vertex 148.15 81.8496 0
    endloop
  endfacet
  facet normal 0 0 -1
    outer loop
      vertex 145.575 83.0498 0
      vertex 148.15 82.375 0
      vertex 145.575 82.5498 0
    endloop
  endfacet
  facet normal 0 0 -1
    outer loop
      vertex 145.502 83.2266 0
      vertex 148.125 84.4502 0
      vertex 148.125 83.9502 0
    endloop
  endfacet
  facet normal -0 0 -1
    outer loop
      vertex 148.144 85.7539 0
      vertex 145.421 83.2812 0
      vertex 148.125 85.8496 0
    endloop
  endfacet
  facet normal 0 0 -1
    outer loop
      vertex 148.15 81.8496 0
      vertex 145.575 82.5498 0
      vertex 148.15 82.375 0
    endloop
  endfacet
  facet normal 0 0 -1
    outer loop
      vertex 148.169 80.6455 0
      vertex 145.575 80.6504 0
      vertex 145.575 81.1504 0
    endloop
  endfacet
  facet normal 0 0 -1
    outer loop
      vertex 145.556 80.5547 0
      vertex 148.15 80.0254 0
      vertex 148.169 79.9297 0
    endloop
  endfacet
  facet normal 0 -0 -1
    outer loop
      vertex 145.421 80.4189 0
      vertex 148.224 79.8486 0
      vertex 145.325 80.4004 0
    endloop
  endfacet
  facet normal 0 0 -1
    outer loop
      vertex 148.15 80.5498 0
      vertex 145.556 80.5547 0
      vertex 145.575 80.6504 0
    endloop
  endfacet
  facet normal 0 0 -1
    outer loop
      vertex 148.169 79.9297 0
      vertex 145.502 80.4736 0
      vertex 145.556 80.5547 0
    endloop
  endfacet
  facet normal 0 0 -1
    outer loop
      vertex 148.169 79.9297 0
      vertex 145.421 80.4189 0
      vertex 145.502 80.4736 0
    endloop
  endfacet
  facet normal 0 0 -1
    outer loop
      vertex 148.224 79.8486 0
      vertex 145.421 80.4189 0
      vertex 148.169 79.9297 0
    endloop
  endfacet
  facet normal 0 0 -1
    outer loop
      vertex 150.5 72.4502 0
      vertex 144.375 80.4004 0
      vertex 145.325 80.4004 0
    endloop
  endfacet
  facet normal 0 0 -1
    outer loop
      vertex 142.046 80.3438 0
      vertex 144.375 80.4004 0
      vertex 150.5 72.4502 0
    endloop
  endfacet
  facet normal -0 0 -1
    outer loop
      vertex 144.375 80.4004 0
      vertex 142.046 80.3438 0
      vertex 144.279 80.4189 0
    endloop
  endfacet
  facet normal 0 0 -1
    outer loop
      vertex 142.2 81.0996 0
      vertex 144.125 81.1504 0
      vertex 144.125 80.6504 0
    endloop
  endfacet
  facet normal 0 0 -1
    outer loop
      vertex 144.125 81.1504 0
      vertex 142.181 81.1953 0
      vertex 144.144 81.2461 0
    endloop
  endfacet
  facet normal 0 0 -1
    outer loop
      vertex 142.2 82.9248 0
      vertex 144.125 82.5498 0
      vertex 142.2 82.4004 0
    endloop
  endfacet
  facet normal 0 0 -1
    outer loop
      vertex 142.2 80.5752 0
      vertex 144.125 80.6504 0
      vertex 144.144 80.5547 0
    endloop
  endfacet
  facet normal 0 0 -1
    outer loop
      vertex 144.125 83.0498 0
      vertex 142.881 84.8291 0
      vertex 142.9 84.9248 0
    endloop
  endfacet
  facet normal 0 0 -1
    outer loop
      vertex 144.125 83.0498 0
      vertex 142.827 84.748 0
      vertex 142.881 84.8291 0
    endloop
  endfacet
  facet normal 0 0 -1
    outer loop
      vertex 142.181 83.0205 0
      vertex 144.125 83.0498 0
      vertex 142.2 82.9248 0
    endloop
  endfacet
  facet normal 0 -0 -1
    outer loop
      vertex 142.746 84.6943 0
      vertex 144.125 83.0498 0
      vertex 142.181 83.0205 0
    endloop
  endfacet
  facet normal -0 0 -1
    outer loop
      vertex 144.125 80.6504 0
      vertex 142.2 80.5752 0
      vertex 142.2 81.0996 0
    endloop
  endfacet
  facet normal 0 0 -1
    outer loop
      vertex 142.181 80.4795 0
      vertex 144.144 80.5547 0
      vertex 144.198 80.4736 0
    endloop
  endfacet
  facet normal 0 -0 -1
    outer loop
      vertex 142.127 80.3984 0
      vertex 144.279 80.4189 0
      vertex 142.046 80.3438 0
    endloop
  endfacet
  facet normal -0 0 -1
    outer loop
      vertex 144.144 80.5547 0
      vertex 142.181 80.4795 0
      vertex 142.2 80.5752 0
    endloop
  endfacet
  facet normal -0 0 -1
    outer loop
      vertex 144.198 80.4736 0
      vertex 142.127 80.3984 0
      vertex 142.181 80.4795 0
    endloop
  endfacet
  facet normal -0 0 -1
    outer loop
      vertex 144.279 80.4189 0
      vertex 142.127 80.3984 0
      vertex 144.198 80.4736 0
    endloop
  endfacet
  facet normal 0 0 -1
    outer loop
      vertex 150.5 72.4502 0
      vertex 141.95 80.3252 0
      vertex 142.046 80.3438 0
    endloop
  endfacet
  facet normal 0 0 -1
    outer loop
      vertex 150.5 72.4502 0
      vertex 141.05 80.3252 0
      vertex 141.95 80.3252 0
    endloop
  endfacet
  facet normal 0 0 -1
    outer loop
      vertex 132.5 72.4502 0
      vertex 141.05 80.3252 0
      vertex 150.5 72.4502 0
    endloop
  endfacet
  facet normal 0 -0 -1
    outer loop
      vertex 138.45 80.3252 0
      vertex 141.05 80.3252 0
      vertex 132.5 72.4502 0
    endloop
  endfacet
  facet normal 0 0 -1
    outer loop
      vertex 138.7 80.5752 0
      vertex 140.8 81.0996 0
      vertex 140.8 80.5752 0
    endloop
  endfacet
  facet normal 0 0 -1
    outer loop
      vertex 138.681 81.1953 0
      vertex 140.819 81.1953 0
      vertex 138.7 81.0996 0
    endloop
  endfacet
  facet normal 0 0 -1
    outer loop
      vertex 140.819 81.1953 0
      vertex 138.681 81.1953 0
      vertex 140.819 82.3047 0
    endloop
  endfacet
  facet normal 0 0 -1
    outer loop
      vertex 140.8 82.9248 0
      vertex 140.635 87.8232 0
      vertex 140.65 87.9004 0
    endloop
  endfacet
  facet normal 0 -0 -1
    outer loop
      vertex 140.592 87.7588 0
      vertex 140.8 82.9248 0
      vertex 139.7 84.9004 0
    endloop
  endfacet
  facet normal 0 0 -1
    outer loop
      vertex 140.8 82.9248 0
      vertex 140.592 87.7588 0
      vertex 140.635 87.8232 0
    endloop
  endfacet
  facet normal 0 0 -1
    outer loop
      vertex 139.7 86.4004 0
      vertex 140.592 87.7588 0
      vertex 139.7 84.9004 0
    endloop
  endfacet
  facet normal 0 0 -1
    outer loop
      vertex 140.592 87.7588 0
      vertex 139.7 86.4004 0
      vertex 140.526 87.7148 0
    endloop
  endfacet
  facet normal 0 0 -1
    outer loop
      vertex 139.685 86.4766 0
      vertex 140.526 87.7148 0
      vertex 139.7 86.4004 0
    endloop
  endfacet
  facet normal 0 0 -1
    outer loop
      vertex 140.526 87.7148 0
      vertex 139.685 86.4766 0
      vertex 140.45 87.7002 0
    endloop
  endfacet
  facet normal 0 0 -1
    outer loop
      vertex 139.642 86.541 0
      vertex 140.45 87.7002 0
      vertex 139.685 86.4766 0
    endloop
  endfacet
  facet normal 0 0 -1
    outer loop
      vertex 139.576 86.585 0
      vertex 140.05 87.7002 0
      vertex 139.642 86.541 0
    endloop
  endfacet
  facet normal -0 0 -1
    outer loop
      vertex 140.05 87.7002 0
      vertex 139.576 86.585 0
      vertex 139.974 87.7148 0
    endloop
  endfacet
  facet normal -0 0 -1
    outer loop
      vertex 140.45 87.7002 0
      vertex 139.642 86.541 0
      vertex 140.05 87.7002 0
    endloop
  endfacet
  facet normal 0 0 -1
    outer loop
      vertex 138.7 80.5752 0
      vertex 140.8 80.5752 0
      vertex 140.819 80.4795 0
    endloop
  endfacet
  facet normal 0 0 -1
    outer loop
      vertex 140.8 82.9248 0
      vertex 139.685 84.8232 0
      vertex 139.7 84.9004 0
    endloop
  endfacet
  facet normal 0 0 -1
    outer loop
      vertex 140.8 82.9248 0
      vertex 139.642 84.7588 0
      vertex 139.685 84.8232 0
    endloop
  endfacet
  facet normal 0 0 -1
    outer loop
      vertex 140.8 82.9248 0
      vertex 139.576 84.7148 0
      vertex 139.642 84.7588 0
    endloop
  endfacet
  facet normal 0 0 -1
    outer loop
      vertex 140.8 82.9248 0
      vertex 139.5 84.7002 0
      vertex 139.576 84.7148 0
    endloop
  endfacet
  facet normal 0 0 -1
    outer loop
      vertex 140.819 82.3047 0
      vertex 138.7 82.4004 0
      vertex 140.8 82.4004 0
    endloop
  endfacet
  facet normal 0 0 -1
    outer loop
      vertex 138.7 82.9248 0
      vertex 140.8 82.9248 0
      vertex 138.7 82.4004 0
    endloop
  endfacet
  facet normal 0 0 -1
    outer loop
      vertex 140.8 82.4004 0
      vertex 138.7 82.4004 0
      vertex 140.8 82.9248 0
    endloop
  endfacet
  facet normal 0 0 -1
    outer loop
      vertex 138.681 83.0205 0
      vertex 140.8 82.9248 0
      vertex 138.7 82.9248 0
    endloop
  endfacet
  facet normal 0 0 -1
    outer loop
      vertex 138.734 87.8232 0
      vertex 138.9 86.4004 0
      vertex 138.9 84.9004 0
    endloop
  endfacet
  facet normal 0 0 -1
    outer loop
      vertex 138.9 86.4004 0
      vertex 138.734 87.8232 0
      vertex 138.75 87.9004 0
    endloop
  endfacet
  facet normal -0 0 -1
    outer loop
      vertex 139.5 84.7002 0
      vertex 138.627 83.1016 0
      vertex 139.1 84.7002 0
    endloop
  endfacet
  facet normal 0 0 -1
    outer loop
      vertex 138.627 83.1016 0
      vertex 139.5 84.7002 0
      vertex 138.681 83.0205 0
    endloop
  endfacet
  facet normal 0 0 -1
    outer loop
      vertex 140.8 82.9248 0
      vertex 138.681 83.0205 0
      vertex 139.5 84.7002 0
    endloop
  endfacet
  facet normal 0 0 -1
    outer loop
      vertex 138.681 80.4795 0
      vertex 140.819 80.4795 0
      vertex 140.873 80.3984 0
    endloop
  endfacet
  facet normal 0 0 -1
    outer loop
      vertex 141.05 80.3252 0
      vertex 138.45 80.3252 0
      vertex 140.954 80.3438 0
    endloop
  endfacet
  facet normal 0 0 -1
    outer loop
      vertex 140.819 80.4795 0
      vertex 138.681 80.4795 0
      vertex 138.7 80.5752 0
    endloop
  endfacet
  facet normal 0 0 -1
    outer loop
      vertex 140.873 80.3984 0
      vertex 138.627 80.3984 0
      vertex 138.681 80.4795 0
    endloop
  endfacet
  facet normal -0 0 -1
    outer loop
      vertex 140.873 80.3984 0
      vertex 138.546 80.3438 0
      vertex 138.627 80.3984 0
    endloop
  endfacet
  facet normal 0 0 -1
    outer loop
      vertex 140.954 80.3438 0
      vertex 138.546 80.3438 0
      vertex 140.873 80.3984 0
    endloop
  endfacet
  facet normal -0 0 -1
    outer loop
      vertex 140.954 80.3438 0
      vertex 138.45 80.3252 0
      vertex 138.546 80.3438 0
    endloop
  endfacet
  facet normal -0 0 -1
    outer loop
      vertex 138.45 80.3252 0
      vertex 132.5 72.4502 0
      vertex 137.55 80.3252 0
    endloop
  endfacet
  facet normal 0 0 -1
    outer loop
      vertex 135.2 81 0
      vertex 137.3 80.5752 0
      vertex 135.2 80.4746 0
    endloop
  endfacet
  facet normal -0 0 -1
    outer loop
      vertex 137.3 81.0996 0
      vertex 135.181 81.0957 0
      vertex 137.319 81.1953 0
    endloop
  endfacet
  facet normal 0 0 -1
    outer loop
      vertex 137.319 81.1953 0
      vertex 135.2 82.2998 0
      vertex 137.319 82.3047 0
    endloop
  endfacet
  facet normal 0 0 -1
    outer loop
      vertex 137.3 82.9248 0
      vertex 136.835 87.8232 0
      vertex 136.85 87.9004 0
    endloop
  endfacet
  facet normal 0 -0 -1
    outer loop
      vertex 136.791 87.7588 0
      vertex 137.3 82.9248 0
      vertex 135.9 84.9004 0
    endloop
  endfacet
  facet normal 0 0 -1
    outer loop
      vertex 137.3 82.9248 0
      vertex 136.791 87.7588 0
      vertex 136.835 87.8232 0
    endloop
  endfacet
  facet normal 0 0 -1
    outer loop
      vertex 135.9 86.4004 0
      vertex 136.791 87.7588 0
      vertex 135.9 84.9004 0
    endloop
  endfacet
  facet normal 0 0 -1
    outer loop
      vertex 136.791 87.7588 0
      vertex 135.9 86.4004 0
      vertex 136.727 87.7148 0
    endloop
  endfacet
  facet normal 0 0 -1
    outer loop
      vertex 135.885 86.4766 0
      vertex 136.727 87.7148 0
      vertex 135.9 86.4004 0
    endloop
  endfacet
  facet normal 0 0 -1
    outer loop
      vertex 136.727 87.7148 0
      vertex 135.885 86.4766 0
      vertex 136.65 87.7002 0
    endloop
  endfacet
  facet normal -0 0 -1
    outer loop
      vertex 136.65 87.7002 0
      vertex 135.842 86.541 0
      vertex 136.25 87.7002 0
    endloop
  endfacet
  facet normal 0 0 -1
    outer loop
      vertex 135.776 86.585 0
      vertex 136.25 87.7002 0
      vertex 135.842 86.541 0
    endloop
  endfacet
  facet normal -0 0 -1
    outer loop
      vertex 136.25 87.7002 0
      vertex 135.776 86.585 0
      vertex 136.174 87.7148 0
    endloop
  endfacet
  facet normal 0 0 -1
    outer loop
      vertex 135.842 86.541 0
      vertex 136.65 87.7002 0
      vertex 135.885 86.4766 0
    endloop
  endfacet
  facet normal 0 0 -1
    outer loop
      vertex 135.2 80.4746 0
      vertex 137.3 80.5752 0
      vertex 137.319 80.4795 0
    endloop
  endfacet
  facet normal 0 0 -1
    outer loop
      vertex 137.3 82.9248 0
      vertex 135.885 84.8232 0
      vertex 135.9 84.9004 0
    endloop
  endfacet
  facet normal 0 0 -1
    outer loop
      vertex 137.3 82.9248 0
      vertex 135.842 84.7588 0
      vertex 135.885 84.8232 0
    endloop
  endfacet
  facet normal 0 0 -1
    outer loop
      vertex 137.3 82.9248 0
      vertex 135.776 84.7148 0
      vertex 135.842 84.7588 0
    endloop
  endfacet
  facet normal -0 0 -1
    outer loop
      vertex 137.319 82.3047 0
      vertex 135.2 82.2998 0
      vertex 137.3 82.4004 0
    endloop
  endfacet
  facet normal 0 0 -1
    outer loop
      vertex 137.3 82.4004 0
      vertex 135.2 82.8252 0
      vertex 137.3 82.9248 0
    endloop
  endfacet
  facet normal 0 0 -1
    outer loop
      vertex 135.181 82.9209 0
      vertex 137.3 82.9248 0
      vertex 135.2 82.8252 0
    endloop
  endfacet
  facet normal 0 0 -1
    outer loop
      vertex 135.2 82.8252 0
      vertex 137.3 82.4004 0
      vertex 135.2 82.2998 0
    endloop
  endfacet
  facet normal 0 0 -1
    outer loop
      vertex 135.181 80.3789 0
      vertex 137.319 80.4795 0
      vertex 137.373 80.3984 0
    endloop
  endfacet
  facet normal 0 0 -1
    outer loop
      vertex 135.127 80.2979 0
      vertex 137.373 80.3984 0
      vertex 137.454 80.3438 0
    endloop
  endfacet
  facet normal -0 0 -1
    outer loop
      vertex 137.55 80.3252 0
      vertex 132.5 72.4502 0
      vertex 137.454 80.3438 0
    endloop
  endfacet
  facet normal 0 0 -1
    outer loop
      vertex 137.319 80.4795 0
      vertex 135.181 80.3789 0
      vertex 135.2 80.4746 0
    endloop
  endfacet
  facet normal 0 0 -1
    outer loop
      vertex 137.373 80.3984 0
      vertex 135.127 80.2979 0
      vertex 135.181 80.3789 0
    endloop
  endfacet
  facet normal 0 -0 -1
    outer loop
      vertex 135.046 80.2441 0
      vertex 137.454 80.3438 0
      vertex 132.5 72.4502 0
    endloop
  endfacet
  facet normal 0 0 -1
    outer loop
      vertex 137.454 80.3438 0
      vertex 135.046 80.2441 0
      vertex 135.127 80.2979 0
    endloop
  endfacet
  facet normal 0 0 -1
    outer loop
      vertex 135.046 80.2441 0
      vertex 132.5 72.4502 0
      vertex 134.95 80.2246 0
    endloop
  endfacet
  facet normal 0 0 -1
    outer loop
      vertex 131.5 73.4502 0
      vertex 134.95 80.2246 0
      vertex 132.5 72.4502 0
    endloop
  endfacet
  facet normal 0 0 -1
    outer loop
      vertex 131.5 73.4502 0
      vertex 133.8 81 0
      vertex 133.8 80.4746 0
    endloop
  endfacet
  facet normal -0 0 -1
    outer loop
      vertex 133.8 81 0
      vertex 131.5 73.4502 0
      vertex 133.8 82.2998 0
    endloop
  endfacet
  facet normal -0 0 -1
    outer loop
      vertex 133.819 80.3789 0
      vertex 131.5 73.4502 0
      vertex 133.8 80.4746 0
    endloop
  endfacet
  facet normal -0 0 -1
    outer loop
      vertex 133.873 80.2979 0
      vertex 131.5 73.4502 0
      vertex 133.819 80.3789 0
    endloop
  endfacet
  facet normal -0 0 -1
    outer loop
      vertex 133.954 80.2441 0
      vertex 131.5 73.4502 0
      vertex 133.873 80.2979 0
    endloop
  endfacet
  facet normal -0 0 -1
    outer loop
      vertex 134.05 80.2246 0
      vertex 131.5 73.4502 0
      vertex 133.954 80.2441 0
    endloop
  endfacet
  facet normal -0 0 -1
    outer loop
      vertex 134.95 80.2246 0
      vertex 131.5 73.4502 0
      vertex 134.05 80.2246 0
    endloop
  endfacet
  facet normal 0 0 -1
    outer loop
      vertex 151.5 73.4502 0
      vertex 149.575 84.4502 0
      vertex 149.575 85.8496 0
    endloop
  endfacet
  facet normal 0 0 -1
    outer loop
      vertex 151.5 73.4502 0
      vertex 149.575 85.8496 0
      vertex 149.575 86.3496 0
    endloop
  endfacet
  facet normal 0 0 -1
    outer loop
      vertex 149.325 86.5996 0
      vertex 151.5 108.45 0
      vertex 149.421 86.5811 0
    endloop
  endfacet
  facet normal 0 0 -1
    outer loop
      vertex 148.375 86.5996 0
      vertex 151.5 108.45 0
      vertex 149.325 86.5996 0
    endloop
  endfacet
  facet normal 0 0 -1
    outer loop
      vertex 140.592 89.541 0
      vertex 151.5 108.45 0
      vertex 148.375 86.5996 0
    endloop
  endfacet
  facet normal 0 0 -1
    outer loop
      vertex 140.526 89.585 0
      vertex 151.5 108.45 0
      vertex 140.592 89.541 0
    endloop
  endfacet
  facet normal 0 -0 -1
    outer loop
      vertex 150.5 109.45 0
      vertex 151.5 108.45 0
      vertex 140.526 89.585 0
    endloop
  endfacet
  facet normal 0 0 -1
    outer loop
      vertex 151.207 109.157 0
      vertex 150.5 109.45 0
      vertex 150.883 109.374 0
    endloop
  endfacet
  facet normal 0 0 -1
    outer loop
      vertex 140.592 89.541 0
      vertex 148.375 86.5996 0
      vertex 148.279 86.5811 0
    endloop
  endfacet
  facet normal 0 0 -1
    outer loop
      vertex 142.827 87.4521 0
      vertex 148.279 86.5811 0
      vertex 148.198 86.5264 0
    endloop
  endfacet
  facet normal 0 0 -1
    outer loop
      vertex 142.881 87.3711 0
      vertex 148.198 86.5264 0
      vertex 148.144 86.4453 0
    endloop
  endfacet
  facet normal 0 0 -1
    outer loop
      vertex 142.9 86.75 0
      vertex 148.144 86.4453 0
      vertex 148.125 86.3496 0
    endloop
  endfacet
  facet normal 0 0 -1
    outer loop
      vertex 148.15 82.375 0
      vertex 145.575 83.0498 0
      vertex 148.144 83.8545 0
    endloop
  endfacet
  facet normal 0 0 -1
    outer loop
      vertex 145.556 83.1455 0
      vertex 148.144 83.8545 0
      vertex 145.575 83.0498 0
    endloop
  endfacet
  facet normal -0 0 -1
    outer loop
      vertex 148.144 83.8545 0
      vertex 145.556 83.1455 0
      vertex 148.125 83.9502 0
    endloop
  endfacet
  facet normal 0 0 -1
    outer loop
      vertex 145.502 83.2266 0
      vertex 148.125 83.9502 0
      vertex 145.556 83.1455 0
    endloop
  endfacet
  facet normal 0 0 -1
    outer loop
      vertex 148.125 84.4502 0
      vertex 145.502 83.2266 0
      vertex 145.421 83.2812 0
    endloop
  endfacet
  facet normal 0 0 -1
    outer loop
      vertex 145.325 83.2998 0
      vertex 148.125 85.8496 0
      vertex 145.421 83.2812 0
    endloop
  endfacet
  facet normal 0 0 -1
    outer loop
      vertex 142.9 85.4502 0
      vertex 148.125 85.8496 0
      vertex 145.325 83.2998 0
    endloop
  endfacet
  facet normal 0 0 -1
    outer loop
      vertex 142.881 85.5459 0
      vertex 148.125 85.8496 0
      vertex 142.9 85.4502 0
    endloop
  endfacet
  facet normal 0 0 -1
    outer loop
      vertex 142.9 85.4502 0
      vertex 145.325 83.2998 0
      vertex 144.375 83.2998 0
    endloop
  endfacet
  facet normal 0 0 -1
    outer loop
      vertex 142.9 84.9248 0
      vertex 144.375 83.2998 0
      vertex 144.279 83.2812 0
    endloop
  endfacet
  facet normal 0 0 -1
    outer loop
      vertex 142.9 84.9248 0
      vertex 144.279 83.2812 0
      vertex 144.198 83.2266 0
    endloop
  endfacet
  facet normal 0 0 -1
    outer loop
      vertex 142.9 84.9248 0
      vertex 144.198 83.2266 0
      vertex 144.144 83.1455 0
    endloop
  endfacet
  facet normal 0 0 -1
    outer loop
      vertex 142.9 84.9248 0
      vertex 144.144 83.1455 0
      vertex 144.125 83.0498 0
    endloop
  endfacet
  facet normal 0 0 -1
    outer loop
      vertex 144.375 83.2998 0
      vertex 142.9 84.9248 0
      vertex 142.9 85.4502 0
    endloop
  endfacet
  facet normal -0 0 -1
    outer loop
      vertex 148.125 85.8496 0
      vertex 142.881 85.5459 0
      vertex 148.125 86.3496 0
    endloop
  endfacet
  facet normal 0 0 -1
    outer loop
      vertex 148.144 86.4453 0
      vertex 142.9 86.75 0
      vertex 142.9 87.2754 0
    endloop
  endfacet
  facet normal 0 0 -1
    outer loop
      vertex 148.144 86.4453 0
      vertex 142.9 87.2754 0
      vertex 142.881 87.3711 0
    endloop
  endfacet
  facet normal 0 0 -1
    outer loop
      vertex 148.198 86.5264 0
      vertex 142.881 87.3711 0
      vertex 142.827 87.4521 0
    endloop
  endfacet
  facet normal 0 0 -1
    outer loop
      vertex 148.279 86.5811 0
      vertex 142.827 87.4521 0
      vertex 142.746 87.5059 0
    endloop
  endfacet
  facet normal 0 0 -1
    outer loop
      vertex 148.279 86.5811 0
      vertex 142.746 87.5059 0
      vertex 140.592 89.541 0
    endloop
  endfacet
  facet normal 0 0 -1
    outer loop
      vertex 140.635 89.4766 0
      vertex 142.746 87.5059 0
      vertex 142.65 87.5254 0
    endloop
  endfacet
  facet normal 0 0 -1
    outer loop
      vertex 140.65 89.4004 0
      vertex 142.65 87.5254 0
      vertex 141.75 87.5254 0
    endloop
  endfacet
  facet normal 0 0 -1
    outer loop
      vertex 140.65 87.9004 0
      vertex 141.75 87.5254 0
      vertex 141.654 87.5059 0
    endloop
  endfacet
  facet normal 0 0 -1
    outer loop
      vertex 140.65 87.9004 0
      vertex 141.654 87.5059 0
      vertex 141.573 87.4521 0
    endloop
  endfacet
  facet normal 0 0 -1
    outer loop
      vertex 140.65 87.9004 0
      vertex 141.573 87.4521 0
      vertex 141.519 87.3711 0
    endloop
  endfacet
  facet normal 0 0 -1
    outer loop
      vertex 140.819 83.0205 0
      vertex 141.5 85.4502 0
      vertex 140.873 83.1016 0
    endloop
  endfacet
  facet normal 0 0 -1
    outer loop
      vertex 141.519 86.6543 0
      vertex 140.65 87.9004 0
      vertex 141.5 86.75 0
    endloop
  endfacet
  facet normal -0 0 -1
    outer loop
      vertex 141.5 85.4502 0
      vertex 140.819 83.0205 0
      vertex 140.65 87.9004 0
    endloop
  endfacet
  facet normal 0 0 -1
    outer loop
      vertex 140.65 87.9004 0
      vertex 140.819 83.0205 0
      vertex 140.8 82.9248 0
    endloop
  endfacet
  facet normal 0 0 -1
    outer loop
      vertex 141.5 86.75 0
      vertex 140.65 87.9004 0
      vertex 141.5 87.2754 0
    endloop
  endfacet
  facet normal 0 0 -1
    outer loop
      vertex 140.65 87.9004 0
      vertex 141.519 87.3711 0
      vertex 141.5 87.2754 0
    endloop
  endfacet
  facet normal 0 0 -1
    outer loop
      vertex 141.75 87.5254 0
      vertex 140.65 87.9004 0
      vertex 140.65 89.4004 0
    endloop
  endfacet
  facet normal 0 0 -1
    outer loop
      vertex 142.65 87.5254 0
      vertex 140.65 89.4004 0
      vertex 140.635 89.4766 0
    endloop
  endfacet
  facet normal 0 0 -1
    outer loop
      vertex 142.746 87.5059 0
      vertex 140.635 89.4766 0
      vertex 140.592 89.541 0
    endloop
  endfacet
  facet normal 0 0 -1
    outer loop
      vertex 151.5 108.45 0
      vertex 150.5 109.45 0
      vertex 151.424 108.833 0
    endloop
  endfacet
  facet normal 0 0 -1
    outer loop
      vertex 151.424 108.833 0
      vertex 150.5 109.45 0
      vertex 151.207 109.157 0
    endloop
  endfacet
  facet normal 0 0 -1
    outer loop
      vertex 140.45 89.5996 0
      vertex 150.5 109.45 0
      vertex 140.526 89.585 0
    endloop
  endfacet
  facet normal 0 0 -1
    outer loop
      vertex 132.5 109.45 0
      vertex 140.45 89.5996 0
      vertex 140.05 89.5996 0
    endloop
  endfacet
  facet normal 0 0 -1
    outer loop
      vertex 138.55 89.5996 0
      vertex 140.05 89.5996 0
      vertex 139.974 89.585 0
    endloop
  endfacet
  facet normal 0 0 -1
    outer loop
      vertex 138.627 89.585 0
      vertex 139.974 89.585 0
      vertex 139.908 89.541 0
    endloop
  endfacet
  facet normal 0 0 -1
    outer loop
      vertex 138.691 89.541 0
      vertex 139.908 89.541 0
      vertex 139.865 89.4766 0
    endloop
  endfacet
  facet normal 0 0 -1
    outer loop
      vertex 139.5 86.5996 0
      vertex 139.974 87.7148 0
      vertex 139.576 86.585 0
    endloop
  endfacet
  facet normal -0 0 -1
    outer loop
      vertex 139.974 87.7148 0
      vertex 139.5 86.5996 0
      vertex 139.908 87.7588 0
    endloop
  endfacet
  facet normal 0 0 -1
    outer loop
      vertex 139.1 86.5996 0
      vertex 139.908 87.7588 0
      vertex 139.5 86.5996 0
    endloop
  endfacet
  facet normal 0 0 -1
    outer loop
      vertex 138.75 87.9004 0
      vertex 139.908 87.7588 0
      vertex 139.1 86.5996 0
    endloop
  endfacet
  facet normal 0 0 -1
    outer loop
      vertex 139.865 87.8232 0
      vertex 138.75 87.9004 0
      vertex 139.85 87.9004 0
    endloop
  endfacet
  facet normal 0 0 -1
    outer loop
      vertex 139.908 87.7588 0
      vertex 138.75 87.9004 0
      vertex 139.865 87.8232 0
    endloop
  endfacet
  facet normal 0 0 -1
    outer loop
      vertex 139.85 87.9004 0
      vertex 138.75 87.9004 0
      vertex 139.85 89.4004 0
    endloop
  endfacet
  facet normal 0 0 -1
    outer loop
      vertex 138.75 87.9004 0
      vertex 139.1 86.5996 0
      vertex 139.023 86.585 0
    endloop
  endfacet
  facet normal 0 0 -1
    outer loop
      vertex 138.75 87.9004 0
      vertex 139.023 86.585 0
      vertex 138.959 86.541 0
    endloop
  endfacet
  facet normal 0 0 -1
    outer loop
      vertex 138.75 87.9004 0
      vertex 138.959 86.541 0
      vertex 138.915 86.4766 0
    endloop
  endfacet
  facet normal 0 0 -1
    outer loop
      vertex 138.75 87.9004 0
      vertex 138.915 86.4766 0
      vertex 138.9 86.4004 0
    endloop
  endfacet
  facet normal 0 0 -1
    outer loop
      vertex 138.75 89.4004 0
      vertex 139.85 89.4004 0
      vertex 138.75 87.9004 0
    endloop
  endfacet
  facet normal 0 0 -1
    outer loop
      vertex 139.85 89.4004 0
      vertex 138.75 89.4004 0
      vertex 139.865 89.4766 0
    endloop
  endfacet
  facet normal 0 0 -1
    outer loop
      vertex 138.734 89.4766 0
      vertex 139.865 89.4766 0
      vertex 138.75 89.4004 0
    endloop
  endfacet
  facet normal 0 0 -1
    outer loop
      vertex 138.691 89.541 0
      vertex 139.865 89.4766 0
      vertex 138.734 89.4766 0
    endloop
  endfacet
  facet normal 0 0 -1
    outer loop
      vertex 139.908 89.541 0
      vertex 138.691 89.541 0
      vertex 138.627 89.585 0
    endloop
  endfacet
  facet normal 0 0 -1
    outer loop
      vertex 139.974 89.585 0
      vertex 138.627 89.585 0
      vertex 138.55 89.5996 0
    endloop
  endfacet
  facet normal 0 0 -1
    outer loop
      vertex 140.05 89.5996 0
      vertex 138.55 89.5996 0
      vertex 131.5 108.45 0
    endloop
  endfacet
  facet normal 0 0 -1
    outer loop
      vertex 131.5 108.45 0
      vertex 138.55 89.5996 0
      vertex 138.15 89.5996 0
    endloop
  endfacet
  facet normal 0 0 -1
    outer loop
      vertex 136.65 89.5996 0
      vertex 138.15 89.5996 0
      vertex 138.073 89.585 0
    endloop
  endfacet
  facet normal 0 0 -1
    outer loop
      vertex 136.727 89.585 0
      vertex 138.073 89.585 0
      vertex 138.009 89.541 0
    endloop
  endfacet
  facet normal 0 0 -1
    outer loop
      vertex 136.791 89.541 0
      vertex 138.009 89.541 0
      vertex 137.965 89.4766 0
    endloop
  endfacet
  facet normal -0 0 -1
    outer loop
      vertex 138.9 84.9004 0
      vertex 137.454 83.1562 0
      vertex 136.85 87.9004 0
    endloop
  endfacet
  facet normal 0 0 -1
    outer loop
      vertex 136.85 87.9004 0
      vertex 137.454 83.1562 0
      vertex 137.373 83.1016 0
    endloop
  endfacet
  facet normal 0 0 -1
    outer loop
      vertex 136.85 87.9004 0
      vertex 137.373 83.1016 0
      vertex 137.319 83.0205 0
    endloop
  endfacet
  facet normal 0 0 -1
    outer loop
      vertex 136.85 87.9004 0
      vertex 137.319 83.0205 0
      vertex 137.3 82.9248 0
    endloop
  endfacet
  facet normal 0 0 -1
    outer loop
      vertex 137.95 87.9004 0
      vertex 136.85 87.9004 0
      vertex 137.95 89.4004 0
    endloop
  endfacet
  facet normal 0 0 -1
    outer loop
      vertex 136.85 89.4004 0
      vertex 137.95 89.4004 0
      vertex 136.85 87.9004 0
    endloop
  endfacet
  facet normal 0 0 -1
    outer loop
      vertex 137.95 89.4004 0
      vertex 136.85 89.4004 0
      vertex 137.965 89.4766 0
    endloop
  endfacet
  facet normal 0 0 -1
    outer loop
      vertex 136.835 89.4766 0
      vertex 137.965 89.4766 0
      vertex 136.85 89.4004 0
    endloop
  endfacet
  facet normal 0 0 -1
    outer loop
      vertex 136.791 89.541 0
      vertex 137.965 89.4766 0
      vertex 136.835 89.4766 0
    endloop
  endfacet
  facet normal 0 0 -1
    outer loop
      vertex 138.009 89.541 0
      vertex 136.791 89.541 0
      vertex 136.727 89.585 0
    endloop
  endfacet
  facet normal 0 0 -1
    outer loop
      vertex 138.073 89.585 0
      vertex 136.727 89.585 0
      vertex 136.65 89.5996 0
    endloop
  endfacet
  facet normal 0 0 -1
    outer loop
      vertex 138.15 89.5996 0
      vertex 136.65 89.5996 0
      vertex 131.5 108.45 0
    endloop
  endfacet
  facet normal 0 0 -1
    outer loop
      vertex 131.5 108.45 0
      vertex 136.65 89.5996 0
      vertex 136.25 89.5996 0
    endloop
  endfacet
  facet normal 0 0 -1
    outer loop
      vertex 134.75 89.5996 0
      vertex 136.25 89.5996 0
      vertex 136.174 89.585 0
    endloop
  endfacet
  facet normal 0 0 -1
    outer loop
      vertex 134.826 89.585 0
      vertex 136.174 89.585 0
      vertex 136.108 89.541 0
    endloop
  endfacet
  facet normal 0 0 -1
    outer loop
      vertex 135.7 86.5996 0
      vertex 136.174 87.7148 0
      vertex 135.776 86.585 0
    endloop
  endfacet
  facet normal -0 0 -1
    outer loop
      vertex 136.174 87.7148 0
      vertex 135.7 86.5996 0
      vertex 136.108 87.7588 0
    endloop
  endfacet
  facet normal 0 0 -1
    outer loop
      vertex 135.3 86.5996 0
      vertex 136.108 87.7588 0
      vertex 135.7 86.5996 0
    endloop
  endfacet
  facet normal 0 0 -1
    outer loop
      vertex 134.935 87.8232 0
      vertex 136.108 87.7588 0
      vertex 135.3 86.5996 0
    endloop
  endfacet
  facet normal 0 0 -1
    outer loop
      vertex 136.065 87.8232 0
      vertex 134.95 87.9004 0
      vertex 136.05 87.9004 0
    endloop
  endfacet
  facet normal 0 0 -1
    outer loop
      vertex 134.935 87.8232 0
      vertex 136.065 87.8232 0
      vertex 136.108 87.7588 0
    endloop
  endfacet
  facet normal 0 0 -1
    outer loop
      vertex 136.05 87.9004 0
      vertex 134.95 87.9004 0
      vertex 136.05 89.4004 0
    endloop
  endfacet
  facet normal 0 0 -1
    outer loop
      vertex 134.935 87.8232 0
      vertex 135.3 86.5996 0
      vertex 135.224 86.585 0
    endloop
  endfacet
  facet normal 0 0 -1
    outer loop
      vertex 134.935 87.8232 0
      vertex 135.224 86.585 0
      vertex 135.158 86.541 0
    endloop
  endfacet
  facet normal 0 0 -1
    outer loop
      vertex 134.935 87.8232 0
      vertex 135.158 86.541 0
      vertex 135.115 86.4766 0
    endloop
  endfacet
  facet normal 0 0 -1
    outer loop
      vertex 133.954 83.0557 0
      vertex 135.115 84.8232 0
      vertex 134.05 83.0752 0
    endloop
  endfacet
  facet normal 0 0 -1
    outer loop
      vertex 134.935 87.8232 0
      vertex 135.1 86.4004 0
      vertex 135.1 84.9004 0
    endloop
  endfacet
  facet normal 0 0 -1
    outer loop
      vertex 134.935 87.8232 0
      vertex 135.115 86.4766 0
      vertex 135.1 86.4004 0
    endloop
  endfacet
  facet normal 0 0 -1
    outer loop
      vertex 134.95 89.4004 0
      vertex 136.05 89.4004 0
      vertex 134.95 87.9004 0
    endloop
  endfacet
  facet normal 0 0 -1
    outer loop
      vertex 136.05 89.4004 0
      vertex 134.95 89.4004 0
      vertex 136.065 89.4766 0
    endloop
  endfacet
  facet normal 0 0 -1
    outer loop
      vertex 134.935 89.4766 0
      vertex 136.065 89.4766 0
      vertex 134.95 89.4004 0
    endloop
  endfacet
  facet normal 0 0 -1
    outer loop
      vertex 136.065 89.4766 0
      vertex 134.935 89.4766 0
      vertex 136.108 89.541 0
    endloop
  endfacet
  facet normal 0 0 -1
    outer loop
      vertex 134.892 89.541 0
      vertex 136.108 89.541 0
      vertex 134.935 89.4766 0
    endloop
  endfacet
  facet normal 0 0 -1
    outer loop
      vertex 134.826 89.585 0
      vertex 136.108 89.541 0
      vertex 134.892 89.541 0
    endloop
  endfacet
  facet normal 0 0 -1
    outer loop
      vertex 136.174 89.585 0
      vertex 134.826 89.585 0
      vertex 134.75 89.5996 0
    endloop
  endfacet
  facet normal 0 0 -1
    outer loop
      vertex 136.25 89.5996 0
      vertex 134.75 89.5996 0
      vertex 131.5 108.45 0
    endloop
  endfacet
  facet normal 0 0 -1
    outer loop
      vertex 131.5 108.45 0
      vertex 134.75 89.5996 0
      vertex 134.35 89.5996 0
    endloop
  endfacet
  facet normal 0 0 -1
    outer loop
      vertex 131.5 108.45 0
      vertex 134.35 89.5996 0
      vertex 134.273 89.585 0
    endloop
  endfacet
  facet normal 0 0 -1
    outer loop
      vertex 131.5 108.45 0
      vertex 134.273 89.585 0
      vertex 134.209 89.541 0
    endloop
  endfacet
  facet normal 0 0 -1
    outer loop
      vertex 133.819 82.9209 0
      vertex 134.165 87.8232 0
      vertex 133.873 83.002 0
    endloop
  endfacet
  facet normal -0 0 -1
    outer loop
      vertex 134.165 87.8232 0
      vertex 133.819 82.9209 0
      vertex 134.15 87.9004 0
    endloop
  endfacet
  facet normal 0 0 -1
    outer loop
      vertex 133.8 82.8252 0
      vertex 134.15 87.9004 0
      vertex 133.819 82.9209 0
    endloop
  endfacet
  facet normal -0 0 -1
    outer loop
      vertex 134.15 87.9004 0
      vertex 133.8 82.8252 0
      vertex 134.15 89.4004 0
    endloop
  endfacet
  facet normal -0 0 -1
    outer loop
      vertex 133.8 82.2998 0
      vertex 131.5 73.4502 0
      vertex 133.8 82.8252 0
    endloop
  endfacet
  facet normal 0 0 -1
    outer loop
      vertex 140.45 89.5996 0
      vertex 132.5 109.45 0
      vertex 150.5 109.45 0
    endloop
  endfacet
  facet normal 0 0 -1
    outer loop
      vertex 131.5 108.45 0
      vertex 134.209 89.541 0
      vertex 134.165 89.4766 0
    endloop
  endfacet
  facet normal 0 0 -1
    outer loop
      vertex 131.5 108.45 0
      vertex 134.165 89.4766 0
      vertex 134.15 89.4004 0
    endloop
  endfacet
  facet normal -0 0 -1
    outer loop
      vertex 133.8 82.8252 0
      vertex 131.5 73.4502 0
      vertex 134.15 89.4004 0
    endloop
  endfacet
  facet normal 0 0 -1
    outer loop
      vertex 131.5 73.4502 0
      vertex 132.5 72.4502 0
      vertex 132.117 72.5263 0
    endloop
  endfacet
  facet normal 0 0 -1
    outer loop
      vertex 131.5 108.45 0
      vertex 134.15 89.4004 0
      vertex 131.5 73.4502 0
    endloop
  endfacet
  facet normal 0 0 -1
    outer loop
      vertex 131.5 73.4502 0
      vertex 132.117 72.5263 0
      vertex 131.793 72.7431 0
    endloop
  endfacet
  facet normal 0 0 -1
    outer loop
      vertex 140.05 89.5996 0
      vertex 131.5 108.45 0
      vertex 132.5 109.45 0
    endloop
  endfacet
  facet normal 0 0 -1
    outer loop
      vertex 131.5 73.4502 0
      vertex 131.793 72.7431 0
      vertex 131.576 73.0675 0
    endloop
  endfacet
  facet normal 0 0 -1
    outer loop
      vertex 132.5 109.45 0
      vertex 131.5 108.45 0
      vertex 132.117 109.374 0
    endloop
  endfacet
  facet normal 0 0 -1
    outer loop
      vertex 132.117 109.374 0
      vertex 131.5 108.45 0
      vertex 131.793 109.157 0
    endloop
  endfacet
  facet normal 0 0 -1
    outer loop
      vertex 131.793 109.157 0
      vertex 131.5 108.45 0
      vertex 131.576 108.833 0
    endloop
  endfacet
  facet normal 0 0 -1
    outer loop
      vertex 151.5 73.4502 0
      vertex 149.55 80.5498 0
      vertex 149.55 81.8496 0
    endloop
  endfacet
  facet normal 0 0 -1
    outer loop
      vertex 151.5 73.4502 0
      vertex 149.55 81.8496 0
      vertex 149.55 82.375 0
    endloop
  endfacet
  facet normal 0 0 -1
    outer loop
      vertex 149.575 83.9502 0
      vertex 149.55 82.375 0
      vertex 149.556 83.8545 0
    endloop
  endfacet
  facet normal 0 0 -1
    outer loop
      vertex 149.531 82.4707 0
      vertex 149.556 83.8545 0
      vertex 149.55 82.375 0
    endloop
  endfacet
  facet normal 0 0 -1
    outer loop
      vertex 149.531 82.4707 0
      vertex 149.502 83.7734 0
      vertex 149.556 83.8545 0
    endloop
  endfacet
  facet normal 0 0 -1
    outer loop
      vertex 149.477 82.5518 0
      vertex 149.502 83.7734 0
      vertex 149.531 82.4707 0
    endloop
  endfacet
  facet normal 0 0 -1
    outer loop
      vertex 149.477 82.5518 0
      vertex 149.421 83.7188 0
      vertex 149.502 83.7734 0
    endloop
  endfacet
  facet normal 0 0 -1
    outer loop
      vertex 149.396 82.6064 0
      vertex 149.421 83.7188 0
      vertex 149.477 82.5518 0
    endloop
  endfacet
  facet normal 0 0 -1
    outer loop
      vertex 149.396 82.6064 0
      vertex 149.325 83.7002 0
      vertex 149.421 83.7188 0
    endloop
  endfacet
  facet normal 0 0 -1
    outer loop
      vertex 149.3 82.625 0
      vertex 149.325 83.7002 0
      vertex 149.396 82.6064 0
    endloop
  endfacet
  facet normal 0 0 -1
    outer loop
      vertex 148.4 82.625 0
      vertex 149.325 83.7002 0
      vertex 149.3 82.625 0
    endloop
  endfacet
  facet normal 0 0 -1
    outer loop
      vertex 148.4 82.625 0
      vertex 148.375 83.7002 0
      vertex 149.325 83.7002 0
    endloop
  endfacet
  facet normal 0 0 -1
    outer loop
      vertex 148.305 82.6064 0
      vertex 148.375 83.7002 0
      vertex 148.4 82.625 0
    endloop
  endfacet
  facet normal 0 0 -1
    outer loop
      vertex 148.305 82.6064 0
      vertex 148.279 83.7188 0
      vertex 148.375 83.7002 0
    endloop
  endfacet
  facet normal 0 0 -1
    outer loop
      vertex 148.224 82.5518 0
      vertex 148.279 83.7188 0
      vertex 148.305 82.6064 0
    endloop
  endfacet
  facet normal 0 0 -1
    outer loop
      vertex 148.224 82.5518 0
      vertex 148.198 83.7734 0
      vertex 148.279 83.7188 0
    endloop
  endfacet
  facet normal 0 0 -1
    outer loop
      vertex 148.169 82.4707 0
      vertex 148.198 83.7734 0
      vertex 148.224 82.5518 0
    endloop
  endfacet
  facet normal 0 0 -1
    outer loop
      vertex 148.144 83.8545 0
      vertex 148.169 82.4707 0
      vertex 148.15 82.375 0
    endloop
  endfacet
  facet normal 0 0 -1
    outer loop
      vertex 148.169 82.4707 0
      vertex 148.144 83.8545 0
      vertex 148.198 83.7734 0
    endloop
  endfacet
  facet normal -0 0 -1
    outer loop
      vertex 144.144 82.4541 0
      vertex 142.2 82.4004 0
      vertex 144.125 82.5498 0
    endloop
  endfacet
  facet normal 0 0 -1
    outer loop
      vertex 144.125 82.5498 0
      vertex 142.2 82.9248 0
      vertex 144.125 83.0498 0
    endloop
  endfacet
  facet normal 0 0 -1
    outer loop
      vertex 144.125 83.0498 0
      vertex 142.746 84.6943 0
      vertex 142.827 84.748 0
    endloop
  endfacet
  facet normal 0 0 -1
    outer loop
      vertex 142.127 83.1016 0
      vertex 142.746 84.6943 0
      vertex 142.181 83.0205 0
    endloop
  endfacet
  facet normal 0 0 -1
    outer loop
      vertex 142.746 84.6943 0
      vertex 142.127 83.1016 0
      vertex 142.65 84.6748 0
    endloop
  endfacet
  facet normal 0 0 -1
    outer loop
      vertex 142.046 83.1562 0
      vertex 142.65 84.6748 0
      vertex 142.127 83.1016 0
    endloop
  endfacet
  facet normal 0 0 -1
    outer loop
      vertex 141.75 84.6748 0
      vertex 142.046 83.1562 0
      vertex 141.95 83.1748 0
    endloop
  endfacet
  facet normal 0 0 -1
    outer loop
      vertex 142.046 83.1562 0
      vertex 141.75 84.6748 0
      vertex 142.65 84.6748 0
    endloop
  endfacet
  facet normal 0 0 -1
    outer loop
      vertex 141.95 83.1748 0
      vertex 141.654 84.6943 0
      vertex 141.75 84.6748 0
    endloop
  endfacet
  facet normal 0 0 -1
    outer loop
      vertex 141.05 83.1748 0
      vertex 141.654 84.6943 0
      vertex 141.95 83.1748 0
    endloop
  endfacet
  facet normal -0 0 -1
    outer loop
      vertex 141.654 84.6943 0
      vertex 141.05 83.1748 0
      vertex 141.573 84.748 0
    endloop
  endfacet
  facet normal 0 0 -1
    outer loop
      vertex 140.873 83.1016 0
      vertex 141.519 84.8291 0
      vertex 140.954 83.1562 0
    endloop
  endfacet
  facet normal -0 0 -1
    outer loop
      vertex 141.519 84.8291 0
      vertex 140.873 83.1016 0
      vertex 141.5 84.9248 0
    endloop
  endfacet
  facet normal -0 0 -1
    outer loop
      vertex 141.5 84.9248 0
      vertex 140.873 83.1016 0
      vertex 141.5 85.4502 0
    endloop
  endfacet
  facet normal -0 0 -1
    outer loop
      vertex 141.573 84.748 0
      vertex 140.954 83.1562 0
      vertex 141.519 84.8291 0
    endloop
  endfacet
  facet normal 0 0 -1
    outer loop
      vertex 140.954 83.1562 0
      vertex 141.573 84.748 0
      vertex 141.05 83.1748 0
    endloop
  endfacet
  facet normal -0.830865 0.556474 0
    outer loop
      vertex 131.576 108.833 0
      vertex 131.793 109.157 0.9
      vertex 131.793 109.157 0
    endloop
  endfacet
  facet normal -0.830865 0.556474 0
    outer loop
      vertex 131.793 109.157 0.9
      vertex 131.576 108.833 0
      vertex 131.576 108.833 0.9
    endloop
  endfacet
  facet normal 0 1 -0
    outer loop
      vertex 150.5 109.45 0
      vertex 132.5 109.45 0.9
      vertex 150.5 109.45 0.9
    endloop
  endfacet
  facet normal 0 1 0
    outer loop
      vertex 132.5 109.45 0.9
      vertex 150.5 109.45 0
      vertex 132.5 109.45 0
    endloop
  endfacet
  facet normal 0.194885 -0.980826 0
    outer loop
      vertex 150.5 72.4502 0
      vertex 150.883 72.5263 0.9
      vertex 150.5 72.4502 0.9
    endloop
  endfacet
  facet normal 0.194885 -0.980826 0
    outer loop
      vertex 150.883 72.5263 0.9
      vertex 150.5 72.4502 0
      vertex 150.883 72.5263 0
    endloop
  endfacet
  facet normal 0.831182 -0.556 0
    outer loop
      vertex 151.207 72.7431 0.9
      vertex 151.424 73.0675 0
      vertex 151.424 73.0675 0.9
    endloop
  endfacet
  facet normal 0.831182 -0.556 0
    outer loop
      vertex 151.424 73.0675 0
      vertex 151.207 72.7431 0.9
      vertex 151.207 72.7431 0
    endloop
  endfacet
  facet normal 0 -1 0
    outer loop
      vertex 132.5 72.4502 0
      vertex 150.5 72.4502 0.9
      vertex 132.5 72.4502 0.9
    endloop
  endfacet
  facet normal 0 -1 -0
    outer loop
      vertex 150.5 72.4502 0.9
      vertex 132.5 72.4502 0
      vertex 150.5 72.4502 0
    endloop
  endfacet
  facet normal 1 -0 0
    outer loop
      vertex 151.5 73.4502 0.9
      vertex 151.5 108.45 0
      vertex 151.5 108.45 0.9
    endloop
  endfacet
  facet normal 1 0 0
    outer loop
      vertex 151.5 108.45 0
      vertex 151.5 73.4502 0.9
      vertex 151.5 73.4502 0
    endloop
  endfacet
  facet normal -0.980875 0.194638 0
    outer loop
      vertex 131.5 108.45 0
      vertex 131.576 108.833 0.9
      vertex 131.576 108.833 0
    endloop
  endfacet
  facet normal -0.980875 0.194638 0
    outer loop
      vertex 131.576 108.833 0.9
      vertex 131.5 108.45 0
      vertex 131.5 108.45 0.9
    endloop
  endfacet
  facet normal -0.556474 0.830865 0
    outer loop
      vertex 132.117 109.374 0
      vertex 131.793 109.157 0.9
      vertex 132.117 109.374 0.9
    endloop
  endfacet
  facet normal -0.556474 0.830865 0
    outer loop
      vertex 131.793 109.157 0.9
      vertex 132.117 109.374 0
      vertex 131.793 109.157 0
    endloop
  endfacet
  facet normal 0.194638 0.980875 -0
    outer loop
      vertex 150.883 109.374 0
      vertex 150.5 109.45 0.9
      vertex 150.883 109.374 0.9
    endloop
  endfacet
  facet normal 0.194638 0.980875 0
    outer loop
      vertex 150.5 109.45 0.9
      vertex 150.883 109.374 0
      vertex 150.5 109.45 0
    endloop
  endfacet
  facet normal 0.55612 -0.831102 0
    outer loop
      vertex 150.883 72.5263 0
      vertex 151.207 72.7431 0.9
      vertex 150.883 72.5263 0.9
    endloop
  endfacet
  facet normal 0.55612 -0.831102 0
    outer loop
      vertex 151.207 72.7431 0.9
      vertex 150.883 72.5263 0
      vertex 151.207 72.7431 0
    endloop
  endfacet
  facet normal -0.194885 -0.980826 0
    outer loop
      vertex 132.117 72.5263 0
      vertex 132.5 72.4502 0.9
      vertex 132.117 72.5263 0.9
    endloop
  endfacet
  facet normal -0.194885 -0.980826 -0
    outer loop
      vertex 132.5 72.4502 0.9
      vertex 132.117 72.5263 0
      vertex 132.5 72.4502 0
    endloop
  endfacet
  facet normal 1 -0 0
    outer loop
      vertex 132.5 73.4502 0.9
      vertex 132.5 108.45 0.2
      vertex 132.5 108.45 0.9
    endloop
  endfacet
  facet normal 1 0 0
    outer loop
      vertex 132.5 108.45 0.2
      vertex 132.5 73.4502 0.9
      vertex 132.5 73.4502 0.2
    endloop
  endfacet
  facet normal -1 0 0
    outer loop
      vertex 150.5 73.4502 0.2
      vertex 150.5 108.45 0.9
      vertex 150.5 108.45 0.2
    endloop
  endfacet
  facet normal -1 -0 0
    outer loop
      vertex 150.5 108.45 0.9
      vertex 150.5 73.4502 0.2
      vertex 150.5 73.4502 0.9
    endloop
  endfacet
  facet normal 0 0 1
    outer loop
      vertex 135.181 81.0957 0.2
      vertex 137.319 81.1953 0.2
      vertex 135.181 82.2041 0.2
    endloop
  endfacet
  facet normal 0 0 1
    outer loop
      vertex 137.319 81.1953 0.2
      vertex 135.181 81.0957 0.2
      vertex 135.2 81 0.2
    endloop
  endfacet
  facet normal -0 0 1
    outer loop
      vertex 135.127 82.123 0.2
      vertex 135.181 81.0957 0.2
      vertex 135.181 82.2041 0.2
    endloop
  endfacet
  facet normal 0 0 1
    outer loop
      vertex 135.127 82.123 0.2
      vertex 135.127 81.1768 0.2
      vertex 135.181 81.0957 0.2
    endloop
  endfacet
  facet normal -0 0 1
    outer loop
      vertex 135.046 82.0693 0.2
      vertex 135.127 81.1768 0.2
      vertex 135.127 82.123 0.2
    endloop
  endfacet
  facet normal 0 0 1
    outer loop
      vertex 135.046 82.0693 0.2
      vertex 135.046 81.2314 0.2
      vertex 135.127 81.1768 0.2
    endloop
  endfacet
  facet normal -0 0 1
    outer loop
      vertex 134.95 82.0498 0.2
      vertex 135.046 81.2314 0.2
      vertex 135.046 82.0693 0.2
    endloop
  endfacet
  facet normal 0 0 1
    outer loop
      vertex 134.95 82.0498 0.2
      vertex 134.95 81.25 0.2
      vertex 135.046 81.2314 0.2
    endloop
  endfacet
  facet normal -0 0 1
    outer loop
      vertex 134.05 82.0498 0.2
      vertex 134.95 81.25 0.2
      vertex 134.95 82.0498 0.2
    endloop
  endfacet
  facet normal 0 0 1
    outer loop
      vertex 134.05 82.0498 0.2
      vertex 134.05 81.25 0.2
      vertex 134.95 81.25 0.2
    endloop
  endfacet
  facet normal 0 0 1
    outer loop
      vertex 133.954 82.0693 0.2
      vertex 134.05 81.25 0.2
      vertex 134.05 82.0498 0.2
    endloop
  endfacet
  facet normal 0 0 1
    outer loop
      vertex 133.954 82.0693 0.2
      vertex 133.954 81.2314 0.2
      vertex 134.05 81.25 0.2
    endloop
  endfacet
  facet normal 0 0 1
    outer loop
      vertex 133.873 82.123 0.2
      vertex 133.954 81.2314 0.2
      vertex 133.954 82.0693 0.2
    endloop
  endfacet
  facet normal 0 0 1
    outer loop
      vertex 133.873 82.123 0.2
      vertex 133.873 81.1768 0.2
      vertex 133.954 81.2314 0.2
    endloop
  endfacet
  facet normal 0 0 1
    outer loop
      vertex 133.819 82.2041 0.2
      vertex 133.873 81.1768 0.2
      vertex 133.873 82.123 0.2
    endloop
  endfacet
  facet normal 0 0 1
    outer loop
      vertex 133.819 82.2041 0.2
      vertex 133.819 81.0957 0.2
      vertex 133.873 81.1768 0.2
    endloop
  endfacet
  facet normal 0 0 1
    outer loop
      vertex 133.8 82.2998 0.2
      vertex 133.819 81.0957 0.2
      vertex 133.819 82.2041 0.2
    endloop
  endfacet
  facet normal 0 0 1
    outer loop
      vertex 133.819 81.0957 0.2
      vertex 133.8 82.2998 0.2
      vertex 133.8 81 0.2
    endloop
  endfacet
  facet normal 0 0 1
    outer loop
      vertex 137.3 82.9248 0.2
      vertex 135.181 82.9209 0.2
      vertex 135.2 82.8252 0.2
    endloop
  endfacet
  facet normal 0 0 1
    outer loop
      vertex 134.95 83.0752 0.2
      vertex 135.224 84.7148 0.2
      vertex 135.158 84.7588 0.2
    endloop
  endfacet
  facet normal 0 0 1
    outer loop
      vertex 135.3 84.7002 0.2
      vertex 135.127 83.002 0.2
      vertex 135.181 82.9209 0.2
    endloop
  endfacet
  facet normal 0 0 1
    outer loop
      vertex 134.05 83.0752 0.2
      vertex 135.158 84.7588 0.2
      vertex 135.115 84.8232 0.2
    endloop
  endfacet
  facet normal 0 0 1
    outer loop
      vertex 133.954 83.0557 0.2
      vertex 135.115 84.8232 0.2
      vertex 135.1 84.9004 0.2
    endloop
  endfacet
  facet normal 0 0 1
    outer loop
      vertex 135.3 84.7002 0.2
      vertex 135.046 83.0557 0.2
      vertex 135.127 83.002 0.2
    endloop
  endfacet
  facet normal 0 0 1
    outer loop
      vertex 138.681 81.1953 0.2
      vertex 140.819 81.1953 0.2
      vertex 138.681 82.3047 0.2
    endloop
  endfacet
  facet normal 0 0 1
    outer loop
      vertex 140.819 81.1953 0.2
      vertex 138.681 81.1953 0.2
      vertex 138.7 81.0996 0.2
    endloop
  endfacet
  facet normal -0 0 1
    outer loop
      vertex 138.627 82.2236 0.2
      vertex 138.681 81.1953 0.2
      vertex 138.681 82.3047 0.2
    endloop
  endfacet
  facet normal 0 0 1
    outer loop
      vertex 138.627 82.2236 0.2
      vertex 138.627 81.2764 0.2
      vertex 138.681 81.1953 0.2
    endloop
  endfacet
  facet normal -0 0 1
    outer loop
      vertex 138.546 82.1689 0.2
      vertex 138.627 81.2764 0.2
      vertex 138.627 82.2236 0.2
    endloop
  endfacet
  facet normal 0 0 1
    outer loop
      vertex 138.546 82.1689 0.2
      vertex 138.546 81.3311 0.2
      vertex 138.627 81.2764 0.2
    endloop
  endfacet
  facet normal -0 0 1
    outer loop
      vertex 138.45 82.1504 0.2
      vertex 138.546 81.3311 0.2
      vertex 138.546 82.1689 0.2
    endloop
  endfacet
  facet normal 0 0 1
    outer loop
      vertex 138.45 82.1504 0.2
      vertex 138.45 81.3496 0.2
      vertex 138.546 81.3311 0.2
    endloop
  endfacet
  facet normal -0 0 1
    outer loop
      vertex 137.55 82.1504 0.2
      vertex 138.45 81.3496 0.2
      vertex 138.45 82.1504 0.2
    endloop
  endfacet
  facet normal 0 0 1
    outer loop
      vertex 137.55 82.1504 0.2
      vertex 137.55 81.3496 0.2
      vertex 138.45 81.3496 0.2
    endloop
  endfacet
  facet normal 0 0 1
    outer loop
      vertex 137.454 82.1689 0.2
      vertex 137.55 81.3496 0.2
      vertex 137.55 82.1504 0.2
    endloop
  endfacet
  facet normal 0 0 1
    outer loop
      vertex 137.454 82.1689 0.2
      vertex 137.454 81.3311 0.2
      vertex 137.55 81.3496 0.2
    endloop
  endfacet
  facet normal 0 0 1
    outer loop
      vertex 137.373 82.2236 0.2
      vertex 137.454 81.3311 0.2
      vertex 137.454 82.1689 0.2
    endloop
  endfacet
  facet normal 0 0 1
    outer loop
      vertex 137.373 82.2236 0.2
      vertex 137.373 81.2764 0.2
      vertex 137.454 81.3311 0.2
    endloop
  endfacet
  facet normal 0 0 1
    outer loop
      vertex 137.319 82.3047 0.2
      vertex 137.373 81.2764 0.2
      vertex 137.373 82.2236 0.2
    endloop
  endfacet
  facet normal 0 0 1
    outer loop
      vertex 137.319 82.3047 0.2
      vertex 137.319 81.1953 0.2
      vertex 137.373 81.2764 0.2
    endloop
  endfacet
  facet normal 0 0 1
    outer loop
      vertex 135.2 82.2998 0.2
      vertex 137.319 82.3047 0.2
      vertex 137.3 82.4004 0.2
    endloop
  endfacet
  facet normal 0 0 1
    outer loop
      vertex 135.181 82.2041 0.2
      vertex 137.319 82.3047 0.2
      vertex 135.2 82.2998 0.2
    endloop
  endfacet
  facet normal 0 0 1
    outer loop
      vertex 138.959 86.541 0.2
      vertex 138.15 87.7002 0.2
      vertex 138.915 86.4766 0.2
    endloop
  endfacet
  facet normal 0 0 1
    outer loop
      vertex 138.9 84.9004 0.2
      vertex 138.681 83.0205 0.2
      vertex 138.7 82.9248 0.2
    endloop
  endfacet
  facet normal 0 0 1
    outer loop
      vertex 138.073 87.7148 0.2
      vertex 138.915 86.4766 0.2
      vertex 138.15 87.7002 0.2
    endloop
  endfacet
  facet normal 0 0 1
    outer loop
      vertex 138.9 84.9004 0.2
      vertex 138.627 83.1016 0.2
      vertex 138.681 83.0205 0.2
    endloop
  endfacet
  facet normal 0 0 1
    outer loop
      vertex 138.915 86.4766 0.2
      vertex 138.073 87.7148 0.2
      vertex 138.9 86.4004 0.2
    endloop
  endfacet
  facet normal 0 0 1
    outer loop
      vertex 138.9 84.9004 0.2
      vertex 138.546 83.1562 0.2
      vertex 138.627 83.1016 0.2
    endloop
  endfacet
  facet normal 0 0 1
    outer loop
      vertex 138.9 84.9004 0.2
      vertex 138.45 83.1748 0.2
      vertex 138.546 83.1562 0.2
    endloop
  endfacet
  facet normal 0 0 1
    outer loop
      vertex 135.9 86.4004 0.2
      vertex 138.9 86.4004 0.2
      vertex 138.073 87.7148 0.2
    endloop
  endfacet
  facet normal 0 0 1
    outer loop
      vertex 138.9 86.4004 0.2
      vertex 135.9 86.4004 0.2
      vertex 138.9 84.9004 0.2
    endloop
  endfacet
  facet normal 0 0 1
    outer loop
      vertex 136.727 87.7148 0.2
      vertex 138.073 87.7148 0.2
      vertex 138.009 87.7588 0.2
    endloop
  endfacet
  facet normal 0 0 1
    outer loop
      vertex 136.791 87.7588 0.2
      vertex 138.009 87.7588 0.2
      vertex 137.965 87.8232 0.2
    endloop
  endfacet
  facet normal 0 0 1
    outer loop
      vertex 136.835 87.8232 0.2
      vertex 137.965 87.8232 0.2
      vertex 137.95 87.9004 0.2
    endloop
  endfacet
  facet normal 0 -0 1
    outer loop
      vertex 137.55 83.1748 0.2
      vertex 138.9 84.9004 0.2
      vertex 135.9 84.9004 0.2
    endloop
  endfacet
  facet normal 0 0 1
    outer loop
      vertex 142.181 81.1953 0.2
      vertex 144.144 81.2461 0.2
      vertex 142.181 82.3047 0.2
    endloop
  endfacet
  facet normal 0 0 1
    outer loop
      vertex 144.144 81.2461 0.2
      vertex 142.181 81.1953 0.2
      vertex 142.2 81.0996 0.2
    endloop
  endfacet
  facet normal -0 0 1
    outer loop
      vertex 142.127 82.2236 0.2
      vertex 142.181 81.1953 0.2
      vertex 142.181 82.3047 0.2
    endloop
  endfacet
  facet normal 0 0 1
    outer loop
      vertex 142.127 82.2236 0.2
      vertex 142.127 81.2764 0.2
      vertex 142.181 81.1953 0.2
    endloop
  endfacet
  facet normal -0 0 1
    outer loop
      vertex 142.046 82.1689 0.2
      vertex 142.127 81.2764 0.2
      vertex 142.127 82.2236 0.2
    endloop
  endfacet
  facet normal 0 0 1
    outer loop
      vertex 142.046 82.1689 0.2
      vertex 142.046 81.3311 0.2
      vertex 142.127 81.2764 0.2
    endloop
  endfacet
  facet normal -0 0 1
    outer loop
      vertex 141.95 82.1504 0.2
      vertex 142.046 81.3311 0.2
      vertex 142.046 82.1689 0.2
    endloop
  endfacet
  facet normal 0 0 1
    outer loop
      vertex 141.95 82.1504 0.2
      vertex 141.95 81.3496 0.2
      vertex 142.046 81.3311 0.2
    endloop
  endfacet
  facet normal -0 0 1
    outer loop
      vertex 141.05 82.1504 0.2
      vertex 141.95 81.3496 0.2
      vertex 141.95 82.1504 0.2
    endloop
  endfacet
  facet normal 0 0 1
    outer loop
      vertex 141.05 82.1504 0.2
      vertex 141.05 81.3496 0.2
      vertex 141.95 81.3496 0.2
    endloop
  endfacet
  facet normal 0 0 1
    outer loop
      vertex 140.954 82.1689 0.2
      vertex 141.05 81.3496 0.2
      vertex 141.05 82.1504 0.2
    endloop
  endfacet
  facet normal 0 0 1
    outer loop
      vertex 140.954 82.1689 0.2
      vertex 140.954 81.3311 0.2
      vertex 141.05 81.3496 0.2
    endloop
  endfacet
  facet normal 0 0 1
    outer loop
      vertex 140.873 82.2236 0.2
      vertex 140.954 81.3311 0.2
      vertex 140.954 82.1689 0.2
    endloop
  endfacet
  facet normal 0 0 1
    outer loop
      vertex 140.873 82.2236 0.2
      vertex 140.873 81.2764 0.2
      vertex 140.954 81.3311 0.2
    endloop
  endfacet
  facet normal 0 0 1
    outer loop
      vertex 140.819 82.3047 0.2
      vertex 140.873 81.2764 0.2
      vertex 140.873 82.2236 0.2
    endloop
  endfacet
  facet normal 0 0 1
    outer loop
      vertex 140.819 82.3047 0.2
      vertex 140.819 81.1953 0.2
      vertex 140.873 81.2764 0.2
    endloop
  endfacet
  facet normal -0 0 1
    outer loop
      vertex 138.7 82.4004 0.2
      vertex 140.819 82.3047 0.2
      vertex 140.8 82.4004 0.2
    endloop
  endfacet
  facet normal 0 0 1
    outer loop
      vertex 138.681 82.3047 0.2
      vertex 140.819 82.3047 0.2
      vertex 138.7 82.4004 0.2
    endloop
  endfacet
  facet normal 0 0 1
    outer loop
      vertex 144.125 83.0498 0.2
      vertex 142.181 83.0205 0.2
      vertex 142.2 82.9248 0.2
    endloop
  endfacet
  facet normal 0 0 1
    outer loop
      vertex 142.746 84.6943 0.2
      vertex 142.127 83.1016 0.2
      vertex 142.181 83.0205 0.2
    endloop
  endfacet
  facet normal 0 0 1
    outer loop
      vertex 142.65 84.6748 0.2
      vertex 142.046 83.1562 0.2
      vertex 142.127 83.1016 0.2
    endloop
  endfacet
  facet normal -0 0 1
    outer loop
      vertex 141.75 84.6748 0.2
      vertex 142.046 83.1562 0.2
      vertex 142.65 84.6748 0.2
    endloop
  endfacet
  facet normal 0 0 1
    outer loop
      vertex 142.046 83.1562 0.2
      vertex 141.75 84.6748 0.2
      vertex 141.95 83.1748 0.2
    endloop
  endfacet
  facet normal 0 0 1
    outer loop
      vertex 141.654 84.6943 0.2
      vertex 141.95 83.1748 0.2
      vertex 141.75 84.6748 0.2
    endloop
  endfacet
  facet normal 0 0 1
    outer loop
      vertex 141.05 83.1748 0.2
      vertex 141.654 84.6943 0.2
      vertex 141.573 84.748 0.2
    endloop
  endfacet
  facet normal 0 0 1
    outer loop
      vertex 140.954 83.1562 0.2
      vertex 141.573 84.748 0.2
      vertex 141.519 84.8291 0.2
    endloop
  endfacet
  facet normal 0 0 1
    outer loop
      vertex 141.654 84.6943 0.2
      vertex 141.05 83.1748 0.2
      vertex 141.95 83.1748 0.2
    endloop
  endfacet
  facet normal -0 0 1
    outer loop
      vertex 139.7 84.9004 0.2
      vertex 141.519 84.8291 0.2
      vertex 141.5 84.9248 0.2
    endloop
  endfacet
  facet normal 0 0 1
    outer loop
      vertex 142.881 85.5459 0.2
      vertex 148.125 86.3496 0.2
      vertex 142.881 86.6543 0.2
    endloop
  endfacet
  facet normal 0 0 1
    outer loop
      vertex 148.125 86.3496 0.2
      vertex 142.881 85.5459 0.2
      vertex 142.9 85.4502 0.2
    endloop
  endfacet
  facet normal -0 0 1
    outer loop
      vertex 142.827 86.5732 0.2
      vertex 142.881 85.5459 0.2
      vertex 142.881 86.6543 0.2
    endloop
  endfacet
  facet normal 0 0 1
    outer loop
      vertex 142.827 86.5732 0.2
      vertex 142.827 85.627 0.2
      vertex 142.881 85.5459 0.2
    endloop
  endfacet
  facet normal -0 0 1
    outer loop
      vertex 142.746 86.5186 0.2
      vertex 142.827 85.627 0.2
      vertex 142.827 86.5732 0.2
    endloop
  endfacet
  facet normal 0 0 1
    outer loop
      vertex 142.746 86.5186 0.2
      vertex 142.746 85.6807 0.2
      vertex 142.827 85.627 0.2
    endloop
  endfacet
  facet normal -0 0 1
    outer loop
      vertex 142.65 86.5 0.2
      vertex 142.746 85.6807 0.2
      vertex 142.746 86.5186 0.2
    endloop
  endfacet
  facet normal 0 0 1
    outer loop
      vertex 142.65 86.5 0.2
      vertex 142.65 85.7002 0.2
      vertex 142.746 85.6807 0.2
    endloop
  endfacet
  facet normal -0 0 1
    outer loop
      vertex 141.75 86.5 0.2
      vertex 142.65 85.7002 0.2
      vertex 142.65 86.5 0.2
    endloop
  endfacet
  facet normal 0 0 1
    outer loop
      vertex 141.75 86.5 0.2
      vertex 141.75 85.7002 0.2
      vertex 142.65 85.7002 0.2
    endloop
  endfacet
  facet normal 0 0 1
    outer loop
      vertex 141.654 86.5186 0.2
      vertex 141.75 85.7002 0.2
      vertex 141.75 86.5 0.2
    endloop
  endfacet
  facet normal 0 0 1
    outer loop
      vertex 141.654 86.5186 0.2
      vertex 141.654 85.6807 0.2
      vertex 141.75 85.7002 0.2
    endloop
  endfacet
  facet normal 0 0 1
    outer loop
      vertex 141.573 86.5732 0.2
      vertex 141.654 85.6807 0.2
      vertex 141.654 86.5186 0.2
    endloop
  endfacet
  facet normal 0 0 1
    outer loop
      vertex 141.573 86.5732 0.2
      vertex 141.573 85.627 0.2
      vertex 141.654 85.6807 0.2
    endloop
  endfacet
  facet normal 0 0 1
    outer loop
      vertex 141.519 86.6543 0.2
      vertex 141.573 85.627 0.2
      vertex 141.573 86.5732 0.2
    endloop
  endfacet
  facet normal 0 0 1
    outer loop
      vertex 141.519 86.6543 0.2
      vertex 141.519 85.5459 0.2
      vertex 141.573 85.627 0.2
    endloop
  endfacet
  facet normal 0 0 1
    outer loop
      vertex 139.7 86.4004 0.2
      vertex 141.519 86.6543 0.2
      vertex 141.5 86.75 0.2
    endloop
  endfacet
  facet normal 0 0 1
    outer loop
      vertex 141.519 86.6543 0.2
      vertex 139.7 86.4004 0.2
      vertex 141.519 85.5459 0.2
    endloop
  endfacet
  facet normal 0 0 1
    outer loop
      vertex 145.556 81.2461 0.2
      vertex 148.15 81.8496 0.2
      vertex 145.556 82.4541 0.2
    endloop
  endfacet
  facet normal 0 0 1
    outer loop
      vertex 148.15 81.8496 0.2
      vertex 145.556 81.2461 0.2
      vertex 145.575 81.1504 0.2
    endloop
  endfacet
  facet normal -0 0 1
    outer loop
      vertex 145.502 82.373 0.2
      vertex 145.556 81.2461 0.2
      vertex 145.556 82.4541 0.2
    endloop
  endfacet
  facet normal 0 0 1
    outer loop
      vertex 145.502 82.373 0.2
      vertex 145.502 81.3271 0.2
      vertex 145.556 81.2461 0.2
    endloop
  endfacet
  facet normal -0 0 1
    outer loop
      vertex 145.421 82.3193 0.2
      vertex 145.502 81.3271 0.2
      vertex 145.502 82.373 0.2
    endloop
  endfacet
  facet normal 0 0 1
    outer loop
      vertex 145.421 82.3193 0.2
      vertex 145.421 81.3809 0.2
      vertex 145.502 81.3271 0.2
    endloop
  endfacet
  facet normal -0 0 1
    outer loop
      vertex 145.325 82.2998 0.2
      vertex 145.421 81.3809 0.2
      vertex 145.421 82.3193 0.2
    endloop
  endfacet
  facet normal 0 0 1
    outer loop
      vertex 145.325 82.2998 0.2
      vertex 145.325 81.4004 0.2
      vertex 145.421 81.3809 0.2
    endloop
  endfacet
  facet normal -0 0 1
    outer loop
      vertex 144.375 82.2998 0.2
      vertex 145.325 81.4004 0.2
      vertex 145.325 82.2998 0.2
    endloop
  endfacet
  facet normal 0 0 1
    outer loop
      vertex 144.375 82.2998 0.2
      vertex 144.375 81.4004 0.2
      vertex 145.325 81.4004 0.2
    endloop
  endfacet
  facet normal 0 0 1
    outer loop
      vertex 144.279 82.3193 0.2
      vertex 144.375 81.4004 0.2
      vertex 144.375 82.2998 0.2
    endloop
  endfacet
  facet normal 0 0 1
    outer loop
      vertex 144.279 82.3193 0.2
      vertex 144.279 81.3809 0.2
      vertex 144.375 81.4004 0.2
    endloop
  endfacet
  facet normal 0 0 1
    outer loop
      vertex 144.198 82.373 0.2
      vertex 144.279 81.3809 0.2
      vertex 144.279 82.3193 0.2
    endloop
  endfacet
  facet normal 0 0 1
    outer loop
      vertex 144.198 82.373 0.2
      vertex 144.198 81.3271 0.2
      vertex 144.279 81.3809 0.2
    endloop
  endfacet
  facet normal 0 0 1
    outer loop
      vertex 144.144 82.4541 0.2
      vertex 144.198 81.3271 0.2
      vertex 144.198 82.373 0.2
    endloop
  endfacet
  facet normal 0 0 1
    outer loop
      vertex 144.144 82.4541 0.2
      vertex 144.144 81.2461 0.2
      vertex 144.198 81.3271 0.2
    endloop
  endfacet
  facet normal 0 0 1
    outer loop
      vertex 142.2 82.4004 0.2
      vertex 144.144 82.4541 0.2
      vertex 144.125 82.5498 0.2
    endloop
  endfacet
  facet normal 0 0 1
    outer loop
      vertex 142.181 82.3047 0.2
      vertex 144.144 82.4541 0.2
      vertex 142.2 82.4004 0.2
    endloop
  endfacet
  facet normal 0 0 1
    outer loop
      vertex 135.224 86.585 0.2
      vertex 134.75 87.7002 0.2
      vertex 135.158 86.541 0.2
    endloop
  endfacet
  facet normal -0 0 1
    outer loop
      vertex 134.35 87.7002 0.2
      vertex 135.158 86.541 0.2
      vertex 134.75 87.7002 0.2
    endloop
  endfacet
  facet normal 0 0 1
    outer loop
      vertex 135.158 86.541 0.2
      vertex 134.35 87.7002 0.2
      vertex 135.115 86.4766 0.2
    endloop
  endfacet
  facet normal 0 0 1
    outer loop
      vertex 134.273 87.7148 0.2
      vertex 135.115 86.4766 0.2
      vertex 134.35 87.7002 0.2
    endloop
  endfacet
  facet normal 0 0 1
    outer loop
      vertex 135.3 84.7002 0.2
      vertex 134.95 83.0752 0.2
      vertex 135.046 83.0557 0.2
    endloop
  endfacet
  facet normal 0 0 1
    outer loop
      vertex 135.115 86.4766 0.2
      vertex 134.273 87.7148 0.2
      vertex 135.1 86.4004 0.2
    endloop
  endfacet
  facet normal 0 0 1
    outer loop
      vertex 134.209 87.7588 0.2
      vertex 135.1 86.4004 0.2
      vertex 134.273 87.7148 0.2
    endloop
  endfacet
  facet normal 0 0 1
    outer loop
      vertex 135.1 86.4004 0.2
      vertex 134.209 87.7588 0.2
      vertex 135.1 84.9004 0.2
    endloop
  endfacet
  facet normal 0 0 1
    outer loop
      vertex 133.873 83.002 0.2
      vertex 135.1 84.9004 0.2
      vertex 134.209 87.7588 0.2
    endloop
  endfacet
  facet normal 0 0 1
    outer loop
      vertex 133.873 83.002 0.2
      vertex 134.209 87.7588 0.2
      vertex 134.165 87.8232 0.2
    endloop
  endfacet
  facet normal 0 0 1
    outer loop
      vertex 133.819 82.9209 0.2
      vertex 134.165 87.8232 0.2
      vertex 134.15 87.9004 0.2
    endloop
  endfacet
  facet normal 0 0 1
    outer loop
      vertex 135.158 84.7588 0.2
      vertex 134.05 83.0752 0.2
      vertex 134.95 83.0752 0.2
    endloop
  endfacet
  facet normal -0 0 1
    outer loop
      vertex 149.531 81.7539 0.2
      vertex 149.55 80.5498 0.2
      vertex 149.55 81.8496 0.2
    endloop
  endfacet
  facet normal 0 0 1
    outer loop
      vertex 149.531 81.7539 0.2
      vertex 149.531 80.6455 0.2
      vertex 149.55 80.5498 0.2
    endloop
  endfacet
  facet normal -0 0 1
    outer loop
      vertex 149.477 81.6729 0.2
      vertex 149.531 80.6455 0.2
      vertex 149.531 81.7539 0.2
    endloop
  endfacet
  facet normal 0 0 1
    outer loop
      vertex 149.477 81.6729 0.2
      vertex 149.477 80.7266 0.2
      vertex 149.531 80.6455 0.2
    endloop
  endfacet
  facet normal -0 0 1
    outer loop
      vertex 149.396 81.6191 0.2
      vertex 149.477 80.7266 0.2
      vertex 149.477 81.6729 0.2
    endloop
  endfacet
  facet normal 0 0 1
    outer loop
      vertex 149.396 81.6191 0.2
      vertex 149.396 80.7812 0.2
      vertex 149.477 80.7266 0.2
    endloop
  endfacet
  facet normal -0 0 1
    outer loop
      vertex 149.3 81.5996 0.2
      vertex 149.396 80.7812 0.2
      vertex 149.396 81.6191 0.2
    endloop
  endfacet
  facet normal 0 0 1
    outer loop
      vertex 149.3 81.5996 0.2
      vertex 149.3 80.7998 0.2
      vertex 149.396 80.7812 0.2
    endloop
  endfacet
  facet normal -0 0 1
    outer loop
      vertex 148.4 81.5996 0.2
      vertex 149.3 80.7998 0.2
      vertex 149.3 81.5996 0.2
    endloop
  endfacet
  facet normal 0 0 1
    outer loop
      vertex 148.4 81.5996 0.2
      vertex 148.4 80.7998 0.2
      vertex 149.3 80.7998 0.2
    endloop
  endfacet
  facet normal 0 0 1
    outer loop
      vertex 148.305 81.6191 0.2
      vertex 148.4 80.7998 0.2
      vertex 148.4 81.5996 0.2
    endloop
  endfacet
  facet normal 0 0 1
    outer loop
      vertex 148.305 81.6191 0.2
      vertex 148.305 80.7812 0.2
      vertex 148.4 80.7998 0.2
    endloop
  endfacet
  facet normal 0 0 1
    outer loop
      vertex 148.224 81.6729 0.2
      vertex 148.305 80.7812 0.2
      vertex 148.305 81.6191 0.2
    endloop
  endfacet
  facet normal 0 0 1
    outer loop
      vertex 148.224 81.6729 0.2
      vertex 148.224 80.7266 0.2
      vertex 148.305 80.7812 0.2
    endloop
  endfacet
  facet normal 0 0 1
    outer loop
      vertex 148.169 81.7539 0.2
      vertex 148.224 80.7266 0.2
      vertex 148.224 81.6729 0.2
    endloop
  endfacet
  facet normal 0 0 1
    outer loop
      vertex 148.169 81.7539 0.2
      vertex 148.169 80.6455 0.2
      vertex 148.224 80.7266 0.2
    endloop
  endfacet
  facet normal 0 0 1
    outer loop
      vertex 145.575 81.1504 0.2
      vertex 148.169 81.7539 0.2
      vertex 148.15 81.8496 0.2
    endloop
  endfacet
  facet normal 0 0 1
    outer loop
      vertex 148.169 81.7539 0.2
      vertex 145.575 81.1504 0.2
      vertex 148.169 80.6455 0.2
    endloop
  endfacet
  facet normal 0 0 1
    outer loop
      vertex 149.556 83.8545 0.2
      vertex 149.531 82.4707 0.2
      vertex 149.55 82.375 0.2
    endloop
  endfacet
  facet normal -0 0 1
    outer loop
      vertex 149.502 83.7734 0.2
      vertex 149.531 82.4707 0.2
      vertex 149.556 83.8545 0.2
    endloop
  endfacet
  facet normal 0 0 1
    outer loop
      vertex 149.502 83.7734 0.2
      vertex 149.477 82.5518 0.2
      vertex 149.531 82.4707 0.2
    endloop
  endfacet
  facet normal -0 0 1
    outer loop
      vertex 149.421 83.7188 0.2
      vertex 149.477 82.5518 0.2
      vertex 149.502 83.7734 0.2
    endloop
  endfacet
  facet normal 0 0 1
    outer loop
      vertex 149.421 83.7188 0.2
      vertex 149.396 82.6064 0.2
      vertex 149.477 82.5518 0.2
    endloop
  endfacet
  facet normal -0 0 1
    outer loop
      vertex 149.325 83.7002 0.2
      vertex 149.396 82.6064 0.2
      vertex 149.421 83.7188 0.2
    endloop
  endfacet
  facet normal 0 0 1
    outer loop
      vertex 149.325 83.7002 0.2
      vertex 149.3 82.625 0.2
      vertex 149.396 82.6064 0.2
    endloop
  endfacet
  facet normal 0 0 1
    outer loop
      vertex 149.325 83.7002 0.2
      vertex 148.4 82.625 0.2
      vertex 149.3 82.625 0.2
    endloop
  endfacet
  facet normal -0 0 1
    outer loop
      vertex 148.375 83.7002 0.2
      vertex 148.4 82.625 0.2
      vertex 149.325 83.7002 0.2
    endloop
  endfacet
  facet normal 0 0 1
    outer loop
      vertex 148.375 83.7002 0.2
      vertex 148.305 82.6064 0.2
      vertex 148.4 82.625 0.2
    endloop
  endfacet
  facet normal 0 0 1
    outer loop
      vertex 148.279 83.7188 0.2
      vertex 148.305 82.6064 0.2
      vertex 148.375 83.7002 0.2
    endloop
  endfacet
  facet normal 0 0 1
    outer loop
      vertex 148.279 83.7188 0.2
      vertex 148.224 82.5518 0.2
      vertex 148.305 82.6064 0.2
    endloop
  endfacet
  facet normal 0 0 1
    outer loop
      vertex 148.198 83.7734 0.2
      vertex 148.224 82.5518 0.2
      vertex 148.279 83.7188 0.2
    endloop
  endfacet
  facet normal 0 0 1
    outer loop
      vertex 148.198 83.7734 0.2
      vertex 148.169 82.4707 0.2
      vertex 148.224 82.5518 0.2
    endloop
  endfacet
  facet normal 0 0 1
    outer loop
      vertex 148.144 83.8545 0.2
      vertex 148.169 82.4707 0.2
      vertex 148.198 83.7734 0.2
    endloop
  endfacet
  facet normal -0 0 1
    outer loop
      vertex 145.556 82.4541 0.2
      vertex 148.15 82.375 0.2
      vertex 145.575 82.5498 0.2
    endloop
  endfacet
  facet normal -0 0 1
    outer loop
      vertex 145.575 80.6504 0.2
      vertex 148.169 80.6455 0.2
      vertex 145.575 81.1504 0.2
    endloop
  endfacet
  facet normal -0 0 1
    outer loop
      vertex 145.575 82.5498 0.2
      vertex 148.169 82.4707 0.2
      vertex 145.575 83.0498 0.2
    endloop
  endfacet
  facet normal -0 0 1
    outer loop
      vertex 145.575 83.0498 0.2
      vertex 148.169 82.4707 0.2
      vertex 148.144 83.8545 0.2
    endloop
  endfacet
  facet normal -0 0 1
    outer loop
      vertex 149.556 85.7539 0.2
      vertex 149.575 84.4502 0.2
      vertex 149.575 85.8496 0.2
    endloop
  endfacet
  facet normal 0 0 1
    outer loop
      vertex 149.556 85.7539 0.2
      vertex 149.556 84.5459 0.2
      vertex 149.575 84.4502 0.2
    endloop
  endfacet
  facet normal -0 0 1
    outer loop
      vertex 149.502 85.6729 0.2
      vertex 149.556 84.5459 0.2
      vertex 149.556 85.7539 0.2
    endloop
  endfacet
  facet normal 0 0 1
    outer loop
      vertex 149.502 85.6729 0.2
      vertex 149.502 84.627 0.2
      vertex 149.556 84.5459 0.2
    endloop
  endfacet
  facet normal -0 0 1
    outer loop
      vertex 149.421 85.6191 0.2
      vertex 149.502 84.627 0.2
      vertex 149.502 85.6729 0.2
    endloop
  endfacet
  facet normal 0 0 1
    outer loop
      vertex 149.421 85.6191 0.2
      vertex 149.421 84.6807 0.2
      vertex 149.502 84.627 0.2
    endloop
  endfacet
  facet normal -0 0 1
    outer loop
      vertex 149.325 85.5996 0.2
      vertex 149.421 84.6807 0.2
      vertex 149.421 85.6191 0.2
    endloop
  endfacet
  facet normal 0 0 1
    outer loop
      vertex 149.325 85.5996 0.2
      vertex 149.325 84.7002 0.2
      vertex 149.421 84.6807 0.2
    endloop
  endfacet
  facet normal -0 0 1
    outer loop
      vertex 148.375 85.5996 0.2
      vertex 149.325 84.7002 0.2
      vertex 149.325 85.5996 0.2
    endloop
  endfacet
  facet normal 0 0 1
    outer loop
      vertex 148.375 85.5996 0.2
      vertex 148.375 84.7002 0.2
      vertex 149.325 84.7002 0.2
    endloop
  endfacet
  facet normal 0 0 1
    outer loop
      vertex 148.279 85.6191 0.2
      vertex 148.375 84.7002 0.2
      vertex 148.375 85.5996 0.2
    endloop
  endfacet
  facet normal 0 0 1
    outer loop
      vertex 148.279 85.6191 0.2
      vertex 148.279 84.6807 0.2
      vertex 148.375 84.7002 0.2
    endloop
  endfacet
  facet normal 0 0 1
    outer loop
      vertex 148.198 85.6729 0.2
      vertex 148.279 84.6807 0.2
      vertex 148.279 85.6191 0.2
    endloop
  endfacet
  facet normal 0 0 1
    outer loop
      vertex 148.198 85.6729 0.2
      vertex 148.198 84.627 0.2
      vertex 148.279 84.6807 0.2
    endloop
  endfacet
  facet normal 0 0 1
    outer loop
      vertex 148.144 85.7539 0.2
      vertex 148.198 84.627 0.2
      vertex 148.198 85.6729 0.2
    endloop
  endfacet
  facet normal 0 0 1
    outer loop
      vertex 148.144 85.7539 0.2
      vertex 148.144 84.5459 0.2
      vertex 148.198 84.627 0.2
    endloop
  endfacet
  facet normal 0 0 1
    outer loop
      vertex 145.421 83.2812 0.2
      vertex 148.144 85.7539 0.2
      vertex 148.125 85.8496 0.2
    endloop
  endfacet
  facet normal 0 0 1
    outer loop
      vertex 148.144 85.7539 0.2
      vertex 145.421 83.2812 0.2
      vertex 148.144 84.5459 0.2
    endloop
  endfacet
  facet normal 0 0 1
    outer loop
      vertex 150.5 108.45 0.2
      vertex 149.575 86.3496 0.2
      vertex 150.5 73.4502 0.2
    endloop
  endfacet
  facet normal 0 0 1
    outer loop
      vertex 150.5 108.45 0.2
      vertex 149.556 86.4453 0.2
      vertex 149.575 86.3496 0.2
    endloop
  endfacet
  facet normal 0 0 1
    outer loop
      vertex 150.5 108.45 0.2
      vertex 149.502 86.5264 0.2
      vertex 149.556 86.4453 0.2
    endloop
  endfacet
  facet normal 0 0 1
    outer loop
      vertex 150.5 108.45 0.2
      vertex 149.421 86.5811 0.2
      vertex 149.502 86.5264 0.2
    endloop
  endfacet
  facet normal 0 0 1
    outer loop
      vertex 150.5 108.45 0.2
      vertex 149.325 86.5996 0.2
      vertex 149.421 86.5811 0.2
    endloop
  endfacet
  facet normal 0 0 1
    outer loop
      vertex 150.5 108.45 0.2
      vertex 148.375 86.5996 0.2
      vertex 149.325 86.5996 0.2
    endloop
  endfacet
  facet normal -0 0 1
    outer loop
      vertex 140.592 89.541 0.2
      vertex 148.375 86.5996 0.2
      vertex 150.5 108.45 0.2
    endloop
  endfacet
  facet normal 0 0 1
    outer loop
      vertex 148.375 86.5996 0.2
      vertex 140.592 89.541 0.2
      vertex 148.279 86.5811 0.2
    endloop
  endfacet
  facet normal -0 -0 1
    outer loop
      vertex 142.746 87.5059 0.2
      vertex 148.279 86.5811 0.2
      vertex 140.592 89.541 0.2
    endloop
  endfacet
  facet normal -0 -0 1
    outer loop
      vertex 142.827 87.4521 0.2
      vertex 148.279 86.5811 0.2
      vertex 142.746 87.5059 0.2
    endloop
  endfacet
  facet normal 0 0 1
    outer loop
      vertex 142.9 85.4502 0.2
      vertex 148.125 85.8496 0.2
      vertex 148.125 86.3496 0.2
    endloop
  endfacet
  facet normal 0 0 1
    outer loop
      vertex 148.144 84.5459 0.2
      vertex 145.421 83.2812 0.2
      vertex 148.125 84.4502 0.2
    endloop
  endfacet
  facet normal 0 -0 1
    outer loop
      vertex 145.502 83.2266 0.2
      vertex 148.125 84.4502 0.2
      vertex 145.421 83.2812 0.2
    endloop
  endfacet
  facet normal 0 0 1
    outer loop
      vertex 148.279 86.5811 0.2
      vertex 142.827 87.4521 0.2
      vertex 148.198 86.5264 0.2
    endloop
  endfacet
  facet normal 0 0 1
    outer loop
      vertex 148.125 83.9502 0.2
      vertex 145.556 83.1455 0.2
      vertex 145.575 83.0498 0.2
    endloop
  endfacet
  facet normal 0 0 1
    outer loop
      vertex 148.125 83.9502 0.2
      vertex 145.502 83.2266 0.2
      vertex 145.556 83.1455 0.2
    endloop
  endfacet
  facet normal -0 0 1
    outer loop
      vertex 142.9 86.75 0.2
      vertex 148.144 86.4453 0.2
      vertex 142.9 87.2754 0.2
    endloop
  endfacet
  facet normal 0 0 1
    outer loop
      vertex 148.144 86.4453 0.2
      vertex 142.9 86.75 0.2
      vertex 148.125 86.3496 0.2
    endloop
  endfacet
  facet normal 0 0 1
    outer loop
      vertex 148.125 84.4502 0.2
      vertex 145.502 83.2266 0.2
      vertex 148.125 83.9502 0.2
    endloop
  endfacet
  facet normal -0 0 1
    outer loop
      vertex 142.881 86.6543 0.2
      vertex 148.125 86.3496 0.2
      vertex 142.9 86.75 0.2
    endloop
  endfacet
  facet normal 0 0 1
    outer loop
      vertex 148.125 85.8496 0.2
      vertex 145.325 83.2998 0.2
      vertex 145.421 83.2812 0.2
    endloop
  endfacet
  facet normal 0 0 1
    outer loop
      vertex 145.325 83.2998 0.2
      vertex 142.9 85.4502 0.2
      vertex 144.375 83.2998 0.2
    endloop
  endfacet
  facet normal -0 0 1
    outer loop
      vertex 142.2 82.9248 0.2
      vertex 144.125 82.5498 0.2
      vertex 144.125 83.0498 0.2
    endloop
  endfacet
  facet normal 0 0 1
    outer loop
      vertex 144.144 82.4541 0.2
      vertex 142.181 82.3047 0.2
      vertex 144.144 81.2461 0.2
    endloop
  endfacet
  facet normal 0 0 1
    outer loop
      vertex 144.375 83.2998 0.2
      vertex 142.881 84.8291 0.2
      vertex 144.279 83.2812 0.2
    endloop
  endfacet
  facet normal -0 0 1
    outer loop
      vertex 142.881 84.8291 0.2
      vertex 144.375 83.2998 0.2
      vertex 142.9 84.9248 0.2
    endloop
  endfacet
  facet normal -0 0 1
    outer loop
      vertex 142.9 84.9248 0.2
      vertex 144.375 83.2998 0.2
      vertex 142.9 85.4502 0.2
    endloop
  endfacet
  facet normal 0 0 1
    outer loop
      vertex 148.125 85.8496 0.2
      vertex 142.9 85.4502 0.2
      vertex 145.325 83.2998 0.2
    endloop
  endfacet
  facet normal -0 -0 1
    outer loop
      vertex 142.9 87.2754 0.2
      vertex 148.144 86.4453 0.2
      vertex 142.881 87.3711 0.2
    endloop
  endfacet
  facet normal -0 -0 1
    outer loop
      vertex 142.881 87.3711 0.2
      vertex 148.198 86.5264 0.2
      vertex 142.827 87.4521 0.2
    endloop
  endfacet
  facet normal 0 0 1
    outer loop
      vertex 148.198 86.5264 0.2
      vertex 142.881 87.3711 0.2
      vertex 148.144 86.4453 0.2
    endloop
  endfacet
  facet normal -0 -0 1
    outer loop
      vertex 140.635 89.4766 0.2
      vertex 142.746 87.5059 0.2
      vertex 140.592 89.541 0.2
    endloop
  endfacet
  facet normal -0 -0 1
    outer loop
      vertex 140.65 89.4004 0.2
      vertex 142.65 87.5254 0.2
      vertex 140.635 89.4766 0.2
    endloop
  endfacet
  facet normal 0 0 1
    outer loop
      vertex 142.65 87.5254 0.2
      vertex 140.65 89.4004 0.2
      vertex 141.75 87.5254 0.2
    endloop
  endfacet
  facet normal -0 0 1
    outer loop
      vertex 140.65 87.9004 0.2
      vertex 141.75 87.5254 0.2
      vertex 140.65 89.4004 0.2
    endloop
  endfacet
  facet normal 0 0 1
    outer loop
      vertex 140.526 87.7148 0.2
      vertex 141.5 86.75 0.2
      vertex 141.5 87.2754 0.2
    endloop
  endfacet
  facet normal 0 0 1
    outer loop
      vertex 141.519 85.5459 0.2
      vertex 139.7 86.4004 0.2
      vertex 141.5 85.4502 0.2
    endloop
  endfacet
  facet normal 0 0 1
    outer loop
      vertex 139.7 84.9004 0.2
      vertex 141.5 85.4502 0.2
      vertex 139.7 86.4004 0.2
    endloop
  endfacet
  facet normal 0 0 1
    outer loop
      vertex 141.519 84.8291 0.2
      vertex 139.7 84.9004 0.2
      vertex 139.685 84.8232 0.2
    endloop
  endfacet
  facet normal 0 0 1
    outer loop
      vertex 141.519 84.8291 0.2
      vertex 139.685 84.8232 0.2
      vertex 140.954 83.1562 0.2
    endloop
  endfacet
  facet normal 0 0 1
    outer loop
      vertex 141.573 84.748 0.2
      vertex 140.954 83.1562 0.2
      vertex 141.05 83.1748 0.2
    endloop
  endfacet
  facet normal -0 0 1
    outer loop
      vertex 139.642 84.7588 0.2
      vertex 140.954 83.1562 0.2
      vertex 139.685 84.8232 0.2
    endloop
  endfacet
  facet normal 0 0 1
    outer loop
      vertex 138.7 82.4004 0.2
      vertex 140.8 82.4004 0.2
      vertex 140.8 82.9248 0.2
    endloop
  endfacet
  facet normal 0 0 1
    outer loop
      vertex 140.819 82.3047 0.2
      vertex 138.681 82.3047 0.2
      vertex 140.819 81.1953 0.2
    endloop
  endfacet
  facet normal -0 0 1
    outer loop
      vertex 140.592 87.7588 0.2
      vertex 141.519 87.3711 0.2
      vertex 140.635 87.8232 0.2
    endloop
  endfacet
  facet normal 0 0 1
    outer loop
      vertex 141.573 87.4521 0.2
      vertex 140.635 87.8232 0.2
      vertex 141.519 87.3711 0.2
    endloop
  endfacet
  facet normal -0 0 1
    outer loop
      vertex 140.635 87.8232 0.2
      vertex 141.573 87.4521 0.2
      vertex 140.65 87.9004 0.2
    endloop
  endfacet
  facet normal 0 0 1
    outer loop
      vertex 141.75 87.5254 0.2
      vertex 140.65 87.9004 0.2
      vertex 141.654 87.5059 0.2
    endloop
  endfacet
  facet normal 0 0 1
    outer loop
      vertex 141.654 87.5059 0.2
      vertex 140.65 87.9004 0.2
      vertex 141.573 87.4521 0.2
    endloop
  endfacet
  facet normal 0 0 1
    outer loop
      vertex 142.746 87.5059 0.2
      vertex 140.635 89.4766 0.2
      vertex 142.65 87.5254 0.2
    endloop
  endfacet
  facet normal 0 0 1
    outer loop
      vertex 150.5 108.45 0.2
      vertex 140.526 89.585 0.2
      vertex 140.592 89.541 0.2
    endloop
  endfacet
  facet normal 0 0 1
    outer loop
      vertex 150.5 108.45 0.2
      vertex 140.45 89.5996 0.2
      vertex 140.526 89.585 0.2
    endloop
  endfacet
  facet normal -0 0 1
    outer loop
      vertex 132.5 108.45 0.2
      vertex 140.45 89.5996 0.2
      vertex 150.5 108.45 0.2
    endloop
  endfacet
  facet normal 0 0 1
    outer loop
      vertex 140.45 89.5996 0.2
      vertex 132.5 108.45 0.2
      vertex 140.05 89.5996 0.2
    endloop
  endfacet
  facet normal 0 -0 1
    outer loop
      vertex 138.55 89.5996 0.2
      vertex 140.05 89.5996 0.2
      vertex 132.5 108.45 0.2
    endloop
  endfacet
  facet normal 0 0 1
    outer loop
      vertex 140.05 89.5996 0.2
      vertex 138.55 89.5996 0.2
      vertex 139.974 89.585 0.2
    endloop
  endfacet
  facet normal 0 0 1
    outer loop
      vertex 138.75 87.9004 0.2
      vertex 139.85 87.9004 0.2
      vertex 139.85 89.4004 0.2
    endloop
  endfacet
  facet normal 0 0 1
    outer loop
      vertex 139.85 87.9004 0.2
      vertex 139.685 86.4766 0.2
      vertex 139.7 86.4004 0.2
    endloop
  endfacet
  facet normal 0 0 1
    outer loop
      vertex 139.85 87.9004 0.2
      vertex 139.642 86.541 0.2
      vertex 139.685 86.4766 0.2
    endloop
  endfacet
  facet normal 0 0 1
    outer loop
      vertex 139.85 87.9004 0.2
      vertex 139.576 86.585 0.2
      vertex 139.642 86.541 0.2
    endloop
  endfacet
  facet normal 0 0 1
    outer loop
      vertex 138.734 87.8232 0.2
      vertex 139.85 87.9004 0.2
      vertex 138.75 87.9004 0.2
    endloop
  endfacet
  facet normal 0 0 1
    outer loop
      vertex 138.691 87.7588 0.2
      vertex 139.85 87.9004 0.2
      vertex 138.734 87.8232 0.2
    endloop
  endfacet
  facet normal 0 0 1
    outer loop
      vertex 138.75 89.4004 0.2
      vertex 139.85 89.4004 0.2
      vertex 139.865 89.4766 0.2
    endloop
  endfacet
  facet normal 0 0 1
    outer loop
      vertex 139.85 87.9004 0.2
      vertex 139.5 86.5996 0.2
      vertex 139.576 86.585 0.2
    endloop
  endfacet
  facet normal 0 0 1
    outer loop
      vertex 139.85 87.9004 0.2
      vertex 138.691 87.7588 0.2
      vertex 139.5 86.5996 0.2
    endloop
  endfacet
  facet normal 0 0 1
    outer loop
      vertex 139.5 86.5996 0.2
      vertex 138.691 87.7588 0.2
      vertex 139.1 86.5996 0.2
    endloop
  endfacet
  facet normal 0 0 1
    outer loop
      vertex 139.1 86.5996 0.2
      vertex 138.627 87.7148 0.2
      vertex 139.023 86.585 0.2
    endloop
  endfacet
  facet normal -0 0 1
    outer loop
      vertex 138.627 87.7148 0.2
      vertex 139.1 86.5996 0.2
      vertex 138.691 87.7588 0.2
    endloop
  endfacet
  facet normal 0 0 1
    outer loop
      vertex 139.85 89.4004 0.2
      vertex 138.75 89.4004 0.2
      vertex 138.75 87.9004 0.2
    endloop
  endfacet
  facet normal 0 -0 1
    outer loop
      vertex 138.627 89.585 0.2
      vertex 139.974 89.585 0.2
      vertex 138.55 89.5996 0.2
    endloop
  endfacet
  facet normal 0 0 1
    outer loop
      vertex 139.865 89.4766 0.2
      vertex 138.734 89.4766 0.2
      vertex 138.75 89.4004 0.2
    endloop
  endfacet
  facet normal 0 0 1
    outer loop
      vertex 139.865 89.4766 0.2
      vertex 138.691 89.541 0.2
      vertex 138.734 89.4766 0.2
    endloop
  endfacet
  facet normal 0 0 1
    outer loop
      vertex 139.908 89.541 0.2
      vertex 138.691 89.541 0.2
      vertex 139.865 89.4766 0.2
    endloop
  endfacet
  facet normal 0 0 1
    outer loop
      vertex 139.974 89.585 0.2
      vertex 138.627 89.585 0.2
      vertex 139.908 89.541 0.2
    endloop
  endfacet
  facet normal 0 -0 1
    outer loop
      vertex 138.691 89.541 0.2
      vertex 139.908 89.541 0.2
      vertex 138.627 89.585 0.2
    endloop
  endfacet
  facet normal 0 0 1
    outer loop
      vertex 138.55 89.5996 0.2
      vertex 132.5 108.45 0.2
      vertex 138.15 89.5996 0.2
    endloop
  endfacet
  facet normal 0 -0 1
    outer loop
      vertex 136.65 89.5996 0.2
      vertex 138.15 89.5996 0.2
      vertex 132.5 108.45 0.2
    endloop
  endfacet
  facet normal 0 0 1
    outer loop
      vertex 138.15 89.5996 0.2
      vertex 136.65 89.5996 0.2
      vertex 138.073 89.585 0.2
    endloop
  endfacet
  facet normal 0 0 1
    outer loop
      vertex 136.85 87.9004 0.2
      vertex 137.95 87.9004 0.2
      vertex 137.95 89.4004 0.2
    endloop
  endfacet
  facet normal 0 0 1
    outer loop
      vertex 137.965 87.8232 0.2
      vertex 136.835 87.8232 0.2
      vertex 136.791 87.7588 0.2
    endloop
  endfacet
  facet normal 0 0 1
    outer loop
      vertex 138.009 87.7588 0.2
      vertex 136.791 87.7588 0.2
      vertex 136.727 87.7148 0.2
    endloop
  endfacet
  facet normal 0 0 1
    outer loop
      vertex 138.9 84.9004 0.2
      vertex 135.9 86.4004 0.2
      vertex 135.9 84.9004 0.2
    endloop
  endfacet
  facet normal -0 0 1
    outer loop
      vertex 135.885 84.8232 0.2
      vertex 137.55 83.1748 0.2
      vertex 135.9 84.9004 0.2
    endloop
  endfacet
  facet normal -0 0 1
    outer loop
      vertex 135.2 82.8252 0.2
      vertex 137.3 82.4004 0.2
      vertex 137.3 82.9248 0.2
    endloop
  endfacet
  facet normal 0 0 1
    outer loop
      vertex 137.319 82.3047 0.2
      vertex 135.181 82.2041 0.2
      vertex 137.319 81.1953 0.2
    endloop
  endfacet
  facet normal 0 0 1
    outer loop
      vertex 137.95 87.9004 0.2
      vertex 136.85 87.9004 0.2
      vertex 136.835 87.8232 0.2
    endloop
  endfacet
  facet normal 0 0 1
    outer loop
      vertex 136.85 87.9004 0.2
      vertex 137.95 89.4004 0.2
      vertex 136.85 89.4004 0.2
    endloop
  endfacet
  facet normal 0 0 1
    outer loop
      vertex 137.965 89.4766 0.2
      vertex 136.85 89.4004 0.2
      vertex 137.95 89.4004 0.2
    endloop
  endfacet
  facet normal 0 -0 1
    outer loop
      vertex 136.727 89.585 0.2
      vertex 138.073 89.585 0.2
      vertex 136.65 89.5996 0.2
    endloop
  endfacet
  facet normal 0 0 1
    outer loop
      vertex 137.965 89.4766 0.2
      vertex 136.835 89.4766 0.2
      vertex 136.85 89.4004 0.2
    endloop
  endfacet
  facet normal 0 0 1
    outer loop
      vertex 137.965 89.4766 0.2
      vertex 136.791 89.541 0.2
      vertex 136.835 89.4766 0.2
    endloop
  endfacet
  facet normal 0 0 1
    outer loop
      vertex 138.009 89.541 0.2
      vertex 136.791 89.541 0.2
      vertex 137.965 89.4766 0.2
    endloop
  endfacet
  facet normal 0 0 1
    outer loop
      vertex 138.073 89.585 0.2
      vertex 136.727 89.585 0.2
      vertex 138.009 89.541 0.2
    endloop
  endfacet
  facet normal 0 -0 1
    outer loop
      vertex 136.791 89.541 0.2
      vertex 138.009 89.541 0.2
      vertex 136.727 89.585 0.2
    endloop
  endfacet
  facet normal 0 0 1
    outer loop
      vertex 136.65 89.5996 0.2
      vertex 132.5 108.45 0.2
      vertex 136.25 89.5996 0.2
    endloop
  endfacet
  facet normal 0 -0 1
    outer loop
      vertex 134.75 89.5996 0.2
      vertex 136.25 89.5996 0.2
      vertex 132.5 108.45 0.2
    endloop
  endfacet
  facet normal -0 0 1
    outer loop
      vertex 134.95 89.4004 0.2
      vertex 136.05 87.9004 0.2
      vertex 136.05 89.4004 0.2
    endloop
  endfacet
  facet normal 0 0 1
    outer loop
      vertex 136.05 87.9004 0.2
      vertex 135.885 86.4766 0.2
      vertex 135.9 86.4004 0.2
    endloop
  endfacet
  facet normal 0 0 1
    outer loop
      vertex 136.05 87.9004 0.2
      vertex 135.842 86.541 0.2
      vertex 135.885 86.4766 0.2
    endloop
  endfacet
  facet normal 0 0 1
    outer loop
      vertex 136.05 87.9004 0.2
      vertex 135.776 86.585 0.2
      vertex 135.842 86.541 0.2
    endloop
  endfacet
  facet normal 0 0 1
    outer loop
      vertex 136.05 87.9004 0.2
      vertex 135.7 86.5996 0.2
      vertex 135.776 86.585 0.2
    endloop
  endfacet
  facet normal 0 0 1
    outer loop
      vertex 134.892 87.7588 0.2
      vertex 136.05 87.9004 0.2
      vertex 134.935 87.8232 0.2
    endloop
  endfacet
  facet normal 0 0 1
    outer loop
      vertex 134.95 89.4004 0.2
      vertex 136.05 89.4004 0.2
      vertex 136.065 89.4766 0.2
    endloop
  endfacet
  facet normal 0 0 1
    outer loop
      vertex 134.95 87.9004 0.2
      vertex 136.05 87.9004 0.2
      vertex 134.95 89.4004 0.2
    endloop
  endfacet
  facet normal 0 0 1
    outer loop
      vertex 134.935 87.8232 0.2
      vertex 136.05 87.9004 0.2
      vertex 134.95 87.9004 0.2
    endloop
  endfacet
  facet normal 0 0 1
    outer loop
      vertex 136.05 87.9004 0.2
      vertex 134.892 87.7588 0.2
      vertex 135.7 86.5996 0.2
    endloop
  endfacet
  facet normal -0 0 1
    outer loop
      vertex 134.75 87.7002 0.2
      vertex 135.224 86.585 0.2
      vertex 134.826 87.7148 0.2
    endloop
  endfacet
  facet normal 0 0 1
    outer loop
      vertex 135.3 86.5996 0.2
      vertex 134.826 87.7148 0.2
      vertex 135.224 86.585 0.2
    endloop
  endfacet
  facet normal -0 0 1
    outer loop
      vertex 134.826 87.7148 0.2
      vertex 135.3 86.5996 0.2
      vertex 134.892 87.7588 0.2
    endloop
  endfacet
  facet normal 0 0 1
    outer loop
      vertex 135.7 86.5996 0.2
      vertex 134.892 87.7588 0.2
      vertex 135.3 86.5996 0.2
    endloop
  endfacet
  facet normal 0 0 1
    outer loop
      vertex 134.935 89.4766 0.2
      vertex 136.065 89.4766 0.2
      vertex 136.108 89.541 0.2
    endloop
  endfacet
  facet normal 0 0 1
    outer loop
      vertex 136.25 89.5996 0.2
      vertex 134.75 89.5996 0.2
      vertex 136.174 89.585 0.2
    endloop
  endfacet
  facet normal 0 0 1
    outer loop
      vertex 136.065 89.4766 0.2
      vertex 134.935 89.4766 0.2
      vertex 134.95 89.4004 0.2
    endloop
  endfacet
  facet normal 0 0 1
    outer loop
      vertex 136.108 89.541 0.2
      vertex 134.892 89.541 0.2
      vertex 134.935 89.4766 0.2
    endloop
  endfacet
  facet normal 0 0 1
    outer loop
      vertex 136.108 89.541 0.2
      vertex 134.826 89.585 0.2
      vertex 134.892 89.541 0.2
    endloop
  endfacet
  facet normal 0 -0 1
    outer loop
      vertex 134.826 89.585 0.2
      vertex 136.174 89.585 0.2
      vertex 134.75 89.5996 0.2
    endloop
  endfacet
  facet normal 0 0 1
    outer loop
      vertex 136.174 89.585 0.2
      vertex 134.826 89.585 0.2
      vertex 136.108 89.541 0.2
    endloop
  endfacet
  facet normal 0 0 1
    outer loop
      vertex 134.75 89.5996 0.2
      vertex 132.5 108.45 0.2
      vertex 134.35 89.5996 0.2
    endloop
  endfacet
  facet normal 0 0 1
    outer loop
      vertex 134.35 89.5996 0.2
      vertex 132.5 108.45 0.2
      vertex 134.273 89.585 0.2
    endloop
  endfacet
  facet normal 0 0 1
    outer loop
      vertex 133.8 82.8252 0.2
      vertex 134.15 87.9004 0.2
      vertex 134.15 89.4004 0.2
    endloop
  endfacet
  facet normal 0 0 1
    outer loop
      vertex 135.115 84.8232 0.2
      vertex 133.954 83.0557 0.2
      vertex 134.05 83.0752 0.2
    endloop
  endfacet
  facet normal 0 0 1
    outer loop
      vertex 135.1 84.9004 0.2
      vertex 133.873 83.002 0.2
      vertex 133.954 83.0557 0.2
    endloop
  endfacet
  facet normal 0 0 1
    outer loop
      vertex 134.165 87.8232 0.2
      vertex 133.819 82.9209 0.2
      vertex 133.873 83.002 0.2
    endloop
  endfacet
  facet normal 0 0 1
    outer loop
      vertex 134.15 87.9004 0.2
      vertex 133.8 82.8252 0.2
      vertex 133.819 82.9209 0.2
    endloop
  endfacet
  facet normal 0 0 1
    outer loop
      vertex 132.5 73.4502 0.2
      vertex 133.8 82.2998 0.2
      vertex 133.8 82.8252 0.2
    endloop
  endfacet
  facet normal 0 0 1
    outer loop
      vertex 133.8 82.2998 0.2
      vertex 132.5 73.4502 0.2
      vertex 133.8 81 0.2
    endloop
  endfacet
  facet normal 0 0 1
    outer loop
      vertex 132.5 73.4502 0.2
      vertex 133.8 82.8252 0.2
      vertex 132.5 108.45 0.2
    endloop
  endfacet
  facet normal 0 0 1
    outer loop
      vertex 134.15 89.4004 0.2
      vertex 132.5 108.45 0.2
      vertex 133.8 82.8252 0.2
    endloop
  endfacet
  facet normal 0 0 1
    outer loop
      vertex 134.165 89.4766 0.2
      vertex 132.5 108.45 0.2
      vertex 134.15 89.4004 0.2
    endloop
  endfacet
  facet normal 0 0 1
    outer loop
      vertex 134.209 89.541 0.2
      vertex 132.5 108.45 0.2
      vertex 134.165 89.4766 0.2
    endloop
  endfacet
  facet normal 0 0 1
    outer loop
      vertex 134.273 89.585 0.2
      vertex 132.5 108.45 0.2
      vertex 134.209 89.541 0.2
    endloop
  endfacet
  facet normal -0 0 1
    outer loop
      vertex 149.575 85.8496 0.2
      vertex 150.5 73.4502 0.2
      vertex 149.575 86.3496 0.2
    endloop
  endfacet
  facet normal -0 0 1
    outer loop
      vertex 149.575 84.4502 0.2
      vertex 150.5 73.4502 0.2
      vertex 149.575 85.8496 0.2
    endloop
  endfacet
  facet normal -0 0 1
    outer loop
      vertex 149.575 83.9502 0.2
      vertex 150.5 73.4502 0.2
      vertex 149.575 84.4502 0.2
    endloop
  endfacet
  facet normal 0 0 1
    outer loop
      vertex 149.55 82.375 0.2
      vertex 149.575 83.9502 0.2
      vertex 149.556 83.8545 0.2
    endloop
  endfacet
  facet normal 0 0 1
    outer loop
      vertex 149.575 83.9502 0.2
      vertex 149.55 82.375 0.2
      vertex 150.5 73.4502 0.2
    endloop
  endfacet
  facet normal -0 0 1
    outer loop
      vertex 149.55 81.8496 0.2
      vertex 150.5 73.4502 0.2
      vertex 149.55 82.375 0.2
    endloop
  endfacet
  facet normal -0 0 1
    outer loop
      vertex 149.55 80.5498 0.2
      vertex 150.5 73.4502 0.2
      vertex 149.55 81.8496 0.2
    endloop
  endfacet
  facet normal -0 0 1
    outer loop
      vertex 149.55 80.0254 0.2
      vertex 150.5 73.4502 0.2
      vertex 149.55 80.5498 0.2
    endloop
  endfacet
  facet normal -0 0 1
    outer loop
      vertex 149.531 79.9297 0.2
      vertex 150.5 73.4502 0.2
      vertex 149.55 80.0254 0.2
    endloop
  endfacet
  facet normal -0 0 1
    outer loop
      vertex 149.477 79.8486 0.2
      vertex 150.5 73.4502 0.2
      vertex 149.531 79.9297 0.2
    endloop
  endfacet
  facet normal -0 0 1
    outer loop
      vertex 149.396 79.7939 0.2
      vertex 150.5 73.4502 0.2
      vertex 149.477 79.8486 0.2
    endloop
  endfacet
  facet normal -0 0 1
    outer loop
      vertex 149.3 79.7754 0.2
      vertex 150.5 73.4502 0.2
      vertex 149.396 79.7939 0.2
    endloop
  endfacet
  facet normal -0 0 1
    outer loop
      vertex 148.4 79.7754 0.2
      vertex 150.5 73.4502 0.2
      vertex 149.3 79.7754 0.2
    endloop
  endfacet
  facet normal 0 0 1
    outer loop
      vertex 148.305 79.7939 0.2
      vertex 150.5 73.4502 0.2
      vertex 148.4 79.7754 0.2
    endloop
  endfacet
  facet normal 0 0 1
    outer loop
      vertex 145.325 80.4004 0.2
      vertex 148.305 79.7939 0.2
      vertex 148.224 79.8486 0.2
    endloop
  endfacet
  facet normal 0 0 1
    outer loop
      vertex 145.421 80.4189 0.2
      vertex 148.224 79.8486 0.2
      vertex 148.169 79.9297 0.2
    endloop
  endfacet
  facet normal 0 0 1
    outer loop
      vertex 145.575 83.0498 0.2
      vertex 148.144 83.8545 0.2
      vertex 148.125 83.9502 0.2
    endloop
  endfacet
  facet normal 0 0 1
    outer loop
      vertex 148.169 82.4707 0.2
      vertex 145.575 82.5498 0.2
      vertex 148.15 82.375 0.2
    endloop
  endfacet
  facet normal 0 0 1
    outer loop
      vertex 148.15 82.375 0.2
      vertex 145.556 82.4541 0.2
      vertex 148.15 81.8496 0.2
    endloop
  endfacet
  facet normal 0 0 1
    outer loop
      vertex 148.169 80.6455 0.2
      vertex 145.575 80.6504 0.2
      vertex 148.15 80.5498 0.2
    endloop
  endfacet
  facet normal -0 0 1
    outer loop
      vertex 145.556 80.5547 0.2
      vertex 148.15 80.5498 0.2
      vertex 145.575 80.6504 0.2
    endloop
  endfacet
  facet normal 0 0 1
    outer loop
      vertex 148.15 80.5498 0.2
      vertex 145.556 80.5547 0.2
      vertex 148.15 80.0254 0.2
    endloop
  endfacet
  facet normal 0 0 1
    outer loop
      vertex 148.15 80.0254 0.2
      vertex 145.556 80.5547 0.2
      vertex 148.169 79.9297 0.2
    endloop
  endfacet
  facet normal -0 0 1
    outer loop
      vertex 145.502 80.4736 0.2
      vertex 148.169 79.9297 0.2
      vertex 145.556 80.5547 0.2
    endloop
  endfacet
  facet normal -0 0 1
    outer loop
      vertex 145.421 80.4189 0.2
      vertex 148.169 79.9297 0.2
      vertex 145.502 80.4736 0.2
    endloop
  endfacet
  facet normal 0 0 1
    outer loop
      vertex 148.224 79.8486 0.2
      vertex 145.421 80.4189 0.2
      vertex 145.325 80.4004 0.2
    endloop
  endfacet
  facet normal 0 0 1
    outer loop
      vertex 148.305 79.7939 0.2
      vertex 145.325 80.4004 0.2
      vertex 150.5 73.4502 0.2
    endloop
  endfacet
  facet normal -0 0 1
    outer loop
      vertex 144.375 80.4004 0.2
      vertex 150.5 73.4502 0.2
      vertex 145.325 80.4004 0.2
    endloop
  endfacet
  facet normal 0 0 1
    outer loop
      vertex 142.046 80.3438 0.2
      vertex 144.375 80.4004 0.2
      vertex 144.279 80.4189 0.2
    endloop
  endfacet
  facet normal 0 0 1
    outer loop
      vertex 142.127 80.3984 0.2
      vertex 144.279 80.4189 0.2
      vertex 144.198 80.4736 0.2
    endloop
  endfacet
  facet normal -0 0 1
    outer loop
      vertex 142.827 84.748 0.2
      vertex 144.279 83.2812 0.2
      vertex 142.881 84.8291 0.2
    endloop
  endfacet
  facet normal 0 0 1
    outer loop
      vertex 144.279 83.2812 0.2
      vertex 142.827 84.748 0.2
      vertex 144.198 83.2266 0.2
    endloop
  endfacet
  facet normal -0 0 1
    outer loop
      vertex 142.746 84.6943 0.2
      vertex 144.198 83.2266 0.2
      vertex 142.827 84.748 0.2
    endloop
  endfacet
  facet normal 0 0 1
    outer loop
      vertex 144.198 83.2266 0.2
      vertex 142.746 84.6943 0.2
      vertex 144.144 83.1455 0.2
    endloop
  endfacet
  facet normal 0 0 1
    outer loop
      vertex 142.181 83.0205 0.2
      vertex 144.144 83.1455 0.2
      vertex 142.746 84.6943 0.2
    endloop
  endfacet
  facet normal 0 0 1
    outer loop
      vertex 144.125 82.5498 0.2
      vertex 142.2 82.9248 0.2
      vertex 142.2 82.4004 0.2
    endloop
  endfacet
  facet normal 0 0 1
    outer loop
      vertex 142.181 83.0205 0.2
      vertex 144.125 83.0498 0.2
      vertex 144.144 83.1455 0.2
    endloop
  endfacet
  facet normal 0 0 1
    outer loop
      vertex 142.127 83.1016 0.2
      vertex 142.746 84.6943 0.2
      vertex 142.65 84.6748 0.2
    endloop
  endfacet
  facet normal 0 0 1
    outer loop
      vertex 144.144 81.2461 0.2
      vertex 142.2 81.0996 0.2
      vertex 144.125 81.1504 0.2
    endloop
  endfacet
  facet normal 0 0 1
    outer loop
      vertex 144.125 81.1504 0.2
      vertex 142.2 81.0996 0.2
      vertex 144.125 80.6504 0.2
    endloop
  endfacet
  facet normal 0 0 1
    outer loop
      vertex 142.2 80.5752 0.2
      vertex 144.125 80.6504 0.2
      vertex 142.2 81.0996 0.2
    endloop
  endfacet
  facet normal 0 0 1
    outer loop
      vertex 144.125 80.6504 0.2
      vertex 142.2 80.5752 0.2
      vertex 144.144 80.5547 0.2
    endloop
  endfacet
  facet normal 0 0 1
    outer loop
      vertex 142.181 80.4795 0.2
      vertex 144.144 80.5547 0.2
      vertex 142.2 80.5752 0.2
    endloop
  endfacet
  facet normal 0 0 1
    outer loop
      vertex 144.144 80.5547 0.2
      vertex 142.181 80.4795 0.2
      vertex 144.198 80.4736 0.2
    endloop
  endfacet
  facet normal 0 0 1
    outer loop
      vertex 142.127 80.3984 0.2
      vertex 144.198 80.4736 0.2
      vertex 142.181 80.4795 0.2
    endloop
  endfacet
  facet normal 0 0 1
    outer loop
      vertex 144.279 80.4189 0.2
      vertex 142.127 80.3984 0.2
      vertex 142.046 80.3438 0.2
    endloop
  endfacet
  facet normal 0 0 1
    outer loop
      vertex 144.375 80.4004 0.2
      vertex 142.046 80.3438 0.2
      vertex 150.5 73.4502 0.2
    endloop
  endfacet
  facet normal -0 0 1
    outer loop
      vertex 141.95 80.3252 0.2
      vertex 150.5 73.4502 0.2
      vertex 142.046 80.3438 0.2
    endloop
  endfacet
  facet normal -0 0 1
    outer loop
      vertex 141.05 80.3252 0.2
      vertex 150.5 73.4502 0.2
      vertex 141.95 80.3252 0.2
    endloop
  endfacet
  facet normal 0 0 1
    outer loop
      vertex 138.45 80.3252 0.2
      vertex 141.05 80.3252 0.2
      vertex 140.954 80.3438 0.2
    endloop
  endfacet
  facet normal 0 0 1
    outer loop
      vertex 138.546 80.3438 0.2
      vertex 140.954 80.3438 0.2
      vertex 140.873 80.3984 0.2
    endloop
  endfacet
  facet normal 0 0 1
    outer loop
      vertex 141.519 87.3711 0.2
      vertex 140.592 87.7588 0.2
      vertex 141.5 87.2754 0.2
    endloop
  endfacet
  facet normal -0 0 1
    outer loop
      vertex 140.526 87.7148 0.2
      vertex 141.5 87.2754 0.2
      vertex 140.592 87.7588 0.2
    endloop
  endfacet
  facet normal 0 0 1
    outer loop
      vertex 140.954 83.1562 0.2
      vertex 139.642 84.7588 0.2
      vertex 140.873 83.1016 0.2
    endloop
  endfacet
  facet normal 0 0 1
    outer loop
      vertex 141.5 86.75 0.2
      vertex 140.526 87.7148 0.2
      vertex 140.45 87.7002 0.2
    endloop
  endfacet
  facet normal 0 0 1
    outer loop
      vertex 141.5 86.75 0.2
      vertex 140.45 87.7002 0.2
      vertex 139.7 86.4004 0.2
    endloop
  endfacet
  facet normal 0 0 1
    outer loop
      vertex 139.7 86.4004 0.2
      vertex 140.45 87.7002 0.2
      vertex 140.05 87.7002 0.2
    endloop
  endfacet
  facet normal 0 0 1
    outer loop
      vertex 139.7 86.4004 0.2
      vertex 140.05 87.7002 0.2
      vertex 139.974 87.7148 0.2
    endloop
  endfacet
  facet normal 0 0 1
    outer loop
      vertex 139.7 86.4004 0.2
      vertex 139.974 87.7148 0.2
      vertex 139.908 87.7588 0.2
    endloop
  endfacet
  facet normal 0 0 1
    outer loop
      vertex 139.7 86.4004 0.2
      vertex 139.908 87.7588 0.2
      vertex 139.865 87.8232 0.2
    endloop
  endfacet
  facet normal 0 0 1
    outer loop
      vertex 139.7 86.4004 0.2
      vertex 139.865 87.8232 0.2
      vertex 139.85 87.9004 0.2
    endloop
  endfacet
  facet normal 0 0 1
    outer loop
      vertex 141.5 85.4502 0.2
      vertex 139.7 84.9004 0.2
      vertex 141.5 84.9248 0.2
    endloop
  endfacet
  facet normal -0 0 1
    outer loop
      vertex 139.576 84.7148 0.2
      vertex 140.873 83.1016 0.2
      vertex 139.642 84.7588 0.2
    endloop
  endfacet
  facet normal 0 0 1
    outer loop
      vertex 140.873 83.1016 0.2
      vertex 139.576 84.7148 0.2
      vertex 140.819 83.0205 0.2
    endloop
  endfacet
  facet normal -0 0 1
    outer loop
      vertex 139.5 84.7002 0.2
      vertex 140.819 83.0205 0.2
      vertex 139.576 84.7148 0.2
    endloop
  endfacet
  facet normal 0 0 1
    outer loop
      vertex 138.7 82.4004 0.2
      vertex 140.8 82.9248 0.2
      vertex 138.7 82.9248 0.2
    endloop
  endfacet
  facet normal 0 0 1
    outer loop
      vertex 138.7 82.9248 0.2
      vertex 140.819 83.0205 0.2
      vertex 139.5 84.7002 0.2
    endloop
  endfacet
  facet normal 0 0 1
    outer loop
      vertex 140.819 83.0205 0.2
      vertex 138.7 82.9248 0.2
      vertex 140.8 82.9248 0.2
    endloop
  endfacet
  facet normal 0 0 1
    outer loop
      vertex 138.7 82.9248 0.2
      vertex 139.5 84.7002 0.2
      vertex 139.1 84.7002 0.2
    endloop
  endfacet
  facet normal 0 0 1
    outer loop
      vertex 138.7 82.9248 0.2
      vertex 139.1 84.7002 0.2
      vertex 139.023 84.7148 0.2
    endloop
  endfacet
  facet normal 0 0 1
    outer loop
      vertex 138.7 82.9248 0.2
      vertex 139.023 84.7148 0.2
      vertex 138.959 84.7588 0.2
    endloop
  endfacet
  facet normal 0 0 1
    outer loop
      vertex 138.7 82.9248 0.2
      vertex 138.959 84.7588 0.2
      vertex 138.915 84.8232 0.2
    endloop
  endfacet
  facet normal -0 0 1
    outer loop
      vertex 138.55 87.7002 0.2
      vertex 139.023 86.585 0.2
      vertex 138.627 87.7148 0.2
    endloop
  endfacet
  facet normal 0 0 1
    outer loop
      vertex 139.023 86.585 0.2
      vertex 138.55 87.7002 0.2
      vertex 138.959 86.541 0.2
    endloop
  endfacet
  facet normal -0 0 1
    outer loop
      vertex 138.15 87.7002 0.2
      vertex 138.959 86.541 0.2
      vertex 138.55 87.7002 0.2
    endloop
  endfacet
  facet normal 0 0 1
    outer loop
      vertex 138.7 82.9248 0.2
      vertex 138.915 84.8232 0.2
      vertex 138.9 84.9004 0.2
    endloop
  endfacet
  facet normal 0 0 1
    outer loop
      vertex 140.819 81.1953 0.2
      vertex 138.7 81.0996 0.2
      vertex 140.8 81.0996 0.2
    endloop
  endfacet
  facet normal 0 0 1
    outer loop
      vertex 140.8 81.0996 0.2
      vertex 138.7 81.0996 0.2
      vertex 140.8 80.5752 0.2
    endloop
  endfacet
  facet normal 0 0 1
    outer loop
      vertex 138.7 80.5752 0.2
      vertex 140.8 80.5752 0.2
      vertex 138.7 81.0996 0.2
    endloop
  endfacet
  facet normal 0 0 1
    outer loop
      vertex 140.8 80.5752 0.2
      vertex 138.7 80.5752 0.2
      vertex 140.819 80.4795 0.2
    endloop
  endfacet
  facet normal 0 0 1
    outer loop
      vertex 138.681 80.4795 0.2
      vertex 140.819 80.4795 0.2
      vertex 138.7 80.5752 0.2
    endloop
  endfacet
  facet normal 0 0 1
    outer loop
      vertex 140.819 80.4795 0.2
      vertex 138.681 80.4795 0.2
      vertex 140.873 80.3984 0.2
    endloop
  endfacet
  facet normal 0 0 1
    outer loop
      vertex 138.627 80.3984 0.2
      vertex 140.873 80.3984 0.2
      vertex 138.681 80.4795 0.2
    endloop
  endfacet
  facet normal 0 0 1
    outer loop
      vertex 138.546 80.3438 0.2
      vertex 140.873 80.3984 0.2
      vertex 138.627 80.3984 0.2
    endloop
  endfacet
  facet normal 0 0 1
    outer loop
      vertex 138.45 80.3252 0.2
      vertex 140.954 80.3438 0.2
      vertex 138.546 80.3438 0.2
    endloop
  endfacet
  facet normal 0 0 1
    outer loop
      vertex 141.05 80.3252 0.2
      vertex 138.45 80.3252 0.2
      vertex 132.5 73.4502 0.2
    endloop
  endfacet
  facet normal 0 0 1
    outer loop
      vertex 132.5 73.4502 0.2
      vertex 138.45 80.3252 0.2
      vertex 137.55 80.3252 0.2
    endloop
  endfacet
  facet normal 0 0 1
    outer loop
      vertex 132.5 73.4502 0.2
      vertex 137.55 80.3252 0.2
      vertex 137.454 80.3438 0.2
    endloop
  endfacet
  facet normal 0 0 1
    outer loop
      vertex 137.55 83.1748 0.2
      vertex 135.885 84.8232 0.2
      vertex 137.454 83.1562 0.2
    endloop
  endfacet
  facet normal -0 0 1
    outer loop
      vertex 135.842 84.7588 0.2
      vertex 137.454 83.1562 0.2
      vertex 135.885 84.8232 0.2
    endloop
  endfacet
  facet normal 0 0 1
    outer loop
      vertex 137.454 83.1562 0.2
      vertex 135.842 84.7588 0.2
      vertex 137.373 83.1016 0.2
    endloop
  endfacet
  facet normal 0 0 1
    outer loop
      vertex 138.073 87.7148 0.2
      vertex 136.727 87.7148 0.2
      vertex 135.9 86.4004 0.2
    endloop
  endfacet
  facet normal 0 0 1
    outer loop
      vertex 135.9 86.4004 0.2
      vertex 136.727 87.7148 0.2
      vertex 136.65 87.7002 0.2
    endloop
  endfacet
  facet normal 0 0 1
    outer loop
      vertex 135.9 86.4004 0.2
      vertex 136.65 87.7002 0.2
      vertex 136.25 87.7002 0.2
    endloop
  endfacet
  facet normal 0 0 1
    outer loop
      vertex 135.9 86.4004 0.2
      vertex 136.25 87.7002 0.2
      vertex 136.174 87.7148 0.2
    endloop
  endfacet
  facet normal 0 0 1
    outer loop
      vertex 135.9 86.4004 0.2
      vertex 136.174 87.7148 0.2
      vertex 136.108 87.7588 0.2
    endloop
  endfacet
  facet normal 0 0 1
    outer loop
      vertex 135.9 86.4004 0.2
      vertex 136.108 87.7588 0.2
      vertex 136.065 87.8232 0.2
    endloop
  endfacet
  facet normal 0 0 1
    outer loop
      vertex 135.9 86.4004 0.2
      vertex 136.065 87.8232 0.2
      vertex 136.05 87.9004 0.2
    endloop
  endfacet
  facet normal 0 0 1
    outer loop
      vertex 138.9 84.9004 0.2
      vertex 137.55 83.1748 0.2
      vertex 138.45 83.1748 0.2
    endloop
  endfacet
  facet normal -0 0 1
    outer loop
      vertex 135.776 84.7148 0.2
      vertex 137.373 83.1016 0.2
      vertex 135.842 84.7588 0.2
    endloop
  endfacet
  facet normal 0 0 1
    outer loop
      vertex 137.373 83.1016 0.2
      vertex 135.776 84.7148 0.2
      vertex 137.319 83.0205 0.2
    endloop
  endfacet
  facet normal 0 0 1
    outer loop
      vertex 135.181 82.9209 0.2
      vertex 137.319 83.0205 0.2
      vertex 135.776 84.7148 0.2
    endloop
  endfacet
  facet normal 0 0 1
    outer loop
      vertex 137.3 82.4004 0.2
      vertex 135.2 82.8252 0.2
      vertex 135.2 82.2998 0.2
    endloop
  endfacet
  facet normal 0 0 1
    outer loop
      vertex 135.181 82.9209 0.2
      vertex 137.3 82.9248 0.2
      vertex 137.319 83.0205 0.2
    endloop
  endfacet
  facet normal 0 0 1
    outer loop
      vertex 135.181 82.9209 0.2
      vertex 135.776 84.7148 0.2
      vertex 135.7 84.7002 0.2
    endloop
  endfacet
  facet normal 0 0 1
    outer loop
      vertex 135.181 82.9209 0.2
      vertex 135.7 84.7002 0.2
      vertex 135.3 84.7002 0.2
    endloop
  endfacet
  facet normal 0 0 1
    outer loop
      vertex 134.95 83.0752 0.2
      vertex 135.3 84.7002 0.2
      vertex 135.224 84.7148 0.2
    endloop
  endfacet
  facet normal 0 0 1
    outer loop
      vertex 137.319 81.1953 0.2
      vertex 135.2 81 0.2
      vertex 137.3 81.0996 0.2
    endloop
  endfacet
  facet normal 0 0 1
    outer loop
      vertex 137.3 81.0996 0.2
      vertex 135.2 81 0.2
      vertex 137.3 80.5752 0.2
    endloop
  endfacet
  facet normal 0 0 1
    outer loop
      vertex 135.2 80.4746 0.2
      vertex 137.3 80.5752 0.2
      vertex 135.2 81 0.2
    endloop
  endfacet
  facet normal 0 0 1
    outer loop
      vertex 137.3 80.5752 0.2
      vertex 135.2 80.4746 0.2
      vertex 137.319 80.4795 0.2
    endloop
  endfacet
  facet normal 0 0 1
    outer loop
      vertex 135.181 80.3789 0.2
      vertex 137.319 80.4795 0.2
      vertex 135.2 80.4746 0.2
    endloop
  endfacet
  facet normal 0 0 1
    outer loop
      vertex 137.319 80.4795 0.2
      vertex 135.181 80.3789 0.2
      vertex 137.373 80.3984 0.2
    endloop
  endfacet
  facet normal 0 0 1
    outer loop
      vertex 135.127 80.2979 0.2
      vertex 137.373 80.3984 0.2
      vertex 135.181 80.3789 0.2
    endloop
  endfacet
  facet normal 0 0 1
    outer loop
      vertex 137.373 80.3984 0.2
      vertex 135.127 80.2979 0.2
      vertex 137.454 80.3438 0.2
    endloop
  endfacet
  facet normal 0 0 1
    outer loop
      vertex 135.046 80.2441 0.2
      vertex 137.454 80.3438 0.2
      vertex 135.127 80.2979 0.2
    endloop
  endfacet
  facet normal 0 0 1
    outer loop
      vertex 137.454 80.3438 0.2
      vertex 135.046 80.2441 0.2
      vertex 132.5 73.4502 0.2
    endloop
  endfacet
  facet normal 0 0 1
    outer loop
      vertex 132.5 73.4502 0.2
      vertex 135.046 80.2441 0.2
      vertex 134.95 80.2246 0.2
    endloop
  endfacet
  facet normal 0 0 1
    outer loop
      vertex 132.5 73.4502 0.2
      vertex 134.95 80.2246 0.2
      vertex 134.05 80.2246 0.2
    endloop
  endfacet
  facet normal 0 0 1
    outer loop
      vertex 132.5 73.4502 0.2
      vertex 134.05 80.2246 0.2
      vertex 133.954 80.2441 0.2
    endloop
  endfacet
  facet normal 0 0 1
    outer loop
      vertex 141.05 80.3252 0.2
      vertex 132.5 73.4502 0.2
      vertex 150.5 73.4502 0.2
    endloop
  endfacet
  facet normal 0 0 1
    outer loop
      vertex 133.873 80.2979 0.2
      vertex 132.5 73.4502 0.2
      vertex 133.954 80.2441 0.2
    endloop
  endfacet
  facet normal 0 0 1
    outer loop
      vertex 133.819 80.3789 0.2
      vertex 132.5 73.4502 0.2
      vertex 133.873 80.2979 0.2
    endloop
  endfacet
  facet normal 0 0 1
    outer loop
      vertex 133.8 80.4746 0.2
      vertex 132.5 73.4502 0.2
      vertex 133.819 80.3789 0.2
    endloop
  endfacet
  facet normal 0 0 1
    outer loop
      vertex 133.8 81 0.2
      vertex 132.5 73.4502 0.2
      vertex 133.8 80.4746 0.2
    endloop
  endfacet
  facet normal 0 1 -0
    outer loop
      vertex 150.5 73.4502 0.2
      vertex 132.5 73.4502 0.9
      vertex 150.5 73.4502 0.9
    endloop
  endfacet
  facet normal 0 1 0
    outer loop
      vertex 132.5 73.4502 0.9
      vertex 150.5 73.4502 0.2
      vertex 132.5 73.4502 0.2
    endloop
  endfacet
  facet normal 0 -1 0
    outer loop
      vertex 132.5 108.45 0.2
      vertex 150.5 108.45 0.9
      vertex 132.5 108.45 0.9
    endloop
  endfacet
  facet normal 0 -1 -0
    outer loop
      vertex 150.5 108.45 0.9
      vertex 132.5 108.45 0.2
      vertex 150.5 108.45 0.2
    endloop
  endfacet
  facet normal -0.558945 -0.829205 0
    outer loop
      vertex 149.396 80.7812 0
      vertex 149.477 80.7266 0.2
      vertex 149.396 80.7812 0.2
    endloop
  endfacet
  facet normal -0.558945 -0.829205 -0
    outer loop
      vertex 149.477 80.7266 0.2
      vertex 149.396 80.7812 0
      vertex 149.477 80.7266 0
    endloop
  endfacet
  facet normal -0.832366 -0.554226 0
    outer loop
      vertex 149.531 80.6455 0
      vertex 149.477 80.7266 0.2
      vertex 149.477 80.7266 0
    endloop
  endfacet
  facet normal -0.832366 -0.554226 0
    outer loop
      vertex 149.477 80.7266 0.2
      vertex 149.531 80.6455 0
      vertex 149.531 80.6455 0.2
    endloop
  endfacet
  facet normal -0.980856 -0.194736 0
    outer loop
      vertex 149.55 80.5498 0
      vertex 149.531 80.6455 0.2
      vertex 149.531 80.6455 0
    endloop
  endfacet
  facet normal -0.980856 -0.194736 0
    outer loop
      vertex 149.531 80.6455 0.2
      vertex 149.55 80.5498 0
      vertex 149.55 80.5498 0.2
    endloop
  endfacet
  facet normal -1 0 0
    outer loop
      vertex 149.55 80.0254 0
      vertex 149.55 80.5498 0.2
      vertex 149.55 80.5498 0
    endloop
  endfacet
  facet normal -1 -0 0
    outer loop
      vertex 149.55 80.5498 0.2
      vertex 149.55 80.0254 0
      vertex 149.55 80.0254 0.2
    endloop
  endfacet
  facet normal -0.980856 0.194736 0
    outer loop
      vertex 149.531 79.9297 0
      vertex 149.55 80.0254 0.2
      vertex 149.55 80.0254 0
    endloop
  endfacet
  facet normal -0.980856 0.194736 0
    outer loop
      vertex 149.55 80.0254 0.2
      vertex 149.531 79.9297 0
      vertex 149.531 79.9297 0.2
    endloop
  endfacet
  facet normal -0.832366 0.554226 0
    outer loop
      vertex 149.477 79.8486 0
      vertex 149.531 79.9297 0.2
      vertex 149.531 79.9297 0
    endloop
  endfacet
  facet normal -0.832366 0.554226 0
    outer loop
      vertex 149.531 79.9297 0.2
      vertex 149.477 79.8486 0
      vertex 149.477 79.8486 0.2
    endloop
  endfacet
  facet normal -0.559649 0.82873 0
    outer loop
      vertex 149.477 79.8486 0
      vertex 149.396 79.7939 0.2
      vertex 149.477 79.8486 0.2
    endloop
  endfacet
  facet normal -0.559649 0.82873 0
    outer loop
      vertex 149.396 79.7939 0.2
      vertex 149.477 79.8486 0
      vertex 149.396 79.7939 0
    endloop
  endfacet
  facet normal -0.189227 0.981933 0
    outer loop
      vertex 149.396 79.7939 0
      vertex 149.3 79.7754 0.2
      vertex 149.396 79.7939 0.2
    endloop
  endfacet
  facet normal -0.189227 0.981933 0
    outer loop
      vertex 149.3 79.7754 0.2
      vertex 149.396 79.7939 0
      vertex 149.3 79.7754 0
    endloop
  endfacet
  facet normal 0 1 -0
    outer loop
      vertex 149.3 79.7754 0
      vertex 148.4 79.7754 0.2
      vertex 149.3 79.7754 0.2
    endloop
  endfacet
  facet normal 0 1 0
    outer loop
      vertex 148.4 79.7754 0.2
      vertex 149.3 79.7754 0
      vertex 148.4 79.7754 0
    endloop
  endfacet
  facet normal 0.191146 0.981562 -0
    outer loop
      vertex 148.4 79.7754 0
      vertex 148.305 79.7939 0.2
      vertex 148.4 79.7754 0.2
    endloop
  endfacet
  facet normal 0.191146 0.981562 0
    outer loop
      vertex 148.305 79.7939 0.2
      vertex 148.4 79.7754 0
      vertex 148.305 79.7939 0
    endloop
  endfacet
  facet normal 0.559649 0.82873 -0
    outer loop
      vertex 148.305 79.7939 0
      vertex 148.224 79.8486 0.2
      vertex 148.305 79.7939 0.2
    endloop
  endfacet
  facet normal 0.559649 0.82873 0
    outer loop
      vertex 148.224 79.8486 0.2
      vertex 148.305 79.7939 0
      vertex 148.224 79.8486 0
    endloop
  endfacet
  facet normal 0.827628 0.561277 0
    outer loop
      vertex 148.224 79.8486 0.2
      vertex 148.169 79.9297 0
      vertex 148.169 79.9297 0.2
    endloop
  endfacet
  facet normal 0.827628 0.561277 0
    outer loop
      vertex 148.169 79.9297 0
      vertex 148.224 79.8486 0.2
      vertex 148.224 79.8486 0
    endloop
  endfacet
  facet normal 0.980856 0.194736 0
    outer loop
      vertex 148.169 79.9297 0.2
      vertex 148.15 80.0254 0
      vertex 148.15 80.0254 0.2
    endloop
  endfacet
  facet normal 0.980856 0.194736 0
    outer loop
      vertex 148.15 80.0254 0
      vertex 148.169 79.9297 0.2
      vertex 148.169 79.9297 0
    endloop
  endfacet
  facet normal 1 -0 0
    outer loop
      vertex 148.15 80.0254 0.2
      vertex 148.15 80.5498 0
      vertex 148.15 80.5498 0.2
    endloop
  endfacet
  facet normal 1 0 0
    outer loop
      vertex 148.15 80.5498 0
      vertex 148.15 80.0254 0.2
      vertex 148.15 80.0254 0
    endloop
  endfacet
  facet normal 0.980856 -0.194736 0
    outer loop
      vertex 148.15 80.5498 0.2
      vertex 148.169 80.6455 0
      vertex 148.169 80.6455 0.2
    endloop
  endfacet
  facet normal 0.980856 -0.194736 0
    outer loop
      vertex 148.169 80.6455 0
      vertex 148.15 80.5498 0.2
      vertex 148.15 80.5498 0
    endloop
  endfacet
  facet normal 0.827628 -0.561277 0
    outer loop
      vertex 148.169 80.6455 0.2
      vertex 148.224 80.7266 0
      vertex 148.224 80.7266 0.2
    endloop
  endfacet
  facet normal 0.827628 -0.561277 0
    outer loop
      vertex 148.224 80.7266 0
      vertex 148.169 80.6455 0.2
      vertex 148.169 80.6455 0
    endloop
  endfacet
  facet normal 0.558945 -0.829205 0
    outer loop
      vertex 148.224 80.7266 0
      vertex 148.305 80.7812 0.2
      vertex 148.224 80.7266 0.2
    endloop
  endfacet
  facet normal 0.558945 -0.829205 0
    outer loop
      vertex 148.305 80.7812 0.2
      vertex 148.224 80.7266 0
      vertex 148.305 80.7812 0
    endloop
  endfacet
  facet normal 0.192141 -0.981367 0
    outer loop
      vertex 148.305 80.7812 0
      vertex 148.4 80.7998 0.2
      vertex 148.305 80.7812 0.2
    endloop
  endfacet
  facet normal 0.192141 -0.981367 0
    outer loop
      vertex 148.4 80.7998 0.2
      vertex 148.305 80.7812 0
      vertex 148.4 80.7998 0
    endloop
  endfacet
  facet normal 0 -1 0
    outer loop
      vertex 148.4 80.7998 0
      vertex 149.3 80.7998 0.2
      vertex 148.4 80.7998 0.2
    endloop
  endfacet
  facet normal 0 -1 -0
    outer loop
      vertex 149.3 80.7998 0.2
      vertex 148.4 80.7998 0
      vertex 149.3 80.7998 0
    endloop
  endfacet
  facet normal -0.190213 -0.981743 0
    outer loop
      vertex 149.3 80.7998 0
      vertex 149.396 80.7812 0.2
      vertex 149.3 80.7998 0.2
    endloop
  endfacet
  facet normal -0.190213 -0.981743 -0
    outer loop
      vertex 149.396 80.7812 0.2
      vertex 149.3 80.7998 0
      vertex 149.396 80.7812 0
    endloop
  endfacet
  facet normal -0.558945 -0.829205 0
    outer loop
      vertex 135.046 81.2314 0
      vertex 135.127 81.1768 0.2
      vertex 135.046 81.2314 0.2
    endloop
  endfacet
  facet normal -0.558945 -0.829205 -0
    outer loop
      vertex 135.127 81.1768 0.2
      vertex 135.046 81.2314 0
      vertex 135.127 81.1768 0
    endloop
  endfacet
  facet normal -0.832366 -0.554226 0
    outer loop
      vertex 135.181 81.0957 0
      vertex 135.127 81.1768 0.2
      vertex 135.127 81.1768 0
    endloop
  endfacet
  facet normal -0.832366 -0.554226 0
    outer loop
      vertex 135.127 81.1768 0.2
      vertex 135.181 81.0957 0
      vertex 135.181 81.0957 0.2
    endloop
  endfacet
  facet normal -0.980856 -0.194736 0
    outer loop
      vertex 135.2 81 0
      vertex 135.181 81.0957 0.2
      vertex 135.181 81.0957 0
    endloop
  endfacet
  facet normal -0.980856 -0.194736 0
    outer loop
      vertex 135.181 81.0957 0.2
      vertex 135.2 81 0
      vertex 135.2 81 0.2
    endloop
  endfacet
  facet normal -1 0 0
    outer loop
      vertex 135.2 80.4746 0
      vertex 135.2 81 0.2
      vertex 135.2 81 0
    endloop
  endfacet
  facet normal -1 -0 0
    outer loop
      vertex 135.2 81 0.2
      vertex 135.2 80.4746 0
      vertex 135.2 80.4746 0.2
    endloop
  endfacet
  facet normal -0.980856 0.194736 0
    outer loop
      vertex 135.181 80.3789 0
      vertex 135.2 80.4746 0.2
      vertex 135.2 80.4746 0
    endloop
  endfacet
  facet normal -0.980856 0.194736 0
    outer loop
      vertex 135.2 80.4746 0.2
      vertex 135.181 80.3789 0
      vertex 135.181 80.3789 0.2
    endloop
  endfacet
  facet normal -0.83205 0.5547 0
    outer loop
      vertex 135.127 80.2979 0
      vertex 135.181 80.3789 0.2
      vertex 135.181 80.3789 0
    endloop
  endfacet
  facet normal -0.83205 0.5547 0
    outer loop
      vertex 135.181 80.3789 0.2
      vertex 135.127 80.2979 0
      vertex 135.127 80.2979 0.2
    endloop
  endfacet
  facet normal -0.553275 0.832998 0
    outer loop
      vertex 135.127 80.2979 0
      vertex 135.046 80.2441 0.2
      vertex 135.127 80.2979 0.2
    endloop
  endfacet
  facet normal -0.553275 0.832998 0
    outer loop
      vertex 135.046 80.2441 0.2
      vertex 135.127 80.2979 0
      vertex 135.046 80.2441 0
    endloop
  endfacet
  facet normal -0.19906 0.979987 0
    outer loop
      vertex 135.046 80.2441 0
      vertex 134.95 80.2246 0.2
      vertex 135.046 80.2441 0.2
    endloop
  endfacet
  facet normal -0.19906 0.979987 0
    outer loop
      vertex 134.95 80.2246 0.2
      vertex 135.046 80.2441 0
      vertex 134.95 80.2246 0
    endloop
  endfacet
  facet normal 0 1 -0
    outer loop
      vertex 134.95 80.2246 0
      vertex 134.05 80.2246 0.2
      vertex 134.95 80.2246 0.2
    endloop
  endfacet
  facet normal 0 1 0
    outer loop
      vertex 134.05 80.2246 0.2
      vertex 134.95 80.2246 0
      vertex 134.05 80.2246 0
    endloop
  endfacet
  facet normal 0.19906 0.979987 -0
    outer loop
      vertex 134.05 80.2246 0
      vertex 133.954 80.2441 0.2
      vertex 134.05 80.2246 0.2
    endloop
  endfacet
  facet normal 0.19906 0.979987 0
    outer loop
      vertex 133.954 80.2441 0.2
      vertex 134.05 80.2246 0
      vertex 133.954 80.2441 0
    endloop
  endfacet
  facet normal 0.553275 0.832998 -0
    outer loop
      vertex 133.954 80.2441 0
      vertex 133.873 80.2979 0.2
      vertex 133.954 80.2441 0.2
    endloop
  endfacet
  facet normal 0.553275 0.832998 0
    outer loop
      vertex 133.873 80.2979 0.2
      vertex 133.954 80.2441 0
      vertex 133.873 80.2979 0
    endloop
  endfacet
  facet normal 0.83205 0.5547 0
    outer loop
      vertex 133.873 80.2979 0.2
      vertex 133.819 80.3789 0
      vertex 133.819 80.3789 0.2
    endloop
  endfacet
  facet normal 0.83205 0.5547 0
    outer loop
      vertex 133.819 80.3789 0
      vertex 133.873 80.2979 0.2
      vertex 133.873 80.2979 0
    endloop
  endfacet
  facet normal 0.980856 0.194736 0
    outer loop
      vertex 133.819 80.3789 0.2
      vertex 133.8 80.4746 0
      vertex 133.8 80.4746 0.2
    endloop
  endfacet
  facet normal 0.980856 0.194736 0
    outer loop
      vertex 133.8 80.4746 0
      vertex 133.819 80.3789 0.2
      vertex 133.819 80.3789 0
    endloop
  endfacet
  facet normal 1 -0 0
    outer loop
      vertex 133.8 80.4746 0.2
      vertex 133.8 81 0
      vertex 133.8 81 0.2
    endloop
  endfacet
  facet normal 1 0 0
    outer loop
      vertex 133.8 81 0
      vertex 133.8 80.4746 0.2
      vertex 133.8 80.4746 0
    endloop
  endfacet
  facet normal 0.980856 -0.194736 0
    outer loop
      vertex 133.8 81 0.2
      vertex 133.819 81.0957 0
      vertex 133.819 81.0957 0.2
    endloop
  endfacet
  facet normal 0.980856 -0.194736 0
    outer loop
      vertex 133.819 81.0957 0
      vertex 133.8 81 0.2
      vertex 133.8 81 0
    endloop
  endfacet
  facet normal 0.832366 -0.554226 0
    outer loop
      vertex 133.819 81.0957 0.2
      vertex 133.873 81.1768 0
      vertex 133.873 81.1768 0.2
    endloop
  endfacet
  facet normal 0.832366 -0.554226 0
    outer loop
      vertex 133.873 81.1768 0
      vertex 133.819 81.0957 0.2
      vertex 133.819 81.0957 0
    endloop
  endfacet
  facet normal 0.558945 -0.829205 0
    outer loop
      vertex 133.873 81.1768 0
      vertex 133.954 81.2314 0.2
      vertex 133.873 81.1768 0.2
    endloop
  endfacet
  facet normal 0.558945 -0.829205 0
    outer loop
      vertex 133.954 81.2314 0.2
      vertex 133.873 81.1768 0
      vertex 133.954 81.2314 0
    endloop
  endfacet
  facet normal 0.190213 -0.981743 0
    outer loop
      vertex 133.954 81.2314 0
      vertex 134.05 81.25 0.2
      vertex 133.954 81.2314 0.2
    endloop
  endfacet
  facet normal 0.190213 -0.981743 0
    outer loop
      vertex 134.05 81.25 0.2
      vertex 133.954 81.2314 0
      vertex 134.05 81.25 0
    endloop
  endfacet
  facet normal 0 -1 0
    outer loop
      vertex 134.05 81.25 0
      vertex 134.95 81.25 0.2
      vertex 134.05 81.25 0.2
    endloop
  endfacet
  facet normal 0 -1 -0
    outer loop
      vertex 134.95 81.25 0.2
      vertex 134.05 81.25 0
      vertex 134.95 81.25 0
    endloop
  endfacet
  facet normal -0.190213 -0.981743 0
    outer loop
      vertex 134.95 81.25 0
      vertex 135.046 81.2314 0.2
      vertex 134.95 81.25 0.2
    endloop
  endfacet
  facet normal -0.190213 -0.981743 -0
    outer loop
      vertex 135.046 81.2314 0.2
      vertex 134.95 81.25 0
      vertex 135.046 81.2314 0
    endloop
  endfacet
  facet normal -0.559649 -0.82873 0
    outer loop
      vertex 142.046 81.3311 0
      vertex 142.127 81.2764 0.2
      vertex 142.046 81.3311 0.2
    endloop
  endfacet
  facet normal -0.559649 -0.82873 -0
    outer loop
      vertex 142.127 81.2764 0.2
      vertex 142.046 81.3311 0
      vertex 142.127 81.2764 0
    endloop
  endfacet
  facet normal -0.832366 -0.554226 0
    outer loop
      vertex 142.181 81.1953 0
      vertex 142.127 81.2764 0.2
      vertex 142.127 81.2764 0
    endloop
  endfacet
  facet normal -0.832366 -0.554226 0
    outer loop
      vertex 142.127 81.2764 0.2
      vertex 142.181 81.1953 0
      vertex 142.181 81.1953 0.2
    endloop
  endfacet
  facet normal -0.980856 -0.194736 0
    outer loop
      vertex 142.2 81.0996 0
      vertex 142.181 81.1953 0.2
      vertex 142.181 81.1953 0
    endloop
  endfacet
  facet normal -0.980856 -0.194736 0
    outer loop
      vertex 142.181 81.1953 0.2
      vertex 142.2 81.0996 0
      vertex 142.2 81.0996 0.2
    endloop
  endfacet
  facet normal -1 0 0
    outer loop
      vertex 142.2 80.5752 0
      vertex 142.2 81.0996 0.2
      vertex 142.2 81.0996 0
    endloop
  endfacet
  facet normal -1 -0 0
    outer loop
      vertex 142.2 81.0996 0.2
      vertex 142.2 80.5752 0
      vertex 142.2 80.5752 0.2
    endloop
  endfacet
  facet normal -0.980856 0.194736 0
    outer loop
      vertex 142.181 80.4795 0
      vertex 142.2 80.5752 0.2
      vertex 142.2 80.5752 0
    endloop
  endfacet
  facet normal -0.980856 0.194736 0
    outer loop
      vertex 142.2 80.5752 0.2
      vertex 142.181 80.4795 0
      vertex 142.181 80.4795 0.2
    endloop
  endfacet
  facet normal -0.832366 0.554226 0
    outer loop
      vertex 142.127 80.3984 0
      vertex 142.181 80.4795 0.2
      vertex 142.181 80.4795 0
    endloop
  endfacet
  facet normal -0.832366 0.554226 0
    outer loop
      vertex 142.181 80.4795 0.2
      vertex 142.127 80.3984 0
      vertex 142.127 80.3984 0.2
    endloop
  endfacet
  facet normal -0.558945 0.829205 0
    outer loop
      vertex 142.127 80.3984 0
      vertex 142.046 80.3438 0.2
      vertex 142.127 80.3984 0.2
    endloop
  endfacet
  facet normal -0.558945 0.829205 0
    outer loop
      vertex 142.046 80.3438 0.2
      vertex 142.127 80.3984 0
      vertex 142.046 80.3438 0
    endloop
  endfacet
  facet normal -0.190213 0.981743 0
    outer loop
      vertex 142.046 80.3438 0
      vertex 141.95 80.3252 0.2
      vertex 142.046 80.3438 0.2
    endloop
  endfacet
  facet normal -0.190213 0.981743 0
    outer loop
      vertex 141.95 80.3252 0.2
      vertex 142.046 80.3438 0
      vertex 141.95 80.3252 0
    endloop
  endfacet
  facet normal 0 1 -0
    outer loop
      vertex 141.95 80.3252 0
      vertex 141.05 80.3252 0.2
      vertex 141.95 80.3252 0.2
    endloop
  endfacet
  facet normal 0 1 0
    outer loop
      vertex 141.05 80.3252 0.2
      vertex 141.95 80.3252 0
      vertex 141.05 80.3252 0
    endloop
  endfacet
  facet normal 0.190213 0.981743 -0
    outer loop
      vertex 141.05 80.3252 0
      vertex 140.954 80.3438 0.2
      vertex 141.05 80.3252 0.2
    endloop
  endfacet
  facet normal 0.190213 0.981743 0
    outer loop
      vertex 140.954 80.3438 0.2
      vertex 141.05 80.3252 0
      vertex 140.954 80.3438 0
    endloop
  endfacet
  facet normal 0.558945 0.829205 -0
    outer loop
      vertex 140.954 80.3438 0
      vertex 140.873 80.3984 0.2
      vertex 140.954 80.3438 0.2
    endloop
  endfacet
  facet normal 0.558945 0.829205 0
    outer loop
      vertex 140.873 80.3984 0.2
      vertex 140.954 80.3438 0
      vertex 140.873 80.3984 0
    endloop
  endfacet
  facet normal 0.832366 0.554226 0
    outer loop
      vertex 140.873 80.3984 0.2
      vertex 140.819 80.4795 0
      vertex 140.819 80.4795 0.2
    endloop
  endfacet
  facet normal 0.832366 0.554226 0
    outer loop
      vertex 140.819 80.4795 0
      vertex 140.873 80.3984 0.2
      vertex 140.873 80.3984 0
    endloop
  endfacet
  facet normal 0.980856 0.194736 0
    outer loop
      vertex 140.819 80.4795 0.2
      vertex 140.8 80.5752 0
      vertex 140.8 80.5752 0.2
    endloop
  endfacet
  facet normal 0.980856 0.194736 0
    outer loop
      vertex 140.8 80.5752 0
      vertex 140.819 80.4795 0.2
      vertex 140.819 80.4795 0
    endloop
  endfacet
  facet normal 1 -0 0
    outer loop
      vertex 140.8 80.5752 0.2
      vertex 140.8 81.0996 0
      vertex 140.8 81.0996 0.2
    endloop
  endfacet
  facet normal 1 0 0
    outer loop
      vertex 140.8 81.0996 0
      vertex 140.8 80.5752 0.2
      vertex 140.8 80.5752 0
    endloop
  endfacet
  facet normal 0.980856 -0.194736 0
    outer loop
      vertex 140.8 81.0996 0.2
      vertex 140.819 81.1953 0
      vertex 140.819 81.1953 0.2
    endloop
  endfacet
  facet normal 0.980856 -0.194736 0
    outer loop
      vertex 140.819 81.1953 0
      vertex 140.8 81.0996 0.2
      vertex 140.8 81.0996 0
    endloop
  endfacet
  facet normal 0.832366 -0.554226 0
    outer loop
      vertex 140.819 81.1953 0.2
      vertex 140.873 81.2764 0
      vertex 140.873 81.2764 0.2
    endloop
  endfacet
  facet normal 0.832366 -0.554226 0
    outer loop
      vertex 140.873 81.2764 0
      vertex 140.819 81.1953 0.2
      vertex 140.819 81.1953 0
    endloop
  endfacet
  facet normal 0.559649 -0.82873 0
    outer loop
      vertex 140.873 81.2764 0
      vertex 140.954 81.3311 0.2
      vertex 140.873 81.2764 0.2
    endloop
  endfacet
  facet normal 0.559649 -0.82873 0
    outer loop
      vertex 140.954 81.3311 0.2
      vertex 140.873 81.2764 0
      vertex 140.954 81.3311 0
    endloop
  endfacet
  facet normal 0.189227 -0.981933 0
    outer loop
      vertex 140.954 81.3311 0
      vertex 141.05 81.3496 0.2
      vertex 140.954 81.3311 0.2
    endloop
  endfacet
  facet normal 0.189227 -0.981933 0
    outer loop
      vertex 141.05 81.3496 0.2
      vertex 140.954 81.3311 0
      vertex 141.05 81.3496 0
    endloop
  endfacet
  facet normal 0 -1 0
    outer loop
      vertex 141.05 81.3496 0
      vertex 141.95 81.3496 0.2
      vertex 141.05 81.3496 0.2
    endloop
  endfacet
  facet normal 0 -1 -0
    outer loop
      vertex 141.95 81.3496 0.2
      vertex 141.05 81.3496 0
      vertex 141.95 81.3496 0
    endloop
  endfacet
  facet normal -0.189227 -0.981933 0
    outer loop
      vertex 141.95 81.3496 0
      vertex 142.046 81.3311 0.2
      vertex 141.95 81.3496 0.2
    endloop
  endfacet
  facet normal -0.189227 -0.981933 -0
    outer loop
      vertex 142.046 81.3311 0.2
      vertex 141.95 81.3496 0
      vertex 142.046 81.3311 0
    endloop
  endfacet
  facet normal -0.559649 -0.82873 0
    outer loop
      vertex 138.546 81.3311 0
      vertex 138.627 81.2764 0.2
      vertex 138.546 81.3311 0.2
    endloop
  endfacet
  facet normal -0.559649 -0.82873 -0
    outer loop
      vertex 138.627 81.2764 0.2
      vertex 138.546 81.3311 0
      vertex 138.627 81.2764 0
    endloop
  endfacet
  facet normal -0.832366 -0.554226 0
    outer loop
      vertex 138.681 81.1953 0
      vertex 138.627 81.2764 0.2
      vertex 138.627 81.2764 0
    endloop
  endfacet
  facet normal -0.832366 -0.554226 0
    outer loop
      vertex 138.627 81.2764 0.2
      vertex 138.681 81.1953 0
      vertex 138.681 81.1953 0.2
    endloop
  endfacet
  facet normal -0.980856 -0.194736 0
    outer loop
      vertex 138.7 81.0996 0
      vertex 138.681 81.1953 0.2
      vertex 138.681 81.1953 0
    endloop
  endfacet
  facet normal -0.980856 -0.194736 0
    outer loop
      vertex 138.681 81.1953 0.2
      vertex 138.7 81.0996 0
      vertex 138.7 81.0996 0.2
    endloop
  endfacet
  facet normal -1 0 0
    outer loop
      vertex 138.7 80.5752 0
      vertex 138.7 81.0996 0.2
      vertex 138.7 81.0996 0
    endloop
  endfacet
  facet normal -1 -0 0
    outer loop
      vertex 138.7 81.0996 0.2
      vertex 138.7 80.5752 0
      vertex 138.7 80.5752 0.2
    endloop
  endfacet
  facet normal -0.980856 0.194736 0
    outer loop
      vertex 138.681 80.4795 0
      vertex 138.7 80.5752 0.2
      vertex 138.7 80.5752 0
    endloop
  endfacet
  facet normal -0.980856 0.194736 0
    outer loop
      vertex 138.7 80.5752 0.2
      vertex 138.681 80.4795 0
      vertex 138.681 80.4795 0.2
    endloop
  endfacet
  facet normal -0.832366 0.554226 0
    outer loop
      vertex 138.627 80.3984 0
      vertex 138.681 80.4795 0.2
      vertex 138.681 80.4795 0
    endloop
  endfacet
  facet normal -0.832366 0.554226 0
    outer loop
      vertex 138.681 80.4795 0.2
      vertex 138.627 80.3984 0
      vertex 138.627 80.3984 0.2
    endloop
  endfacet
  facet normal -0.558945 0.829205 0
    outer loop
      vertex 138.627 80.3984 0
      vertex 138.546 80.3438 0.2
      vertex 138.627 80.3984 0.2
    endloop
  endfacet
  facet normal -0.558945 0.829205 0
    outer loop
      vertex 138.546 80.3438 0.2
      vertex 138.627 80.3984 0
      vertex 138.546 80.3438 0
    endloop
  endfacet
  facet normal -0.190213 0.981743 0
    outer loop
      vertex 138.546 80.3438 0
      vertex 138.45 80.3252 0.2
      vertex 138.546 80.3438 0.2
    endloop
  endfacet
  facet normal -0.190213 0.981743 0
    outer loop
      vertex 138.45 80.3252 0.2
      vertex 138.546 80.3438 0
      vertex 138.45 80.3252 0
    endloop
  endfacet
  facet normal 0 1 -0
    outer loop
      vertex 138.45 80.3252 0
      vertex 137.55 80.3252 0.2
      vertex 138.45 80.3252 0.2
    endloop
  endfacet
  facet normal 0 1 0
    outer loop
      vertex 137.55 80.3252 0.2
      vertex 138.45 80.3252 0
      vertex 137.55 80.3252 0
    endloop
  endfacet
  facet normal 0.190213 0.981743 -0
    outer loop
      vertex 137.55 80.3252 0
      vertex 137.454 80.3438 0.2
      vertex 137.55 80.3252 0.2
    endloop
  endfacet
  facet normal 0.190213 0.981743 0
    outer loop
      vertex 137.454 80.3438 0.2
      vertex 137.55 80.3252 0
      vertex 137.454 80.3438 0
    endloop
  endfacet
  facet normal 0.558945 0.829205 -0
    outer loop
      vertex 137.454 80.3438 0
      vertex 137.373 80.3984 0.2
      vertex 137.454 80.3438 0.2
    endloop
  endfacet
  facet normal 0.558945 0.829205 0
    outer loop
      vertex 137.373 80.3984 0.2
      vertex 137.454 80.3438 0
      vertex 137.373 80.3984 0
    endloop
  endfacet
  facet normal 0.832366 0.554226 0
    outer loop
      vertex 137.373 80.3984 0.2
      vertex 137.319 80.4795 0
      vertex 137.319 80.4795 0.2
    endloop
  endfacet
  facet normal 0.832366 0.554226 0
    outer loop
      vertex 137.319 80.4795 0
      vertex 137.373 80.3984 0.2
      vertex 137.373 80.3984 0
    endloop
  endfacet
  facet normal 0.980856 0.194736 0
    outer loop
      vertex 137.319 80.4795 0.2
      vertex 137.3 80.5752 0
      vertex 137.3 80.5752 0.2
    endloop
  endfacet
  facet normal 0.980856 0.194736 0
    outer loop
      vertex 137.3 80.5752 0
      vertex 137.319 80.4795 0.2
      vertex 137.319 80.4795 0
    endloop
  endfacet
  facet normal 1 -0 0
    outer loop
      vertex 137.3 80.5752 0.2
      vertex 137.3 81.0996 0
      vertex 137.3 81.0996 0.2
    endloop
  endfacet
  facet normal 1 0 0
    outer loop
      vertex 137.3 81.0996 0
      vertex 137.3 80.5752 0.2
      vertex 137.3 80.5752 0
    endloop
  endfacet
  facet normal 0.980856 -0.194736 0
    outer loop
      vertex 137.3 81.0996 0.2
      vertex 137.319 81.1953 0
      vertex 137.319 81.1953 0.2
    endloop
  endfacet
  facet normal 0.980856 -0.194736 0
    outer loop
      vertex 137.319 81.1953 0
      vertex 137.3 81.0996 0.2
      vertex 137.3 81.0996 0
    endloop
  endfacet
  facet normal 0.832366 -0.554226 0
    outer loop
      vertex 137.319 81.1953 0.2
      vertex 137.373 81.2764 0
      vertex 137.373 81.2764 0.2
    endloop
  endfacet
  facet normal 0.832366 -0.554226 0
    outer loop
      vertex 137.373 81.2764 0
      vertex 137.319 81.1953 0.2
      vertex 137.319 81.1953 0
    endloop
  endfacet
  facet normal 0.559649 -0.82873 0
    outer loop
      vertex 137.373 81.2764 0
      vertex 137.454 81.3311 0.2
      vertex 137.373 81.2764 0.2
    endloop
  endfacet
  facet normal 0.559649 -0.82873 0
    outer loop
      vertex 137.454 81.3311 0.2
      vertex 137.373 81.2764 0
      vertex 137.454 81.3311 0
    endloop
  endfacet
  facet normal 0.189227 -0.981933 0
    outer loop
      vertex 137.454 81.3311 0
      vertex 137.55 81.3496 0.2
      vertex 137.454 81.3311 0.2
    endloop
  endfacet
  facet normal 0.189227 -0.981933 0
    outer loop
      vertex 137.55 81.3496 0.2
      vertex 137.454 81.3311 0
      vertex 137.55 81.3496 0
    endloop
  endfacet
  facet normal 0 -1 0
    outer loop
      vertex 137.55 81.3496 0
      vertex 138.45 81.3496 0.2
      vertex 137.55 81.3496 0.2
    endloop
  endfacet
  facet normal 0 -1 -0
    outer loop
      vertex 138.45 81.3496 0.2
      vertex 137.55 81.3496 0
      vertex 138.45 81.3496 0
    endloop
  endfacet
  facet normal -0.189227 -0.981933 0
    outer loop
      vertex 138.45 81.3496 0
      vertex 138.546 81.3311 0.2
      vertex 138.45 81.3496 0.2
    endloop
  endfacet
  facet normal -0.189227 -0.981933 -0
    outer loop
      vertex 138.546 81.3311 0.2
      vertex 138.45 81.3496 0
      vertex 138.546 81.3311 0
    endloop
  endfacet
  facet normal -0.553275 -0.832998 0
    outer loop
      vertex 145.421 81.3809 0
      vertex 145.502 81.3271 0.2
      vertex 145.421 81.3809 0.2
    endloop
  endfacet
  facet normal -0.553275 -0.832998 -0
    outer loop
      vertex 145.502 81.3271 0.2
      vertex 145.421 81.3809 0
      vertex 145.502 81.3271 0
    endloop
  endfacet
  facet normal -0.83205 -0.5547 0
    outer loop
      vertex 145.556 81.2461 0
      vertex 145.502 81.3271 0.2
      vertex 145.502 81.3271 0
    endloop
  endfacet
  facet normal -0.83205 -0.5547 0
    outer loop
      vertex 145.502 81.3271 0.2
      vertex 145.556 81.2461 0
      vertex 145.556 81.2461 0.2
    endloop
  endfacet
  facet normal -0.980856 -0.194736 0
    outer loop
      vertex 145.575 81.1504 0
      vertex 145.556 81.2461 0.2
      vertex 145.556 81.2461 0
    endloop
  endfacet
  facet normal -0.980856 -0.194736 0
    outer loop
      vertex 145.556 81.2461 0.2
      vertex 145.575 81.1504 0
      vertex 145.575 81.1504 0.2
    endloop
  endfacet
  facet normal -1 0 0
    outer loop
      vertex 145.575 80.6504 0
      vertex 145.575 81.1504 0.2
      vertex 145.575 81.1504 0
    endloop
  endfacet
  facet normal -1 -0 0
    outer loop
      vertex 145.575 81.1504 0.2
      vertex 145.575 80.6504 0
      vertex 145.575 80.6504 0.2
    endloop
  endfacet
  facet normal -0.980856 0.194736 0
    outer loop
      vertex 145.556 80.5547 0
      vertex 145.575 80.6504 0.2
      vertex 145.575 80.6504 0
    endloop
  endfacet
  facet normal -0.980856 0.194736 0
    outer loop
      vertex 145.575 80.6504 0.2
      vertex 145.556 80.5547 0
      vertex 145.556 80.5547 0.2
    endloop
  endfacet
  facet normal -0.832366 0.554226 0
    outer loop
      vertex 145.502 80.4736 0
      vertex 145.556 80.5547 0.2
      vertex 145.556 80.5547 0
    endloop
  endfacet
  facet normal -0.832366 0.554226 0
    outer loop
      vertex 145.556 80.5547 0.2
      vertex 145.502 80.4736 0
      vertex 145.502 80.4736 0.2
    endloop
  endfacet
  facet normal -0.559649 0.82873 0
    outer loop
      vertex 145.502 80.4736 0
      vertex 145.421 80.4189 0.2
      vertex 145.502 80.4736 0.2
    endloop
  endfacet
  facet normal -0.559649 0.82873 0
    outer loop
      vertex 145.421 80.4189 0.2
      vertex 145.502 80.4736 0
      vertex 145.421 80.4189 0
    endloop
  endfacet
  facet normal -0.189227 0.981933 0
    outer loop
      vertex 145.421 80.4189 0
      vertex 145.325 80.4004 0.2
      vertex 145.421 80.4189 0.2
    endloop
  endfacet
  facet normal -0.189227 0.981933 0
    outer loop
      vertex 145.325 80.4004 0.2
      vertex 145.421 80.4189 0
      vertex 145.325 80.4004 0
    endloop
  endfacet
  facet normal 0 1 -0
    outer loop
      vertex 145.325 80.4004 0
      vertex 144.375 80.4004 0.2
      vertex 145.325 80.4004 0.2
    endloop
  endfacet
  facet normal 0 1 0
    outer loop
      vertex 144.375 80.4004 0.2
      vertex 145.325 80.4004 0
      vertex 144.375 80.4004 0
    endloop
  endfacet
  facet normal 0.189227 0.981933 -0
    outer loop
      vertex 144.375 80.4004 0
      vertex 144.279 80.4189 0.2
      vertex 144.375 80.4004 0.2
    endloop
  endfacet
  facet normal 0.189227 0.981933 0
    outer loop
      vertex 144.279 80.4189 0.2
      vertex 144.375 80.4004 0
      vertex 144.279 80.4189 0
    endloop
  endfacet
  facet normal 0.559649 0.82873 -0
    outer loop
      vertex 144.279 80.4189 0
      vertex 144.198 80.4736 0.2
      vertex 144.279 80.4189 0.2
    endloop
  endfacet
  facet normal 0.559649 0.82873 0
    outer loop
      vertex 144.198 80.4736 0.2
      vertex 144.279 80.4189 0
      vertex 144.198 80.4736 0
    endloop
  endfacet
  facet normal 0.832366 0.554226 0
    outer loop
      vertex 144.198 80.4736 0.2
      vertex 144.144 80.5547 0
      vertex 144.144 80.5547 0.2
    endloop
  endfacet
  facet normal 0.832366 0.554226 0
    outer loop
      vertex 144.144 80.5547 0
      vertex 144.198 80.4736 0.2
      vertex 144.198 80.4736 0
    endloop
  endfacet
  facet normal 0.980856 0.194736 0
    outer loop
      vertex 144.144 80.5547 0.2
      vertex 144.125 80.6504 0
      vertex 144.125 80.6504 0.2
    endloop
  endfacet
  facet normal 0.980856 0.194736 0
    outer loop
      vertex 144.125 80.6504 0
      vertex 144.144 80.5547 0.2
      vertex 144.144 80.5547 0
    endloop
  endfacet
  facet normal 1 -0 0
    outer loop
      vertex 144.125 80.6504 0.2
      vertex 144.125 81.1504 0
      vertex 144.125 81.1504 0.2
    endloop
  endfacet
  facet normal 1 0 0
    outer loop
      vertex 144.125 81.1504 0
      vertex 144.125 80.6504 0.2
      vertex 144.125 80.6504 0
    endloop
  endfacet
  facet normal 0.980856 -0.194736 0
    outer loop
      vertex 144.125 81.1504 0.2
      vertex 144.144 81.2461 0
      vertex 144.144 81.2461 0.2
    endloop
  endfacet
  facet normal 0.980856 -0.194736 0
    outer loop
      vertex 144.144 81.2461 0
      vertex 144.125 81.1504 0.2
      vertex 144.125 81.1504 0
    endloop
  endfacet
  facet normal 0.83205 -0.5547 0
    outer loop
      vertex 144.144 81.2461 0.2
      vertex 144.198 81.3271 0
      vertex 144.198 81.3271 0.2
    endloop
  endfacet
  facet normal 0.83205 -0.5547 0
    outer loop
      vertex 144.198 81.3271 0
      vertex 144.144 81.2461 0.2
      vertex 144.144 81.2461 0
    endloop
  endfacet
  facet normal 0.553275 -0.832998 0
    outer loop
      vertex 144.198 81.3271 0
      vertex 144.279 81.3809 0.2
      vertex 144.198 81.3271 0.2
    endloop
  endfacet
  facet normal 0.553275 -0.832998 0
    outer loop
      vertex 144.279 81.3809 0.2
      vertex 144.198 81.3271 0
      vertex 144.279 81.3809 0
    endloop
  endfacet
  facet normal 0.19906 -0.979987 0
    outer loop
      vertex 144.279 81.3809 0
      vertex 144.375 81.4004 0.2
      vertex 144.279 81.3809 0.2
    endloop
  endfacet
  facet normal 0.19906 -0.979987 0
    outer loop
      vertex 144.375 81.4004 0.2
      vertex 144.279 81.3809 0
      vertex 144.375 81.4004 0
    endloop
  endfacet
  facet normal 0 -1 0
    outer loop
      vertex 144.375 81.4004 0
      vertex 145.325 81.4004 0.2
      vertex 144.375 81.4004 0.2
    endloop
  endfacet
  facet normal 0 -1 -0
    outer loop
      vertex 145.325 81.4004 0.2
      vertex 144.375 81.4004 0
      vertex 145.325 81.4004 0
    endloop
  endfacet
  facet normal -0.19906 -0.979987 0
    outer loop
      vertex 145.325 81.4004 0
      vertex 145.421 81.3809 0.2
      vertex 145.325 81.4004 0.2
    endloop
  endfacet
  facet normal -0.19906 -0.979987 -0
    outer loop
      vertex 145.421 81.3809 0.2
      vertex 145.325 81.4004 0
      vertex 145.421 81.3809 0
    endloop
  endfacet
  facet normal -0.558945 -0.829205 0
    outer loop
      vertex 149.396 82.6064 0
      vertex 149.477 82.5518 0.2
      vertex 149.396 82.6064 0.2
    endloop
  endfacet
  facet normal -0.558945 -0.829205 -0
    outer loop
      vertex 149.477 82.5518 0.2
      vertex 149.396 82.6064 0
      vertex 149.477 82.5518 0
    endloop
  endfacet
  facet normal -0.832366 -0.554226 0
    outer loop
      vertex 149.531 82.4707 0
      vertex 149.477 82.5518 0.2
      vertex 149.477 82.5518 0
    endloop
  endfacet
  facet normal -0.832366 -0.554226 0
    outer loop
      vertex 149.477 82.5518 0.2
      vertex 149.531 82.4707 0
      vertex 149.531 82.4707 0.2
    endloop
  endfacet
  facet normal -0.980856 -0.194736 0
    outer loop
      vertex 149.55 82.375 0
      vertex 149.531 82.4707 0.2
      vertex 149.531 82.4707 0
    endloop
  endfacet
  facet normal -0.980856 -0.194736 0
    outer loop
      vertex 149.531 82.4707 0.2
      vertex 149.55 82.375 0
      vertex 149.55 82.375 0.2
    endloop
  endfacet
  facet normal -1 0 0
    outer loop
      vertex 149.55 81.8496 0
      vertex 149.55 82.375 0.2
      vertex 149.55 82.375 0
    endloop
  endfacet
  facet normal -1 -0 0
    outer loop
      vertex 149.55 82.375 0.2
      vertex 149.55 81.8496 0
      vertex 149.55 81.8496 0.2
    endloop
  endfacet
  facet normal -0.980856 0.194736 0
    outer loop
      vertex 149.531 81.7539 0
      vertex 149.55 81.8496 0.2
      vertex 149.55 81.8496 0
    endloop
  endfacet
  facet normal -0.980856 0.194736 0
    outer loop
      vertex 149.55 81.8496 0.2
      vertex 149.531 81.7539 0
      vertex 149.531 81.7539 0.2
    endloop
  endfacet
  facet normal -0.83205 0.5547 0
    outer loop
      vertex 149.477 81.6729 0
      vertex 149.531 81.7539 0.2
      vertex 149.531 81.7539 0
    endloop
  endfacet
  facet normal -0.83205 0.5547 0
    outer loop
      vertex 149.531 81.7539 0.2
      vertex 149.477 81.6729 0
      vertex 149.477 81.6729 0.2
    endloop
  endfacet
  facet normal -0.553275 0.832998 0
    outer loop
      vertex 149.477 81.6729 0
      vertex 149.396 81.6191 0.2
      vertex 149.477 81.6729 0.2
    endloop
  endfacet
  facet normal -0.553275 0.832998 0
    outer loop
      vertex 149.396 81.6191 0.2
      vertex 149.477 81.6729 0
      vertex 149.396 81.6191 0
    endloop
  endfacet
  facet normal -0.19906 0.979987 0
    outer loop
      vertex 149.396 81.6191 0
      vertex 149.3 81.5996 0.2
      vertex 149.396 81.6191 0.2
    endloop
  endfacet
  facet normal -0.19906 0.979987 0
    outer loop
      vertex 149.3 81.5996 0.2
      vertex 149.396 81.6191 0
      vertex 149.3 81.5996 0
    endloop
  endfacet
  facet normal 0 1 -0
    outer loop
      vertex 149.3 81.5996 0
      vertex 148.4 81.5996 0.2
      vertex 149.3 81.5996 0.2
    endloop
  endfacet
  facet normal 0 1 0
    outer loop
      vertex 148.4 81.5996 0.2
      vertex 149.3 81.5996 0
      vertex 148.4 81.5996 0
    endloop
  endfacet
  facet normal 0.201071 0.979577 -0
    outer loop
      vertex 148.4 81.5996 0
      vertex 148.305 81.6191 0.2
      vertex 148.4 81.5996 0.2
    endloop
  endfacet
  facet normal 0.201071 0.979577 0
    outer loop
      vertex 148.305 81.6191 0.2
      vertex 148.4 81.5996 0
      vertex 148.305 81.6191 0
    endloop
  endfacet
  facet normal 0.553275 0.832998 -0
    outer loop
      vertex 148.305 81.6191 0
      vertex 148.224 81.6729 0.2
      vertex 148.305 81.6191 0.2
    endloop
  endfacet
  facet normal 0.553275 0.832998 0
    outer loop
      vertex 148.224 81.6729 0.2
      vertex 148.305 81.6191 0
      vertex 148.224 81.6729 0
    endloop
  endfacet
  facet normal 0.827306 0.561751 0
    outer loop
      vertex 148.224 81.6729 0.2
      vertex 148.169 81.7539 0
      vertex 148.169 81.7539 0.2
    endloop
  endfacet
  facet normal 0.827306 0.561751 0
    outer loop
      vertex 148.169 81.7539 0
      vertex 148.224 81.6729 0.2
      vertex 148.224 81.6729 0
    endloop
  endfacet
  facet normal 0.980856 0.194736 0
    outer loop
      vertex 148.169 81.7539 0.2
      vertex 148.15 81.8496 0
      vertex 148.15 81.8496 0.2
    endloop
  endfacet
  facet normal 0.980856 0.194736 0
    outer loop
      vertex 148.15 81.8496 0
      vertex 148.169 81.7539 0.2
      vertex 148.169 81.7539 0
    endloop
  endfacet
  facet normal 1 -0 0
    outer loop
      vertex 148.15 81.8496 0.2
      vertex 148.15 82.375 0
      vertex 148.15 82.375 0.2
    endloop
  endfacet
  facet normal 1 0 0
    outer loop
      vertex 148.15 82.375 0
      vertex 148.15 81.8496 0.2
      vertex 148.15 81.8496 0
    endloop
  endfacet
  facet normal 0.980856 -0.194736 0
    outer loop
      vertex 148.15 82.375 0.2
      vertex 148.169 82.4707 0
      vertex 148.169 82.4707 0.2
    endloop
  endfacet
  facet normal 0.980856 -0.194736 0
    outer loop
      vertex 148.169 82.4707 0
      vertex 148.15 82.375 0.2
      vertex 148.15 82.375 0
    endloop
  endfacet
  facet normal 0.827628 -0.561277 0
    outer loop
      vertex 148.169 82.4707 0.2
      vertex 148.224 82.5518 0
      vertex 148.224 82.5518 0.2
    endloop
  endfacet
  facet normal 0.827628 -0.561277 0
    outer loop
      vertex 148.224 82.5518 0
      vertex 148.169 82.4707 0.2
      vertex 148.169 82.4707 0
    endloop
  endfacet
  facet normal 0.558945 -0.829205 0
    outer loop
      vertex 148.224 82.5518 0
      vertex 148.305 82.6064 0.2
      vertex 148.224 82.5518 0.2
    endloop
  endfacet
  facet normal 0.558945 -0.829205 0
    outer loop
      vertex 148.305 82.6064 0.2
      vertex 148.224 82.5518 0
      vertex 148.305 82.6064 0
    endloop
  endfacet
  facet normal 0.192141 -0.981367 0
    outer loop
      vertex 148.305 82.6064 0
      vertex 148.4 82.625 0.2
      vertex 148.305 82.6064 0.2
    endloop
  endfacet
  facet normal 0.192141 -0.981367 0
    outer loop
      vertex 148.4 82.625 0.2
      vertex 148.305 82.6064 0
      vertex 148.4 82.625 0
    endloop
  endfacet
  facet normal 0 -1 0
    outer loop
      vertex 148.4 82.625 0
      vertex 149.3 82.625 0.2
      vertex 148.4 82.625 0.2
    endloop
  endfacet
  facet normal 0 -1 -0
    outer loop
      vertex 149.3 82.625 0.2
      vertex 148.4 82.625 0
      vertex 149.3 82.625 0
    endloop
  endfacet
  facet normal -0.190213 -0.981743 0
    outer loop
      vertex 149.3 82.625 0
      vertex 149.396 82.6064 0.2
      vertex 149.3 82.625 0.2
    endloop
  endfacet
  facet normal -0.190213 -0.981743 -0
    outer loop
      vertex 149.396 82.6064 0.2
      vertex 149.3 82.625 0
      vertex 149.396 82.6064 0
    endloop
  endfacet
  facet normal -0.552561 -0.833472 0
    outer loop
      vertex 135.046 83.0557 0
      vertex 135.127 83.002 0.2
      vertex 135.046 83.0557 0.2
    endloop
  endfacet
  facet normal -0.552561 -0.833472 -0
    outer loop
      vertex 135.127 83.002 0.2
      vertex 135.046 83.0557 0
      vertex 135.127 83.002 0
    endloop
  endfacet
  facet normal -0.832366 -0.554226 0
    outer loop
      vertex 135.181 82.9209 0
      vertex 135.127 83.002 0.2
      vertex 135.127 83.002 0
    endloop
  endfacet
  facet normal -0.832366 -0.554226 0
    outer loop
      vertex 135.127 83.002 0.2
      vertex 135.181 82.9209 0
      vertex 135.181 82.9209 0.2
    endloop
  endfacet
  facet normal -0.980856 -0.194736 0
    outer loop
      vertex 135.2 82.8252 0
      vertex 135.181 82.9209 0.2
      vertex 135.181 82.9209 0
    endloop
  endfacet
  facet normal -0.980856 -0.194736 0
    outer loop
      vertex 135.181 82.9209 0.2
      vertex 135.2 82.8252 0
      vertex 135.2 82.8252 0.2
    endloop
  endfacet
  facet normal -1 0 0
    outer loop
      vertex 135.2 82.2998 0
      vertex 135.2 82.8252 0.2
      vertex 135.2 82.8252 0
    endloop
  endfacet
  facet normal -1 -0 0
    outer loop
      vertex 135.2 82.8252 0.2
      vertex 135.2 82.2998 0
      vertex 135.2 82.2998 0.2
    endloop
  endfacet
  facet normal -0.980856 0.194736 0
    outer loop
      vertex 135.181 82.2041 0
      vertex 135.2 82.2998 0.2
      vertex 135.2 82.2998 0
    endloop
  endfacet
  facet normal -0.980856 0.194736 0
    outer loop
      vertex 135.2 82.2998 0.2
      vertex 135.181 82.2041 0
      vertex 135.181 82.2041 0.2
    endloop
  endfacet
  facet normal -0.832366 0.554226 0
    outer loop
      vertex 135.127 82.123 0
      vertex 135.181 82.2041 0.2
      vertex 135.181 82.2041 0
    endloop
  endfacet
  facet normal -0.832366 0.554226 0
    outer loop
      vertex 135.181 82.2041 0.2
      vertex 135.127 82.123 0
      vertex 135.127 82.123 0.2
    endloop
  endfacet
  facet normal -0.552561 0.833472 0
    outer loop
      vertex 135.127 82.123 0
      vertex 135.046 82.0693 0.2
      vertex 135.127 82.123 0.2
    endloop
  endfacet
  facet normal -0.552561 0.833472 0
    outer loop
      vertex 135.046 82.0693 0.2
      vertex 135.127 82.123 0
      vertex 135.046 82.0693 0
    endloop
  endfacet
  facet normal -0.19906 0.979987 0
    outer loop
      vertex 135.046 82.0693 0
      vertex 134.95 82.0498 0.2
      vertex 135.046 82.0693 0.2
    endloop
  endfacet
  facet normal -0.19906 0.979987 0
    outer loop
      vertex 134.95 82.0498 0.2
      vertex 135.046 82.0693 0
      vertex 134.95 82.0498 0
    endloop
  endfacet
  facet normal 0 1 -0
    outer loop
      vertex 134.95 82.0498 0
      vertex 134.05 82.0498 0.2
      vertex 134.95 82.0498 0.2
    endloop
  endfacet
  facet normal 0 1 0
    outer loop
      vertex 134.05 82.0498 0.2
      vertex 134.95 82.0498 0
      vertex 134.05 82.0498 0
    endloop
  endfacet
  facet normal 0.19906 0.979987 -0
    outer loop
      vertex 134.05 82.0498 0
      vertex 133.954 82.0693 0.2
      vertex 134.05 82.0498 0.2
    endloop
  endfacet
  facet normal 0.19906 0.979987 0
    outer loop
      vertex 133.954 82.0693 0.2
      vertex 134.05 82.0498 0
      vertex 133.954 82.0693 0
    endloop
  endfacet
  facet normal 0.552561 0.833472 -0
    outer loop
      vertex 133.954 82.0693 0
      vertex 133.873 82.123 0.2
      vertex 133.954 82.0693 0.2
    endloop
  endfacet
  facet normal 0.552561 0.833472 0
    outer loop
      vertex 133.873 82.123 0.2
      vertex 133.954 82.0693 0
      vertex 133.873 82.123 0
    endloop
  endfacet
  facet normal 0.832366 0.554226 0
    outer loop
      vertex 133.873 82.123 0.2
      vertex 133.819 82.2041 0
      vertex 133.819 82.2041 0.2
    endloop
  endfacet
  facet normal 0.832366 0.554226 0
    outer loop
      vertex 133.819 82.2041 0
      vertex 133.873 82.123 0.2
      vertex 133.873 82.123 0
    endloop
  endfacet
  facet normal 0.980856 0.194736 0
    outer loop
      vertex 133.819 82.2041 0.2
      vertex 133.8 82.2998 0
      vertex 133.8 82.2998 0.2
    endloop
  endfacet
  facet normal 0.980856 0.194736 0
    outer loop
      vertex 133.8 82.2998 0
      vertex 133.819 82.2041 0.2
      vertex 133.819 82.2041 0
    endloop
  endfacet
  facet normal 1 -0 0
    outer loop
      vertex 133.8 82.2998 0.2
      vertex 133.8 82.8252 0
      vertex 133.8 82.8252 0.2
    endloop
  endfacet
  facet normal 1 0 0
    outer loop
      vertex 133.8 82.8252 0
      vertex 133.8 82.2998 0.2
      vertex 133.8 82.2998 0
    endloop
  endfacet
  facet normal 0.980856 -0.194736 0
    outer loop
      vertex 133.8 82.8252 0.2
      vertex 133.819 82.9209 0
      vertex 133.819 82.9209 0.2
    endloop
  endfacet
  facet normal 0.980856 -0.194736 0
    outer loop
      vertex 133.819 82.9209 0
      vertex 133.8 82.8252 0.2
      vertex 133.8 82.8252 0
    endloop
  endfacet
  facet normal 0.832366 -0.554226 0
    outer loop
      vertex 133.819 82.9209 0.2
      vertex 133.873 83.002 0
      vertex 133.873 83.002 0.2
    endloop
  endfacet
  facet normal 0.832366 -0.554226 0
    outer loop
      vertex 133.873 83.002 0
      vertex 133.819 82.9209 0.2
      vertex 133.819 82.9209 0
    endloop
  endfacet
  facet normal 0.552561 -0.833472 0
    outer loop
      vertex 133.873 83.002 0
      vertex 133.954 83.0557 0.2
      vertex 133.873 83.002 0.2
    endloop
  endfacet
  facet normal 0.552561 -0.833472 0
    outer loop
      vertex 133.954 83.0557 0.2
      vertex 133.873 83.002 0
      vertex 133.954 83.0557 0
    endloop
  endfacet
  facet normal 0.19906 -0.979987 0
    outer loop
      vertex 133.954 83.0557 0
      vertex 134.05 83.0752 0.2
      vertex 133.954 83.0557 0.2
    endloop
  endfacet
  facet normal 0.19906 -0.979987 0
    outer loop
      vertex 134.05 83.0752 0.2
      vertex 133.954 83.0557 0
      vertex 134.05 83.0752 0
    endloop
  endfacet
  facet normal 0 -1 0
    outer loop
      vertex 134.05 83.0752 0
      vertex 134.95 83.0752 0.2
      vertex 134.05 83.0752 0.2
    endloop
  endfacet
  facet normal 0 -1 -0
    outer loop
      vertex 134.95 83.0752 0.2
      vertex 134.05 83.0752 0
      vertex 134.95 83.0752 0
    endloop
  endfacet
  facet normal -0.19906 -0.979987 0
    outer loop
      vertex 134.95 83.0752 0
      vertex 135.046 83.0557 0.2
      vertex 134.95 83.0752 0.2
    endloop
  endfacet
  facet normal -0.19906 -0.979987 -0
    outer loop
      vertex 135.046 83.0557 0.2
      vertex 134.95 83.0752 0
      vertex 135.046 83.0557 0
    endloop
  endfacet
  facet normal -0.558945 -0.829205 0
    outer loop
      vertex 142.046 83.1562 0
      vertex 142.127 83.1016 0.2
      vertex 142.046 83.1562 0.2
    endloop
  endfacet
  facet normal -0.558945 -0.829205 -0
    outer loop
      vertex 142.127 83.1016 0.2
      vertex 142.046 83.1562 0
      vertex 142.127 83.1016 0
    endloop
  endfacet
  facet normal -0.832366 -0.554226 0
    outer loop
      vertex 142.181 83.0205 0
      vertex 142.127 83.1016 0.2
      vertex 142.127 83.1016 0
    endloop
  endfacet
  facet normal -0.832366 -0.554226 0
    outer loop
      vertex 142.127 83.1016 0.2
      vertex 142.181 83.0205 0
      vertex 142.181 83.0205 0.2
    endloop
  endfacet
  facet normal -0.980856 -0.194736 0
    outer loop
      vertex 142.2 82.9248 0
      vertex 142.181 83.0205 0.2
      vertex 142.181 83.0205 0
    endloop
  endfacet
  facet normal -0.980856 -0.194736 0
    outer loop
      vertex 142.181 83.0205 0.2
      vertex 142.2 82.9248 0
      vertex 142.2 82.9248 0.2
    endloop
  endfacet
  facet normal -1 0 0
    outer loop
      vertex 142.2 82.4004 0
      vertex 142.2 82.9248 0.2
      vertex 142.2 82.9248 0
    endloop
  endfacet
  facet normal -1 -0 0
    outer loop
      vertex 142.2 82.9248 0.2
      vertex 142.2 82.4004 0
      vertex 142.2 82.4004 0.2
    endloop
  endfacet
  facet normal -0.980856 0.194736 0
    outer loop
      vertex 142.181 82.3047 0
      vertex 142.2 82.4004 0.2
      vertex 142.2 82.4004 0
    endloop
  endfacet
  facet normal -0.980856 0.194736 0
    outer loop
      vertex 142.2 82.4004 0.2
      vertex 142.181 82.3047 0
      vertex 142.181 82.3047 0.2
    endloop
  endfacet
  facet normal -0.832366 0.554226 0
    outer loop
      vertex 142.127 82.2236 0
      vertex 142.181 82.3047 0.2
      vertex 142.181 82.3047 0
    endloop
  endfacet
  facet normal -0.832366 0.554226 0
    outer loop
      vertex 142.181 82.3047 0.2
      vertex 142.127 82.2236 0
      vertex 142.127 82.2236 0.2
    endloop
  endfacet
  facet normal -0.559649 0.82873 0
    outer loop
      vertex 142.127 82.2236 0
      vertex 142.046 82.1689 0.2
      vertex 142.127 82.2236 0.2
    endloop
  endfacet
  facet normal -0.559649 0.82873 0
    outer loop
      vertex 142.046 82.1689 0.2
      vertex 142.127 82.2236 0
      vertex 142.046 82.1689 0
    endloop
  endfacet
  facet normal -0.189227 0.981933 0
    outer loop
      vertex 142.046 82.1689 0
      vertex 141.95 82.1504 0.2
      vertex 142.046 82.1689 0.2
    endloop
  endfacet
  facet normal -0.189227 0.981933 0
    outer loop
      vertex 141.95 82.1504 0.2
      vertex 142.046 82.1689 0
      vertex 141.95 82.1504 0
    endloop
  endfacet
  facet normal 0 1 -0
    outer loop
      vertex 141.95 82.1504 0
      vertex 141.05 82.1504 0.2
      vertex 141.95 82.1504 0.2
    endloop
  endfacet
  facet normal 0 1 0
    outer loop
      vertex 141.05 82.1504 0.2
      vertex 141.95 82.1504 0
      vertex 141.05 82.1504 0
    endloop
  endfacet
  facet normal 0.189227 0.981933 -0
    outer loop
      vertex 141.05 82.1504 0
      vertex 140.954 82.1689 0.2
      vertex 141.05 82.1504 0.2
    endloop
  endfacet
  facet normal 0.189227 0.981933 0
    outer loop
      vertex 140.954 82.1689 0.2
      vertex 141.05 82.1504 0
      vertex 140.954 82.1689 0
    endloop
  endfacet
  facet normal 0.559649 0.82873 -0
    outer loop
      vertex 140.954 82.1689 0
      vertex 140.873 82.2236 0.2
      vertex 140.954 82.1689 0.2
    endloop
  endfacet
  facet normal 0.559649 0.82873 0
    outer loop
      vertex 140.873 82.2236 0.2
      vertex 140.954 82.1689 0
      vertex 140.873 82.2236 0
    endloop
  endfacet
  facet normal 0.832366 0.554226 0
    outer loop
      vertex 140.873 82.2236 0.2
      vertex 140.819 82.3047 0
      vertex 140.819 82.3047 0.2
    endloop
  endfacet
  facet normal 0.832366 0.554226 0
    outer loop
      vertex 140.819 82.3047 0
      vertex 140.873 82.2236 0.2
      vertex 140.873 82.2236 0
    endloop
  endfacet
  facet normal 0.980856 0.194736 0
    outer loop
      vertex 140.819 82.3047 0.2
      vertex 140.8 82.4004 0
      vertex 140.8 82.4004 0.2
    endloop
  endfacet
  facet normal 0.980856 0.194736 0
    outer loop
      vertex 140.8 82.4004 0
      vertex 140.819 82.3047 0.2
      vertex 140.819 82.3047 0
    endloop
  endfacet
  facet normal 1 -0 0
    outer loop
      vertex 140.8 82.4004 0.2
      vertex 140.8 82.9248 0
      vertex 140.8 82.9248 0.2
    endloop
  endfacet
  facet normal 1 0 0
    outer loop
      vertex 140.8 82.9248 0
      vertex 140.8 82.4004 0.2
      vertex 140.8 82.4004 0
    endloop
  endfacet
  facet normal 0.980856 -0.194736 0
    outer loop
      vertex 140.8 82.9248 0.2
      vertex 140.819 83.0205 0
      vertex 140.819 83.0205 0.2
    endloop
  endfacet
  facet normal 0.980856 -0.194736 0
    outer loop
      vertex 140.819 83.0205 0
      vertex 140.8 82.9248 0.2
      vertex 140.8 82.9248 0
    endloop
  endfacet
  facet normal 0.832366 -0.554226 0
    outer loop
      vertex 140.819 83.0205 0.2
      vertex 140.873 83.1016 0
      vertex 140.873 83.1016 0.2
    endloop
  endfacet
  facet normal 0.832366 -0.554226 0
    outer loop
      vertex 140.873 83.1016 0
      vertex 140.819 83.0205 0.2
      vertex 140.819 83.0205 0
    endloop
  endfacet
  facet normal 0.558945 -0.829205 0
    outer loop
      vertex 140.873 83.1016 0
      vertex 140.954 83.1562 0.2
      vertex 140.873 83.1016 0.2
    endloop
  endfacet
  facet normal 0.558945 -0.829205 0
    outer loop
      vertex 140.954 83.1562 0.2
      vertex 140.873 83.1016 0
      vertex 140.954 83.1562 0
    endloop
  endfacet
  facet normal 0.190213 -0.981743 0
    outer loop
      vertex 140.954 83.1562 0
      vertex 141.05 83.1748 0.2
      vertex 140.954 83.1562 0.2
    endloop
  endfacet
  facet normal 0.190213 -0.981743 0
    outer loop
      vertex 141.05 83.1748 0.2
      vertex 140.954 83.1562 0
      vertex 141.05 83.1748 0
    endloop
  endfacet
  facet normal 0 -1 0
    outer loop
      vertex 141.05 83.1748 0
      vertex 141.95 83.1748 0.2
      vertex 141.05 83.1748 0.2
    endloop
  endfacet
  facet normal 0 -1 -0
    outer loop
      vertex 141.95 83.1748 0.2
      vertex 141.05 83.1748 0
      vertex 141.95 83.1748 0
    endloop
  endfacet
  facet normal -0.190213 -0.981743 0
    outer loop
      vertex 141.95 83.1748 0
      vertex 142.046 83.1562 0.2
      vertex 141.95 83.1748 0.2
    endloop
  endfacet
  facet normal -0.190213 -0.981743 -0
    outer loop
      vertex 142.046 83.1562 0.2
      vertex 141.95 83.1748 0
      vertex 142.046 83.1562 0
    endloop
  endfacet
  facet normal -0.558945 -0.829205 0
    outer loop
      vertex 138.546 83.1562 0
      vertex 138.627 83.1016 0.2
      vertex 138.546 83.1562 0.2
    endloop
  endfacet
  facet normal -0.558945 -0.829205 -0
    outer loop
      vertex 138.627 83.1016 0.2
      vertex 138.546 83.1562 0
      vertex 138.627 83.1016 0
    endloop
  endfacet
  facet normal -0.832366 -0.554226 0
    outer loop
      vertex 138.681 83.0205 0
      vertex 138.627 83.1016 0.2
      vertex 138.627 83.1016 0
    endloop
  endfacet
  facet normal -0.832366 -0.554226 0
    outer loop
      vertex 138.627 83.1016 0.2
      vertex 138.681 83.0205 0
      vertex 138.681 83.0205 0.2
    endloop
  endfacet
  facet normal -0.980856 -0.194736 0
    outer loop
      vertex 138.7 82.9248 0
      vertex 138.681 83.0205 0.2
      vertex 138.681 83.0205 0
    endloop
  endfacet
  facet normal -0.980856 -0.194736 0
    outer loop
      vertex 138.681 83.0205 0.2
      vertex 138.7 82.9248 0
      vertex 138.7 82.9248 0.2
    endloop
  endfacet
  facet normal -1 0 0
    outer loop
      vertex 138.7 82.4004 0
      vertex 138.7 82.9248 0.2
      vertex 138.7 82.9248 0
    endloop
  endfacet
  facet normal -1 -0 0
    outer loop
      vertex 138.7 82.9248 0.2
      vertex 138.7 82.4004 0
      vertex 138.7 82.4004 0.2
    endloop
  endfacet
  facet normal -0.980856 0.194736 0
    outer loop
      vertex 138.681 82.3047 0
      vertex 138.7 82.4004 0.2
      vertex 138.7 82.4004 0
    endloop
  endfacet
  facet normal -0.980856 0.194736 0
    outer loop
      vertex 138.7 82.4004 0.2
      vertex 138.681 82.3047 0
      vertex 138.681 82.3047 0.2
    endloop
  endfacet
  facet normal -0.832366 0.554226 0
    outer loop
      vertex 138.627 82.2236 0
      vertex 138.681 82.3047 0.2
      vertex 138.681 82.3047 0
    endloop
  endfacet
  facet normal -0.832366 0.554226 0
    outer loop
      vertex 138.681 82.3047 0.2
      vertex 138.627 82.2236 0
      vertex 138.627 82.2236 0.2
    endloop
  endfacet
  facet normal -0.559649 0.82873 0
    outer loop
      vertex 138.627 82.2236 0
      vertex 138.546 82.1689 0.2
      vertex 138.627 82.2236 0.2
    endloop
  endfacet
  facet normal -0.559649 0.82873 0
    outer loop
      vertex 138.546 82.1689 0.2
      vertex 138.627 82.2236 0
      vertex 138.546 82.1689 0
    endloop
  endfacet
  facet normal -0.189227 0.981933 0
    outer loop
      vertex 138.546 82.1689 0
      vertex 138.45 82.1504 0.2
      vertex 138.546 82.1689 0.2
    endloop
  endfacet
  facet normal -0.189227 0.981933 0
    outer loop
      vertex 138.45 82.1504 0.2
      vertex 138.546 82.1689 0
      vertex 138.45 82.1504 0
    endloop
  endfacet
  facet normal 0 1 -0
    outer loop
      vertex 138.45 82.1504 0
      vertex 137.55 82.1504 0.2
      vertex 138.45 82.1504 0.2
    endloop
  endfacet
  facet normal 0 1 0
    outer loop
      vertex 137.55 82.1504 0.2
      vertex 138.45 82.1504 0
      vertex 137.55 82.1504 0
    endloop
  endfacet
  facet normal 0.189227 0.981933 -0
    outer loop
      vertex 137.55 82.1504 0
      vertex 137.454 82.1689 0.2
      vertex 137.55 82.1504 0.2
    endloop
  endfacet
  facet normal 0.189227 0.981933 0
    outer loop
      vertex 137.454 82.1689 0.2
      vertex 137.55 82.1504 0
      vertex 137.454 82.1689 0
    endloop
  endfacet
  facet normal 0.559649 0.82873 -0
    outer loop
      vertex 137.454 82.1689 0
      vertex 137.373 82.2236 0.2
      vertex 137.454 82.1689 0.2
    endloop
  endfacet
  facet normal 0.559649 0.82873 0
    outer loop
      vertex 137.373 82.2236 0.2
      vertex 137.454 82.1689 0
      vertex 137.373 82.2236 0
    endloop
  endfacet
  facet normal 0.832366 0.554226 0
    outer loop
      vertex 137.373 82.2236 0.2
      vertex 137.319 82.3047 0
      vertex 137.319 82.3047 0.2
    endloop
  endfacet
  facet normal 0.832366 0.554226 0
    outer loop
      vertex 137.319 82.3047 0
      vertex 137.373 82.2236 0.2
      vertex 137.373 82.2236 0
    endloop
  endfacet
  facet normal 0.980856 0.194736 0
    outer loop
      vertex 137.319 82.3047 0.2
      vertex 137.3 82.4004 0
      vertex 137.3 82.4004 0.2
    endloop
  endfacet
  facet normal 0.980856 0.194736 0
    outer loop
      vertex 137.3 82.4004 0
      vertex 137.319 82.3047 0.2
      vertex 137.319 82.3047 0
    endloop
  endfacet
  facet normal 1 -0 0
    outer loop
      vertex 137.3 82.4004 0.2
      vertex 137.3 82.9248 0
      vertex 137.3 82.9248 0.2
    endloop
  endfacet
  facet normal 1 0 0
    outer loop
      vertex 137.3 82.9248 0
      vertex 137.3 82.4004 0.2
      vertex 137.3 82.4004 0
    endloop
  endfacet
  facet normal 0.980856 -0.194736 0
    outer loop
      vertex 137.3 82.9248 0.2
      vertex 137.319 83.0205 0
      vertex 137.319 83.0205 0.2
    endloop
  endfacet
  facet normal 0.980856 -0.194736 0
    outer loop
      vertex 137.319 83.0205 0
      vertex 137.3 82.9248 0.2
      vertex 137.3 82.9248 0
    endloop
  endfacet
  facet normal 0.832366 -0.554226 0
    outer loop
      vertex 137.319 83.0205 0.2
      vertex 137.373 83.1016 0
      vertex 137.373 83.1016 0.2
    endloop
  endfacet
  facet normal 0.832366 -0.554226 0
    outer loop
      vertex 137.373 83.1016 0
      vertex 137.319 83.0205 0.2
      vertex 137.319 83.0205 0
    endloop
  endfacet
  facet normal 0.558945 -0.829205 0
    outer loop
      vertex 137.373 83.1016 0
      vertex 137.454 83.1562 0.2
      vertex 137.373 83.1016 0.2
    endloop
  endfacet
  facet normal 0.558945 -0.829205 0
    outer loop
      vertex 137.454 83.1562 0.2
      vertex 137.373 83.1016 0
      vertex 137.454 83.1562 0
    endloop
  endfacet
  facet normal 0.190213 -0.981743 0
    outer loop
      vertex 137.454 83.1562 0
      vertex 137.55 83.1748 0.2
      vertex 137.454 83.1562 0.2
    endloop
  endfacet
  facet normal 0.190213 -0.981743 0
    outer loop
      vertex 137.55 83.1748 0.2
      vertex 137.454 83.1562 0
      vertex 137.55 83.1748 0
    endloop
  endfacet
  facet normal 0 -1 0
    outer loop
      vertex 137.55 83.1748 0
      vertex 138.45 83.1748 0.2
      vertex 137.55 83.1748 0.2
    endloop
  endfacet
  facet normal 0 -1 -0
    outer loop
      vertex 138.45 83.1748 0.2
      vertex 137.55 83.1748 0
      vertex 138.45 83.1748 0
    endloop
  endfacet
  facet normal -0.190213 -0.981743 0
    outer loop
      vertex 138.45 83.1748 0
      vertex 138.546 83.1562 0.2
      vertex 138.45 83.1748 0.2
    endloop
  endfacet
  facet normal -0.190213 -0.981743 -0
    outer loop
      vertex 138.546 83.1562 0.2
      vertex 138.45 83.1748 0
      vertex 138.546 83.1562 0
    endloop
  endfacet
  facet normal -0.558945 -0.829205 0
    outer loop
      vertex 145.421 83.2812 0
      vertex 145.502 83.2266 0.2
      vertex 145.421 83.2812 0.2
    endloop
  endfacet
  facet normal -0.558945 -0.829205 -0
    outer loop
      vertex 145.502 83.2266 0.2
      vertex 145.421 83.2812 0
      vertex 145.502 83.2266 0
    endloop
  endfacet
  facet normal -0.832366 -0.554226 0
    outer loop
      vertex 145.556 83.1455 0
      vertex 145.502 83.2266 0.2
      vertex 145.502 83.2266 0
    endloop
  endfacet
  facet normal -0.832366 -0.554226 0
    outer loop
      vertex 145.502 83.2266 0.2
      vertex 145.556 83.1455 0
      vertex 145.556 83.1455 0.2
    endloop
  endfacet
  facet normal -0.980856 -0.194736 0
    outer loop
      vertex 145.575 83.0498 0
      vertex 145.556 83.1455 0.2
      vertex 145.556 83.1455 0
    endloop
  endfacet
  facet normal -0.980856 -0.194736 0
    outer loop
      vertex 145.556 83.1455 0.2
      vertex 145.575 83.0498 0
      vertex 145.575 83.0498 0.2
    endloop
  endfacet
  facet normal -1 0 0
    outer loop
      vertex 145.575 82.5498 0
      vertex 145.575 83.0498 0.2
      vertex 145.575 83.0498 0
    endloop
  endfacet
  facet normal -1 -0 0
    outer loop
      vertex 145.575 83.0498 0.2
      vertex 145.575 82.5498 0
      vertex 145.575 82.5498 0.2
    endloop
  endfacet
  facet normal -0.980856 0.194736 0
    outer loop
      vertex 145.556 82.4541 0
      vertex 145.575 82.5498 0.2
      vertex 145.575 82.5498 0
    endloop
  endfacet
  facet normal -0.980856 0.194736 0
    outer loop
      vertex 145.575 82.5498 0.2
      vertex 145.556 82.4541 0
      vertex 145.556 82.4541 0.2
    endloop
  endfacet
  facet normal -0.832366 0.554226 0
    outer loop
      vertex 145.502 82.373 0
      vertex 145.556 82.4541 0.2
      vertex 145.556 82.4541 0
    endloop
  endfacet
  facet normal -0.832366 0.554226 0
    outer loop
      vertex 145.556 82.4541 0.2
      vertex 145.502 82.373 0
      vertex 145.502 82.373 0.2
    endloop
  endfacet
  facet normal -0.552561 0.833472 0
    outer loop
      vertex 145.502 82.373 0
      vertex 145.421 82.3193 0.2
      vertex 145.502 82.373 0.2
    endloop
  endfacet
  facet normal -0.552561 0.833472 0
    outer loop
      vertex 145.421 82.3193 0.2
      vertex 145.502 82.373 0
      vertex 145.421 82.3193 0
    endloop
  endfacet
  facet normal -0.19906 0.979987 0
    outer loop
      vertex 145.421 82.3193 0
      vertex 145.325 82.2998 0.2
      vertex 145.421 82.3193 0.2
    endloop
  endfacet
  facet normal -0.19906 0.979987 0
    outer loop
      vertex 145.325 82.2998 0.2
      vertex 145.421 82.3193 0
      vertex 145.325 82.2998 0
    endloop
  endfacet
  facet normal 0 1 -0
    outer loop
      vertex 145.325 82.2998 0
      vertex 144.375 82.2998 0.2
      vertex 145.325 82.2998 0.2
    endloop
  endfacet
  facet normal 0 1 0
    outer loop
      vertex 144.375 82.2998 0.2
      vertex 145.325 82.2998 0
      vertex 144.375 82.2998 0
    endloop
  endfacet
  facet normal 0.19906 0.979987 -0
    outer loop
      vertex 144.375 82.2998 0
      vertex 144.279 82.3193 0.2
      vertex 144.375 82.2998 0.2
    endloop
  endfacet
  facet normal 0.19906 0.979987 0
    outer loop
      vertex 144.279 82.3193 0.2
      vertex 144.375 82.2998 0
      vertex 144.279 82.3193 0
    endloop
  endfacet
  facet normal 0.552561 0.833472 -0
    outer loop
      vertex 144.279 82.3193 0
      vertex 144.198 82.373 0.2
      vertex 144.279 82.3193 0.2
    endloop
  endfacet
  facet normal 0.552561 0.833472 0
    outer loop
      vertex 144.198 82.373 0.2
      vertex 144.279 82.3193 0
      vertex 144.198 82.373 0
    endloop
  endfacet
  facet normal 0.832366 0.554226 0
    outer loop
      vertex 144.198 82.373 0.2
      vertex 144.144 82.4541 0
      vertex 144.144 82.4541 0.2
    endloop
  endfacet
  facet normal 0.832366 0.554226 0
    outer loop
      vertex 144.144 82.4541 0
      vertex 144.198 82.373 0.2
      vertex 144.198 82.373 0
    endloop
  endfacet
  facet normal 0.980856 0.194736 0
    outer loop
      vertex 144.144 82.4541 0.2
      vertex 144.125 82.5498 0
      vertex 144.125 82.5498 0.2
    endloop
  endfacet
  facet normal 0.980856 0.194736 0
    outer loop
      vertex 144.125 82.5498 0
      vertex 144.144 82.4541 0.2
      vertex 144.144 82.4541 0
    endloop
  endfacet
  facet normal 1 -0 0
    outer loop
      vertex 144.125 82.5498 0.2
      vertex 144.125 83.0498 0
      vertex 144.125 83.0498 0.2
    endloop
  endfacet
  facet normal 1 0 0
    outer loop
      vertex 144.125 83.0498 0
      vertex 144.125 82.5498 0.2
      vertex 144.125 82.5498 0
    endloop
  endfacet
  facet normal 0.980856 -0.194736 0
    outer loop
      vertex 144.125 83.0498 0.2
      vertex 144.144 83.1455 0
      vertex 144.144 83.1455 0.2
    endloop
  endfacet
  facet normal 0.980856 -0.194736 0
    outer loop
      vertex 144.144 83.1455 0
      vertex 144.125 83.0498 0.2
      vertex 144.125 83.0498 0
    endloop
  endfacet
  facet normal 0.832366 -0.554226 0
    outer loop
      vertex 144.144 83.1455 0.2
      vertex 144.198 83.2266 0
      vertex 144.198 83.2266 0.2
    endloop
  endfacet
  facet normal 0.832366 -0.554226 0
    outer loop
      vertex 144.198 83.2266 0
      vertex 144.144 83.1455 0.2
      vertex 144.144 83.1455 0
    endloop
  endfacet
  facet normal 0.558945 -0.829205 0
    outer loop
      vertex 144.198 83.2266 0
      vertex 144.279 83.2812 0.2
      vertex 144.198 83.2266 0.2
    endloop
  endfacet
  facet normal 0.558945 -0.829205 0
    outer loop
      vertex 144.279 83.2812 0.2
      vertex 144.198 83.2266 0
      vertex 144.279 83.2812 0
    endloop
  endfacet
  facet normal 0.190213 -0.981743 0
    outer loop
      vertex 144.279 83.2812 0
      vertex 144.375 83.2998 0.2
      vertex 144.279 83.2812 0.2
    endloop
  endfacet
  facet normal 0.190213 -0.981743 0
    outer loop
      vertex 144.375 83.2998 0.2
      vertex 144.279 83.2812 0
      vertex 144.375 83.2998 0
    endloop
  endfacet
  facet normal 0 -1 0
    outer loop
      vertex 144.375 83.2998 0
      vertex 145.325 83.2998 0.2
      vertex 144.375 83.2998 0.2
    endloop
  endfacet
  facet normal 0 -1 -0
    outer loop
      vertex 145.325 83.2998 0.2
      vertex 144.375 83.2998 0
      vertex 145.325 83.2998 0
    endloop
  endfacet
  facet normal -0.190213 -0.981743 0
    outer loop
      vertex 145.325 83.2998 0
      vertex 145.421 83.2812 0.2
      vertex 145.325 83.2998 0.2
    endloop
  endfacet
  facet normal -0.190213 -0.981743 -0
    outer loop
      vertex 145.421 83.2812 0.2
      vertex 145.325 83.2998 0
      vertex 145.421 83.2812 0
    endloop
  endfacet
  facet normal -0.552561 -0.833472 0
    outer loop
      vertex 149.421 84.6807 0
      vertex 149.502 84.627 0.2
      vertex 149.421 84.6807 0.2
    endloop
  endfacet
  facet normal -0.552561 -0.833472 -0
    outer loop
      vertex 149.502 84.627 0.2
      vertex 149.421 84.6807 0
      vertex 149.502 84.627 0
    endloop
  endfacet
  facet normal -0.832366 -0.554226 0
    outer loop
      vertex 149.556 84.5459 0
      vertex 149.502 84.627 0.2
      vertex 149.502 84.627 0
    endloop
  endfacet
  facet normal -0.832366 -0.554226 0
    outer loop
      vertex 149.502 84.627 0.2
      vertex 149.556 84.5459 0
      vertex 149.556 84.5459 0.2
    endloop
  endfacet
  facet normal -0.980856 -0.194736 0
    outer loop
      vertex 149.575 84.4502 0
      vertex 149.556 84.5459 0.2
      vertex 149.556 84.5459 0
    endloop
  endfacet
  facet normal -0.980856 -0.194736 0
    outer loop
      vertex 149.556 84.5459 0.2
      vertex 149.575 84.4502 0
      vertex 149.575 84.4502 0.2
    endloop
  endfacet
  facet normal -1 0 0
    outer loop
      vertex 149.575 83.9502 0
      vertex 149.575 84.4502 0.2
      vertex 149.575 84.4502 0
    endloop
  endfacet
  facet normal -1 -0 0
    outer loop
      vertex 149.575 84.4502 0.2
      vertex 149.575 83.9502 0
      vertex 149.575 83.9502 0.2
    endloop
  endfacet
  facet normal -0.980856 0.194736 0
    outer loop
      vertex 149.556 83.8545 0
      vertex 149.575 83.9502 0.2
      vertex 149.575 83.9502 0
    endloop
  endfacet
  facet normal -0.980856 0.194736 0
    outer loop
      vertex 149.575 83.9502 0.2
      vertex 149.556 83.8545 0
      vertex 149.556 83.8545 0.2
    endloop
  endfacet
  facet normal -0.832366 0.554226 0
    outer loop
      vertex 149.502 83.7734 0
      vertex 149.556 83.8545 0.2
      vertex 149.556 83.8545 0
    endloop
  endfacet
  facet normal -0.832366 0.554226 0
    outer loop
      vertex 149.556 83.8545 0.2
      vertex 149.502 83.7734 0
      vertex 149.502 83.7734 0.2
    endloop
  endfacet
  facet normal -0.558945 0.829205 0
    outer loop
      vertex 149.502 83.7734 0
      vertex 149.421 83.7188 0.2
      vertex 149.502 83.7734 0.2
    endloop
  endfacet
  facet normal -0.558945 0.829205 0
    outer loop
      vertex 149.421 83.7188 0.2
      vertex 149.502 83.7734 0
      vertex 149.421 83.7188 0
    endloop
  endfacet
  facet normal -0.190213 0.981743 0
    outer loop
      vertex 149.421 83.7188 0
      vertex 149.325 83.7002 0.2
      vertex 149.421 83.7188 0.2
    endloop
  endfacet
  facet normal -0.190213 0.981743 0
    outer loop
      vertex 149.325 83.7002 0.2
      vertex 149.421 83.7188 0
      vertex 149.325 83.7002 0
    endloop
  endfacet
  facet normal 0 1 -0
    outer loop
      vertex 149.325 83.7002 0
      vertex 148.375 83.7002 0.2
      vertex 149.325 83.7002 0.2
    endloop
  endfacet
  facet normal 0 1 0
    outer loop
      vertex 148.375 83.7002 0.2
      vertex 149.325 83.7002 0
      vertex 148.375 83.7002 0
    endloop
  endfacet
  facet normal 0.190213 0.981743 -0
    outer loop
      vertex 148.375 83.7002 0
      vertex 148.279 83.7188 0.2
      vertex 148.375 83.7002 0.2
    endloop
  endfacet
  facet normal 0.190213 0.981743 0
    outer loop
      vertex 148.279 83.7188 0.2
      vertex 148.375 83.7002 0
      vertex 148.279 83.7188 0
    endloop
  endfacet
  facet normal 0.558945 0.829205 -0
    outer loop
      vertex 148.279 83.7188 0
      vertex 148.198 83.7734 0.2
      vertex 148.279 83.7188 0.2
    endloop
  endfacet
  facet normal 0.558945 0.829205 0
    outer loop
      vertex 148.198 83.7734 0.2
      vertex 148.279 83.7188 0
      vertex 148.198 83.7734 0
    endloop
  endfacet
  facet normal 0.832366 0.554226 0
    outer loop
      vertex 148.198 83.7734 0.2
      vertex 148.144 83.8545 0
      vertex 148.144 83.8545 0.2
    endloop
  endfacet
  facet normal 0.832366 0.554226 0
    outer loop
      vertex 148.144 83.8545 0
      vertex 148.198 83.7734 0.2
      vertex 148.198 83.7734 0
    endloop
  endfacet
  facet normal 0.980856 0.194736 0
    outer loop
      vertex 148.144 83.8545 0.2
      vertex 148.125 83.9502 0
      vertex 148.125 83.9502 0.2
    endloop
  endfacet
  facet normal 0.980856 0.194736 0
    outer loop
      vertex 148.125 83.9502 0
      vertex 148.144 83.8545 0.2
      vertex 148.144 83.8545 0
    endloop
  endfacet
  facet normal 1 -0 0
    outer loop
      vertex 148.125 83.9502 0.2
      vertex 148.125 84.4502 0
      vertex 148.125 84.4502 0.2
    endloop
  endfacet
  facet normal 1 0 0
    outer loop
      vertex 148.125 84.4502 0
      vertex 148.125 83.9502 0.2
      vertex 148.125 83.9502 0
    endloop
  endfacet
  facet normal 0.980856 -0.194736 0
    outer loop
      vertex 148.125 84.4502 0.2
      vertex 148.144 84.5459 0
      vertex 148.144 84.5459 0.2
    endloop
  endfacet
  facet normal 0.980856 -0.194736 0
    outer loop
      vertex 148.144 84.5459 0
      vertex 148.125 84.4502 0.2
      vertex 148.125 84.4502 0
    endloop
  endfacet
  facet normal 0.832366 -0.554226 0
    outer loop
      vertex 148.144 84.5459 0.2
      vertex 148.198 84.627 0
      vertex 148.198 84.627 0.2
    endloop
  endfacet
  facet normal 0.832366 -0.554226 0
    outer loop
      vertex 148.198 84.627 0
      vertex 148.144 84.5459 0.2
      vertex 148.144 84.5459 0
    endloop
  endfacet
  facet normal 0.552561 -0.833472 0
    outer loop
      vertex 148.198 84.627 0
      vertex 148.279 84.6807 0.2
      vertex 148.198 84.627 0.2
    endloop
  endfacet
  facet normal 0.552561 -0.833472 0
    outer loop
      vertex 148.279 84.6807 0.2
      vertex 148.198 84.627 0
      vertex 148.279 84.6807 0
    endloop
  endfacet
  facet normal 0.19906 -0.979987 0
    outer loop
      vertex 148.279 84.6807 0
      vertex 148.375 84.7002 0.2
      vertex 148.279 84.6807 0.2
    endloop
  endfacet
  facet normal 0.19906 -0.979987 0
    outer loop
      vertex 148.375 84.7002 0.2
      vertex 148.279 84.6807 0
      vertex 148.375 84.7002 0
    endloop
  endfacet
  facet normal 0 -1 0
    outer loop
      vertex 148.375 84.7002 0
      vertex 149.325 84.7002 0.2
      vertex 148.375 84.7002 0.2
    endloop
  endfacet
  facet normal 0 -1 -0
    outer loop
      vertex 149.325 84.7002 0.2
      vertex 148.375 84.7002 0
      vertex 149.325 84.7002 0
    endloop
  endfacet
  facet normal -0.19906 -0.979987 0
    outer loop
      vertex 149.325 84.7002 0
      vertex 149.421 84.6807 0.2
      vertex 149.325 84.7002 0.2
    endloop
  endfacet
  facet normal -0.19906 -0.979987 -0
    outer loop
      vertex 149.421 84.6807 0.2
      vertex 149.325 84.7002 0
      vertex 149.421 84.6807 0
    endloop
  endfacet
  facet normal -0.552561 -0.833472 0
    outer loop
      vertex 142.746 85.6807 0
      vertex 142.827 85.627 0.2
      vertex 142.746 85.6807 0.2
    endloop
  endfacet
  facet normal -0.552561 -0.833472 -0
    outer loop
      vertex 142.827 85.627 0.2
      vertex 142.746 85.6807 0
      vertex 142.827 85.627 0
    endloop
  endfacet
  facet normal -0.832366 -0.554226 0
    outer loop
      vertex 142.881 85.5459 0
      vertex 142.827 85.627 0.2
      vertex 142.827 85.627 0
    endloop
  endfacet
  facet normal -0.832366 -0.554226 0
    outer loop
      vertex 142.827 85.627 0.2
      vertex 142.881 85.5459 0
      vertex 142.881 85.5459 0.2
    endloop
  endfacet
  facet normal -0.980856 -0.194736 0
    outer loop
      vertex 142.9 85.4502 0
      vertex 142.881 85.5459 0.2
      vertex 142.881 85.5459 0
    endloop
  endfacet
  facet normal -0.980856 -0.194736 0
    outer loop
      vertex 142.881 85.5459 0.2
      vertex 142.9 85.4502 0
      vertex 142.9 85.4502 0.2
    endloop
  endfacet
  facet normal -1 0 0
    outer loop
      vertex 142.9 84.9248 0
      vertex 142.9 85.4502 0.2
      vertex 142.9 85.4502 0
    endloop
  endfacet
  facet normal -1 -0 0
    outer loop
      vertex 142.9 85.4502 0.2
      vertex 142.9 84.9248 0
      vertex 142.9 84.9248 0.2
    endloop
  endfacet
  facet normal -0.980856 0.194736 0
    outer loop
      vertex 142.881 84.8291 0
      vertex 142.9 84.9248 0.2
      vertex 142.9 84.9248 0
    endloop
  endfacet
  facet normal -0.980856 0.194736 0
    outer loop
      vertex 142.9 84.9248 0.2
      vertex 142.881 84.8291 0
      vertex 142.881 84.8291 0.2
    endloop
  endfacet
  facet normal -0.832366 0.554226 0
    outer loop
      vertex 142.827 84.748 0
      vertex 142.881 84.8291 0.2
      vertex 142.881 84.8291 0
    endloop
  endfacet
  facet normal -0.832366 0.554226 0
    outer loop
      vertex 142.881 84.8291 0.2
      vertex 142.827 84.748 0
      vertex 142.827 84.748 0.2
    endloop
  endfacet
  facet normal -0.552561 0.833472 0
    outer loop
      vertex 142.827 84.748 0
      vertex 142.746 84.6943 0.2
      vertex 142.827 84.748 0.2
    endloop
  endfacet
  facet normal -0.552561 0.833472 0
    outer loop
      vertex 142.746 84.6943 0.2
      vertex 142.827 84.748 0
      vertex 142.746 84.6943 0
    endloop
  endfacet
  facet normal -0.19906 0.979987 0
    outer loop
      vertex 142.746 84.6943 0
      vertex 142.65 84.6748 0.2
      vertex 142.746 84.6943 0.2
    endloop
  endfacet
  facet normal -0.19906 0.979987 0
    outer loop
      vertex 142.65 84.6748 0.2
      vertex 142.746 84.6943 0
      vertex 142.65 84.6748 0
    endloop
  endfacet
  facet normal 0 1 -0
    outer loop
      vertex 142.65 84.6748 0
      vertex 141.75 84.6748 0.2
      vertex 142.65 84.6748 0.2
    endloop
  endfacet
  facet normal 0 1 0
    outer loop
      vertex 141.75 84.6748 0.2
      vertex 142.65 84.6748 0
      vertex 141.75 84.6748 0
    endloop
  endfacet
  facet normal 0.19906 0.979987 -0
    outer loop
      vertex 141.75 84.6748 0
      vertex 141.654 84.6943 0.2
      vertex 141.75 84.6748 0.2
    endloop
  endfacet
  facet normal 0.19906 0.979987 0
    outer loop
      vertex 141.654 84.6943 0.2
      vertex 141.75 84.6748 0
      vertex 141.654 84.6943 0
    endloop
  endfacet
  facet normal 0.552561 0.833472 -0
    outer loop
      vertex 141.654 84.6943 0
      vertex 141.573 84.748 0.2
      vertex 141.654 84.6943 0.2
    endloop
  endfacet
  facet normal 0.552561 0.833472 0
    outer loop
      vertex 141.573 84.748 0.2
      vertex 141.654 84.6943 0
      vertex 141.573 84.748 0
    endloop
  endfacet
  facet normal 0.832366 0.554226 0
    outer loop
      vertex 141.573 84.748 0.2
      vertex 141.519 84.8291 0
      vertex 141.519 84.8291 0.2
    endloop
  endfacet
  facet normal 0.832366 0.554226 0
    outer loop
      vertex 141.519 84.8291 0
      vertex 141.573 84.748 0.2
      vertex 141.573 84.748 0
    endloop
  endfacet
  facet normal 0.980856 0.194736 0
    outer loop
      vertex 141.519 84.8291 0.2
      vertex 141.5 84.9248 0
      vertex 141.5 84.9248 0.2
    endloop
  endfacet
  facet normal 0.980856 0.194736 0
    outer loop
      vertex 141.5 84.9248 0
      vertex 141.519 84.8291 0.2
      vertex 141.519 84.8291 0
    endloop
  endfacet
  facet normal 1 -0 0
    outer loop
      vertex 141.5 84.9248 0.2
      vertex 141.5 85.4502 0
      vertex 141.5 85.4502 0.2
    endloop
  endfacet
  facet normal 1 0 0
    outer loop
      vertex 141.5 85.4502 0
      vertex 141.5 84.9248 0.2
      vertex 141.5 84.9248 0
    endloop
  endfacet
  facet normal 0.980856 -0.194736 0
    outer loop
      vertex 141.5 85.4502 0.2
      vertex 141.519 85.5459 0
      vertex 141.519 85.5459 0.2
    endloop
  endfacet
  facet normal 0.980856 -0.194736 0
    outer loop
      vertex 141.519 85.5459 0
      vertex 141.5 85.4502 0.2
      vertex 141.5 85.4502 0
    endloop
  endfacet
  facet normal 0.832366 -0.554226 0
    outer loop
      vertex 141.519 85.5459 0.2
      vertex 141.573 85.627 0
      vertex 141.573 85.627 0.2
    endloop
  endfacet
  facet normal 0.832366 -0.554226 0
    outer loop
      vertex 141.573 85.627 0
      vertex 141.519 85.5459 0.2
      vertex 141.519 85.5459 0
    endloop
  endfacet
  facet normal 0.552561 -0.833472 0
    outer loop
      vertex 141.573 85.627 0
      vertex 141.654 85.6807 0.2
      vertex 141.573 85.627 0.2
    endloop
  endfacet
  facet normal 0.552561 -0.833472 0
    outer loop
      vertex 141.654 85.6807 0.2
      vertex 141.573 85.627 0
      vertex 141.654 85.6807 0
    endloop
  endfacet
  facet normal 0.19906 -0.979987 0
    outer loop
      vertex 141.654 85.6807 0
      vertex 141.75 85.7002 0.2
      vertex 141.654 85.6807 0.2
    endloop
  endfacet
  facet normal 0.19906 -0.979987 0
    outer loop
      vertex 141.75 85.7002 0.2
      vertex 141.654 85.6807 0
      vertex 141.75 85.7002 0
    endloop
  endfacet
  facet normal 0 -1 0
    outer loop
      vertex 141.75 85.7002 0
      vertex 142.65 85.7002 0.2
      vertex 141.75 85.7002 0.2
    endloop
  endfacet
  facet normal 0 -1 -0
    outer loop
      vertex 142.65 85.7002 0.2
      vertex 141.75 85.7002 0
      vertex 142.65 85.7002 0
    endloop
  endfacet
  facet normal -0.19906 -0.979987 0
    outer loop
      vertex 142.65 85.7002 0
      vertex 142.746 85.6807 0.2
      vertex 142.65 85.7002 0.2
    endloop
  endfacet
  facet normal -0.19906 -0.979987 -0
    outer loop
      vertex 142.746 85.6807 0.2
      vertex 142.65 85.7002 0
      vertex 142.746 85.6807 0
    endloop
  endfacet
  facet normal -0.5547 -0.83205 0
    outer loop
      vertex 139.576 86.585 0
      vertex 139.642 86.541 0.2
      vertex 139.576 86.585 0.2
    endloop
  endfacet
  facet normal -0.5547 -0.83205 -0
    outer loop
      vertex 139.642 86.541 0.2
      vertex 139.576 86.585 0
      vertex 139.642 86.541 0
    endloop
  endfacet
  facet normal -0.831653 -0.555296 0
    outer loop
      vertex 139.685 86.4766 0
      vertex 139.642 86.541 0.2
      vertex 139.642 86.541 0
    endloop
  endfacet
  facet normal -0.831653 -0.555296 0
    outer loop
      vertex 139.642 86.541 0.2
      vertex 139.685 86.4766 0
      vertex 139.685 86.4766 0.2
    endloop
  endfacet
  facet normal -0.98117 -0.193144 0
    outer loop
      vertex 139.7 86.4004 0
      vertex 139.685 86.4766 0.2
      vertex 139.685 86.4766 0
    endloop
  endfacet
  facet normal -0.98117 -0.193144 0
    outer loop
      vertex 139.685 86.4766 0.2
      vertex 139.7 86.4004 0
      vertex 139.7 86.4004 0.2
    endloop
  endfacet
  facet normal -1 0 0
    outer loop
      vertex 139.7 84.9004 0
      vertex 139.7 86.4004 0.2
      vertex 139.7 86.4004 0
    endloop
  endfacet
  facet normal -1 -0 0
    outer loop
      vertex 139.7 86.4004 0.2
      vertex 139.7 84.9004 0
      vertex 139.7 84.9004 0.2
    endloop
  endfacet
  facet normal -0.981642 0.190734 0
    outer loop
      vertex 139.685 84.8232 0
      vertex 139.7 84.9004 0.2
      vertex 139.7 84.9004 0
    endloop
  endfacet
  facet normal -0.981642 0.190734 0
    outer loop
      vertex 139.7 84.9004 0.2
      vertex 139.685 84.8232 0
      vertex 139.685 84.8232 0.2
    endloop
  endfacet
  facet normal -0.831653 0.555296 0
    outer loop
      vertex 139.642 84.7588 0
      vertex 139.685 84.8232 0.2
      vertex 139.685 84.8232 0
    endloop
  endfacet
  facet normal -0.831653 0.555296 0
    outer loop
      vertex 139.685 84.8232 0.2
      vertex 139.642 84.7588 0
      vertex 139.642 84.7588 0.2
    endloop
  endfacet
  facet normal -0.5547 0.83205 0
    outer loop
      vertex 139.642 84.7588 0
      vertex 139.576 84.7148 0.2
      vertex 139.642 84.7588 0.2
    endloop
  endfacet
  facet normal -0.5547 0.83205 0
    outer loop
      vertex 139.576 84.7148 0.2
      vertex 139.642 84.7588 0
      vertex 139.576 84.7148 0
    endloop
  endfacet
  facet normal -0.188656 0.982043 0
    outer loop
      vertex 139.576 84.7148 0
      vertex 139.5 84.7002 0.2
      vertex 139.576 84.7148 0.2
    endloop
  endfacet
  facet normal -0.188656 0.982043 0
    outer loop
      vertex 139.5 84.7002 0.2
      vertex 139.576 84.7148 0
      vertex 139.5 84.7002 0
    endloop
  endfacet
  facet normal 0 1 -0
    outer loop
      vertex 139.5 84.7002 0
      vertex 139.1 84.7002 0.2
      vertex 139.5 84.7002 0.2
    endloop
  endfacet
  facet normal 0 1 0
    outer loop
      vertex 139.1 84.7002 0.2
      vertex 139.5 84.7002 0
      vertex 139.1 84.7002 0
    endloop
  endfacet
  facet normal 0.186291 0.982495 -0
    outer loop
      vertex 139.1 84.7002 0
      vertex 139.023 84.7148 0.2
      vertex 139.1 84.7002 0.2
    endloop
  endfacet
  facet normal 0.186291 0.982495 0
    outer loop
      vertex 139.023 84.7148 0.2
      vertex 139.1 84.7002 0
      vertex 139.023 84.7148 0
    endloop
  endfacet
  facet normal 0.566529 0.824042 -0
    outer loop
      vertex 139.023 84.7148 0
      vertex 138.959 84.7588 0.2
      vertex 139.023 84.7148 0.2
    endloop
  endfacet
  facet normal 0.566529 0.824042 0
    outer loop
      vertex 138.959 84.7588 0.2
      vertex 139.023 84.7148 0
      vertex 138.959 84.7588 0
    endloop
  endfacet
  facet normal 0.825684 0.564132 0
    outer loop
      vertex 138.959 84.7588 0.2
      vertex 138.915 84.8232 0
      vertex 138.915 84.8232 0.2
    endloop
  endfacet
  facet normal 0.825684 0.564132 0
    outer loop
      vertex 138.915 84.8232 0
      vertex 138.959 84.7588 0.2
      vertex 138.959 84.7588 0
    endloop
  endfacet
  facet normal 0.981642 0.190734 0
    outer loop
      vertex 138.915 84.8232 0.2
      vertex 138.9 84.9004 0
      vertex 138.9 84.9004 0.2
    endloop
  endfacet
  facet normal 0.981642 0.190734 0
    outer loop
      vertex 138.9 84.9004 0
      vertex 138.915 84.8232 0.2
      vertex 138.915 84.8232 0
    endloop
  endfacet
  facet normal 1 -0 0
    outer loop
      vertex 138.9 84.9004 0.2
      vertex 138.9 86.4004 0
      vertex 138.9 86.4004 0.2
    endloop
  endfacet
  facet normal 1 0 0
    outer loop
      vertex 138.9 86.4004 0
      vertex 138.9 84.9004 0.2
      vertex 138.9 84.9004 0
    endloop
  endfacet
  facet normal 0.98117 -0.193144 0
    outer loop
      vertex 138.9 86.4004 0.2
      vertex 138.915 86.4766 0
      vertex 138.915 86.4766 0.2
    endloop
  endfacet
  facet normal 0.98117 -0.193144 0
    outer loop
      vertex 138.915 86.4766 0
      vertex 138.9 86.4004 0.2
      vertex 138.9 86.4004 0
    endloop
  endfacet
  facet normal 0.825684 -0.564132 0
    outer loop
      vertex 138.915 86.4766 0.2
      vertex 138.959 86.541 0
      vertex 138.959 86.541 0.2
    endloop
  endfacet
  facet normal 0.825684 -0.564132 0
    outer loop
      vertex 138.959 86.541 0
      vertex 138.915 86.4766 0.2
      vertex 138.915 86.4766 0
    endloop
  endfacet
  facet normal 0.566529 -0.824042 0
    outer loop
      vertex 138.959 86.541 0
      vertex 139.023 86.585 0.2
      vertex 138.959 86.541 0.2
    endloop
  endfacet
  facet normal 0.566529 -0.824042 0
    outer loop
      vertex 139.023 86.585 0.2
      vertex 138.959 86.541 0
      vertex 139.023 86.585 0
    endloop
  endfacet
  facet normal 0.186291 -0.982495 0
    outer loop
      vertex 139.023 86.585 0
      vertex 139.1 86.5996 0.2
      vertex 139.023 86.585 0.2
    endloop
  endfacet
  facet normal 0.186291 -0.982495 0
    outer loop
      vertex 139.1 86.5996 0.2
      vertex 139.023 86.585 0
      vertex 139.1 86.5996 0
    endloop
  endfacet
  facet normal 0 -1 0
    outer loop
      vertex 139.1 86.5996 0
      vertex 139.5 86.5996 0.2
      vertex 139.1 86.5996 0.2
    endloop
  endfacet
  facet normal 0 -1 -0
    outer loop
      vertex 139.5 86.5996 0.2
      vertex 139.1 86.5996 0
      vertex 139.5 86.5996 0
    endloop
  endfacet
  facet normal -0.188656 -0.982043 0
    outer loop
      vertex 139.5 86.5996 0
      vertex 139.576 86.585 0.2
      vertex 139.5 86.5996 0.2
    endloop
  endfacet
  facet normal -0.188656 -0.982043 -0
    outer loop
      vertex 139.576 86.585 0.2
      vertex 139.5 86.5996 0
      vertex 139.576 86.585 0
    endloop
  endfacet
  facet normal -0.5547 -0.83205 0
    outer loop
      vertex 135.776 86.585 0
      vertex 135.842 86.541 0.2
      vertex 135.776 86.585 0.2
    endloop
  endfacet
  facet normal -0.5547 -0.83205 -0
    outer loop
      vertex 135.842 86.541 0.2
      vertex 135.776 86.585 0
      vertex 135.842 86.541 0
    endloop
  endfacet
  facet normal -0.831653 -0.555296 0
    outer loop
      vertex 135.885 86.4766 0
      vertex 135.842 86.541 0.2
      vertex 135.842 86.541 0
    endloop
  endfacet
  facet normal -0.831653 -0.555296 0
    outer loop
      vertex 135.842 86.541 0.2
      vertex 135.885 86.4766 0
      vertex 135.885 86.4766 0.2
    endloop
  endfacet
  facet normal -0.98117 -0.193144 0
    outer loop
      vertex 135.9 86.4004 0
      vertex 135.885 86.4766 0.2
      vertex 135.885 86.4766 0
    endloop
  endfacet
  facet normal -0.98117 -0.193144 0
    outer loop
      vertex 135.885 86.4766 0.2
      vertex 135.9 86.4004 0
      vertex 135.9 86.4004 0.2
    endloop
  endfacet
  facet normal -1 0 0
    outer loop
      vertex 135.9 84.9004 0
      vertex 135.9 86.4004 0.2
      vertex 135.9 86.4004 0
    endloop
  endfacet
  facet normal -1 -0 0
    outer loop
      vertex 135.9 86.4004 0.2
      vertex 135.9 84.9004 0
      vertex 135.9 84.9004 0.2
    endloop
  endfacet
  facet normal -0.981642 0.190734 0
    outer loop
      vertex 135.885 84.8232 0
      vertex 135.9 84.9004 0.2
      vertex 135.9 84.9004 0
    endloop
  endfacet
  facet normal -0.981642 0.190734 0
    outer loop
      vertex 135.9 84.9004 0.2
      vertex 135.885 84.8232 0
      vertex 135.885 84.8232 0.2
    endloop
  endfacet
  facet normal -0.831653 0.555296 0
    outer loop
      vertex 135.842 84.7588 0
      vertex 135.885 84.8232 0.2
      vertex 135.885 84.8232 0
    endloop
  endfacet
  facet normal -0.831653 0.555296 0
    outer loop
      vertex 135.885 84.8232 0.2
      vertex 135.842 84.7588 0
      vertex 135.842 84.7588 0.2
    endloop
  endfacet
  facet normal -0.5547 0.83205 0
    outer loop
      vertex 135.842 84.7588 0
      vertex 135.776 84.7148 0.2
      vertex 135.842 84.7588 0.2
    endloop
  endfacet
  facet normal -0.5547 0.83205 0
    outer loop
      vertex 135.776 84.7148 0.2
      vertex 135.842 84.7588 0
      vertex 135.776 84.7148 0
    endloop
  endfacet
  facet normal -0.188656 0.982043 0
    outer loop
      vertex 135.776 84.7148 0
      vertex 135.7 84.7002 0.2
      vertex 135.776 84.7148 0.2
    endloop
  endfacet
  facet normal -0.188656 0.982043 0
    outer loop
      vertex 135.7 84.7002 0.2
      vertex 135.776 84.7148 0
      vertex 135.7 84.7002 0
    endloop
  endfacet
  facet normal 0 1 -0
    outer loop
      vertex 135.7 84.7002 0
      vertex 135.3 84.7002 0.2
      vertex 135.7 84.7002 0.2
    endloop
  endfacet
  facet normal 0 1 0
    outer loop
      vertex 135.3 84.7002 0.2
      vertex 135.7 84.7002 0
      vertex 135.3 84.7002 0
    endloop
  endfacet
  facet normal 0.188656 0.982043 -0
    outer loop
      vertex 135.3 84.7002 0
      vertex 135.224 84.7148 0.2
      vertex 135.3 84.7002 0.2
    endloop
  endfacet
  facet normal 0.188656 0.982043 0
    outer loop
      vertex 135.224 84.7148 0.2
      vertex 135.3 84.7002 0
      vertex 135.224 84.7148 0
    endloop
  endfacet
  facet normal 0.5547 0.83205 -0
    outer loop
      vertex 135.224 84.7148 0
      vertex 135.158 84.7588 0.2
      vertex 135.224 84.7148 0.2
    endloop
  endfacet
  facet normal 0.5547 0.83205 0
    outer loop
      vertex 135.158 84.7588 0.2
      vertex 135.224 84.7148 0
      vertex 135.158 84.7588 0
    endloop
  endfacet
  facet normal 0.831653 0.555296 0
    outer loop
      vertex 135.158 84.7588 0.2
      vertex 135.115 84.8232 0
      vertex 135.115 84.8232 0.2
    endloop
  endfacet
  facet normal 0.831653 0.555296 0
    outer loop
      vertex 135.115 84.8232 0
      vertex 135.158 84.7588 0.2
      vertex 135.158 84.7588 0
    endloop
  endfacet
  facet normal 0.981642 0.190734 0
    outer loop
      vertex 135.115 84.8232 0.2
      vertex 135.1 84.9004 0
      vertex 135.1 84.9004 0.2
    endloop
  endfacet
  facet normal 0.981642 0.190734 0
    outer loop
      vertex 135.1 84.9004 0
      vertex 135.115 84.8232 0.2
      vertex 135.115 84.8232 0
    endloop
  endfacet
  facet normal 1 -0 0
    outer loop
      vertex 135.1 84.9004 0.2
      vertex 135.1 86.4004 0
      vertex 135.1 86.4004 0.2
    endloop
  endfacet
  facet normal 1 0 0
    outer loop
      vertex 135.1 86.4004 0
      vertex 135.1 84.9004 0.2
      vertex 135.1 84.9004 0
    endloop
  endfacet
  facet normal 0.98117 -0.193144 0
    outer loop
      vertex 135.1 86.4004 0.2
      vertex 135.115 86.4766 0
      vertex 135.115 86.4766 0.2
    endloop
  endfacet
  facet normal 0.98117 -0.193144 0
    outer loop
      vertex 135.115 86.4766 0
      vertex 135.1 86.4004 0.2
      vertex 135.1 86.4004 0
    endloop
  endfacet
  facet normal 0.831653 -0.555296 0
    outer loop
      vertex 135.115 86.4766 0.2
      vertex 135.158 86.541 0
      vertex 135.158 86.541 0.2
    endloop
  endfacet
  facet normal 0.831653 -0.555296 0
    outer loop
      vertex 135.158 86.541 0
      vertex 135.115 86.4766 0.2
      vertex 135.115 86.4766 0
    endloop
  endfacet
  facet normal 0.5547 -0.83205 0
    outer loop
      vertex 135.158 86.541 0
      vertex 135.224 86.585 0.2
      vertex 135.158 86.541 0.2
    endloop
  endfacet
  facet normal 0.5547 -0.83205 0
    outer loop
      vertex 135.224 86.585 0.2
      vertex 135.158 86.541 0
      vertex 135.224 86.585 0
    endloop
  endfacet
  facet normal 0.188656 -0.982043 0
    outer loop
      vertex 135.224 86.585 0
      vertex 135.3 86.5996 0.2
      vertex 135.224 86.585 0.2
    endloop
  endfacet
  facet normal 0.188656 -0.982043 0
    outer loop
      vertex 135.3 86.5996 0.2
      vertex 135.224 86.585 0
      vertex 135.3 86.5996 0
    endloop
  endfacet
  facet normal 0 -1 0
    outer loop
      vertex 135.3 86.5996 0
      vertex 135.7 86.5996 0.2
      vertex 135.3 86.5996 0.2
    endloop
  endfacet
  facet normal 0 -1 -0
    outer loop
      vertex 135.7 86.5996 0.2
      vertex 135.3 86.5996 0
      vertex 135.7 86.5996 0
    endloop
  endfacet
  facet normal -0.188656 -0.982043 0
    outer loop
      vertex 135.7 86.5996 0
      vertex 135.776 86.585 0.2
      vertex 135.7 86.5996 0.2
    endloop
  endfacet
  facet normal -0.188656 -0.982043 -0
    outer loop
      vertex 135.776 86.585 0.2
      vertex 135.7 86.5996 0
      vertex 135.776 86.585 0
    endloop
  endfacet
  facet normal -0.559649 -0.82873 0
    outer loop
      vertex 149.421 86.5811 0
      vertex 149.502 86.5264 0.2
      vertex 149.421 86.5811 0.2
    endloop
  endfacet
  facet normal -0.559649 -0.82873 -0
    outer loop
      vertex 149.502 86.5264 0.2
      vertex 149.421 86.5811 0
      vertex 149.502 86.5264 0
    endloop
  endfacet
  facet normal -0.832366 -0.554226 0
    outer loop
      vertex 149.556 86.4453 0
      vertex 149.502 86.5264 0.2
      vertex 149.502 86.5264 0
    endloop
  endfacet
  facet normal -0.832366 -0.554226 0
    outer loop
      vertex 149.502 86.5264 0.2
      vertex 149.556 86.4453 0
      vertex 149.556 86.4453 0.2
    endloop
  endfacet
  facet normal -0.980856 -0.194736 0
    outer loop
      vertex 149.575 86.3496 0
      vertex 149.556 86.4453 0.2
      vertex 149.556 86.4453 0
    endloop
  endfacet
  facet normal -0.980856 -0.194736 0
    outer loop
      vertex 149.556 86.4453 0.2
      vertex 149.575 86.3496 0
      vertex 149.575 86.3496 0.2
    endloop
  endfacet
  facet normal -1 0 0
    outer loop
      vertex 149.575 85.8496 0
      vertex 149.575 86.3496 0.2
      vertex 149.575 86.3496 0
    endloop
  endfacet
  facet normal -1 -0 0
    outer loop
      vertex 149.575 86.3496 0.2
      vertex 149.575 85.8496 0
      vertex 149.575 85.8496 0.2
    endloop
  endfacet
  facet normal -0.980856 0.194736 0
    outer loop
      vertex 149.556 85.7539 0
      vertex 149.575 85.8496 0.2
      vertex 149.575 85.8496 0
    endloop
  endfacet
  facet normal -0.980856 0.194736 0
    outer loop
      vertex 149.575 85.8496 0.2
      vertex 149.556 85.7539 0
      vertex 149.556 85.7539 0.2
    endloop
  endfacet
  facet normal -0.83205 0.5547 0
    outer loop
      vertex 149.502 85.6729 0
      vertex 149.556 85.7539 0.2
      vertex 149.556 85.7539 0
    endloop
  endfacet
  facet normal -0.83205 0.5547 0
    outer loop
      vertex 149.556 85.7539 0.2
      vertex 149.502 85.6729 0
      vertex 149.502 85.6729 0.2
    endloop
  endfacet
  facet normal -0.553275 0.832998 0
    outer loop
      vertex 149.502 85.6729 0
      vertex 149.421 85.6191 0.2
      vertex 149.502 85.6729 0.2
    endloop
  endfacet
  facet normal -0.553275 0.832998 0
    outer loop
      vertex 149.421 85.6191 0.2
      vertex 149.502 85.6729 0
      vertex 149.421 85.6191 0
    endloop
  endfacet
  facet normal -0.19906 0.979987 0
    outer loop
      vertex 149.421 85.6191 0
      vertex 149.325 85.5996 0.2
      vertex 149.421 85.6191 0.2
    endloop
  endfacet
  facet normal -0.19906 0.979987 0
    outer loop
      vertex 149.325 85.5996 0.2
      vertex 149.421 85.6191 0
      vertex 149.325 85.5996 0
    endloop
  endfacet
  facet normal 0 1 -0
    outer loop
      vertex 149.325 85.5996 0
      vertex 148.375 85.5996 0.2
      vertex 149.325 85.5996 0.2
    endloop
  endfacet
  facet normal 0 1 0
    outer loop
      vertex 148.375 85.5996 0.2
      vertex 149.325 85.5996 0
      vertex 148.375 85.5996 0
    endloop
  endfacet
  facet normal 0.19906 0.979987 -0
    outer loop
      vertex 148.375 85.5996 0
      vertex 148.279 85.6191 0.2
      vertex 148.375 85.5996 0.2
    endloop
  endfacet
  facet normal 0.19906 0.979987 0
    outer loop
      vertex 148.279 85.6191 0.2
      vertex 148.375 85.5996 0
      vertex 148.279 85.6191 0
    endloop
  endfacet
  facet normal 0.553275 0.832998 -0
    outer loop
      vertex 148.279 85.6191 0
      vertex 148.198 85.6729 0.2
      vertex 148.279 85.6191 0.2
    endloop
  endfacet
  facet normal 0.553275 0.832998 0
    outer loop
      vertex 148.198 85.6729 0.2
      vertex 148.279 85.6191 0
      vertex 148.198 85.6729 0
    endloop
  endfacet
  facet normal 0.83205 0.5547 0
    outer loop
      vertex 148.198 85.6729 0.2
      vertex 148.144 85.7539 0
      vertex 148.144 85.7539 0.2
    endloop
  endfacet
  facet normal 0.83205 0.5547 0
    outer loop
      vertex 148.144 85.7539 0
      vertex 148.198 85.6729 0.2
      vertex 148.198 85.6729 0
    endloop
  endfacet
  facet normal 0.980856 0.194736 0
    outer loop
      vertex 148.144 85.7539 0.2
      vertex 148.125 85.8496 0
      vertex 148.125 85.8496 0.2
    endloop
  endfacet
  facet normal 0.980856 0.194736 0
    outer loop
      vertex 148.125 85.8496 0
      vertex 148.144 85.7539 0.2
      vertex 148.144 85.7539 0
    endloop
  endfacet
  facet normal 1 -0 0
    outer loop
      vertex 148.125 85.8496 0.2
      vertex 148.125 86.3496 0
      vertex 148.125 86.3496 0.2
    endloop
  endfacet
  facet normal 1 0 0
    outer loop
      vertex 148.125 86.3496 0
      vertex 148.125 85.8496 0.2
      vertex 148.125 85.8496 0
    endloop
  endfacet
  facet normal 0.980856 -0.194736 0
    outer loop
      vertex 148.125 86.3496 0.2
      vertex 148.144 86.4453 0
      vertex 148.144 86.4453 0.2
    endloop
  endfacet
  facet normal 0.980856 -0.194736 0
    outer loop
      vertex 148.144 86.4453 0
      vertex 148.125 86.3496 0.2
      vertex 148.125 86.3496 0
    endloop
  endfacet
  facet normal 0.832366 -0.554226 0
    outer loop
      vertex 148.144 86.4453 0.2
      vertex 148.198 86.5264 0
      vertex 148.198 86.5264 0.2
    endloop
  endfacet
  facet normal 0.832366 -0.554226 0
    outer loop
      vertex 148.198 86.5264 0
      vertex 148.144 86.4453 0.2
      vertex 148.144 86.4453 0
    endloop
  endfacet
  facet normal 0.559649 -0.82873 0
    outer loop
      vertex 148.198 86.5264 0
      vertex 148.279 86.5811 0.2
      vertex 148.198 86.5264 0.2
    endloop
  endfacet
  facet normal 0.559649 -0.82873 0
    outer loop
      vertex 148.279 86.5811 0.2
      vertex 148.198 86.5264 0
      vertex 148.279 86.5811 0
    endloop
  endfacet
  facet normal 0.189227 -0.981933 0
    outer loop
      vertex 148.279 86.5811 0
      vertex 148.375 86.5996 0.2
      vertex 148.279 86.5811 0.2
    endloop
  endfacet
  facet normal 0.189227 -0.981933 0
    outer loop
      vertex 148.375 86.5996 0.2
      vertex 148.279 86.5811 0
      vertex 148.375 86.5996 0
    endloop
  endfacet
  facet normal 0 -1 0
    outer loop
      vertex 148.375 86.5996 0
      vertex 149.325 86.5996 0.2
      vertex 148.375 86.5996 0.2
    endloop
  endfacet
  facet normal 0 -1 -0
    outer loop
      vertex 149.325 86.5996 0.2
      vertex 148.375 86.5996 0
      vertex 149.325 86.5996 0
    endloop
  endfacet
  facet normal -0.189227 -0.981933 0
    outer loop
      vertex 149.325 86.5996 0
      vertex 149.421 86.5811 0.2
      vertex 149.325 86.5996 0.2
    endloop
  endfacet
  facet normal -0.189227 -0.981933 -0
    outer loop
      vertex 149.421 86.5811 0.2
      vertex 149.325 86.5996 0
      vertex 149.421 86.5811 0
    endloop
  endfacet
  facet normal -0.553275 -0.832998 0
    outer loop
      vertex 142.746 87.5059 0
      vertex 142.827 87.4521 0.2
      vertex 142.746 87.5059 0.2
    endloop
  endfacet
  facet normal -0.553275 -0.832998 -0
    outer loop
      vertex 142.827 87.4521 0.2
      vertex 142.746 87.5059 0
      vertex 142.827 87.4521 0
    endloop
  endfacet
  facet normal -0.83205 -0.5547 0
    outer loop
      vertex 142.881 87.3711 0
      vertex 142.827 87.4521 0.2
      vertex 142.827 87.4521 0
    endloop
  endfacet
  facet normal -0.83205 -0.5547 0
    outer loop
      vertex 142.827 87.4521 0.2
      vertex 142.881 87.3711 0
      vertex 142.881 87.3711 0.2
    endloop
  endfacet
  facet normal -0.980856 -0.194736 0
    outer loop
      vertex 142.9 87.2754 0
      vertex 142.881 87.3711 0.2
      vertex 142.881 87.3711 0
    endloop
  endfacet
  facet normal -0.980856 -0.194736 0
    outer loop
      vertex 142.881 87.3711 0.2
      vertex 142.9 87.2754 0
      vertex 142.9 87.2754 0.2
    endloop
  endfacet
  facet normal -1 0 0
    outer loop
      vertex 142.9 86.75 0
      vertex 142.9 87.2754 0.2
      vertex 142.9 87.2754 0
    endloop
  endfacet
  facet normal -1 -0 0
    outer loop
      vertex 142.9 87.2754 0.2
      vertex 142.9 86.75 0
      vertex 142.9 86.75 0.2
    endloop
  endfacet
  facet normal -0.980856 0.194736 0
    outer loop
      vertex 142.881 86.6543 0
      vertex 142.9 86.75 0.2
      vertex 142.9 86.75 0
    endloop
  endfacet
  facet normal -0.980856 0.194736 0
    outer loop
      vertex 142.9 86.75 0.2
      vertex 142.881 86.6543 0
      vertex 142.881 86.6543 0.2
    endloop
  endfacet
  facet normal -0.832366 0.554226 0
    outer loop
      vertex 142.827 86.5732 0
      vertex 142.881 86.6543 0.2
      vertex 142.881 86.6543 0
    endloop
  endfacet
  facet normal -0.832366 0.554226 0
    outer loop
      vertex 142.881 86.6543 0.2
      vertex 142.827 86.5732 0
      vertex 142.827 86.5732 0.2
    endloop
  endfacet
  facet normal -0.558945 0.829205 0
    outer loop
      vertex 142.827 86.5732 0
      vertex 142.746 86.5186 0.2
      vertex 142.827 86.5732 0.2
    endloop
  endfacet
  facet normal -0.558945 0.829205 0
    outer loop
      vertex 142.746 86.5186 0.2
      vertex 142.827 86.5732 0
      vertex 142.746 86.5186 0
    endloop
  endfacet
  facet normal -0.190213 0.981743 0
    outer loop
      vertex 142.746 86.5186 0
      vertex 142.65 86.5 0.2
      vertex 142.746 86.5186 0.2
    endloop
  endfacet
  facet normal -0.190213 0.981743 0
    outer loop
      vertex 142.65 86.5 0.2
      vertex 142.746 86.5186 0
      vertex 142.65 86.5 0
    endloop
  endfacet
  facet normal 0 1 -0
    outer loop
      vertex 142.65 86.5 0
      vertex 141.75 86.5 0.2
      vertex 142.65 86.5 0.2
    endloop
  endfacet
  facet normal 0 1 0
    outer loop
      vertex 141.75 86.5 0.2
      vertex 142.65 86.5 0
      vertex 141.75 86.5 0
    endloop
  endfacet
  facet normal 0.190213 0.981743 -0
    outer loop
      vertex 141.75 86.5 0
      vertex 141.654 86.5186 0.2
      vertex 141.75 86.5 0.2
    endloop
  endfacet
  facet normal 0.190213 0.981743 0
    outer loop
      vertex 141.654 86.5186 0.2
      vertex 141.75 86.5 0
      vertex 141.654 86.5186 0
    endloop
  endfacet
  facet normal 0.558945 0.829205 -0
    outer loop
      vertex 141.654 86.5186 0
      vertex 141.573 86.5732 0.2
      vertex 141.654 86.5186 0.2
    endloop
  endfacet
  facet normal 0.558945 0.829205 0
    outer loop
      vertex 141.573 86.5732 0.2
      vertex 141.654 86.5186 0
      vertex 141.573 86.5732 0
    endloop
  endfacet
  facet normal 0.832366 0.554226 0
    outer loop
      vertex 141.573 86.5732 0.2
      vertex 141.519 86.6543 0
      vertex 141.519 86.6543 0.2
    endloop
  endfacet
  facet normal 0.832366 0.554226 0
    outer loop
      vertex 141.519 86.6543 0
      vertex 141.573 86.5732 0.2
      vertex 141.573 86.5732 0
    endloop
  endfacet
  facet normal 0.980856 0.194736 0
    outer loop
      vertex 141.519 86.6543 0.2
      vertex 141.5 86.75 0
      vertex 141.5 86.75 0.2
    endloop
  endfacet
  facet normal 0.980856 0.194736 0
    outer loop
      vertex 141.5 86.75 0
      vertex 141.519 86.6543 0.2
      vertex 141.519 86.6543 0
    endloop
  endfacet
  facet normal 1 -0 0
    outer loop
      vertex 141.5 86.75 0.2
      vertex 141.5 87.2754 0
      vertex 141.5 87.2754 0.2
    endloop
  endfacet
  facet normal 1 0 0
    outer loop
      vertex 141.5 87.2754 0
      vertex 141.5 86.75 0.2
      vertex 141.5 86.75 0
    endloop
  endfacet
  facet normal 0.980856 -0.194736 0
    outer loop
      vertex 141.5 87.2754 0.2
      vertex 141.519 87.3711 0
      vertex 141.519 87.3711 0.2
    endloop
  endfacet
  facet normal 0.980856 -0.194736 0
    outer loop
      vertex 141.519 87.3711 0
      vertex 141.5 87.2754 0.2
      vertex 141.5 87.2754 0
    endloop
  endfacet
  facet normal 0.83205 -0.5547 0
    outer loop
      vertex 141.519 87.3711 0.2
      vertex 141.573 87.4521 0
      vertex 141.573 87.4521 0.2
    endloop
  endfacet
  facet normal 0.83205 -0.5547 0
    outer loop
      vertex 141.573 87.4521 0
      vertex 141.519 87.3711 0.2
      vertex 141.519 87.3711 0
    endloop
  endfacet
  facet normal 0.553275 -0.832998 0
    outer loop
      vertex 141.573 87.4521 0
      vertex 141.654 87.5059 0.2
      vertex 141.573 87.4521 0.2
    endloop
  endfacet
  facet normal 0.553275 -0.832998 0
    outer loop
      vertex 141.654 87.5059 0.2
      vertex 141.573 87.4521 0
      vertex 141.654 87.5059 0
    endloop
  endfacet
  facet normal 0.19906 -0.979987 0
    outer loop
      vertex 141.654 87.5059 0
      vertex 141.75 87.5254 0.2
      vertex 141.654 87.5059 0.2
    endloop
  endfacet
  facet normal 0.19906 -0.979987 0
    outer loop
      vertex 141.75 87.5254 0.2
      vertex 141.654 87.5059 0
      vertex 141.75 87.5254 0
    endloop
  endfacet
  facet normal 0 -1 0
    outer loop
      vertex 141.75 87.5254 0
      vertex 142.65 87.5254 0.2
      vertex 141.75 87.5254 0.2
    endloop
  endfacet
  facet normal 0 -1 -0
    outer loop
      vertex 142.65 87.5254 0.2
      vertex 141.75 87.5254 0
      vertex 142.65 87.5254 0
    endloop
  endfacet
  facet normal -0.19906 -0.979987 0
    outer loop
      vertex 142.65 87.5254 0
      vertex 142.746 87.5059 0.2
      vertex 142.65 87.5254 0.2
    endloop
  endfacet
  facet normal -0.19906 -0.979987 -0
    outer loop
      vertex 142.746 87.5059 0.2
      vertex 142.65 87.5254 0
      vertex 142.746 87.5059 0
    endloop
  endfacet
  facet normal -0.5547 -0.83205 0
    outer loop
      vertex 134.826 89.585 0
      vertex 134.892 89.541 0.2
      vertex 134.826 89.585 0.2
    endloop
  endfacet
  facet normal -0.5547 -0.83205 -0
    outer loop
      vertex 134.892 89.541 0.2
      vertex 134.826 89.585 0
      vertex 134.892 89.541 0
    endloop
  endfacet
  facet normal -0.831653 -0.555296 0
    outer loop
      vertex 134.935 89.4766 0
      vertex 134.892 89.541 0.2
      vertex 134.892 89.541 0
    endloop
  endfacet
  facet normal -0.831653 -0.555296 0
    outer loop
      vertex 134.892 89.541 0.2
      vertex 134.935 89.4766 0
      vertex 134.935 89.4766 0.2
    endloop
  endfacet
  facet normal -0.98117 -0.193144 0
    outer loop
      vertex 134.95 89.4004 0
      vertex 134.935 89.4766 0.2
      vertex 134.935 89.4766 0
    endloop
  endfacet
  facet normal -0.98117 -0.193144 0
    outer loop
      vertex 134.935 89.4766 0.2
      vertex 134.95 89.4004 0
      vertex 134.95 89.4004 0.2
    endloop
  endfacet
  facet normal -1 0 0
    outer loop
      vertex 134.95 87.9004 0
      vertex 134.95 89.4004 0.2
      vertex 134.95 89.4004 0
    endloop
  endfacet
  facet normal -1 -0 0
    outer loop
      vertex 134.95 89.4004 0.2
      vertex 134.95 87.9004 0
      vertex 134.95 87.9004 0.2
    endloop
  endfacet
  facet normal -0.981642 0.190734 0
    outer loop
      vertex 134.935 87.8232 0
      vertex 134.95 87.9004 0.2
      vertex 134.95 87.9004 0
    endloop
  endfacet
  facet normal -0.981642 0.190734 0
    outer loop
      vertex 134.95 87.9004 0.2
      vertex 134.935 87.8232 0
      vertex 134.935 87.8232 0.2
    endloop
  endfacet
  facet normal -0.831653 0.555296 0
    outer loop
      vertex 134.892 87.7588 0
      vertex 134.935 87.8232 0.2
      vertex 134.935 87.8232 0
    endloop
  endfacet
  facet normal -0.831653 0.555296 0
    outer loop
      vertex 134.935 87.8232 0.2
      vertex 134.892 87.7588 0
      vertex 134.892 87.7588 0.2
    endloop
  endfacet
  facet normal -0.5547 0.83205 0
    outer loop
      vertex 134.892 87.7588 0
      vertex 134.826 87.7148 0.2
      vertex 134.892 87.7588 0.2
    endloop
  endfacet
  facet normal -0.5547 0.83205 0
    outer loop
      vertex 134.826 87.7148 0.2
      vertex 134.892 87.7588 0
      vertex 134.826 87.7148 0
    endloop
  endfacet
  facet normal -0.188656 0.982043 0
    outer loop
      vertex 134.826 87.7148 0
      vertex 134.75 87.7002 0.2
      vertex 134.826 87.7148 0.2
    endloop
  endfacet
  facet normal -0.188656 0.982043 0
    outer loop
      vertex 134.75 87.7002 0.2
      vertex 134.826 87.7148 0
      vertex 134.75 87.7002 0
    endloop
  endfacet
  facet normal 0 1 -0
    outer loop
      vertex 134.75 87.7002 0
      vertex 134.35 87.7002 0.2
      vertex 134.75 87.7002 0.2
    endloop
  endfacet
  facet normal 0 1 0
    outer loop
      vertex 134.35 87.7002 0.2
      vertex 134.75 87.7002 0
      vertex 134.35 87.7002 0
    endloop
  endfacet
  facet normal 0.186291 0.982495 -0
    outer loop
      vertex 134.35 87.7002 0
      vertex 134.273 87.7148 0.2
      vertex 134.35 87.7002 0.2
    endloop
  endfacet
  facet normal 0.186291 0.982495 0
    outer loop
      vertex 134.273 87.7148 0.2
      vertex 134.35 87.7002 0
      vertex 134.273 87.7148 0
    endloop
  endfacet
  facet normal 0.566529 0.824042 -0
    outer loop
      vertex 134.273 87.7148 0
      vertex 134.209 87.7588 0.2
      vertex 134.273 87.7148 0.2
    endloop
  endfacet
  facet normal 0.566529 0.824042 0
    outer loop
      vertex 134.209 87.7588 0.2
      vertex 134.273 87.7148 0
      vertex 134.209 87.7588 0
    endloop
  endfacet
  facet normal 0.825684 0.564132 0
    outer loop
      vertex 134.209 87.7588 0.2
      vertex 134.165 87.8232 0
      vertex 134.165 87.8232 0.2
    endloop
  endfacet
  facet normal 0.825684 0.564132 0
    outer loop
      vertex 134.165 87.8232 0
      vertex 134.209 87.7588 0.2
      vertex 134.209 87.7588 0
    endloop
  endfacet
  facet normal 0.981642 0.190734 0
    outer loop
      vertex 134.165 87.8232 0.2
      vertex 134.15 87.9004 0
      vertex 134.15 87.9004 0.2
    endloop
  endfacet
  facet normal 0.981642 0.190734 0
    outer loop
      vertex 134.15 87.9004 0
      vertex 134.165 87.8232 0.2
      vertex 134.165 87.8232 0
    endloop
  endfacet
  facet normal 1 -0 0
    outer loop
      vertex 134.15 87.9004 0.2
      vertex 134.15 89.4004 0
      vertex 134.15 89.4004 0.2
    endloop
  endfacet
  facet normal 1 0 0
    outer loop
      vertex 134.15 89.4004 0
      vertex 134.15 87.9004 0.2
      vertex 134.15 87.9004 0
    endloop
  endfacet
  facet normal 0.98117 -0.193144 0
    outer loop
      vertex 134.15 89.4004 0.2
      vertex 134.165 89.4766 0
      vertex 134.165 89.4766 0.2
    endloop
  endfacet
  facet normal 0.98117 -0.193144 0
    outer loop
      vertex 134.165 89.4766 0
      vertex 134.15 89.4004 0.2
      vertex 134.15 89.4004 0
    endloop
  endfacet
  facet normal 0.825684 -0.564132 0
    outer loop
      vertex 134.165 89.4766 0.2
      vertex 134.209 89.541 0
      vertex 134.209 89.541 0.2
    endloop
  endfacet
  facet normal 0.825684 -0.564132 0
    outer loop
      vertex 134.209 89.541 0
      vertex 134.165 89.4766 0.2
      vertex 134.165 89.4766 0
    endloop
  endfacet
  facet normal 0.566529 -0.824042 0
    outer loop
      vertex 134.209 89.541 0
      vertex 134.273 89.585 0.2
      vertex 134.209 89.541 0.2
    endloop
  endfacet
  facet normal 0.566529 -0.824042 0
    outer loop
      vertex 134.273 89.585 0.2
      vertex 134.209 89.541 0
      vertex 134.273 89.585 0
    endloop
  endfacet
  facet normal 0.186291 -0.982495 0
    outer loop
      vertex 134.273 89.585 0
      vertex 134.35 89.5996 0.2
      vertex 134.273 89.585 0.2
    endloop
  endfacet
  facet normal 0.186291 -0.982495 0
    outer loop
      vertex 134.35 89.5996 0.2
      vertex 134.273 89.585 0
      vertex 134.35 89.5996 0
    endloop
  endfacet
  facet normal 0 -1 0
    outer loop
      vertex 134.35 89.5996 0
      vertex 134.75 89.5996 0.2
      vertex 134.35 89.5996 0.2
    endloop
  endfacet
  facet normal 0 -1 -0
    outer loop
      vertex 134.75 89.5996 0.2
      vertex 134.35 89.5996 0
      vertex 134.75 89.5996 0
    endloop
  endfacet
  facet normal -0.188656 -0.982043 0
    outer loop
      vertex 134.75 89.5996 0
      vertex 134.826 89.585 0.2
      vertex 134.75 89.5996 0.2
    endloop
  endfacet
  facet normal -0.188656 -0.982043 -0
    outer loop
      vertex 134.826 89.585 0.2
      vertex 134.75 89.5996 0
      vertex 134.826 89.585 0
    endloop
  endfacet
  facet normal -0.5547 -0.83205 0
    outer loop
      vertex 140.526 89.585 0
      vertex 140.592 89.541 0.2
      vertex 140.526 89.585 0.2
    endloop
  endfacet
  facet normal -0.5547 -0.83205 -0
    outer loop
      vertex 140.592 89.541 0.2
      vertex 140.526 89.585 0
      vertex 140.592 89.541 0
    endloop
  endfacet
  facet normal -0.831653 -0.555296 0
    outer loop
      vertex 140.635 89.4766 0
      vertex 140.592 89.541 0.2
      vertex 140.592 89.541 0
    endloop
  endfacet
  facet normal -0.831653 -0.555296 0
    outer loop
      vertex 140.592 89.541 0.2
      vertex 140.635 89.4766 0
      vertex 140.635 89.4766 0.2
    endloop
  endfacet
  facet normal -0.98117 -0.193144 0
    outer loop
      vertex 140.65 89.4004 0
      vertex 140.635 89.4766 0.2
      vertex 140.635 89.4766 0
    endloop
  endfacet
  facet normal -0.98117 -0.193144 0
    outer loop
      vertex 140.635 89.4766 0.2
      vertex 140.65 89.4004 0
      vertex 140.65 89.4004 0.2
    endloop
  endfacet
  facet normal -1 0 0
    outer loop
      vertex 140.65 87.9004 0
      vertex 140.65 89.4004 0.2
      vertex 140.65 89.4004 0
    endloop
  endfacet
  facet normal -1 -0 0
    outer loop
      vertex 140.65 89.4004 0.2
      vertex 140.65 87.9004 0
      vertex 140.65 87.9004 0.2
    endloop
  endfacet
  facet normal -0.981642 0.190734 0
    outer loop
      vertex 140.635 87.8232 0
      vertex 140.65 87.9004 0.2
      vertex 140.65 87.9004 0
    endloop
  endfacet
  facet normal -0.981642 0.190734 0
    outer loop
      vertex 140.65 87.9004 0.2
      vertex 140.635 87.8232 0
      vertex 140.635 87.8232 0.2
    endloop
  endfacet
  facet normal -0.831653 0.555296 0
    outer loop
      vertex 140.592 87.7588 0
      vertex 140.635 87.8232 0.2
      vertex 140.635 87.8232 0
    endloop
  endfacet
  facet normal -0.831653 0.555296 0
    outer loop
      vertex 140.635 87.8232 0.2
      vertex 140.592 87.7588 0
      vertex 140.592 87.7588 0.2
    endloop
  endfacet
  facet normal -0.5547 0.83205 0
    outer loop
      vertex 140.592 87.7588 0
      vertex 140.526 87.7148 0.2
      vertex 140.592 87.7588 0.2
    endloop
  endfacet
  facet normal -0.5547 0.83205 0
    outer loop
      vertex 140.526 87.7148 0.2
      vertex 140.592 87.7588 0
      vertex 140.526 87.7148 0
    endloop
  endfacet
  facet normal -0.188656 0.982043 0
    outer loop
      vertex 140.526 87.7148 0
      vertex 140.45 87.7002 0.2
      vertex 140.526 87.7148 0.2
    endloop
  endfacet
  facet normal -0.188656 0.982043 0
    outer loop
      vertex 140.45 87.7002 0.2
      vertex 140.526 87.7148 0
      vertex 140.45 87.7002 0
    endloop
  endfacet
  facet normal 0 1 -0
    outer loop
      vertex 140.45 87.7002 0
      vertex 140.05 87.7002 0.2
      vertex 140.45 87.7002 0.2
    endloop
  endfacet
  facet normal 0 1 0
    outer loop
      vertex 140.05 87.7002 0.2
      vertex 140.45 87.7002 0
      vertex 140.05 87.7002 0
    endloop
  endfacet
  facet normal 0.188656 0.982043 -0
    outer loop
      vertex 140.05 87.7002 0
      vertex 139.974 87.7148 0.2
      vertex 140.05 87.7002 0.2
    endloop
  endfacet
  facet normal 0.188656 0.982043 0
    outer loop
      vertex 139.974 87.7148 0.2
      vertex 140.05 87.7002 0
      vertex 139.974 87.7148 0
    endloop
  endfacet
  facet normal 0.5547 0.83205 -0
    outer loop
      vertex 139.974 87.7148 0
      vertex 139.908 87.7588 0.2
      vertex 139.974 87.7148 0.2
    endloop
  endfacet
  facet normal 0.5547 0.83205 0
    outer loop
      vertex 139.908 87.7588 0.2
      vertex 139.974 87.7148 0
      vertex 139.908 87.7588 0
    endloop
  endfacet
  facet normal 0.831653 0.555296 0
    outer loop
      vertex 139.908 87.7588 0.2
      vertex 139.865 87.8232 0
      vertex 139.865 87.8232 0.2
    endloop
  endfacet
  facet normal 0.831653 0.555296 0
    outer loop
      vertex 139.865 87.8232 0
      vertex 139.908 87.7588 0.2
      vertex 139.908 87.7588 0
    endloop
  endfacet
  facet normal 0.981642 0.190734 0
    outer loop
      vertex 139.865 87.8232 0.2
      vertex 139.85 87.9004 0
      vertex 139.85 87.9004 0.2
    endloop
  endfacet
  facet normal 0.981642 0.190734 0
    outer loop
      vertex 139.85 87.9004 0
      vertex 139.865 87.8232 0.2
      vertex 139.865 87.8232 0
    endloop
  endfacet
  facet normal 1 -0 0
    outer loop
      vertex 139.85 87.9004 0.2
      vertex 139.85 89.4004 0
      vertex 139.85 89.4004 0.2
    endloop
  endfacet
  facet normal 1 0 0
    outer loop
      vertex 139.85 89.4004 0
      vertex 139.85 87.9004 0.2
      vertex 139.85 87.9004 0
    endloop
  endfacet
  facet normal 0.98117 -0.193144 0
    outer loop
      vertex 139.85 89.4004 0.2
      vertex 139.865 89.4766 0
      vertex 139.865 89.4766 0.2
    endloop
  endfacet
  facet normal 0.98117 -0.193144 0
    outer loop
      vertex 139.865 89.4766 0
      vertex 139.85 89.4004 0.2
      vertex 139.85 89.4004 0
    endloop
  endfacet
  facet normal 0.831653 -0.555296 0
    outer loop
      vertex 139.865 89.4766 0.2
      vertex 139.908 89.541 0
      vertex 139.908 89.541 0.2
    endloop
  endfacet
  facet normal 0.831653 -0.555296 0
    outer loop
      vertex 139.908 89.541 0
      vertex 139.865 89.4766 0.2
      vertex 139.865 89.4766 0
    endloop
  endfacet
  facet normal 0.5547 -0.83205 0
    outer loop
      vertex 139.908 89.541 0
      vertex 139.974 89.585 0.2
      vertex 139.908 89.541 0.2
    endloop
  endfacet
  facet normal 0.5547 -0.83205 0
    outer loop
      vertex 139.974 89.585 0.2
      vertex 139.908 89.541 0
      vertex 139.974 89.585 0
    endloop
  endfacet
  facet normal 0.188656 -0.982043 0
    outer loop
      vertex 139.974 89.585 0
      vertex 140.05 89.5996 0.2
      vertex 139.974 89.585 0.2
    endloop
  endfacet
  facet normal 0.188656 -0.982043 0
    outer loop
      vertex 140.05 89.5996 0.2
      vertex 139.974 89.585 0
      vertex 140.05 89.5996 0
    endloop
  endfacet
  facet normal 0 -1 0
    outer loop
      vertex 140.05 89.5996 0
      vertex 140.45 89.5996 0.2
      vertex 140.05 89.5996 0.2
    endloop
  endfacet
  facet normal 0 -1 -0
    outer loop
      vertex 140.45 89.5996 0.2
      vertex 140.05 89.5996 0
      vertex 140.45 89.5996 0
    endloop
  endfacet
  facet normal -0.188656 -0.982043 0
    outer loop
      vertex 140.45 89.5996 0
      vertex 140.526 89.585 0.2
      vertex 140.45 89.5996 0.2
    endloop
  endfacet
  facet normal -0.188656 -0.982043 -0
    outer loop
      vertex 140.526 89.585 0.2
      vertex 140.45 89.5996 0
      vertex 140.526 89.585 0
    endloop
  endfacet
  facet normal -0.566529 -0.824042 0
    outer loop
      vertex 138.627 89.585 0
      vertex 138.691 89.541 0.2
      vertex 138.627 89.585 0.2
    endloop
  endfacet
  facet normal -0.566529 -0.824042 -0
    outer loop
      vertex 138.691 89.541 0.2
      vertex 138.627 89.585 0
      vertex 138.691 89.541 0
    endloop
  endfacet
  facet normal -0.831653 -0.555296 0
    outer loop
      vertex 138.734 89.4766 0
      vertex 138.691 89.541 0.2
      vertex 138.691 89.541 0
    endloop
  endfacet
  facet normal -0.831653 -0.555296 0
    outer loop
      vertex 138.691 89.541 0.2
      vertex 138.734 89.4766 0
      vertex 138.734 89.4766 0.2
    endloop
  endfacet
  facet normal -0.978659 -0.205493 0
    outer loop
      vertex 138.75 89.4004 0
      vertex 138.734 89.4766 0.2
      vertex 138.734 89.4766 0
    endloop
  endfacet
  facet normal -0.978659 -0.205493 0
    outer loop
      vertex 138.734 89.4766 0.2
      vertex 138.75 89.4004 0
      vertex 138.75 89.4004 0.2
    endloop
  endfacet
  facet normal -1 0 0
    outer loop
      vertex 138.75 87.9004 0
      vertex 138.75 89.4004 0.2
      vertex 138.75 89.4004 0
    endloop
  endfacet
  facet normal -1 -0 0
    outer loop
      vertex 138.75 89.4004 0.2
      vertex 138.75 87.9004 0
      vertex 138.75 87.9004 0.2
    endloop
  endfacet
  facet normal -0.979191 0.202941 0
    outer loop
      vertex 138.734 87.8232 0
      vertex 138.75 87.9004 0.2
      vertex 138.75 87.9004 0
    endloop
  endfacet
  facet normal -0.979191 0.202941 0
    outer loop
      vertex 138.75 87.9004 0.2
      vertex 138.734 87.8232 0
      vertex 138.734 87.8232 0.2
    endloop
  endfacet
  facet normal -0.831653 0.555296 0
    outer loop
      vertex 138.691 87.7588 0
      vertex 138.734 87.8232 0.2
      vertex 138.734 87.8232 0
    endloop
  endfacet
  facet normal -0.831653 0.555296 0
    outer loop
      vertex 138.734 87.8232 0.2
      vertex 138.691 87.7588 0
      vertex 138.691 87.7588 0.2
    endloop
  endfacet
  facet normal -0.566529 0.824042 0
    outer loop
      vertex 138.691 87.7588 0
      vertex 138.627 87.7148 0.2
      vertex 138.691 87.7588 0.2
    endloop
  endfacet
  facet normal -0.566529 0.824042 0
    outer loop
      vertex 138.627 87.7148 0.2
      vertex 138.691 87.7588 0
      vertex 138.627 87.7148 0
    endloop
  endfacet
  facet normal -0.186291 0.982495 0
    outer loop
      vertex 138.627 87.7148 0
      vertex 138.55 87.7002 0.2
      vertex 138.627 87.7148 0.2
    endloop
  endfacet
  facet normal -0.186291 0.982495 0
    outer loop
      vertex 138.55 87.7002 0.2
      vertex 138.627 87.7148 0
      vertex 138.55 87.7002 0
    endloop
  endfacet
  facet normal 0 1 -0
    outer loop
      vertex 138.55 87.7002 0
      vertex 138.15 87.7002 0.2
      vertex 138.55 87.7002 0.2
    endloop
  endfacet
  facet normal 0 1 0
    outer loop
      vertex 138.15 87.7002 0.2
      vertex 138.55 87.7002 0
      vertex 138.15 87.7002 0
    endloop
  endfacet
  facet normal 0.186291 0.982495 -0
    outer loop
      vertex 138.15 87.7002 0
      vertex 138.073 87.7148 0.2
      vertex 138.15 87.7002 0.2
    endloop
  endfacet
  facet normal 0.186291 0.982495 0
    outer loop
      vertex 138.073 87.7148 0.2
      vertex 138.15 87.7002 0
      vertex 138.073 87.7148 0
    endloop
  endfacet
  facet normal 0.566529 0.824042 -0
    outer loop
      vertex 138.073 87.7148 0
      vertex 138.009 87.7588 0.2
      vertex 138.073 87.7148 0.2
    endloop
  endfacet
  facet normal 0.566529 0.824042 0
    outer loop
      vertex 138.009 87.7588 0.2
      vertex 138.073 87.7148 0
      vertex 138.009 87.7588 0
    endloop
  endfacet
  facet normal 0.825684 0.564132 0
    outer loop
      vertex 138.009 87.7588 0.2
      vertex 137.965 87.8232 0
      vertex 137.965 87.8232 0.2
    endloop
  endfacet
  facet normal 0.825684 0.564132 0
    outer loop
      vertex 137.965 87.8232 0
      vertex 138.009 87.7588 0.2
      vertex 138.009 87.7588 0
    endloop
  endfacet
  facet normal 0.981642 0.190734 0
    outer loop
      vertex 137.965 87.8232 0.2
      vertex 137.95 87.9004 0
      vertex 137.95 87.9004 0.2
    endloop
  endfacet
  facet normal 0.981642 0.190734 0
    outer loop
      vertex 137.95 87.9004 0
      vertex 137.965 87.8232 0.2
      vertex 137.965 87.8232 0
    endloop
  endfacet
  facet normal 1 -0 0
    outer loop
      vertex 137.95 87.9004 0.2
      vertex 137.95 89.4004 0
      vertex 137.95 89.4004 0.2
    endloop
  endfacet
  facet normal 1 0 0
    outer loop
      vertex 137.95 89.4004 0
      vertex 137.95 87.9004 0.2
      vertex 137.95 87.9004 0
    endloop
  endfacet
  facet normal 0.98117 -0.193144 0
    outer loop
      vertex 137.95 89.4004 0.2
      vertex 137.965 89.4766 0
      vertex 137.965 89.4766 0.2
    endloop
  endfacet
  facet normal 0.98117 -0.193144 0
    outer loop
      vertex 137.965 89.4766 0
      vertex 137.95 89.4004 0.2
      vertex 137.95 89.4004 0
    endloop
  endfacet
  facet normal 0.825684 -0.564132 0
    outer loop
      vertex 137.965 89.4766 0.2
      vertex 138.009 89.541 0
      vertex 138.009 89.541 0.2
    endloop
  endfacet
  facet normal 0.825684 -0.564132 0
    outer loop
      vertex 138.009 89.541 0
      vertex 137.965 89.4766 0.2
      vertex 137.965 89.4766 0
    endloop
  endfacet
  facet normal 0.566529 -0.824042 0
    outer loop
      vertex 138.009 89.541 0
      vertex 138.073 89.585 0.2
      vertex 138.009 89.541 0.2
    endloop
  endfacet
  facet normal 0.566529 -0.824042 0
    outer loop
      vertex 138.073 89.585 0.2
      vertex 138.009 89.541 0
      vertex 138.073 89.585 0
    endloop
  endfacet
  facet normal 0.186291 -0.982495 0
    outer loop
      vertex 138.073 89.585 0
      vertex 138.15 89.5996 0.2
      vertex 138.073 89.585 0.2
    endloop
  endfacet
  facet normal 0.186291 -0.982495 0
    outer loop
      vertex 138.15 89.5996 0.2
      vertex 138.073 89.585 0
      vertex 138.15 89.5996 0
    endloop
  endfacet
  facet normal 0 -1 0
    outer loop
      vertex 138.15 89.5996 0
      vertex 138.55 89.5996 0.2
      vertex 138.15 89.5996 0.2
    endloop
  endfacet
  facet normal 0 -1 -0
    outer loop
      vertex 138.55 89.5996 0.2
      vertex 138.15 89.5996 0
      vertex 138.55 89.5996 0
    endloop
  endfacet
  facet normal -0.186291 -0.982495 0
    outer loop
      vertex 138.55 89.5996 0
      vertex 138.627 89.585 0.2
      vertex 138.55 89.5996 0.2
    endloop
  endfacet
  facet normal -0.186291 -0.982495 -0
    outer loop
      vertex 138.627 89.585 0.2
      vertex 138.55 89.5996 0
      vertex 138.627 89.585 0
    endloop
  endfacet
  facet normal -0.566529 -0.824042 0
    outer loop
      vertex 136.727 89.585 0
      vertex 136.791 89.541 0.2
      vertex 136.727 89.585 0.2
    endloop
  endfacet
  facet normal -0.566529 -0.824042 -0
    outer loop
      vertex 136.791 89.541 0.2
      vertex 136.727 89.585 0
      vertex 136.791 89.541 0
    endloop
  endfacet
  facet normal -0.825684 -0.564132 0
    outer loop
      vertex 136.835 89.4766 0
      vertex 136.791 89.541 0.2
      vertex 136.791 89.541 0
    endloop
  endfacet
  facet normal -0.825684 -0.564132 0
    outer loop
      vertex 136.791 89.541 0.2
      vertex 136.835 89.4766 0
      vertex 136.835 89.4766 0.2
    endloop
  endfacet
  facet normal -0.98117 -0.193144 0
    outer loop
      vertex 136.85 89.4004 0
      vertex 136.835 89.4766 0.2
      vertex 136.835 89.4766 0
    endloop
  endfacet
  facet normal -0.98117 -0.193144 0
    outer loop
      vertex 136.835 89.4766 0.2
      vertex 136.85 89.4004 0
      vertex 136.85 89.4004 0.2
    endloop
  endfacet
  facet normal -1 0 0
    outer loop
      vertex 136.85 87.9004 0
      vertex 136.85 89.4004 0.2
      vertex 136.85 89.4004 0
    endloop
  endfacet
  facet normal -1 -0 0
    outer loop
      vertex 136.85 89.4004 0.2
      vertex 136.85 87.9004 0
      vertex 136.85 87.9004 0.2
    endloop
  endfacet
  facet normal -0.981642 0.190734 0
    outer loop
      vertex 136.835 87.8232 0
      vertex 136.85 87.9004 0.2
      vertex 136.85 87.9004 0
    endloop
  endfacet
  facet normal -0.981642 0.190734 0
    outer loop
      vertex 136.85 87.9004 0.2
      vertex 136.835 87.8232 0
      vertex 136.835 87.8232 0.2
    endloop
  endfacet
  facet normal -0.825684 0.564132 0
    outer loop
      vertex 136.791 87.7588 0
      vertex 136.835 87.8232 0.2
      vertex 136.835 87.8232 0
    endloop
  endfacet
  facet normal -0.825684 0.564132 0
    outer loop
      vertex 136.835 87.8232 0.2
      vertex 136.791 87.7588 0
      vertex 136.791 87.7588 0.2
    endloop
  endfacet
  facet normal -0.566529 0.824042 0
    outer loop
      vertex 136.791 87.7588 0
      vertex 136.727 87.7148 0.2
      vertex 136.791 87.7588 0.2
    endloop
  endfacet
  facet normal -0.566529 0.824042 0
    outer loop
      vertex 136.727 87.7148 0.2
      vertex 136.791 87.7588 0
      vertex 136.727 87.7148 0
    endloop
  endfacet
  facet normal -0.186291 0.982495 0
    outer loop
      vertex 136.727 87.7148 0
      vertex 136.65 87.7002 0.2
      vertex 136.727 87.7148 0.2
    endloop
  endfacet
  facet normal -0.186291 0.982495 0
    outer loop
      vertex 136.65 87.7002 0.2
      vertex 136.727 87.7148 0
      vertex 136.65 87.7002 0
    endloop
  endfacet
  facet normal 0 1 -0
    outer loop
      vertex 136.65 87.7002 0
      vertex 136.25 87.7002 0.2
      vertex 136.65 87.7002 0.2
    endloop
  endfacet
  facet normal 0 1 0
    outer loop
      vertex 136.25 87.7002 0.2
      vertex 136.65 87.7002 0
      vertex 136.25 87.7002 0
    endloop
  endfacet
  facet normal 0.188656 0.982043 -0
    outer loop
      vertex 136.25 87.7002 0
      vertex 136.174 87.7148 0.2
      vertex 136.25 87.7002 0.2
    endloop
  endfacet
  facet normal 0.188656 0.982043 0
    outer loop
      vertex 136.174 87.7148 0.2
      vertex 136.25 87.7002 0
      vertex 136.174 87.7148 0
    endloop
  endfacet
  facet normal 0.5547 0.83205 -0
    outer loop
      vertex 136.174 87.7148 0
      vertex 136.108 87.7588 0.2
      vertex 136.174 87.7148 0.2
    endloop
  endfacet
  facet normal 0.5547 0.83205 0
    outer loop
      vertex 136.108 87.7588 0.2
      vertex 136.174 87.7148 0
      vertex 136.108 87.7588 0
    endloop
  endfacet
  facet normal 0.831653 0.555296 0
    outer loop
      vertex 136.108 87.7588 0.2
      vertex 136.065 87.8232 0
      vertex 136.065 87.8232 0.2
    endloop
  endfacet
  facet normal 0.831653 0.555296 0
    outer loop
      vertex 136.065 87.8232 0
      vertex 136.108 87.7588 0.2
      vertex 136.108 87.7588 0
    endloop
  endfacet
  facet normal 0.981642 0.190734 0
    outer loop
      vertex 136.065 87.8232 0.2
      vertex 136.05 87.9004 0
      vertex 136.05 87.9004 0.2
    endloop
  endfacet
  facet normal 0.981642 0.190734 0
    outer loop
      vertex 136.05 87.9004 0
      vertex 136.065 87.8232 0.2
      vertex 136.065 87.8232 0
    endloop
  endfacet
  facet normal 1 -0 0
    outer loop
      vertex 136.05 87.9004 0.2
      vertex 136.05 89.4004 0
      vertex 136.05 89.4004 0.2
    endloop
  endfacet
  facet normal 1 0 0
    outer loop
      vertex 136.05 89.4004 0
      vertex 136.05 87.9004 0.2
      vertex 136.05 87.9004 0
    endloop
  endfacet
  facet normal 0.98117 -0.193144 0
    outer loop
      vertex 136.05 89.4004 0.2
      vertex 136.065 89.4766 0
      vertex 136.065 89.4766 0.2
    endloop
  endfacet
  facet normal 0.98117 -0.193144 0
    outer loop
      vertex 136.065 89.4766 0
      vertex 136.05 89.4004 0.2
      vertex 136.05 89.4004 0
    endloop
  endfacet
  facet normal 0.831653 -0.555296 0
    outer loop
      vertex 136.065 89.4766 0.2
      vertex 136.108 89.541 0
      vertex 136.108 89.541 0.2
    endloop
  endfacet
  facet normal 0.831653 -0.555296 0
    outer loop
      vertex 136.108 89.541 0
      vertex 136.065 89.4766 0.2
      vertex 136.065 89.4766 0
    endloop
  endfacet
  facet normal 0.5547 -0.83205 0
    outer loop
      vertex 136.108 89.541 0
      vertex 136.174 89.585 0.2
      vertex 136.108 89.541 0.2
    endloop
  endfacet
  facet normal 0.5547 -0.83205 0
    outer loop
      vertex 136.174 89.585 0.2
      vertex 136.108 89.541 0
      vertex 136.174 89.585 0
    endloop
  endfacet
  facet normal 0.188656 -0.982043 0
    outer loop
      vertex 136.174 89.585 0
      vertex 136.25 89.5996 0.2
      vertex 136.174 89.585 0.2
    endloop
  endfacet
  facet normal 0.188656 -0.982043 0
    outer loop
      vertex 136.25 89.5996 0.2
      vertex 136.174 89.585 0
      vertex 136.25 89.5996 0
    endloop
  endfacet
  facet normal 0 -1 0
    outer loop
      vertex 136.25 89.5996 0
      vertex 136.65 89.5996 0.2
      vertex 136.25 89.5996 0.2
    endloop
  endfacet
  facet normal 0 -1 -0
    outer loop
      vertex 136.65 89.5996 0.2
      vertex 136.25 89.5996 0
      vertex 136.65 89.5996 0
    endloop
  endfacet
  facet normal -0.186291 -0.982495 0
    outer loop
      vertex 136.65 89.5996 0
      vertex 136.727 89.585 0.2
      vertex 136.65 89.5996 0.2
    endloop
  endfacet
  facet normal -0.186291 -0.982495 -0
    outer loop
      vertex 136.727 89.585 0.2
      vertex 136.65 89.5996 0
      vertex 136.727 89.585 0
    endloop
  endfacet
endsolid OpenSCAD_Model
