solid OpenSCAD_Model
  facet normal -0 0 -1
    outer loop
      vertex 124.369 144.306 0
      vertex 122.202 144.151 0
      vertex 124.369 145.414 0
    endloop
  endfacet
  facet normal 0 0 -1
    outer loop
      vertex 124.369 145.414 0
      vertex 122.256 145.93 0
      vertex 122.275 146.025 0
    endloop
  endfacet
  facet normal 0 0 -1
    outer loop
      vertex 122.202 145.849 0
      vertex 124.369 145.414 0
      vertex 122.202 144.151 0
    endloop
  endfacet
  facet normal 0 0 -1
    outer loop
      vertex 124.369 145.414 0
      vertex 122.202 145.849 0
      vertex 122.256 145.93 0
    endloop
  endfacet
  facet normal 0 0 -1
    outer loop
      vertex 122.121 144.206 0
      vertex 122.202 145.849 0
      vertex 122.202 144.151 0
    endloop
  endfacet
  facet normal 0 0 -1
    outer loop
      vertex 122.121 144.206 0
      vertex 122.121 145.794 0
      vertex 122.202 145.849 0
    endloop
  endfacet
  facet normal 0 0 -1
    outer loop
      vertex 122.025 144.225 0
      vertex 122.121 145.794 0
      vertex 122.121 144.206 0
    endloop
  endfacet
  facet normal 0 0 -1
    outer loop
      vertex 122.025 144.225 0
      vertex 122.025 145.775 0
      vertex 122.121 145.794 0
    endloop
  endfacet
  facet normal 0 0 -1
    outer loop
      vertex 120.775 144.225 0
      vertex 122.025 145.775 0
      vertex 122.025 144.225 0
    endloop
  endfacet
  facet normal 0 0 -1
    outer loop
      vertex 120.775 144.225 0
      vertex 120.775 145.775 0
      vertex 122.025 145.775 0
    endloop
  endfacet
  facet normal 0 0 -1
    outer loop
      vertex 120.68 144.206 0
      vertex 120.775 145.775 0
      vertex 120.775 144.225 0
    endloop
  endfacet
  facet normal 0 0 -1
    outer loop
      vertex 120.68 144.206 0
      vertex 120.68 145.794 0
      vertex 120.775 145.775 0
    endloop
  endfacet
  facet normal 0 0 -1
    outer loop
      vertex 120.599 144.151 0
      vertex 120.68 145.794 0
      vertex 120.68 144.206 0
    endloop
  endfacet
  facet normal 0 0 -1
    outer loop
      vertex 120.599 144.151 0
      vertex 120.599 145.849 0
      vertex 120.68 145.794 0
    endloop
  endfacet
  facet normal 0 0 -1
    outer loop
      vertex 120.544 144.07 0
      vertex 120.599 145.849 0
      vertex 120.599 144.151 0
    endloop
  endfacet
  facet normal 0 0 -1
    outer loop
      vertex 120.544 144.07 0
      vertex 120.544 145.93 0
      vertex 120.599 145.849 0
    endloop
  endfacet
  facet normal 0 0 -1
    outer loop
      vertex 120.525 143.975 0
      vertex 120.544 145.93 0
      vertex 120.544 144.07 0
    endloop
  endfacet
  facet normal -0 0 -1
    outer loop
      vertex 120.544 145.93 0
      vertex 120.525 143.975 0
      vertex 120.525 146.025 0
    endloop
  endfacet
  facet normal 0 0 -1
    outer loop
      vertex 125.731 144.306 0
      vertex 125.75 145.51 0
      vertex 125.75 144.21 0
    endloop
  endfacet
  facet normal 0 0 -1
    outer loop
      vertex 125.731 144.306 0
      vertex 125.731 145.414 0
      vertex 125.75 145.51 0
    endloop
  endfacet
  facet normal 0 0 -1
    outer loop
      vertex 125.677 144.387 0
      vertex 125.731 145.414 0
      vertex 125.731 144.306 0
    endloop
  endfacet
  facet normal 0 0 -1
    outer loop
      vertex 125.677 144.387 0
      vertex 125.677 145.333 0
      vertex 125.731 145.414 0
    endloop
  endfacet
  facet normal 0 0 -1
    outer loop
      vertex 125.596 144.441 0
      vertex 125.677 145.333 0
      vertex 125.677 144.387 0
    endloop
  endfacet
  facet normal 0 0 -1
    outer loop
      vertex 125.596 144.441 0
      vertex 125.596 145.279 0
      vertex 125.677 145.333 0
    endloop
  endfacet
  facet normal 0 0 -1
    outer loop
      vertex 125.5 144.46 0
      vertex 125.596 145.279 0
      vertex 125.596 144.441 0
    endloop
  endfacet
  facet normal 0 0 -1
    outer loop
      vertex 125.5 144.46 0
      vertex 125.5 145.26 0
      vertex 125.596 145.279 0
    endloop
  endfacet
  facet normal 0 0 -1
    outer loop
      vertex 124.6 144.46 0
      vertex 125.5 145.26 0
      vertex 125.5 144.46 0
    endloop
  endfacet
  facet normal 0 0 -1
    outer loop
      vertex 124.6 144.46 0
      vertex 124.6 145.26 0
      vertex 125.5 145.26 0
    endloop
  endfacet
  facet normal 0 0 -1
    outer loop
      vertex 124.504 144.441 0
      vertex 124.6 145.26 0
      vertex 124.6 144.46 0
    endloop
  endfacet
  facet normal 0 0 -1
    outer loop
      vertex 124.504 144.441 0
      vertex 124.504 145.279 0
      vertex 124.6 145.26 0
    endloop
  endfacet
  facet normal 0 0 -1
    outer loop
      vertex 124.423 144.387 0
      vertex 124.504 145.279 0
      vertex 124.504 144.441 0
    endloop
  endfacet
  facet normal 0 0 -1
    outer loop
      vertex 124.423 144.387 0
      vertex 124.423 145.333 0
      vertex 124.504 145.279 0
    endloop
  endfacet
  facet normal 0 0 -1
    outer loop
      vertex 124.369 144.306 0
      vertex 124.423 145.333 0
      vertex 124.423 144.387 0
    endloop
  endfacet
  facet normal 0 0 -1
    outer loop
      vertex 124.369 144.306 0
      vertex 124.369 145.414 0
      vertex 124.423 145.333 0
    endloop
  endfacet
  facet normal 0 0 -1
    outer loop
      vertex 122.256 144.07 0
      vertex 124.35 144.21 0
      vertex 122.275 143.975 0
    endloop
  endfacet
  facet normal -0 0 -1
    outer loop
      vertex 124.35 144.21 0
      vertex 122.256 144.07 0
      vertex 124.369 144.306 0
    endloop
  endfacet
  facet normal 0 0 -1
    outer loop
      vertex 128.748 139.477 0
      vertex 127.727 139.526 0
      vertex 128.748 140.523 0
    endloop
  endfacet
  facet normal 0 0 -1
    outer loop
      vertex 128.748 140.523 0
      vertex 127.781 140.555 0
      vertex 127.8 140.65 0
    endloop
  endfacet
  facet normal 0 0 -1
    outer loop
      vertex 127.727 140.474 0
      vertex 128.748 140.523 0
      vertex 127.727 139.526 0
    endloop
  endfacet
  facet normal -0 0 -1
    outer loop
      vertex 128.748 140.523 0
      vertex 127.727 140.474 0
      vertex 127.781 140.555 0
    endloop
  endfacet
  facet normal 0 0 -1
    outer loop
      vertex 127.646 139.581 0
      vertex 127.727 140.474 0
      vertex 127.727 139.526 0
    endloop
  endfacet
  facet normal 0 0 -1
    outer loop
      vertex 127.646 139.581 0
      vertex 127.646 140.419 0
      vertex 127.727 140.474 0
    endloop
  endfacet
  facet normal 0 0 -1
    outer loop
      vertex 127.55 139.6 0
      vertex 127.646 140.419 0
      vertex 127.646 139.581 0
    endloop
  endfacet
  facet normal 0 0 -1
    outer loop
      vertex 127.55 139.6 0
      vertex 127.55 140.4 0
      vertex 127.646 140.419 0
    endloop
  endfacet
  facet normal 0 0 -1
    outer loop
      vertex 126.65 139.6 0
      vertex 127.55 140.4 0
      vertex 127.55 139.6 0
    endloop
  endfacet
  facet normal 0 0 -1
    outer loop
      vertex 126.65 139.6 0
      vertex 126.65 140.4 0
      vertex 127.55 140.4 0
    endloop
  endfacet
  facet normal 0 0 -1
    outer loop
      vertex 126.555 139.581 0
      vertex 126.65 140.4 0
      vertex 126.65 139.6 0
    endloop
  endfacet
  facet normal 0 0 -1
    outer loop
      vertex 126.555 139.581 0
      vertex 126.555 140.419 0
      vertex 126.65 140.4 0
    endloop
  endfacet
  facet normal 0 0 -1
    outer loop
      vertex 126.474 139.526 0
      vertex 126.555 140.419 0
      vertex 126.555 139.581 0
    endloop
  endfacet
  facet normal 0 0 -1
    outer loop
      vertex 126.474 139.526 0
      vertex 126.474 140.474 0
      vertex 126.555 140.419 0
    endloop
  endfacet
  facet normal 0 0 -1
    outer loop
      vertex 126.419 139.445 0
      vertex 126.474 140.474 0
      vertex 126.474 139.526 0
    endloop
  endfacet
  facet normal 0 0 -1
    outer loop
      vertex 126.419 139.445 0
      vertex 126.419 140.555 0
      vertex 126.474 140.474 0
    endloop
  endfacet
  facet normal 0 0 -1
    outer loop
      vertex 126.4 139.35 0
      vertex 126.419 140.555 0
      vertex 126.419 139.445 0
    endloop
  endfacet
  facet normal -0 0 -1
    outer loop
      vertex 126.419 140.555 0
      vertex 126.4 139.35 0
      vertex 126.4 140.65 0
    endloop
  endfacet
  facet normal 0 0 -1
    outer loop
      vertex 131.148 139.477 0
      vertex 130.052 139.477 0
      vertex 131.148 140.523 0
    endloop
  endfacet
  facet normal 0 0 -1
    outer loop
      vertex 131.148 140.523 0
      vertex 130.106 140.604 0
      vertex 130.125 140.7 0
    endloop
  endfacet
  facet normal 0 0 -1
    outer loop
      vertex 130.052 140.523 0
      vertex 131.148 140.523 0
      vertex 130.052 139.477 0
    endloop
  endfacet
  facet normal 0 0 -1
    outer loop
      vertex 131.148 140.523 0
      vertex 130.052 140.523 0
      vertex 130.106 140.604 0
    endloop
  endfacet
  facet normal 0 0 -1
    outer loop
      vertex 129.971 139.531 0
      vertex 130.052 140.523 0
      vertex 130.052 139.477 0
    endloop
  endfacet
  facet normal 0 0 -1
    outer loop
      vertex 129.971 139.531 0
      vertex 129.971 140.469 0
      vertex 130.052 140.523 0
    endloop
  endfacet
  facet normal 0 0 -1
    outer loop
      vertex 129.875 139.55 0
      vertex 129.971 140.469 0
      vertex 129.971 139.531 0
    endloop
  endfacet
  facet normal 0 0 -1
    outer loop
      vertex 129.875 139.55 0
      vertex 129.875 140.45 0
      vertex 129.971 140.469 0
    endloop
  endfacet
  facet normal 0 0 -1
    outer loop
      vertex 128.925 139.55 0
      vertex 129.875 140.45 0
      vertex 129.875 139.55 0
    endloop
  endfacet
  facet normal 0 0 -1
    outer loop
      vertex 128.925 139.55 0
      vertex 128.925 140.45 0
      vertex 129.875 140.45 0
    endloop
  endfacet
  facet normal 0 0 -1
    outer loop
      vertex 128.829 139.531 0
      vertex 128.925 140.45 0
      vertex 128.925 139.55 0
    endloop
  endfacet
  facet normal 0 0 -1
    outer loop
      vertex 128.829 139.531 0
      vertex 128.829 140.469 0
      vertex 128.925 140.45 0
    endloop
  endfacet
  facet normal 0 0 -1
    outer loop
      vertex 128.748 139.477 0
      vertex 128.829 140.469 0
      vertex 128.829 139.531 0
    endloop
  endfacet
  facet normal 0 0 -1
    outer loop
      vertex 128.748 139.477 0
      vertex 128.748 140.523 0
      vertex 128.829 140.469 0
    endloop
  endfacet
  facet normal 0 0 -1
    outer loop
      vertex 127.781 139.445 0
      vertex 128.694 139.396 0
      vertex 127.8 139.35 0
    endloop
  endfacet
  facet normal 0 0 -1
    outer loop
      vertex 128.694 139.396 0
      vertex 127.781 139.445 0
      vertex 128.748 139.477 0
    endloop
  endfacet
  facet normal 0 0 -1
    outer loop
      vertex 127.8 139.35 0
      vertex 128.694 139.396 0
      vertex 128.675 139.3 0
    endloop
  endfacet
  facet normal 0 0 -1
    outer loop
      vertex 127.727 139.526 0
      vertex 128.748 139.477 0
      vertex 127.781 139.445 0
    endloop
  endfacet
  facet normal -0 0 -1
    outer loop
      vertex 133.373 139.526 0
      vertex 132.452 139.477 0
      vertex 133.373 140.474 0
    endloop
  endfacet
  facet normal 0 0 -1
    outer loop
      vertex 133.373 140.474 0
      vertex 132.506 140.604 0
      vertex 132.525 140.7 0
    endloop
  endfacet
  facet normal 0 0 -1
    outer loop
      vertex 132.452 140.523 0
      vertex 133.373 140.474 0
      vertex 132.452 139.477 0
    endloop
  endfacet
  facet normal 0 0 -1
    outer loop
      vertex 133.373 140.474 0
      vertex 132.452 140.523 0
      vertex 132.506 140.604 0
    endloop
  endfacet
  facet normal 0 0 -1
    outer loop
      vertex 132.371 139.531 0
      vertex 132.452 140.523 0
      vertex 132.452 139.477 0
    endloop
  endfacet
  facet normal 0 0 -1
    outer loop
      vertex 132.371 139.531 0
      vertex 132.371 140.469 0
      vertex 132.452 140.523 0
    endloop
  endfacet
  facet normal 0 0 -1
    outer loop
      vertex 132.275 139.55 0
      vertex 132.371 140.469 0
      vertex 132.371 139.531 0
    endloop
  endfacet
  facet normal 0 0 -1
    outer loop
      vertex 132.275 139.55 0
      vertex 132.275 140.45 0
      vertex 132.371 140.469 0
    endloop
  endfacet
  facet normal 0 0 -1
    outer loop
      vertex 131.325 139.55 0
      vertex 132.275 140.45 0
      vertex 132.275 139.55 0
    endloop
  endfacet
  facet normal 0 0 -1
    outer loop
      vertex 131.325 139.55 0
      vertex 131.325 140.45 0
      vertex 132.275 140.45 0
    endloop
  endfacet
  facet normal 0 0 -1
    outer loop
      vertex 131.229 139.531 0
      vertex 131.325 140.45 0
      vertex 131.325 139.55 0
    endloop
  endfacet
  facet normal 0 0 -1
    outer loop
      vertex 131.229 139.531 0
      vertex 131.229 140.469 0
      vertex 131.325 140.45 0
    endloop
  endfacet
  facet normal 0 0 -1
    outer loop
      vertex 131.148 139.477 0
      vertex 131.229 140.469 0
      vertex 131.229 139.531 0
    endloop
  endfacet
  facet normal 0 0 -1
    outer loop
      vertex 131.148 139.477 0
      vertex 131.148 140.523 0
      vertex 131.229 140.469 0
    endloop
  endfacet
  facet normal 0 0 -1
    outer loop
      vertex 130.106 139.396 0
      vertex 131.094 139.396 0
      vertex 130.125 139.3 0
    endloop
  endfacet
  facet normal 0 0 -1
    outer loop
      vertex 131.094 139.396 0
      vertex 130.106 139.396 0
      vertex 131.148 139.477 0
    endloop
  endfacet
  facet normal 0 0 -1
    outer loop
      vertex 130.125 139.3 0
      vertex 131.094 139.396 0
      vertex 131.075 139.3 0
    endloop
  endfacet
  facet normal 0 0 -1
    outer loop
      vertex 130.052 139.477 0
      vertex 131.148 139.477 0
      vertex 130.106 139.396 0
    endloop
  endfacet
  facet normal 0 0 -1
    outer loop
      vertex 135.623 139.526 0
      vertex 134.627 139.526 0
      vertex 135.623 140.474 0
    endloop
  endfacet
  facet normal 0 0 -1
    outer loop
      vertex 135.623 140.474 0
      vertex 134.681 140.555 0
      vertex 134.7 140.65 0
    endloop
  endfacet
  facet normal 0 0 -1
    outer loop
      vertex 134.627 140.474 0
      vertex 135.623 140.474 0
      vertex 134.627 139.526 0
    endloop
  endfacet
  facet normal 0 0 -1
    outer loop
      vertex 135.623 140.474 0
      vertex 134.627 140.474 0
      vertex 134.681 140.555 0
    endloop
  endfacet
  facet normal 0 0 -1
    outer loop
      vertex 134.546 139.581 0
      vertex 134.627 140.474 0
      vertex 134.627 139.526 0
    endloop
  endfacet
  facet normal 0 0 -1
    outer loop
      vertex 134.546 139.581 0
      vertex 134.546 140.419 0
      vertex 134.627 140.474 0
    endloop
  endfacet
  facet normal 0 0 -1
    outer loop
      vertex 134.45 139.6 0
      vertex 134.546 140.419 0
      vertex 134.546 139.581 0
    endloop
  endfacet
  facet normal 0 0 -1
    outer loop
      vertex 134.45 139.6 0
      vertex 134.45 140.4 0
      vertex 134.546 140.419 0
    endloop
  endfacet
  facet normal 0 0 -1
    outer loop
      vertex 133.55 139.6 0
      vertex 134.45 140.4 0
      vertex 134.45 139.6 0
    endloop
  endfacet
  facet normal 0 0 -1
    outer loop
      vertex 133.55 139.6 0
      vertex 133.55 140.4 0
      vertex 134.45 140.4 0
    endloop
  endfacet
  facet normal 0 0 -1
    outer loop
      vertex 133.454 139.581 0
      vertex 133.55 140.4 0
      vertex 133.55 139.6 0
    endloop
  endfacet
  facet normal 0 0 -1
    outer loop
      vertex 133.454 139.581 0
      vertex 133.454 140.419 0
      vertex 133.55 140.4 0
    endloop
  endfacet
  facet normal 0 0 -1
    outer loop
      vertex 133.373 139.526 0
      vertex 133.454 140.419 0
      vertex 133.454 139.581 0
    endloop
  endfacet
  facet normal 0 0 -1
    outer loop
      vertex 133.373 139.526 0
      vertex 133.373 140.474 0
      vertex 133.454 140.419 0
    endloop
  endfacet
  facet normal 0 0 -1
    outer loop
      vertex 133.3 139.35 0
      vertex 132.506 139.396 0
      vertex 133.319 139.445 0
    endloop
  endfacet
  facet normal 0 0 -1
    outer loop
      vertex 132.452 139.477 0
      vertex 133.319 139.445 0
      vertex 132.506 139.396 0
    endloop
  endfacet
  facet normal 0 0 -1
    outer loop
      vertex 132.506 139.396 0
      vertex 133.3 139.35 0
      vertex 132.525 139.3 0
    endloop
  endfacet
  facet normal 0 0 -1
    outer loop
      vertex 133.319 139.445 0
      vertex 132.452 139.477 0
      vertex 133.373 139.526 0
    endloop
  endfacet
  facet normal 0 0 -1
    outer loop
      vertex 137.665 134.073 0
      vertex 136.535 134.073 0
      vertex 136.55 134.15 0
    endloop
  endfacet
  facet normal -0 0 -1
    outer loop
      vertex 136.759 131.009 0
      vertex 136.05 129.95 0
      vertex 136.715 131.073 0
    endloop
  endfacet
  facet normal 0 0 -1
    outer loop
      vertex 136.7 131.15 0
      vertex 136.491 134.009 0
      vertex 136.535 134.073 0
    endloop
  endfacet
  facet normal 0 0 -1
    outer loop
      vertex 135.974 129.935 0
      vertex 136.715 131.073 0
      vertex 136.05 129.95 0
    endloop
  endfacet
  facet normal 0 0 -1
    outer loop
      vertex 136.7 131.15 0
      vertex 136.427 133.965 0
      vertex 136.491 134.009 0
    endloop
  endfacet
  facet normal 0 0 -1
    outer loop
      vertex 136.7 131.15 0
      vertex 136.35 133.95 0
      vertex 136.427 133.965 0
    endloop
  endfacet
  facet normal -0 0 -1
    outer loop
      vertex 136.715 131.073 0
      vertex 135.974 129.935 0
      vertex 136.7 131.15 0
    endloop
  endfacet
  facet normal 0 0 -1
    outer loop
      vertex 135.908 129.892 0
      vertex 136.7 131.15 0
      vertex 135.974 129.935 0
    endloop
  endfacet
  facet normal 0 0 -1
    outer loop
      vertex 136.7 131.15 0
      vertex 135.95 133.95 0
      vertex 136.35 133.95 0
    endloop
  endfacet
  facet normal 0 0 -1
    outer loop
      vertex 135.809 134.009 0
      vertex 136.7 131.15 0
      vertex 135.908 129.892 0
    endloop
  endfacet
  facet normal 0 0 -1
    outer loop
      vertex 136.7 131.15 0
      vertex 135.873 133.965 0
      vertex 135.95 133.95 0
    endloop
  endfacet
  facet normal 0 0 -1
    outer loop
      vertex 135.809 134.009 0
      vertex 135.908 129.892 0
      vertex 135.865 129.826 0
    endloop
  endfacet
  facet normal 0 0 -1
    outer loop
      vertex 128.925 138.375 0
      vertex 135.865 129.826 0
      vertex 135.85 129.75 0
    endloop
  endfacet
  facet normal 0 0 -1
    outer loop
      vertex 136.7 131.15 0
      vertex 135.809 134.009 0
      vertex 135.873 133.965 0
    endloop
  endfacet
  facet normal 0 0 -1
    outer loop
      vertex 138.224 139.526 0
      vertex 136.877 139.526 0
      vertex 138.224 140.474 0
    endloop
  endfacet
  facet normal 0 0 -1
    outer loop
      vertex 138.224 140.474 0
      vertex 136.931 140.555 0
      vertex 136.95 140.65 0
    endloop
  endfacet
  facet normal 0 0 -1
    outer loop
      vertex 136.877 140.474 0
      vertex 138.224 140.474 0
      vertex 136.877 139.526 0
    endloop
  endfacet
  facet normal 0 0 -1
    outer loop
      vertex 138.224 140.474 0
      vertex 136.877 140.474 0
      vertex 136.931 140.555 0
    endloop
  endfacet
  facet normal 0 0 -1
    outer loop
      vertex 136.796 139.581 0
      vertex 136.877 140.474 0
      vertex 136.877 139.526 0
    endloop
  endfacet
  facet normal 0 0 -1
    outer loop
      vertex 136.796 139.581 0
      vertex 136.796 140.419 0
      vertex 136.877 140.474 0
    endloop
  endfacet
  facet normal 0 0 -1
    outer loop
      vertex 136.7 139.6 0
      vertex 136.796 140.419 0
      vertex 136.796 139.581 0
    endloop
  endfacet
  facet normal 0 0 -1
    outer loop
      vertex 136.7 139.6 0
      vertex 136.7 140.4 0
      vertex 136.796 140.419 0
    endloop
  endfacet
  facet normal 0 0 -1
    outer loop
      vertex 135.8 139.6 0
      vertex 136.7 140.4 0
      vertex 136.7 139.6 0
    endloop
  endfacet
  facet normal 0 0 -1
    outer loop
      vertex 135.8 139.6 0
      vertex 135.8 140.4 0
      vertex 136.7 140.4 0
    endloop
  endfacet
  facet normal 0 0 -1
    outer loop
      vertex 135.704 139.581 0
      vertex 135.8 140.4 0
      vertex 135.8 139.6 0
    endloop
  endfacet
  facet normal 0 0 -1
    outer loop
      vertex 135.704 139.581 0
      vertex 135.704 140.419 0
      vertex 135.8 140.4 0
    endloop
  endfacet
  facet normal 0 0 -1
    outer loop
      vertex 135.623 139.526 0
      vertex 135.704 140.419 0
      vertex 135.704 139.581 0
    endloop
  endfacet
  facet normal 0 0 -1
    outer loop
      vertex 135.623 139.526 0
      vertex 135.623 140.474 0
      vertex 135.704 140.419 0
    endloop
  endfacet
  facet normal 0 0 -1
    outer loop
      vertex 134.681 139.445 0
      vertex 135.569 139.445 0
      vertex 134.7 139.35 0
    endloop
  endfacet
  facet normal 0 0 -1
    outer loop
      vertex 135.569 139.445 0
      vertex 134.681 139.445 0
      vertex 135.623 139.526 0
    endloop
  endfacet
  facet normal 0 0 -1
    outer loop
      vertex 134.7 139.35 0
      vertex 135.569 139.445 0
      vertex 135.55 139.35 0
    endloop
  endfacet
  facet normal 0 0 -1
    outer loop
      vertex 134.627 139.526 0
      vertex 135.623 139.526 0
      vertex 134.681 139.445 0
    endloop
  endfacet
  facet normal 0 0 -1
    outer loop
      vertex 138.169 138.555 0
      vertex 136.931 138.555 0
      vertex 136.95 138.65 0
    endloop
  endfacet
  facet normal 0 0 -1
    outer loop
      vertex 136.535 134.073 0
      vertex 137.3 132.85 0
      vertex 136.9 132.85 0
    endloop
  endfacet
  facet normal 0 0 -1
    outer loop
      vertex 136.535 135.727 0
      vertex 137.65 135.65 0
      vertex 136.55 135.65 0
    endloop
  endfacet
  facet normal 0 0 -1
    outer loop
      vertex 136.535 134.073 0
      vertex 136.9 132.85 0
      vertex 136.823 132.835 0
    endloop
  endfacet
  facet normal 0 0 -1
    outer loop
      vertex 136.491 135.791 0
      vertex 137.65 135.65 0
      vertex 136.535 135.727 0
    endloop
  endfacet
  facet normal 0 0 -1
    outer loop
      vertex 136.535 134.073 0
      vertex 136.823 132.835 0
      vertex 136.759 132.791 0
    endloop
  endfacet
  facet normal 0 0 -1
    outer loop
      vertex 136.535 134.073 0
      vertex 136.759 132.791 0
      vertex 136.715 132.727 0
    endloop
  endfacet
  facet normal 0 0 -1
    outer loop
      vertex 136.535 134.073 0
      vertex 136.715 132.727 0
      vertex 136.7 132.65 0
    endloop
  endfacet
  facet normal 0 0 -1
    outer loop
      vertex 137.65 135.65 0
      vertex 136.877 138.474 0
      vertex 136.931 138.555 0
    endloop
  endfacet
  facet normal 0 0 -1
    outer loop
      vertex 138.35 129.95 0
      vertex 137.484 131.073 0
      vertex 137.5 131.15 0
    endloop
  endfacet
  facet normal 0 0 -1
    outer loop
      vertex 137.809 128.108 0
      vertex 136.592 128.108 0
      vertex 137.766 128.174 0
    endloop
  endfacet
  facet normal 0 0 -1
    outer loop
      vertex 137.75 128.25 0
      vertex 137.441 131.009 0
      vertex 137.484 131.073 0
    endloop
  endfacet
  facet normal 0 -0 -1
    outer loop
      vertex 136.635 128.174 0
      vertex 137.766 128.174 0
      vertex 136.592 128.108 0
    endloop
  endfacet
  facet normal 0 0 -1
    outer loop
      vertex 136.65 129.75 0
      vertex 137.75 128.25 0
      vertex 136.65 128.25 0
    endloop
  endfacet
  facet normal 0 -0 -1
    outer loop
      vertex 137.377 130.965 0
      vertex 137.75 128.25 0
      vertex 136.65 129.75 0
    endloop
  endfacet
  facet normal 0 0 -1
    outer loop
      vertex 136.592 128.108 0
      vertex 137.4 126.95 0
      vertex 137 126.95 0
    endloop
  endfacet
  facet normal 0 0 -1
    outer loop
      vertex 136.526 128.065 0
      vertex 137 126.95 0
      vertex 136.924 126.935 0
    endloop
  endfacet
  facet normal 0 0 -1
    outer loop
      vertex 137.75 128.25 0
      vertex 137.377 130.965 0
      vertex 137.441 131.009 0
    endloop
  endfacet
  facet normal 0 0 -1
    outer loop
      vertex 136.45 128.05 0
      vertex 136.924 126.935 0
      vertex 136.858 126.892 0
    endloop
  endfacet
  facet normal 0 0 -1
    outer loop
      vertex 136.635 129.826 0
      vertex 137.377 130.965 0
      vertex 136.65 129.75 0
    endloop
  endfacet
  facet normal 0 0 -1
    outer loop
      vertex 136.05 128.05 0
      vertex 136.858 126.892 0
      vertex 136.815 126.826 0
    endloop
  endfacet
  facet normal 0 0 -1
    outer loop
      vertex 135.974 128.065 0
      vertex 136.815 126.826 0
      vertex 136.8 126.75 0
    endloop
  endfacet
  facet normal 0 0 -1
    outer loop
      vertex 137.377 130.965 0
      vertex 136.635 129.826 0
      vertex 137.3 130.95 0
    endloop
  endfacet
  facet normal -0 0 -1
    outer loop
      vertex 136.823 130.965 0
      vertex 136.45 129.95 0
      vertex 136.759 131.009 0
    endloop
  endfacet
  facet normal 0 0 -1
    outer loop
      vertex 136.05 129.95 0
      vertex 136.759 131.009 0
      vertex 136.45 129.95 0
    endloop
  endfacet
  facet normal 0 0 -1
    outer loop
      vertex 136.7 131.15 0
      vertex 136.535 134.073 0
      vertex 136.7 132.65 0
    endloop
  endfacet
  facet normal -0 0 -1
    outer loop
      vertex 137.65 135.65 0
      vertex 136.55 134.15 0
      vertex 136.55 135.65 0
    endloop
  endfacet
  facet normal 0 0 -1
    outer loop
      vertex 136.427 135.835 0
      vertex 137.65 135.65 0
      vertex 136.491 135.791 0
    endloop
  endfacet
  facet normal 0 0 -1
    outer loop
      vertex 137.65 135.65 0
      vertex 136.796 138.419 0
      vertex 136.877 138.474 0
    endloop
  endfacet
  facet normal 0 0 -1
    outer loop
      vertex 137.65 135.65 0
      vertex 136.427 135.835 0
      vertex 136.796 138.419 0
    endloop
  endfacet
  facet normal 0 0 -1
    outer loop
      vertex 136.796 138.419 0
      vertex 136.427 135.835 0
      vertex 136.7 138.4 0
    endloop
  endfacet
  facet normal 0 0 -1
    outer loop
      vertex 136.35 135.85 0
      vertex 136.7 138.4 0
      vertex 136.427 135.835 0
    endloop
  endfacet
  facet normal 0 0 -1
    outer loop
      vertex 135.8 138.4 0
      vertex 136.35 135.85 0
      vertex 135.95 135.85 0
    endloop
  endfacet
  facet normal 0 0 -1
    outer loop
      vertex 135.8 138.4 0
      vertex 135.95 135.85 0
      vertex 135.873 135.835 0
    endloop
  endfacet
  facet normal 0 0 -1
    outer loop
      vertex 134.546 138.419 0
      vertex 135.873 135.835 0
      vertex 135.809 135.791 0
    endloop
  endfacet
  facet normal 0 0 -1
    outer loop
      vertex 136.35 135.85 0
      vertex 135.8 138.4 0
      vertex 136.7 138.4 0
    endloop
  endfacet
  facet normal 0 0 -1
    outer loop
      vertex 134.45 138.4 0
      vertex 135.809 135.791 0
      vertex 135.766 135.727 0
    endloop
  endfacet
  facet normal 0 0 -1
    outer loop
      vertex 133.55 138.4 0
      vertex 135.766 135.727 0
      vertex 135.75 135.65 0
    endloop
  endfacet
  facet normal 0 0 -1
    outer loop
      vertex 135.873 135.835 0
      vertex 135.704 138.419 0
      vertex 135.8 138.4 0
    endloop
  endfacet
  facet normal 0 0 -1
    outer loop
      vertex 139.75 130.05 0
      vertex 138.435 134.073 0
      vertex 138.45 134.15 0
    endloop
  endfacet
  facet normal 0 0 -1
    outer loop
      vertex 137.5 131.15 0
      vertex 139.75 130.05 0
      vertex 138.427 129.935 0
    endloop
  endfacet
  facet normal 0 0 -1
    outer loop
      vertex 139.75 130.05 0
      vertex 138.392 134.009 0
      vertex 138.435 134.073 0
    endloop
  endfacet
  facet normal 0 0 -1
    outer loop
      vertex 137.5 131.15 0
      vertex 138.427 129.935 0
      vertex 138.35 129.95 0
    endloop
  endfacet
  facet normal 0 0 -1
    outer loop
      vertex 139.75 130.05 0
      vertex 137.5 132.65 0
      vertex 138.392 134.009 0
    endloop
  endfacet
  facet normal 0 0 -1
    outer loop
      vertex 138.392 134.009 0
      vertex 137.5 132.65 0
      vertex 138.326 133.965 0
    endloop
  endfacet
  facet normal 0 0 -1
    outer loop
      vertex 137.484 131.073 0
      vertex 138.35 129.95 0
      vertex 137.95 129.95 0
    endloop
  endfacet
  facet normal 0 0 -1
    outer loop
      vertex 137.484 131.073 0
      vertex 137.95 129.95 0
      vertex 137.873 129.935 0
    endloop
  endfacet
  facet normal 0 0 -1
    outer loop
      vertex 139.75 130.05 0
      vertex 137.5 131.15 0
      vertex 137.5 132.65 0
    endloop
  endfacet
  facet normal 0 0 -1
    outer loop
      vertex 137.484 131.073 0
      vertex 137.873 129.935 0
      vertex 137.809 129.892 0
    endloop
  endfacet
  facet normal 0 0 -1
    outer loop
      vertex 137.484 132.727 0
      vertex 138.326 133.965 0
      vertex 137.5 132.65 0
    endloop
  endfacet
  facet normal 0 0 -1
    outer loop
      vertex 137.484 131.073 0
      vertex 137.809 129.892 0
      vertex 137.766 129.826 0
    endloop
  endfacet
  facet normal 0 0 -1
    outer loop
      vertex 137.484 131.073 0
      vertex 137.766 129.826 0
      vertex 137.75 129.75 0
    endloop
  endfacet
  facet normal 0 0 -1
    outer loop
      vertex 138.326 133.965 0
      vertex 137.484 132.727 0
      vertex 138.25 133.95 0
    endloop
  endfacet
  facet normal 0 0 -1
    outer loop
      vertex 140.373 139.526 0
      vertex 139.477 139.526 0
      vertex 140.373 140.474 0
    endloop
  endfacet
  facet normal 0 0 -1
    outer loop
      vertex 140.373 140.474 0
      vertex 139.531 140.555 0
      vertex 139.55 140.65 0
    endloop
  endfacet
  facet normal 0 0 -1
    outer loop
      vertex 139.477 140.474 0
      vertex 140.373 140.474 0
      vertex 139.477 139.526 0
    endloop
  endfacet
  facet normal 0 0 -1
    outer loop
      vertex 140.373 140.474 0
      vertex 139.477 140.474 0
      vertex 139.531 140.555 0
    endloop
  endfacet
  facet normal 0 0 -1
    outer loop
      vertex 139.396 139.581 0
      vertex 139.477 140.474 0
      vertex 139.477 139.526 0
    endloop
  endfacet
  facet normal 0 0 -1
    outer loop
      vertex 139.396 139.581 0
      vertex 139.396 140.419 0
      vertex 139.477 140.474 0
    endloop
  endfacet
  facet normal 0 0 -1
    outer loop
      vertex 139.3 139.6 0
      vertex 139.396 140.419 0
      vertex 139.396 139.581 0
    endloop
  endfacet
  facet normal 0 0 -1
    outer loop
      vertex 139.3 139.6 0
      vertex 139.3 140.4 0
      vertex 139.396 140.419 0
    endloop
  endfacet
  facet normal 0 0 -1
    outer loop
      vertex 138.4 139.6 0
      vertex 139.3 140.4 0
      vertex 139.3 139.6 0
    endloop
  endfacet
  facet normal 0 0 -1
    outer loop
      vertex 138.4 139.6 0
      vertex 138.4 140.4 0
      vertex 139.3 140.4 0
    endloop
  endfacet
  facet normal 0 0 -1
    outer loop
      vertex 138.305 139.581 0
      vertex 138.4 140.4 0
      vertex 138.4 139.6 0
    endloop
  endfacet
  facet normal 0 0 -1
    outer loop
      vertex 138.305 139.581 0
      vertex 138.305 140.419 0
      vertex 138.4 140.4 0
    endloop
  endfacet
  facet normal 0 0 -1
    outer loop
      vertex 138.224 139.526 0
      vertex 138.305 140.419 0
      vertex 138.305 139.581 0
    endloop
  endfacet
  facet normal 0 0 -1
    outer loop
      vertex 138.224 139.526 0
      vertex 138.224 140.474 0
      vertex 138.305 140.419 0
    endloop
  endfacet
  facet normal 0 0 -1
    outer loop
      vertex 136.931 139.445 0
      vertex 138.169 139.445 0
      vertex 136.95 139.35 0
    endloop
  endfacet
  facet normal 0 0 -1
    outer loop
      vertex 138.169 139.445 0
      vertex 136.931 139.445 0
      vertex 138.224 139.526 0
    endloop
  endfacet
  facet normal 0 0 -1
    outer loop
      vertex 136.95 139.35 0
      vertex 138.169 139.445 0
      vertex 138.15 139.35 0
    endloop
  endfacet
  facet normal 0 0 -1
    outer loop
      vertex 136.877 139.526 0
      vertex 138.224 139.526 0
      vertex 136.931 139.445 0
    endloop
  endfacet
  facet normal 0 0 -1
    outer loop
      vertex 138.535 129.826 0
      vertex 139.75 130.05 0
      vertex 138.55 129.75 0
    endloop
  endfacet
  facet normal 0 0 -1
    outer loop
      vertex 138.491 129.892 0
      vertex 139.75 130.05 0
      vertex 138.535 129.826 0
    endloop
  endfacet
  facet normal 0 0 -1
    outer loop
      vertex 138.427 129.935 0
      vertex 139.75 130.05 0
      vertex 138.491 129.892 0
    endloop
  endfacet
  facet normal 0 0 -1
    outer loop
      vertex 139.75 130.05 0
      vertex 138.45 134.15 0
      vertex 139.3 138.4 0
    endloop
  endfacet
  facet normal 0 0 -1
    outer loop
      vertex 138.45 135.65 0
      vertex 139.3 138.4 0
      vertex 138.45 134.15 0
    endloop
  endfacet
  facet normal 0 0 -1
    outer loop
      vertex 138.435 135.727 0
      vertex 139.3 138.4 0
      vertex 138.45 135.65 0
    endloop
  endfacet
  facet normal 0 0 -1
    outer loop
      vertex 138.392 135.791 0
      vertex 139.3 138.4 0
      vertex 138.435 135.727 0
    endloop
  endfacet
  facet normal 0 0 -1
    outer loop
      vertex 138.326 135.835 0
      vertex 139.3 138.4 0
      vertex 138.392 135.791 0
    endloop
  endfacet
  facet normal -0 0 -1
    outer loop
      vertex 139.3 138.4 0
      vertex 138.326 135.835 0
      vertex 138.4 138.4 0
    endloop
  endfacet
  facet normal 0 0 -1
    outer loop
      vertex 138.25 135.85 0
      vertex 138.4 138.4 0
      vertex 138.326 135.835 0
    endloop
  endfacet
  facet normal -0 0 -1
    outer loop
      vertex 138.4 138.4 0
      vertex 138.25 135.85 0
      vertex 138.305 138.419 0
    endloop
  endfacet
  facet normal 0 0 -1
    outer loop
      vertex 137.85 135.85 0
      vertex 138.305 138.419 0
      vertex 138.25 135.85 0
    endloop
  endfacet
  facet normal 0 0 -1
    outer loop
      vertex 137.773 135.835 0
      vertex 138.305 138.419 0
      vertex 137.85 135.85 0
    endloop
  endfacet
  facet normal 0 0 -1
    outer loop
      vertex 136.931 138.555 0
      vertex 138.305 138.419 0
      vertex 137.773 135.835 0
    endloop
  endfacet
  facet normal 0 0 -1
    outer loop
      vertex 136.95 139.35 0
      vertex 138.15 139.35 0
      vertex 138.15 138.65 0
    endloop
  endfacet
  facet normal 0 0 -1
    outer loop
      vertex 138.224 140.474 0
      vertex 136.95 140.65 0
      vertex 138.169 140.555 0
    endloop
  endfacet
  facet normal 0 0 -1
    outer loop
      vertex 138.169 138.555 0
      vertex 136.95 138.65 0
      vertex 138.15 138.65 0
    endloop
  endfacet
  facet normal 0 0 -1
    outer loop
      vertex 138.305 138.419 0
      vertex 136.931 138.555 0
      vertex 138.224 138.474 0
    endloop
  endfacet
  facet normal 0 0 -1
    outer loop
      vertex 141.627 139.526 0
      vertex 143.019 139.546 0
      vertex 141.681 139.445 0
    endloop
  endfacet
  facet normal 0 0 -1
    outer loop
      vertex 143.019 139.546 0
      vertex 141.681 140.555 0
      vertex 141.7 140.65 0
    endloop
  endfacet
  facet normal 0 0 -1
    outer loop
      vertex 141.627 140.474 0
      vertex 143.019 139.546 0
      vertex 141.627 139.526 0
    endloop
  endfacet
  facet normal 0 0 -1
    outer loop
      vertex 143.019 139.546 0
      vertex 141.627 140.474 0
      vertex 141.681 140.555 0
    endloop
  endfacet
  facet normal 0 0 -1
    outer loop
      vertex 141.546 139.581 0
      vertex 141.627 140.474 0
      vertex 141.627 139.526 0
    endloop
  endfacet
  facet normal 0 0 -1
    outer loop
      vertex 141.546 139.581 0
      vertex 141.546 140.419 0
      vertex 141.627 140.474 0
    endloop
  endfacet
  facet normal 0 0 -1
    outer loop
      vertex 141.45 139.6 0
      vertex 141.546 140.419 0
      vertex 141.546 139.581 0
    endloop
  endfacet
  facet normal 0 0 -1
    outer loop
      vertex 141.45 139.6 0
      vertex 141.45 140.4 0
      vertex 141.546 140.419 0
    endloop
  endfacet
  facet normal 0 0 -1
    outer loop
      vertex 140.55 139.6 0
      vertex 141.45 140.4 0
      vertex 141.45 139.6 0
    endloop
  endfacet
  facet normal 0 0 -1
    outer loop
      vertex 140.55 139.6 0
      vertex 140.55 140.4 0
      vertex 141.45 140.4 0
    endloop
  endfacet
  facet normal 0 0 -1
    outer loop
      vertex 140.454 139.581 0
      vertex 140.55 140.4 0
      vertex 140.55 139.6 0
    endloop
  endfacet
  facet normal 0 0 -1
    outer loop
      vertex 140.454 139.581 0
      vertex 140.454 140.419 0
      vertex 140.55 140.4 0
    endloop
  endfacet
  facet normal 0 0 -1
    outer loop
      vertex 140.373 139.526 0
      vertex 140.454 140.419 0
      vertex 140.454 139.581 0
    endloop
  endfacet
  facet normal 0 0 -1
    outer loop
      vertex 140.373 139.526 0
      vertex 140.373 140.474 0
      vertex 140.454 140.419 0
    endloop
  endfacet
  facet normal 0 0 -1
    outer loop
      vertex 139.531 139.445 0
      vertex 140.319 139.445 0
      vertex 139.55 139.35 0
    endloop
  endfacet
  facet normal 0 0 -1
    outer loop
      vertex 140.319 139.445 0
      vertex 139.531 139.445 0
      vertex 140.373 139.526 0
    endloop
  endfacet
  facet normal 0 0 -1
    outer loop
      vertex 139.55 139.35 0
      vertex 140.319 139.445 0
      vertex 140.3 139.35 0
    endloop
  endfacet
  facet normal 0 0 -1
    outer loop
      vertex 139.477 139.526 0
      vertex 140.373 139.526 0
      vertex 139.531 139.445 0
    endloop
  endfacet
  facet normal 0 0 -1
    outer loop
      vertex 143.019 138.654 0
      vertex 141.681 138.555 0
      vertex 141.7 138.65 0
    endloop
  endfacet
  facet normal 0 0 -1
    outer loop
      vertex 141.135 135.826 0
      vertex 142.25 135.75 0
      vertex 141.15 135.75 0
    endloop
  endfacet
  facet normal 0 0 -1
    outer loop
      vertex 141.092 135.892 0
      vertex 142.25 135.75 0
      vertex 141.135 135.826 0
    endloop
  endfacet
  facet normal 0 0 -1
    outer loop
      vertex 141.092 134.108 0
      vertex 141.9 132.95 0
      vertex 141.5 132.95 0
    endloop
  endfacet
  facet normal 0 0 -1
    outer loop
      vertex 142.25 135.75 0
      vertex 141.627 138.474 0
      vertex 141.681 138.555 0
    endloop
  endfacet
  facet normal 0 0 -1
    outer loop
      vertex 141.026 134.065 0
      vertex 141.5 132.95 0
      vertex 141.424 132.935 0
    endloop
  endfacet
  facet normal 0 0 -1
    outer loop
      vertex 140.95 134.05 0
      vertex 141.424 132.935 0
      vertex 141.358 132.892 0
    endloop
  endfacet
  facet normal 0 0 -1
    outer loop
      vertex 140.55 134.05 0
      vertex 141.358 132.892 0
      vertex 141.315 132.826 0
    endloop
  endfacet
  facet normal 0 0 -1
    outer loop
      vertex 140.474 134.065 0
      vertex 141.315 132.826 0
      vertex 141.3 132.75 0
    endloop
  endfacet
  facet normal -0 0 -1
    outer loop
      vertex 142.25 135.75 0
      vertex 141.15 134.25 0
      vertex 141.15 135.75 0
    endloop
  endfacet
  facet normal 0 -0 -1
    outer loop
      vertex 141.546 138.419 0
      vertex 142.25 135.75 0
      vertex 141.092 135.892 0
    endloop
  endfacet
  facet normal 0 0 -1
    outer loop
      vertex 142.25 135.75 0
      vertex 141.546 138.419 0
      vertex 141.627 138.474 0
    endloop
  endfacet
  facet normal 0 0 -1
    outer loop
      vertex 141.026 135.935 0
      vertex 141.546 138.419 0
      vertex 141.092 135.892 0
    endloop
  endfacet
  facet normal 0 0 -1
    outer loop
      vertex 141.546 138.419 0
      vertex 141.026 135.935 0
      vertex 141.45 138.4 0
    endloop
  endfacet
  facet normal 0 0 -1
    outer loop
      vertex 140.95 135.95 0
      vertex 141.45 138.4 0
      vertex 141.026 135.935 0
    endloop
  endfacet
  facet normal 0 0 -1
    outer loop
      vertex 140.55 138.4 0
      vertex 140.95 135.95 0
      vertex 140.55 135.95 0
    endloop
  endfacet
  facet normal 0 0 -1
    outer loop
      vertex 140.95 135.95 0
      vertex 140.55 138.4 0
      vertex 141.45 138.4 0
    endloop
  endfacet
  facet normal 0 0 -1
    outer loop
      vertex 140.474 135.935 0
      vertex 140.55 138.4 0
      vertex 140.55 135.95 0
    endloop
  endfacet
  facet normal 0 0 -1
    outer loop
      vertex 140.474 135.935 0
      vertex 140.454 138.419 0
      vertex 140.55 138.4 0
    endloop
  endfacet
  facet normal 0 0 -1
    outer loop
      vertex 139.55 138.65 0
      vertex 140.474 135.935 0
      vertex 140.408 135.892 0
    endloop
  endfacet
  facet normal 0 0 -1
    outer loop
      vertex 140.474 135.935 0
      vertex 139.55 138.65 0
      vertex 140.454 138.419 0
    endloop
  endfacet
  facet normal 0 0 -1
    outer loop
      vertex 139.55 138.65 0
      vertex 140.408 135.892 0
      vertex 140.365 135.826 0
    endloop
  endfacet
  facet normal 0 0 -1
    outer loop
      vertex 139.55 138.65 0
      vertex 140.365 135.826 0
      vertex 140.35 135.75 0
    endloop
  endfacet
  facet normal 0 0 -1
    outer loop
      vertex 140.454 138.419 0
      vertex 139.55 138.65 0
      vertex 140.373 138.474 0
    endloop
  endfacet
  facet normal 0 0 -1
    outer loop
      vertex 142.392 130.191 0
      vertex 145.35 131.45 0
      vertex 142.435 130.127 0
    endloop
  endfacet
  facet normal 0 0 -1
    outer loop
      vertex 142.1 131.25 0
      vertex 145.35 131.45 0
      vertex 142.392 130.191 0
    endloop
  endfacet
  facet normal 0 0 -1
    outer loop
      vertex 142.1 132.75 0
      vertex 145.35 132.15 0
      vertex 142.1 131.25 0
    endloop
  endfacet
  facet normal -0 0 -1
    outer loop
      vertex 145.35 131.45 0
      vertex 142.1 131.25 0
      vertex 145.35 132.15 0
    endloop
  endfacet
  facet normal 0 0 -1
    outer loop
      vertex 142.085 132.826 0
      vertex 142.85 134.05 0
      vertex 142.1 132.75 0
    endloop
  endfacet
  facet normal 0 0 -1
    outer loop
      vertex 142.085 131.174 0
      vertex 142.392 130.191 0
      vertex 142.326 130.234 0
    endloop
  endfacet
  facet normal 0 0 -1
    outer loop
      vertex 142.041 132.892 0
      vertex 142.85 134.05 0
      vertex 142.085 132.826 0
    endloop
  endfacet
  facet normal -0 0 -1
    outer loop
      vertex 142.85 134.05 0
      vertex 142.041 132.892 0
      vertex 142.45 134.05 0
    endloop
  endfacet
  facet normal 0 0 -1
    outer loop
      vertex 142.041 131.108 0
      vertex 142.326 130.234 0
      vertex 142.25 130.25 0
    endloop
  endfacet
  facet normal 0 0 -1
    outer loop
      vertex 141.977 132.935 0
      vertex 142.45 134.05 0
      vertex 142.041 132.892 0
    endloop
  endfacet
  facet normal -0 0 -1
    outer loop
      vertex 142.45 134.05 0
      vertex 141.977 132.935 0
      vertex 142.373 134.065 0
    endloop
  endfacet
  facet normal 0 0 -1
    outer loop
      vertex 145.35 132.15 0
      vertex 142.1 132.75 0
      vertex 142.85 134.05 0
    endloop
  endfacet
  facet normal 0 0 -1
    outer loop
      vertex 142.392 130.191 0
      vertex 142.085 131.174 0
      vertex 142.1 131.25 0
    endloop
  endfacet
  facet normal 0 0 -1
    outer loop
      vertex 142.326 130.234 0
      vertex 142.041 131.108 0
      vertex 142.085 131.174 0
    endloop
  endfacet
  facet normal 0 0 -1
    outer loop
      vertex 142.25 130.25 0
      vertex 141.977 131.065 0
      vertex 142.041 131.108 0
    endloop
  endfacet
  facet normal 0 0 -1
    outer loop
      vertex 141.85 130.25 0
      vertex 141.977 131.065 0
      vertex 142.25 130.25 0
    endloop
  endfacet
  facet normal 0 0 -1
    outer loop
      vertex 141.977 131.065 0
      vertex 141.85 130.25 0
      vertex 141.9 131.05 0
    endloop
  endfacet
  facet normal 0 0 -1
    outer loop
      vertex 141.773 130.234 0
      vertex 141.9 131.05 0
      vertex 141.85 130.25 0
    endloop
  endfacet
  facet normal 0 0 -1
    outer loop
      vertex 141.5 131.05 0
      vertex 141.773 130.234 0
      vertex 141.709 130.191 0
    endloop
  endfacet
  facet normal 0 0 -1
    outer loop
      vertex 141.424 131.065 0
      vertex 141.709 130.191 0
      vertex 141.665 130.127 0
    endloop
  endfacet
  facet normal 0 0 -1
    outer loop
      vertex 141.3 127.25 0
      vertex 141.773 128.365 0
      vertex 141.377 127.234 0
    endloop
  endfacet
  facet normal 0 0 -1
    outer loop
      vertex 141.773 130.234 0
      vertex 141.5 131.05 0
      vertex 141.9 131.05 0
    endloop
  endfacet
  facet normal 0 0 -1
    outer loop
      vertex 140.535 130.127 0
      vertex 141.665 130.127 0
      vertex 141.65 130.05 0
    endloop
  endfacet
  facet normal -0 0 -1
    outer loop
      vertex 141.773 128.365 0
      vertex 141.3 127.25 0
      vertex 141.709 128.408 0
    endloop
  endfacet
  facet normal 0 0 -1
    outer loop
      vertex 140.491 128.408 0
      vertex 141.709 128.408 0
      vertex 141.3 127.25 0
    endloop
  endfacet
  facet normal 0 0 -1
    outer loop
      vertex 141.709 128.408 0
      vertex 140.491 128.408 0
      vertex 141.665 128.474 0
    endloop
  endfacet
  facet normal 0 0 -1
    outer loop
      vertex 140.55 130.05 0
      vertex 141.65 130.05 0
      vertex 140.55 128.55 0
    endloop
  endfacet
  facet normal 0 0 -1
    outer loop
      vertex 141.65 128.55 0
      vertex 140.55 128.55 0
      vertex 141.65 130.05 0
    endloop
  endfacet
  facet normal 0 0 -1
    outer loop
      vertex 140.535 130.127 0
      vertex 141.65 130.05 0
      vertex 140.55 130.05 0
    endloop
  endfacet
  facet normal 0 0 -1
    outer loop
      vertex 141.665 130.127 0
      vertex 140.535 130.127 0
      vertex 141.424 131.065 0
    endloop
  endfacet
  facet normal 0 -0 -1
    outer loop
      vertex 140.535 128.474 0
      vertex 141.665 128.474 0
      vertex 140.491 128.408 0
    endloop
  endfacet
  facet normal 0 0 -1
    outer loop
      vertex 141.709 130.191 0
      vertex 141.424 131.065 0
      vertex 141.5 131.05 0
    endloop
  endfacet
  facet normal 0 0 -1
    outer loop
      vertex 140.491 130.191 0
      vertex 141.424 131.065 0
      vertex 140.535 130.127 0
    endloop
  endfacet
  facet normal 0 0 -1
    outer loop
      vertex 140.427 130.234 0
      vertex 141.358 131.108 0
      vertex 140.491 130.191 0
    endloop
  endfacet
  facet normal 0 0 -1
    outer loop
      vertex 141.9 132.95 0
      vertex 141.135 134.174 0
      vertex 141.15 134.25 0
    endloop
  endfacet
  facet normal -0 0 -1
    outer loop
      vertex 141.358 131.108 0
      vertex 140.427 130.234 0
      vertex 141.315 131.174 0
    endloop
  endfacet
  facet normal 0 0 -1
    outer loop
      vertex 140.35 130.25 0
      vertex 141.315 131.174 0
      vertex 140.427 130.234 0
    endloop
  endfacet
  facet normal 0 0 -1
    outer loop
      vertex 141.9 132.95 0
      vertex 141.092 134.108 0
      vertex 141.135 134.174 0
    endloop
  endfacet
  facet normal 0 0 -1
    outer loop
      vertex 140.491 128.408 0
      vertex 141.3 127.25 0
      vertex 140.9 127.25 0
    endloop
  endfacet
  facet normal 0 0 -1
    outer loop
      vertex 140.427 128.365 0
      vertex 140.9 127.25 0
      vertex 140.823 127.234 0
    endloop
  endfacet
  facet normal 0 0 -1
    outer loop
      vertex 140.35 128.35 0
      vertex 140.823 127.234 0
      vertex 140.759 127.191 0
    endloop
  endfacet
  facet normal 0 0 -1
    outer loop
      vertex 139.95 128.35 0
      vertex 140.759 127.191 0
      vertex 140.715 127.127 0
    endloop
  endfacet
  facet normal 0 0 -1
    outer loop
      vertex 139.873 128.365 0
      vertex 140.715 127.127 0
      vertex 140.7 127.05 0
    endloop
  endfacet
  facet normal -0 0 -1
    outer loop
      vertex 141.424 131.065 0
      vertex 140.491 130.191 0
      vertex 141.358 131.108 0
    endloop
  endfacet
  facet normal -0 0 -1
    outer loop
      vertex 141.315 131.174 0
      vertex 140.35 130.25 0
      vertex 141.3 131.25 0
    endloop
  endfacet
  facet normal 0 0 -1
    outer loop
      vertex 141.5 132.95 0
      vertex 141.026 134.065 0
      vertex 141.092 134.108 0
    endloop
  endfacet
  facet normal 0 0 -1
    outer loop
      vertex 139.95 130.25 0
      vertex 141.3 131.25 0
      vertex 140.35 130.25 0
    endloop
  endfacet
  facet normal 0 0 -1
    outer loop
      vertex 141.424 132.935 0
      vertex 140.95 134.05 0
      vertex 141.026 134.065 0
    endloop
  endfacet
  facet normal -0 0 -1
    outer loop
      vertex 141.3 131.25 0
      vertex 139.95 130.25 0
      vertex 141.3 132.75 0
    endloop
  endfacet
  facet normal 0 0 -1
    outer loop
      vertex 141.358 132.892 0
      vertex 140.55 134.05 0
      vertex 140.95 134.05 0
    endloop
  endfacet
  facet normal 0 0 -1
    outer loop
      vertex 139.873 130.234 0
      vertex 141.3 132.75 0
      vertex 139.95 130.25 0
    endloop
  endfacet
  facet normal 0 0 -1
    outer loop
      vertex 141.315 132.826 0
      vertex 140.474 134.065 0
      vertex 140.55 134.05 0
    endloop
  endfacet
  facet normal 0 -0 -1
    outer loop
      vertex 140.408 134.108 0
      vertex 141.3 132.75 0
      vertex 139.873 130.234 0
    endloop
  endfacet
  facet normal 0 0 -1
    outer loop
      vertex 141.3 132.75 0
      vertex 140.408 134.108 0
      vertex 140.474 134.065 0
    endloop
  endfacet
  facet normal 0 0 -1
    outer loop
      vertex 139.809 130.191 0
      vertex 140.408 134.108 0
      vertex 139.873 130.234 0
    endloop
  endfacet
  facet normal -0 0 -1
    outer loop
      vertex 140.408 134.108 0
      vertex 139.809 130.191 0
      vertex 140.365 134.174 0
    endloop
  endfacet
  facet normal 0 0 -1
    outer loop
      vertex 139.766 130.127 0
      vertex 140.365 134.174 0
      vertex 139.809 130.191 0
    endloop
  endfacet
  facet normal 0 0 -1
    outer loop
      vertex 139.55 139.35 0
      vertex 140.3 139.35 0
      vertex 140.3 138.65 0
    endloop
  endfacet
  facet normal 0 0 -1
    outer loop
      vertex 140.373 140.474 0
      vertex 139.55 140.65 0
      vertex 140.319 140.555 0
    endloop
  endfacet
  facet normal 0 0 -1
    outer loop
      vertex 140.319 138.555 0
      vertex 139.55 138.65 0
      vertex 140.3 138.65 0
    endloop
  endfacet
  facet normal 0 0 -1
    outer loop
      vertex 140.373 138.474 0
      vertex 139.55 138.65 0
      vertex 140.319 138.555 0
    endloop
  endfacet
  facet normal 0 0 -1
    outer loop
      vertex 144.381 140.654 0
      vertex 145.919 139.646 0
      vertex 144.381 139.546 0
    endloop
  endfacet
  facet normal 0 0 -1
    outer loop
      vertex 145.919 139.646 0
      vertex 144.381 140.654 0
      vertex 144.4 140.75 0
    endloop
  endfacet
  facet normal 0 0 -1
    outer loop
      vertex 144.327 139.627 0
      vertex 144.381 140.654 0
      vertex 144.381 139.546 0
    endloop
  endfacet
  facet normal 0 0 -1
    outer loop
      vertex 144.327 139.627 0
      vertex 144.327 140.573 0
      vertex 144.381 140.654 0
    endloop
  endfacet
  facet normal 0 0 -1
    outer loop
      vertex 144.246 139.681 0
      vertex 144.327 140.573 0
      vertex 144.327 139.627 0
    endloop
  endfacet
  facet normal 0 0 -1
    outer loop
      vertex 144.246 139.681 0
      vertex 144.246 140.519 0
      vertex 144.327 140.573 0
    endloop
  endfacet
  facet normal 0 0 -1
    outer loop
      vertex 144.15 139.7 0
      vertex 144.246 140.519 0
      vertex 144.246 139.681 0
    endloop
  endfacet
  facet normal 0 0 -1
    outer loop
      vertex 144.15 139.7 0
      vertex 144.15 140.5 0
      vertex 144.246 140.519 0
    endloop
  endfacet
  facet normal 0 0 -1
    outer loop
      vertex 143.25 139.7 0
      vertex 144.15 140.5 0
      vertex 144.15 139.7 0
    endloop
  endfacet
  facet normal 0 0 -1
    outer loop
      vertex 143.25 139.7 0
      vertex 143.25 140.5 0
      vertex 144.15 140.5 0
    endloop
  endfacet
  facet normal 0 0 -1
    outer loop
      vertex 143.154 139.681 0
      vertex 143.25 140.5 0
      vertex 143.25 139.7 0
    endloop
  endfacet
  facet normal 0 0 -1
    outer loop
      vertex 143.154 139.681 0
      vertex 143.154 140.519 0
      vertex 143.25 140.5 0
    endloop
  endfacet
  facet normal 0 0 -1
    outer loop
      vertex 143.073 139.627 0
      vertex 143.154 140.519 0
      vertex 143.154 139.681 0
    endloop
  endfacet
  facet normal 0 0 -1
    outer loop
      vertex 143.073 139.627 0
      vertex 143.073 140.573 0
      vertex 143.154 140.519 0
    endloop
  endfacet
  facet normal 0 0 -1
    outer loop
      vertex 141.7 140.65 0
      vertex 143.073 139.627 0
      vertex 143.019 139.546 0
    endloop
  endfacet
  facet normal 0 0 -1
    outer loop
      vertex 143.073 139.627 0
      vertex 141.7 140.65 0
      vertex 143.073 140.573 0
    endloop
  endfacet
  facet normal 0 0 -1
    outer loop
      vertex 141.681 139.445 0
      vertex 143 139.45 0
      vertex 141.7 139.35 0
    endloop
  endfacet
  facet normal 0 0 -1
    outer loop
      vertex 143.073 140.573 0
      vertex 141.7 140.65 0
      vertex 143.019 140.654 0
    endloop
  endfacet
  facet normal 0 0 -1
    outer loop
      vertex 142.927 135.935 0
      vertex 144.15 138.5 0
      vertex 142.991 135.892 0
    endloop
  endfacet
  facet normal -0 0 -1
    outer loop
      vertex 144.15 138.5 0
      vertex 142.927 135.935 0
      vertex 143.25 138.5 0
    endloop
  endfacet
  facet normal 0 0 -1
    outer loop
      vertex 142.85 135.95 0
      vertex 143.25 138.5 0
      vertex 142.927 135.935 0
    endloop
  endfacet
  facet normal -0 0 -1
    outer loop
      vertex 143.25 138.5 0
      vertex 142.85 135.95 0
      vertex 143.154 138.519 0
    endloop
  endfacet
  facet normal 0 0 -1
    outer loop
      vertex 141.7 139.35 0
      vertex 143 139.45 0
      vertex 143 138.75 0
    endloop
  endfacet
  facet normal -0 0 -1
    outer loop
      vertex 143 139.45 0
      vertex 141.681 139.445 0
      vertex 143.019 139.546 0
    endloop
  endfacet
  facet normal 0 0 -1
    outer loop
      vertex 141.681 138.555 0
      vertex 143.154 138.519 0
      vertex 142.45 135.95 0
    endloop
  endfacet
  facet normal 0 0 -1
    outer loop
      vertex 142.45 135.95 0
      vertex 143.154 138.519 0
      vertex 142.85 135.95 0
    endloop
  endfacet
  facet normal 0 0 -1
    outer loop
      vertex 147.619 127.596 0
      vertex 146.627 127.627 0
      vertex 147.673 127.677 0
    endloop
  endfacet
  facet normal 0 0 -1
    outer loop
      vertex 147.673 127.677 0
      vertex 146.681 128.654 0
      vertex 146.7 128.75 0
    endloop
  endfacet
  facet normal 0 0 -1
    outer loop
      vertex 146.627 128.573 0
      vertex 147.673 127.677 0
      vertex 146.627 127.627 0
    endloop
  endfacet
  facet normal 0 0 -1
    outer loop
      vertex 147.673 127.677 0
      vertex 146.627 128.573 0
      vertex 146.681 128.654 0
    endloop
  endfacet
  facet normal 0 0 -1
    outer loop
      vertex 146.546 127.681 0
      vertex 146.627 128.573 0
      vertex 146.627 127.627 0
    endloop
  endfacet
  facet normal 0 0 -1
    outer loop
      vertex 146.546 127.681 0
      vertex 146.546 128.519 0
      vertex 146.627 128.573 0
    endloop
  endfacet
  facet normal 0 0 -1
    outer loop
      vertex 146.45 127.7 0
      vertex 146.546 128.519 0
      vertex 146.546 127.681 0
    endloop
  endfacet
  facet normal 0 0 -1
    outer loop
      vertex 146.45 127.7 0
      vertex 146.45 128.5 0
      vertex 146.546 128.519 0
    endloop
  endfacet
  facet normal 0 0 -1
    outer loop
      vertex 145.55 127.7 0
      vertex 146.45 128.5 0
      vertex 146.45 127.7 0
    endloop
  endfacet
  facet normal 0 0 -1
    outer loop
      vertex 145.55 127.7 0
      vertex 145.55 128.5 0
      vertex 146.45 128.5 0
    endloop
  endfacet
  facet normal 0 0 -1
    outer loop
      vertex 145.454 127.681 0
      vertex 145.55 128.5 0
      vertex 145.55 127.7 0
    endloop
  endfacet
  facet normal 0 0 -1
    outer loop
      vertex 145.454 127.681 0
      vertex 145.454 128.519 0
      vertex 145.55 128.5 0
    endloop
  endfacet
  facet normal 0 0 -1
    outer loop
      vertex 145.373 127.627 0
      vertex 145.454 128.519 0
      vertex 145.454 127.681 0
    endloop
  endfacet
  facet normal 0 0 -1
    outer loop
      vertex 145.373 127.627 0
      vertex 145.373 128.573 0
      vertex 145.454 128.519 0
    endloop
  endfacet
  facet normal 0 0 -1
    outer loop
      vertex 145.319 127.546 0
      vertex 145.373 128.573 0
      vertex 145.373 127.627 0
    endloop
  endfacet
  facet normal 0 0 -1
    outer loop
      vertex 145.319 127.546 0
      vertex 145.319 128.654 0
      vertex 145.373 128.573 0
    endloop
  endfacet
  facet normal 0 0 -1
    outer loop
      vertex 142.435 128.474 0
      vertex 145.319 127.546 0
      vertex 145.3 127.45 0
    endloop
  endfacet
  facet normal 0 0 -1
    outer loop
      vertex 145.319 127.546 0
      vertex 142.435 128.474 0
      vertex 145.319 128.654 0
    endloop
  endfacet
  facet normal 0 0 -1
    outer loop
      vertex 147.724 132.327 0
      vertex 146.677 132.327 0
      vertex 147.724 133.273 0
    endloop
  endfacet
  facet normal 0 0 -1
    outer loop
      vertex 147.724 133.273 0
      vertex 146.731 133.354 0
      vertex 146.75 133.45 0
    endloop
  endfacet
  facet normal 0 0 -1
    outer loop
      vertex 146.677 133.273 0
      vertex 147.724 133.273 0
      vertex 146.677 132.327 0
    endloop
  endfacet
  facet normal 0 0 -1
    outer loop
      vertex 147.724 133.273 0
      vertex 146.677 133.273 0
      vertex 146.731 133.354 0
    endloop
  endfacet
  facet normal 0 0 -1
    outer loop
      vertex 146.596 132.381 0
      vertex 146.677 133.273 0
      vertex 146.677 132.327 0
    endloop
  endfacet
  facet normal 0 0 -1
    outer loop
      vertex 146.596 132.381 0
      vertex 146.596 133.219 0
      vertex 146.677 133.273 0
    endloop
  endfacet
  facet normal 0 0 -1
    outer loop
      vertex 146.5 132.4 0
      vertex 146.596 133.219 0
      vertex 146.596 132.381 0
    endloop
  endfacet
  facet normal 0 0 -1
    outer loop
      vertex 146.5 132.4 0
      vertex 146.5 133.2 0
      vertex 146.596 133.219 0
    endloop
  endfacet
  facet normal 0 0 -1
    outer loop
      vertex 145.6 132.4 0
      vertex 146.5 133.2 0
      vertex 146.5 132.4 0
    endloop
  endfacet
  facet normal 0 0 -1
    outer loop
      vertex 145.6 132.4 0
      vertex 145.6 133.2 0
      vertex 146.5 133.2 0
    endloop
  endfacet
  facet normal 0 0 -1
    outer loop
      vertex 145.504 132.381 0
      vertex 145.6 133.2 0
      vertex 145.6 132.4 0
    endloop
  endfacet
  facet normal 0 0 -1
    outer loop
      vertex 145.504 132.381 0
      vertex 145.504 133.219 0
      vertex 145.6 133.2 0
    endloop
  endfacet
  facet normal 0 0 -1
    outer loop
      vertex 145.423 132.327 0
      vertex 145.504 133.219 0
      vertex 145.504 132.381 0
    endloop
  endfacet
  facet normal 0 0 -1
    outer loop
      vertex 145.423 132.327 0
      vertex 145.423 133.273 0
      vertex 145.504 133.219 0
    endloop
  endfacet
  facet normal 0 0 -1
    outer loop
      vertex 145.369 132.246 0
      vertex 145.423 133.273 0
      vertex 145.423 132.327 0
    endloop
  endfacet
  facet normal 0 0 -1
    outer loop
      vertex 145.369 132.246 0
      vertex 145.369 133.354 0
      vertex 145.423 133.273 0
    endloop
  endfacet
  facet normal 0 0 -1
    outer loop
      vertex 142.927 134.065 0
      vertex 145.369 132.246 0
      vertex 145.35 132.15 0
    endloop
  endfacet
  facet normal 0 0 -1
    outer loop
      vertex 145.369 132.246 0
      vertex 142.991 134.108 0
      vertex 145.369 133.354 0
    endloop
  endfacet
  facet normal -0 0 -1
    outer loop
      vertex 148.319 139.746 0
      vertex 147.227 139.727 0
      vertex 148.373 139.827 0
    endloop
  endfacet
  facet normal 0 0 -1
    outer loop
      vertex 148.373 139.827 0
      vertex 147.281 140.754 0
      vertex 147.3 140.85 0
    endloop
  endfacet
  facet normal 0 0 -1
    outer loop
      vertex 147.227 140.673 0
      vertex 148.373 139.827 0
      vertex 147.227 139.727 0
    endloop
  endfacet
  facet normal 0 0 -1
    outer loop
      vertex 148.373 139.827 0
      vertex 147.227 140.673 0
      vertex 147.281 140.754 0
    endloop
  endfacet
  facet normal 0 0 -1
    outer loop
      vertex 147.146 139.781 0
      vertex 147.227 140.673 0
      vertex 147.227 139.727 0
    endloop
  endfacet
  facet normal 0 0 -1
    outer loop
      vertex 147.146 139.781 0
      vertex 147.146 140.619 0
      vertex 147.227 140.673 0
    endloop
  endfacet
  facet normal 0 0 -1
    outer loop
      vertex 147.05 139.8 0
      vertex 147.146 140.619 0
      vertex 147.146 139.781 0
    endloop
  endfacet
  facet normal 0 0 -1
    outer loop
      vertex 147.05 139.8 0
      vertex 147.05 140.6 0
      vertex 147.146 140.619 0
    endloop
  endfacet
  facet normal 0 0 -1
    outer loop
      vertex 146.15 139.8 0
      vertex 147.05 140.6 0
      vertex 147.05 139.8 0
    endloop
  endfacet
  facet normal 0 0 -1
    outer loop
      vertex 146.15 139.8 0
      vertex 146.15 140.6 0
      vertex 147.05 140.6 0
    endloop
  endfacet
  facet normal 0 0 -1
    outer loop
      vertex 146.055 139.781 0
      vertex 146.15 140.6 0
      vertex 146.15 139.8 0
    endloop
  endfacet
  facet normal 0 0 -1
    outer loop
      vertex 146.055 139.781 0
      vertex 146.055 140.619 0
      vertex 146.15 140.6 0
    endloop
  endfacet
  facet normal 0 0 -1
    outer loop
      vertex 145.974 139.727 0
      vertex 146.055 140.619 0
      vertex 146.055 139.781 0
    endloop
  endfacet
  facet normal 0 0 -1
    outer loop
      vertex 145.974 139.727 0
      vertex 145.974 140.673 0
      vertex 146.055 140.619 0
    endloop
  endfacet
  facet normal 0 0 -1
    outer loop
      vertex 145.919 139.646 0
      vertex 145.974 140.673 0
      vertex 145.974 139.727 0
    endloop
  endfacet
  facet normal 0 0 -1
    outer loop
      vertex 145.919 139.646 0
      vertex 145.919 140.754 0
      vertex 145.974 140.673 0
    endloop
  endfacet
  facet normal 0 0 -1
    outer loop
      vertex 144.381 139.546 0
      vertex 145.9 139.55 0
      vertex 144.4 139.45 0
    endloop
  endfacet
  facet normal 0 0 -1
    outer loop
      vertex 145.919 139.646 0
      vertex 144.4 140.75 0
      vertex 145.919 140.754 0
    endloop
  endfacet
  facet normal 0 0 -1
    outer loop
      vertex 147.669 133.354 0
      vertex 146.75 133.45 0
      vertex 147.65 133.45 0
    endloop
  endfacet
  facet normal 0 0 -1
    outer loop
      vertex 146.75 134.15 0
      vertex 147.65 133.45 0
      vertex 146.75 133.45 0
    endloop
  endfacet
  facet normal 0 0 -1
    outer loop
      vertex 146.731 134.246 0
      vertex 147.65 133.45 0
      vertex 146.75 134.15 0
    endloop
  endfacet
  facet normal 0 0 -1
    outer loop
      vertex 146.677 134.327 0
      vertex 147.65 133.45 0
      vertex 146.731 134.246 0
    endloop
  endfacet
  facet normal 0 0 -1
    outer loop
      vertex 147.65 133.45 0
      vertex 146.677 134.327 0
      vertex 147.05 138.6 0
    endloop
  endfacet
  facet normal 0 0 -1
    outer loop
      vertex 146.596 134.381 0
      vertex 147.05 138.6 0
      vertex 146.677 134.327 0
    endloop
  endfacet
  facet normal 0 0 -1
    outer loop
      vertex 146.5 134.4 0
      vertex 147.05 138.6 0
      vertex 146.596 134.381 0
    endloop
  endfacet
  facet normal 0 0 -1
    outer loop
      vertex 146.5 134.4 0
      vertex 146.15 138.6 0
      vertex 147.05 138.6 0
    endloop
  endfacet
  facet normal 0 0 -1
    outer loop
      vertex 145.6 134.4 0
      vertex 146.15 138.6 0
      vertex 146.5 134.4 0
    endloop
  endfacet
  facet normal -0 0 -1
    outer loop
      vertex 146.15 138.6 0
      vertex 145.6 134.4 0
      vertex 146.055 138.619 0
    endloop
  endfacet
  facet normal 0 0 -1
    outer loop
      vertex 145.504 134.381 0
      vertex 146.055 138.619 0
      vertex 145.6 134.4 0
    endloop
  endfacet
  facet normal 0 0 -1
    outer loop
      vertex 146.055 138.619 0
      vertex 144.4 138.75 0
      vertex 145.974 138.673 0
    endloop
  endfacet
  facet normal 0 0 -1
    outer loop
      vertex 144.4 139.45 0
      vertex 145.9 139.55 0
      vertex 145.9 138.85 0
    endloop
  endfacet
  facet normal -0 0 -1
    outer loop
      vertex 145.9 139.55 0
      vertex 144.381 139.546 0
      vertex 145.919 139.646 0
    endloop
  endfacet
  facet normal -0 0 -1
    outer loop
      vertex 145.919 138.754 0
      vertex 144.4 138.75 0
      vertex 145.9 138.85 0
    endloop
  endfacet
  facet normal 0 0 -1
    outer loop
      vertex 145.974 138.673 0
      vertex 144.4 138.75 0
      vertex 145.919 138.754 0
    endloop
  endfacet
  facet normal 0 0 -1
    outer loop
      vertex 146.7 129.45 0
      vertex 147.6 128.8 0
      vertex 146.7 128.75 0
    endloop
  endfacet
  facet normal 0 0 -1
    outer loop
      vertex 147.6 128.8 0
      vertex 146.7 129.45 0
      vertex 147.6 129.5 0
    endloop
  endfacet
  facet normal 0 0 -1
    outer loop
      vertex 146.681 129.546 0
      vertex 147.6 129.5 0
      vertex 146.7 129.45 0
    endloop
  endfacet
  facet normal 0 0 -1
    outer loop
      vertex 146.627 129.627 0
      vertex 147.6 129.5 0
      vertex 146.681 129.546 0
    endloop
  endfacet
  facet normal 0 0 -1
    outer loop
      vertex 147.6 129.5 0
      vertex 146.677 131.273 0
      vertex 146.731 131.354 0
    endloop
  endfacet
  facet normal 0 0 -1
    outer loop
      vertex 147.6 129.5 0
      vertex 146.627 129.627 0
      vertex 146.677 131.273 0
    endloop
  endfacet
  facet normal 0 0 -1
    outer loop
      vertex 146.627 129.627 0
      vertex 146.596 131.219 0
      vertex 146.677 131.273 0
    endloop
  endfacet
  facet normal 0 0 -1
    outer loop
      vertex 146.546 129.681 0
      vertex 146.596 131.219 0
      vertex 146.627 129.627 0
    endloop
  endfacet
  facet normal 0 0 -1
    outer loop
      vertex 146.546 129.681 0
      vertex 146.5 131.2 0
      vertex 146.596 131.219 0
    endloop
  endfacet
  facet normal 0 0 -1
    outer loop
      vertex 146.45 129.7 0
      vertex 146.5 131.2 0
      vertex 146.546 129.681 0
    endloop
  endfacet
  facet normal 0 0 -1
    outer loop
      vertex 146.45 129.7 0
      vertex 145.6 131.2 0
      vertex 146.5 131.2 0
    endloop
  endfacet
  facet normal 0 0 -1
    outer loop
      vertex 145.55 129.7 0
      vertex 145.6 131.2 0
      vertex 146.45 129.7 0
    endloop
  endfacet
  facet normal 0 0 -1
    outer loop
      vertex 145.55 129.7 0
      vertex 145.504 131.219 0
      vertex 145.6 131.2 0
    endloop
  endfacet
  facet normal 0 0 -1
    outer loop
      vertex 145.454 129.681 0
      vertex 145.504 131.219 0
      vertex 145.55 129.7 0
    endloop
  endfacet
  facet normal 0 0 -1
    outer loop
      vertex 145.454 129.681 0
      vertex 145.423 131.273 0
      vertex 145.504 131.219 0
    endloop
  endfacet
  facet normal 0 0 -1
    outer loop
      vertex 145.373 129.627 0
      vertex 145.423 131.273 0
      vertex 145.454 129.681 0
    endloop
  endfacet
  facet normal 0 0 -1
    outer loop
      vertex 145.373 129.627 0
      vertex 145.369 131.354 0
      vertex 145.423 131.273 0
    endloop
  endfacet
  facet normal 0 0 -1
    outer loop
      vertex 145.319 129.546 0
      vertex 145.369 131.354 0
      vertex 145.373 129.627 0
    endloop
  endfacet
  facet normal -0 0 -1
    outer loop
      vertex 145.369 131.354 0
      vertex 142.435 130.127 0
      vertex 145.35 131.45 0
    endloop
  endfacet
  facet normal 0 0 -1
    outer loop
      vertex 145.369 132.246 0
      vertex 142.927 134.065 0
      vertex 142.991 134.108 0
    endloop
  endfacet
  facet normal 0 0 -1
    outer loop
      vertex 142.45 130.05 0
      vertex 145.3 129.45 0
      vertex 142.45 128.55 0
    endloop
  endfacet
  facet normal 0 0 -1
    outer loop
      vertex 145.3 129.45 0
      vertex 142.45 130.05 0
      vertex 145.319 129.546 0
    endloop
  endfacet
  facet normal 0 0 -1
    outer loop
      vertex 148.981 127.596 0
      vertex 149 128.8 0
      vertex 149 127.5 0
    endloop
  endfacet
  facet normal 0 0 -1
    outer loop
      vertex 148.981 127.596 0
      vertex 148.981 128.704 0
      vertex 149 128.8 0
    endloop
  endfacet
  facet normal 0 0 -1
    outer loop
      vertex 148.927 127.677 0
      vertex 148.981 128.704 0
      vertex 148.981 127.596 0
    endloop
  endfacet
  facet normal 0 0 -1
    outer loop
      vertex 148.927 127.677 0
      vertex 148.927 128.623 0
      vertex 148.981 128.704 0
    endloop
  endfacet
  facet normal 0 0 -1
    outer loop
      vertex 148.846 127.731 0
      vertex 148.927 128.623 0
      vertex 148.927 127.677 0
    endloop
  endfacet
  facet normal 0 0 -1
    outer loop
      vertex 148.846 127.731 0
      vertex 148.846 128.569 0
      vertex 148.927 128.623 0
    endloop
  endfacet
  facet normal 0 0 -1
    outer loop
      vertex 148.75 127.75 0
      vertex 148.846 128.569 0
      vertex 148.846 127.731 0
    endloop
  endfacet
  facet normal 0 0 -1
    outer loop
      vertex 148.75 127.75 0
      vertex 148.75 128.55 0
      vertex 148.846 128.569 0
    endloop
  endfacet
  facet normal 0 0 -1
    outer loop
      vertex 147.85 127.75 0
      vertex 148.75 128.55 0
      vertex 148.75 127.75 0
    endloop
  endfacet
  facet normal 0 0 -1
    outer loop
      vertex 147.85 127.75 0
      vertex 147.85 128.55 0
      vertex 148.75 128.55 0
    endloop
  endfacet
  facet normal 0 0 -1
    outer loop
      vertex 147.754 127.731 0
      vertex 147.85 128.55 0
      vertex 147.85 127.75 0
    endloop
  endfacet
  facet normal 0 0 -1
    outer loop
      vertex 147.754 127.731 0
      vertex 147.754 128.569 0
      vertex 147.85 128.55 0
    endloop
  endfacet
  facet normal 0 0 -1
    outer loop
      vertex 147.673 127.677 0
      vertex 147.754 128.569 0
      vertex 147.754 127.731 0
    endloop
  endfacet
  facet normal 0 0 -1
    outer loop
      vertex 147.673 127.677 0
      vertex 147.673 128.623 0
      vertex 147.754 128.569 0
    endloop
  endfacet
  facet normal 0 0 -1
    outer loop
      vertex 147.6 127.5 0
      vertex 146.681 127.546 0
      vertex 147.619 127.596 0
    endloop
  endfacet
  facet normal 0 0 -1
    outer loop
      vertex 146.627 127.627 0
      vertex 147.619 127.596 0
      vertex 146.681 127.546 0
    endloop
  endfacet
  facet normal 0 0 -1
    outer loop
      vertex 147.6 126.8 0
      vertex 146.7 127.45 0
      vertex 147.6 127.5 0
    endloop
  endfacet
  facet normal 0 0 -1
    outer loop
      vertex 146.681 127.546 0
      vertex 147.6 127.5 0
      vertex 146.7 127.45 0
    endloop
  endfacet
  facet normal 0 0 -1
    outer loop
      vertex 149.031 132.246 0
      vertex 149.05 133.45 0
      vertex 149.05 132.15 0
    endloop
  endfacet
  facet normal 0 0 -1
    outer loop
      vertex 149.031 132.246 0
      vertex 149.031 133.354 0
      vertex 149.05 133.45 0
    endloop
  endfacet
  facet normal 0 0 -1
    outer loop
      vertex 148.977 132.327 0
      vertex 149.031 133.354 0
      vertex 149.031 132.246 0
    endloop
  endfacet
  facet normal 0 0 -1
    outer loop
      vertex 148.977 132.327 0
      vertex 148.977 133.273 0
      vertex 149.031 133.354 0
    endloop
  endfacet
  facet normal 0 0 -1
    outer loop
      vertex 148.896 132.381 0
      vertex 148.977 133.273 0
      vertex 148.977 132.327 0
    endloop
  endfacet
  facet normal 0 0 -1
    outer loop
      vertex 148.896 132.381 0
      vertex 148.896 133.219 0
      vertex 148.977 133.273 0
    endloop
  endfacet
  facet normal 0 0 -1
    outer loop
      vertex 148.8 132.4 0
      vertex 148.896 133.219 0
      vertex 148.896 132.381 0
    endloop
  endfacet
  facet normal 0 0 -1
    outer loop
      vertex 148.8 132.4 0
      vertex 148.8 133.2 0
      vertex 148.896 133.219 0
    endloop
  endfacet
  facet normal 0 0 -1
    outer loop
      vertex 147.9 132.4 0
      vertex 148.8 133.2 0
      vertex 148.8 132.4 0
    endloop
  endfacet
  facet normal 0 0 -1
    outer loop
      vertex 147.9 132.4 0
      vertex 147.9 133.2 0
      vertex 148.8 133.2 0
    endloop
  endfacet
  facet normal 0 0 -1
    outer loop
      vertex 147.805 132.381 0
      vertex 147.9 133.2 0
      vertex 147.9 132.4 0
    endloop
  endfacet
  facet normal 0 0 -1
    outer loop
      vertex 147.805 132.381 0
      vertex 147.805 133.219 0
      vertex 147.9 133.2 0
    endloop
  endfacet
  facet normal 0 0 -1
    outer loop
      vertex 147.724 132.327 0
      vertex 147.805 133.219 0
      vertex 147.805 132.381 0
    endloop
  endfacet
  facet normal 0 0 -1
    outer loop
      vertex 147.724 132.327 0
      vertex 147.724 133.273 0
      vertex 147.805 133.219 0
    endloop
  endfacet
  facet normal 0 0 -1
    outer loop
      vertex 146.731 132.246 0
      vertex 147.669 132.246 0
      vertex 146.75 132.15 0
    endloop
  endfacet
  facet normal 0 0 -1
    outer loop
      vertex 147.669 132.246 0
      vertex 146.731 132.246 0
      vertex 147.724 132.327 0
    endloop
  endfacet
  facet normal 0 0 -1
    outer loop
      vertex 146.75 132.15 0
      vertex 147.65 132.15 0
      vertex 146.75 131.45 0
    endloop
  endfacet
  facet normal 0 0 -1
    outer loop
      vertex 147.65 132.15 0
      vertex 146.75 132.15 0
      vertex 147.669 132.246 0
    endloop
  endfacet
  facet normal 0 0 -1
    outer loop
      vertex 149.681 140.854 0
      vertex 151.519 140.754 0
      vertex 149.681 139.746 0
    endloop
  endfacet
  facet normal 0 0 -1
    outer loop
      vertex 151.519 140.754 0
      vertex 149.681 140.854 0
      vertex 149.7 140.95 0
    endloop
  endfacet
  facet normal 0 0 -1
    outer loop
      vertex 149.627 139.827 0
      vertex 149.681 140.854 0
      vertex 149.681 139.746 0
    endloop
  endfacet
  facet normal 0 0 -1
    outer loop
      vertex 149.627 139.827 0
      vertex 149.627 140.773 0
      vertex 149.681 140.854 0
    endloop
  endfacet
  facet normal 0 0 -1
    outer loop
      vertex 149.546 139.881 0
      vertex 149.627 140.773 0
      vertex 149.627 139.827 0
    endloop
  endfacet
  facet normal 0 0 -1
    outer loop
      vertex 149.546 139.881 0
      vertex 149.546 140.719 0
      vertex 149.627 140.773 0
    endloop
  endfacet
  facet normal 0 0 -1
    outer loop
      vertex 149.45 139.9 0
      vertex 149.546 140.719 0
      vertex 149.546 139.881 0
    endloop
  endfacet
  facet normal 0 0 -1
    outer loop
      vertex 149.45 139.9 0
      vertex 149.45 140.7 0
      vertex 149.546 140.719 0
    endloop
  endfacet
  facet normal 0 0 -1
    outer loop
      vertex 148.55 139.9 0
      vertex 149.45 140.7 0
      vertex 149.45 139.9 0
    endloop
  endfacet
  facet normal 0 0 -1
    outer loop
      vertex 148.55 139.9 0
      vertex 148.55 140.7 0
      vertex 149.45 140.7 0
    endloop
  endfacet
  facet normal 0 0 -1
    outer loop
      vertex 148.454 139.881 0
      vertex 148.55 140.7 0
      vertex 148.55 139.9 0
    endloop
  endfacet
  facet normal 0 0 -1
    outer loop
      vertex 148.454 139.881 0
      vertex 148.454 140.719 0
      vertex 148.55 140.7 0
    endloop
  endfacet
  facet normal 0 0 -1
    outer loop
      vertex 148.373 139.827 0
      vertex 148.454 140.719 0
      vertex 148.454 139.881 0
    endloop
  endfacet
  facet normal 0 0 -1
    outer loop
      vertex 148.373 139.827 0
      vertex 148.373 140.773 0
      vertex 148.454 140.719 0
    endloop
  endfacet
  facet normal 0 0 -1
    outer loop
      vertex 147.227 139.727 0
      vertex 148.319 139.746 0
      vertex 147.281 139.646 0
    endloop
  endfacet
  facet normal 0 0 -1
    outer loop
      vertex 148.373 139.827 0
      vertex 147.3 140.85 0
      vertex 148.373 140.773 0
    endloop
  endfacet
  facet normal 0 0 -1
    outer loop
      vertex 147.281 139.646 0
      vertex 148.3 139.65 0
      vertex 147.3 139.55 0
    endloop
  endfacet
  facet normal 0 0 -1
    outer loop
      vertex 148.373 140.773 0
      vertex 147.3 140.85 0
      vertex 148.319 140.854 0
    endloop
  endfacet
  facet normal 0 0 -1
    outer loop
      vertex 153.548 139.677 0
      vertex 152.827 139.727 0
      vertex 153.548 140.724 0
    endloop
  endfacet
  facet normal 0 0 -1
    outer loop
      vertex 153.548 140.724 0
      vertex 152.881 140.754 0
      vertex 152.9 140.85 0
    endloop
  endfacet
  facet normal 0 0 -1
    outer loop
      vertex 152.827 140.673 0
      vertex 153.548 140.724 0
      vertex 152.827 139.727 0
    endloop
  endfacet
  facet normal -0 0 -1
    outer loop
      vertex 153.548 140.724 0
      vertex 152.827 140.673 0
      vertex 152.881 140.754 0
    endloop
  endfacet
  facet normal 0 0 -1
    outer loop
      vertex 152.746 139.781 0
      vertex 152.827 140.673 0
      vertex 152.827 139.727 0
    endloop
  endfacet
  facet normal 0 0 -1
    outer loop
      vertex 152.746 139.781 0
      vertex 152.746 140.619 0
      vertex 152.827 140.673 0
    endloop
  endfacet
  facet normal 0 0 -1
    outer loop
      vertex 152.65 139.8 0
      vertex 152.746 140.619 0
      vertex 152.746 139.781 0
    endloop
  endfacet
  facet normal 0 0 -1
    outer loop
      vertex 152.65 139.8 0
      vertex 152.65 140.6 0
      vertex 152.746 140.619 0
    endloop
  endfacet
  facet normal 0 0 -1
    outer loop
      vertex 151.75 139.8 0
      vertex 152.65 140.6 0
      vertex 152.65 139.8 0
    endloop
  endfacet
  facet normal 0 0 -1
    outer loop
      vertex 151.75 139.8 0
      vertex 151.75 140.6 0
      vertex 152.65 140.6 0
    endloop
  endfacet
  facet normal 0 0 -1
    outer loop
      vertex 151.654 139.781 0
      vertex 151.75 140.6 0
      vertex 151.75 139.8 0
    endloop
  endfacet
  facet normal 0 0 -1
    outer loop
      vertex 151.654 139.781 0
      vertex 151.654 140.619 0
      vertex 151.75 140.6 0
    endloop
  endfacet
  facet normal 0 0 -1
    outer loop
      vertex 151.573 139.727 0
      vertex 151.654 140.619 0
      vertex 151.654 139.781 0
    endloop
  endfacet
  facet normal 0 0 -1
    outer loop
      vertex 151.573 139.727 0
      vertex 151.573 140.673 0
      vertex 151.654 140.619 0
    endloop
  endfacet
  facet normal 0 0 -1
    outer loop
      vertex 151.519 139.646 0
      vertex 151.573 140.673 0
      vertex 151.573 139.727 0
    endloop
  endfacet
  facet normal 0 0 -1
    outer loop
      vertex 151.519 139.646 0
      vertex 151.519 140.754 0
      vertex 151.573 140.673 0
    endloop
  endfacet
  facet normal 0 0 -1
    outer loop
      vertex 149.7 139.65 0
      vertex 151.519 139.646 0
      vertex 151.5 139.55 0
    endloop
  endfacet
  facet normal 0 0 -1
    outer loop
      vertex 149.681 139.746 0
      vertex 151.519 139.646 0
      vertex 149.7 139.65 0
    endloop
  endfacet
  facet normal -0 0 -1
    outer loop
      vertex 152.65 138.6 0
      vertex 149.031 134.246 0
      vertex 151.75 138.6 0
    endloop
  endfacet
  facet normal 0 0 -1
    outer loop
      vertex 148.977 134.327 0
      vertex 151.75 138.6 0
      vertex 149.031 134.246 0
    endloop
  endfacet
  facet normal -0 0 -1
    outer loop
      vertex 151.75 138.6 0
      vertex 148.977 134.327 0
      vertex 151.654 138.619 0
    endloop
  endfacet
  facet normal -0 0 -1
    outer loop
      vertex 151.654 138.619 0
      vertex 148.977 134.327 0
      vertex 149.546 138.719 0
    endloop
  endfacet
  facet normal 0 0 -1
    outer loop
      vertex 148.896 134.381 0
      vertex 149.546 138.719 0
      vertex 148.977 134.327 0
    endloop
  endfacet
  facet normal 0 0 -1
    outer loop
      vertex 149.546 138.719 0
      vertex 148.896 134.381 0
      vertex 149.45 138.7 0
    endloop
  endfacet
  facet normal 0 0 -1
    outer loop
      vertex 148.8 134.4 0
      vertex 149.45 138.7 0
      vertex 148.896 134.381 0
    endloop
  endfacet
  facet normal 0 0 -1
    outer loop
      vertex 148.8 134.4 0
      vertex 148.55 138.7 0
      vertex 149.45 138.7 0
    endloop
  endfacet
  facet normal 0 0 -1
    outer loop
      vertex 147.9 134.4 0
      vertex 148.55 138.7 0
      vertex 148.8 134.4 0
    endloop
  endfacet
  facet normal -0 0 -1
    outer loop
      vertex 148.55 138.7 0
      vertex 147.9 134.4 0
      vertex 148.454 138.719 0
    endloop
  endfacet
  facet normal 0 0 -1
    outer loop
      vertex 147.3 138.85 0
      vertex 148.454 138.719 0
      vertex 147.9 134.4 0
    endloop
  endfacet
  facet normal 0 0 -1
    outer loop
      vertex 148.454 138.719 0
      vertex 147.3 138.85 0
      vertex 148.373 138.773 0
    endloop
  endfacet
  facet normal 0 0 -1
    outer loop
      vertex 147.3 139.55 0
      vertex 148.3 139.65 0
      vertex 148.3 138.95 0
    endloop
  endfacet
  facet normal -0 0 -1
    outer loop
      vertex 148.3 139.65 0
      vertex 147.281 139.646 0
      vertex 148.319 139.746 0
    endloop
  endfacet
  facet normal -0 0 -1
    outer loop
      vertex 148.319 138.854 0
      vertex 147.3 138.85 0
      vertex 148.3 138.95 0
    endloop
  endfacet
  facet normal 0 0 -1
    outer loop
      vertex 148.373 138.773 0
      vertex 147.3 138.85 0
      vertex 148.319 138.854 0
    endloop
  endfacet
  facet normal 0 0 -1
    outer loop
      vertex 167.945 121.695 0
      vertex 149 128.8 0
      vertex 154.771 138.594 0
    endloop
  endfacet
  facet normal 0 0 -1
    outer loop
      vertex 149 129.5 0
      vertex 154.771 138.594 0
      vertex 149 128.8 0
    endloop
  endfacet
  facet normal 0 0 -1
    outer loop
      vertex 154.771 138.594 0
      vertex 149 129.5 0
      vertex 149.031 131.354 0
    endloop
  endfacet
  facet normal 0 0 -1
    outer loop
      vertex 148.981 129.596 0
      vertex 149.031 131.354 0
      vertex 149 129.5 0
    endloop
  endfacet
  facet normal 0 0 -1
    outer loop
      vertex 148.981 129.596 0
      vertex 148.977 131.273 0
      vertex 149.031 131.354 0
    endloop
  endfacet
  facet normal 0 0 -1
    outer loop
      vertex 148.927 129.677 0
      vertex 148.977 131.273 0
      vertex 148.981 129.596 0
    endloop
  endfacet
  facet normal 0 0 -1
    outer loop
      vertex 148.927 129.677 0
      vertex 148.896 131.219 0
      vertex 148.977 131.273 0
    endloop
  endfacet
  facet normal 0 0 -1
    outer loop
      vertex 148.846 129.731 0
      vertex 148.896 131.219 0
      vertex 148.927 129.677 0
    endloop
  endfacet
  facet normal 0 0 -1
    outer loop
      vertex 148.846 129.731 0
      vertex 148.8 131.2 0
      vertex 148.896 131.219 0
    endloop
  endfacet
  facet normal 0 0 -1
    outer loop
      vertex 148.75 129.75 0
      vertex 148.8 131.2 0
      vertex 148.846 129.731 0
    endloop
  endfacet
  facet normal 0 0 -1
    outer loop
      vertex 148.75 129.75 0
      vertex 147.9 131.2 0
      vertex 148.8 131.2 0
    endloop
  endfacet
  facet normal 0 0 -1
    outer loop
      vertex 147.85 129.75 0
      vertex 147.9 131.2 0
      vertex 148.75 129.75 0
    endloop
  endfacet
  facet normal 0 0 -1
    outer loop
      vertex 147.85 129.75 0
      vertex 147.805 131.219 0
      vertex 147.9 131.2 0
    endloop
  endfacet
  facet normal 0 0 -1
    outer loop
      vertex 147.754 129.731 0
      vertex 147.805 131.219 0
      vertex 147.85 129.75 0
    endloop
  endfacet
  facet normal 0 0 -1
    outer loop
      vertex 147.754 129.731 0
      vertex 147.724 131.273 0
      vertex 147.805 131.219 0
    endloop
  endfacet
  facet normal 0 0 -1
    outer loop
      vertex 147.673 129.677 0
      vertex 147.724 131.273 0
      vertex 147.754 129.731 0
    endloop
  endfacet
  facet normal 0 0 -1
    outer loop
      vertex 146.731 131.354 0
      vertex 147.724 131.273 0
      vertex 147.673 129.677 0
    endloop
  endfacet
  facet normal 0 0 -1
    outer loop
      vertex 147.724 131.273 0
      vertex 146.731 131.354 0
      vertex 147.669 131.354 0
    endloop
  endfacet
  facet normal 0 0 -1
    outer loop
      vertex 146.75 131.45 0
      vertex 147.65 132.15 0
      vertex 147.65 131.45 0
    endloop
  endfacet
  facet normal 0 0 -1
    outer loop
      vertex 146.677 132.327 0
      vertex 147.724 132.327 0
      vertex 146.731 132.246 0
    endloop
  endfacet
  facet normal 0 0 -1
    outer loop
      vertex 146.731 131.354 0
      vertex 147.619 129.596 0
      vertex 147.6 129.5 0
    endloop
  endfacet
  facet normal 0 0 -1
    outer loop
      vertex 146.731 131.354 0
      vertex 147.673 129.677 0
      vertex 147.619 129.596 0
    endloop
  endfacet
  facet normal 0 0 -1
    outer loop
      vertex 154.906 139.596 0
      vertex 154.925 140.9 0
      vertex 154.925 139.5 0
    endloop
  endfacet
  facet normal 0 0 -1
    outer loop
      vertex 154.906 139.596 0
      vertex 154.906 140.805 0
      vertex 154.925 140.9 0
    endloop
  endfacet
  facet normal 0 0 -1
    outer loop
      vertex 154.852 139.677 0
      vertex 154.906 140.805 0
      vertex 154.906 139.596 0
    endloop
  endfacet
  facet normal 0 0 -1
    outer loop
      vertex 154.852 139.677 0
      vertex 154.852 140.724 0
      vertex 154.906 140.805 0
    endloop
  endfacet
  facet normal 0 0 -1
    outer loop
      vertex 154.771 139.731 0
      vertex 154.852 140.724 0
      vertex 154.852 139.677 0
    endloop
  endfacet
  facet normal 0 0 -1
    outer loop
      vertex 154.771 139.731 0
      vertex 154.771 140.669 0
      vertex 154.852 140.724 0
    endloop
  endfacet
  facet normal 0 0 -1
    outer loop
      vertex 154.675 139.75 0
      vertex 154.771 140.669 0
      vertex 154.771 139.731 0
    endloop
  endfacet
  facet normal 0 0 -1
    outer loop
      vertex 154.675 139.75 0
      vertex 154.675 140.65 0
      vertex 154.771 140.669 0
    endloop
  endfacet
  facet normal 0 0 -1
    outer loop
      vertex 153.725 139.75 0
      vertex 154.675 140.65 0
      vertex 154.675 139.75 0
    endloop
  endfacet
  facet normal 0 0 -1
    outer loop
      vertex 153.725 139.75 0
      vertex 153.725 140.65 0
      vertex 154.675 140.65 0
    endloop
  endfacet
  facet normal 0 0 -1
    outer loop
      vertex 153.629 139.731 0
      vertex 153.725 140.65 0
      vertex 153.725 139.75 0
    endloop
  endfacet
  facet normal 0 0 -1
    outer loop
      vertex 153.629 139.731 0
      vertex 153.629 140.669 0
      vertex 153.725 140.65 0
    endloop
  endfacet
  facet normal 0 0 -1
    outer loop
      vertex 153.548 139.677 0
      vertex 153.629 140.669 0
      vertex 153.629 139.731 0
    endloop
  endfacet
  facet normal 0 0 -1
    outer loop
      vertex 153.548 139.677 0
      vertex 153.548 140.724 0
      vertex 153.629 140.669 0
    endloop
  endfacet
  facet normal 0 0 -1
    outer loop
      vertex 152.881 139.646 0
      vertex 153.494 139.596 0
      vertex 152.9 139.55 0
    endloop
  endfacet
  facet normal 0 0 -1
    outer loop
      vertex 153.494 139.596 0
      vertex 152.881 139.646 0
      vertex 153.548 139.677 0
    endloop
  endfacet
  facet normal 0 0 -1
    outer loop
      vertex 152.9 139.55 0
      vertex 153.494 139.596 0
      vertex 153.475 139.5 0
    endloop
  endfacet
  facet normal 0 0 -1
    outer loop
      vertex 152.827 139.727 0
      vertex 153.548 139.677 0
      vertex 152.881 139.646 0
    endloop
  endfacet
  facet normal 0 0 -1
    outer loop
      vertex 156.648 144.977 0
      vertex 155.526 145.026 0
      vertex 156.648 146.023 0
    endloop
  endfacet
  facet normal 0 0 -1
    outer loop
      vertex 156.648 146.023 0
      vertex 155.581 146.055 0
      vertex 155.6 146.15 0
    endloop
  endfacet
  facet normal 0 0 -1
    outer loop
      vertex 155.526 145.974 0
      vertex 156.648 146.023 0
      vertex 155.526 145.026 0
    endloop
  endfacet
  facet normal -0 0 -1
    outer loop
      vertex 156.648 146.023 0
      vertex 155.526 145.974 0
      vertex 155.581 146.055 0
    endloop
  endfacet
  facet normal 0 0 -1
    outer loop
      vertex 155.445 145.081 0
      vertex 155.526 145.974 0
      vertex 155.526 145.026 0
    endloop
  endfacet
  facet normal 0 0 -1
    outer loop
      vertex 155.445 145.081 0
      vertex 155.445 145.919 0
      vertex 155.526 145.974 0
    endloop
  endfacet
  facet normal 0 0 -1
    outer loop
      vertex 155.35 145.1 0
      vertex 155.445 145.919 0
      vertex 155.445 145.081 0
    endloop
  endfacet
  facet normal 0 0 -1
    outer loop
      vertex 155.35 145.1 0
      vertex 155.35 145.9 0
      vertex 155.445 145.919 0
    endloop
  endfacet
  facet normal 0 0 -1
    outer loop
      vertex 154.45 145.1 0
      vertex 155.35 145.9 0
      vertex 155.35 145.1 0
    endloop
  endfacet
  facet normal 0 0 -1
    outer loop
      vertex 154.45 145.1 0
      vertex 154.45 145.9 0
      vertex 155.35 145.9 0
    endloop
  endfacet
  facet normal 0 0 -1
    outer loop
      vertex 154.354 145.081 0
      vertex 154.45 145.9 0
      vertex 154.45 145.1 0
    endloop
  endfacet
  facet normal 0 0 -1
    outer loop
      vertex 154.354 145.081 0
      vertex 154.354 145.919 0
      vertex 154.45 145.9 0
    endloop
  endfacet
  facet normal 0 0 -1
    outer loop
      vertex 154.273 145.026 0
      vertex 154.354 145.919 0
      vertex 154.354 145.081 0
    endloop
  endfacet
  facet normal 0 0 -1
    outer loop
      vertex 154.273 145.026 0
      vertex 154.273 145.974 0
      vertex 154.354 145.919 0
    endloop
  endfacet
  facet normal 0 0 -1
    outer loop
      vertex 154.219 144.945 0
      vertex 154.273 145.974 0
      vertex 154.273 145.026 0
    endloop
  endfacet
  facet normal 0 0 -1
    outer loop
      vertex 154.219 144.945 0
      vertex 154.219 146.055 0
      vertex 154.273 145.974 0
    endloop
  endfacet
  facet normal 0 0 -1
    outer loop
      vertex 154.2 144.85 0
      vertex 154.219 146.055 0
      vertex 154.219 144.945 0
    endloop
  endfacet
  facet normal -0 0 -1
    outer loop
      vertex 154.219 146.055 0
      vertex 154.2 144.85 0
      vertex 154.2 146.15 0
    endloop
  endfacet
  facet normal 0 0 -1
    outer loop
      vertex 158.006 144.896 0
      vertex 158.025 146.2 0
      vertex 158.025 144.8 0
    endloop
  endfacet
  facet normal 0 0 -1
    outer loop
      vertex 158.006 144.896 0
      vertex 158.006 146.104 0
      vertex 158.025 146.2 0
    endloop
  endfacet
  facet normal 0 0 -1
    outer loop
      vertex 157.952 144.977 0
      vertex 158.006 146.104 0
      vertex 158.006 144.896 0
    endloop
  endfacet
  facet normal 0 0 -1
    outer loop
      vertex 157.952 144.977 0
      vertex 157.952 146.023 0
      vertex 158.006 146.104 0
    endloop
  endfacet
  facet normal 0 0 -1
    outer loop
      vertex 157.871 145.031 0
      vertex 157.952 146.023 0
      vertex 157.952 144.977 0
    endloop
  endfacet
  facet normal 0 0 -1
    outer loop
      vertex 157.871 145.031 0
      vertex 157.871 145.969 0
      vertex 157.952 146.023 0
    endloop
  endfacet
  facet normal 0 0 -1
    outer loop
      vertex 157.775 145.05 0
      vertex 157.871 145.969 0
      vertex 157.871 145.031 0
    endloop
  endfacet
  facet normal 0 0 -1
    outer loop
      vertex 157.775 145.05 0
      vertex 157.775 145.95 0
      vertex 157.871 145.969 0
    endloop
  endfacet
  facet normal 0 0 -1
    outer loop
      vertex 156.825 145.05 0
      vertex 157.775 145.95 0
      vertex 157.775 145.05 0
    endloop
  endfacet
  facet normal 0 0 -1
    outer loop
      vertex 156.825 145.05 0
      vertex 156.825 145.95 0
      vertex 157.775 145.95 0
    endloop
  endfacet
  facet normal 0 0 -1
    outer loop
      vertex 156.729 145.031 0
      vertex 156.825 145.95 0
      vertex 156.825 145.05 0
    endloop
  endfacet
  facet normal 0 0 -1
    outer loop
      vertex 156.729 145.031 0
      vertex 156.729 145.969 0
      vertex 156.825 145.95 0
    endloop
  endfacet
  facet normal 0 0 -1
    outer loop
      vertex 156.648 144.977 0
      vertex 156.729 145.969 0
      vertex 156.729 145.031 0
    endloop
  endfacet
  facet normal 0 0 -1
    outer loop
      vertex 156.648 144.977 0
      vertex 156.648 146.023 0
      vertex 156.729 145.969 0
    endloop
  endfacet
  facet normal 0 0 -1
    outer loop
      vertex 155.581 144.945 0
      vertex 156.594 144.896 0
      vertex 155.6 144.85 0
    endloop
  endfacet
  facet normal 0 0 -1
    outer loop
      vertex 156.594 144.896 0
      vertex 155.581 144.945 0
      vertex 156.648 144.977 0
    endloop
  endfacet
  facet normal 0 0 -1
    outer loop
      vertex 155.6 144.85 0
      vertex 156.594 144.896 0
      vertex 156.575 144.8 0
    endloop
  endfacet
  facet normal 0 0 -1
    outer loop
      vertex 155.526 145.026 0
      vertex 156.648 144.977 0
      vertex 155.581 144.945 0
    endloop
  endfacet
  facet normal 0 0 -1
    outer loop
      vertex 169 151 0
      vertex 158.006 144.029 0
      vertex 158.025 144.125 0
    endloop
  endfacet
  facet normal 0 0 -1
    outer loop
      vertex 168.653 121.988 0
      vertex 157.952 143.948 0
      vertex 158.006 144.029 0
    endloop
  endfacet
  facet normal 0 0 -1
    outer loop
      vertex 168.653 121.988 0
      vertex 154.906 138.729 0
      vertex 157.952 143.948 0
    endloop
  endfacet
  facet normal 0 -0 -1
    outer loop
      vertex 154.925 138.825 0
      vertex 157.952 143.948 0
      vertex 154.906 138.729 0
    endloop
  endfacet
  facet normal 0 0 -1
    outer loop
      vertex 157.952 143.948 0
      vertex 154.925 138.825 0
      vertex 157.871 143.894 0
    endloop
  endfacet
  facet normal 0 0 -1
    outer loop
      vertex 154.925 140.9 0
      vertex 157.871 143.894 0
      vertex 154.925 139.5 0
    endloop
  endfacet
  facet normal 0 0 -1
    outer loop
      vertex 157.871 143.894 0
      vertex 154.925 140.9 0
      vertex 157.775 143.875 0
    endloop
  endfacet
  facet normal 0 0 -1
    outer loop
      vertex 154.925 141.575 0
      vertex 157.775 143.875 0
      vertex 154.925 140.9 0
    endloop
  endfacet
  facet normal 0 0 -1
    outer loop
      vertex 155.6 144.15 0
      vertex 156.575 144.8 0
      vertex 156.575 144.125 0
    endloop
  endfacet
  facet normal 0 0 -1
    outer loop
      vertex 156.648 146.023 0
      vertex 155.6 146.15 0
      vertex 156.594 146.104 0
    endloop
  endfacet
  facet normal -0 0 -1
    outer loop
      vertex 156.575 144.8 0
      vertex 155.6 144.15 0
      vertex 155.6 144.85 0
    endloop
  endfacet
  facet normal 0 0 -1
    outer loop
      vertex 155.581 144.055 0
      vertex 156.575 144.125 0
      vertex 156.594 144.029 0
    endloop
  endfacet
  facet normal -0 0 -1
    outer loop
      vertex 157.775 143.875 0
      vertex 154.925 141.575 0
      vertex 156.825 143.875 0
    endloop
  endfacet
  facet normal -0 0 -1
    outer loop
      vertex 156.575 144.125 0
      vertex 155.581 144.055 0
      vertex 155.6 144.15 0
    endloop
  endfacet
  facet normal -0 0 -1
    outer loop
      vertex 156.825 143.875 0
      vertex 154.906 141.671 0
      vertex 156.729 143.894 0
    endloop
  endfacet
  facet normal 0 0 -1
    outer loop
      vertex 154.852 141.752 0
      vertex 156.729 143.894 0
      vertex 154.906 141.671 0
    endloop
  endfacet
  facet normal 0 -0 -1
    outer loop
      vertex 155.445 143.919 0
      vertex 156.729 143.894 0
      vertex 154.852 141.752 0
    endloop
  endfacet
  facet normal 0 0 -1
    outer loop
      vertex 154.906 141.671 0
      vertex 156.825 143.875 0
      vertex 154.925 141.575 0
    endloop
  endfacet
  facet normal 0 0 -1
    outer loop
      vertex 154.925 139.5 0
      vertex 157.871 143.894 0
      vertex 154.925 138.825 0
    endloop
  endfacet
  facet normal 0 0 -1
    outer loop
      vertex 168.653 121.988 0
      vertex 154.852 138.648 0
      vertex 154.906 138.729 0
    endloop
  endfacet
  facet normal 0 0 -1
    outer loop
      vertex 167.945 121.695 0
      vertex 154.771 138.594 0
      vertex 154.852 138.648 0
    endloop
  endfacet
  facet normal 0 0 -1
    outer loop
      vertex 149 127.5 0
      vertex 167.945 121.695 0
      vertex 149 126.8 0
    endloop
  endfacet
  facet normal 0 0 -1
    outer loop
      vertex 149 128.8 0
      vertex 167.945 121.695 0
      vertex 149 127.5 0
    endloop
  endfacet
  facet normal 0 0 -1
    outer loop
      vertex 149.05 132.15 0
      vertex 154.675 138.575 0
      vertex 149.05 131.45 0
    endloop
  endfacet
  facet normal 0 0 -1
    outer loop
      vertex 149.05 133.45 0
      vertex 154.675 138.575 0
      vertex 149.05 132.15 0
    endloop
  endfacet
  facet normal 0 0 -1
    outer loop
      vertex 152.9 138.85 0
      vertex 153.475 139.5 0
      vertex 153.475 138.825 0
    endloop
  endfacet
  facet normal 0 0 -1
    outer loop
      vertex 153.548 140.724 0
      vertex 152.9 140.85 0
      vertex 153.494 140.805 0
    endloop
  endfacet
  facet normal -0 0 -1
    outer loop
      vertex 153.475 139.5 0
      vertex 152.9 138.85 0
      vertex 152.9 139.55 0
    endloop
  endfacet
  facet normal 0 0 -1
    outer loop
      vertex 152.881 138.754 0
      vertex 153.475 138.825 0
      vertex 153.494 138.729 0
    endloop
  endfacet
  facet normal 0 0 -1
    outer loop
      vertex 152.827 138.673 0
      vertex 153.494 138.729 0
      vertex 153.548 138.648 0
    endloop
  endfacet
  facet normal 0 0 -1
    outer loop
      vertex 153.725 138.575 0
      vertex 152.65 138.6 0
      vertex 153.629 138.594 0
    endloop
  endfacet
  facet normal -0 0 -1
    outer loop
      vertex 153.475 138.825 0
      vertex 152.881 138.754 0
      vertex 152.9 138.85 0
    endloop
  endfacet
  facet normal -0 0 -1
    outer loop
      vertex 153.494 138.729 0
      vertex 152.827 138.673 0
      vertex 152.881 138.754 0
    endloop
  endfacet
  facet normal 0 -0 -1
    outer loop
      vertex 152.746 138.619 0
      vertex 153.629 138.594 0
      vertex 152.65 138.6 0
    endloop
  endfacet
  facet normal -0 0 -1
    outer loop
      vertex 153.548 138.648 0
      vertex 152.746 138.619 0
      vertex 152.827 138.673 0
    endloop
  endfacet
  facet normal 0 0 -1
    outer loop
      vertex 153.629 138.594 0
      vertex 152.746 138.619 0
      vertex 153.548 138.648 0
    endloop
  endfacet
  facet normal -0 0 -1
    outer loop
      vertex 154.675 138.575 0
      vertex 149.05 133.45 0
      vertex 153.725 138.575 0
    endloop
  endfacet
  facet normal 0 0 -1
    outer loop
      vertex 149.05 134.15 0
      vertex 153.725 138.575 0
      vertex 149.05 133.45 0
    endloop
  endfacet
  facet normal 0 0 -1
    outer loop
      vertex 149.7 138.95 0
      vertex 151.5 139.55 0
      vertex 151.5 138.85 0
    endloop
  endfacet
  facet normal 0 0 -1
    outer loop
      vertex 151.519 139.646 0
      vertex 149.681 139.746 0
      vertex 151.519 140.754 0
    endloop
  endfacet
  facet normal -0 0 -1
    outer loop
      vertex 151.5 139.55 0
      vertex 149.7 138.95 0
      vertex 149.7 139.65 0
    endloop
  endfacet
  facet normal 0 0 -1
    outer loop
      vertex 149.681 138.854 0
      vertex 151.5 138.85 0
      vertex 151.519 138.754 0
    endloop
  endfacet
  facet normal 0 0 -1
    outer loop
      vertex 149.627 138.773 0
      vertex 151.519 138.754 0
      vertex 151.573 138.673 0
    endloop
  endfacet
  facet normal -0 0 -1
    outer loop
      vertex 153.725 138.575 0
      vertex 149.05 134.15 0
      vertex 152.65 138.6 0
    endloop
  endfacet
  facet normal 0 0 -1
    outer loop
      vertex 151.5 138.85 0
      vertex 149.681 138.854 0
      vertex 149.7 138.95 0
    endloop
  endfacet
  facet normal 0 0 -1
    outer loop
      vertex 151.654 138.619 0
      vertex 149.546 138.719 0
      vertex 151.573 138.673 0
    endloop
  endfacet
  facet normal 0 0 -1
    outer loop
      vertex 151.519 138.754 0
      vertex 149.627 138.773 0
      vertex 149.681 138.854 0
    endloop
  endfacet
  facet normal 0 0 -1
    outer loop
      vertex 151.573 138.673 0
      vertex 149.546 138.719 0
      vertex 149.627 138.773 0
    endloop
  endfacet
  facet normal 0 0 -1
    outer loop
      vertex 149.031 134.246 0
      vertex 152.65 138.6 0
      vertex 149.05 134.15 0
    endloop
  endfacet
  facet normal 0 0 -1
    outer loop
      vertex 154.771 138.594 0
      vertex 149.05 131.45 0
      vertex 154.675 138.575 0
    endloop
  endfacet
  facet normal 0 -0 -1
    outer loop
      vertex 149.05 131.45 0
      vertex 154.771 138.594 0
      vertex 149.031 131.354 0
    endloop
  endfacet
  facet normal 0 0 -1
    outer loop
      vertex 167.945 121.695 0
      vertex 148.981 126.704 0
      vertex 149 126.8 0
    endloop
  endfacet
  facet normal 0 0 -1
    outer loop
      vertex 167.945 121.695 0
      vertex 148.927 126.623 0
      vertex 148.981 126.704 0
    endloop
  endfacet
  facet normal 0 0 -1
    outer loop
      vertex 167.945 121.695 0
      vertex 148.846 126.569 0
      vertex 148.927 126.623 0
    endloop
  endfacet
  facet normal 0 0 -1
    outer loop
      vertex 167.945 121.695 0
      vertex 148.75 126.55 0
      vertex 148.846 126.569 0
    endloop
  endfacet
  facet normal 0 0 -1
    outer loop
      vertex 141.377 125.365 0
      vertex 148.75 126.55 0
      vertex 167.945 121.695 0
    endloop
  endfacet
  facet normal -0 0 -1
    outer loop
      vertex 148.75 126.55 0
      vertex 141.377 125.365 0
      vertex 147.85 126.55 0
    endloop
  endfacet
  facet normal 0 0 -1
    outer loop
      vertex 146.7 127.45 0
      vertex 147.6 126.8 0
      vertex 146.7 126.75 0
    endloop
  endfacet
  facet normal 0 0 -1
    outer loop
      vertex 147.673 127.677 0
      vertex 146.7 128.75 0
      vertex 147.673 128.623 0
    endloop
  endfacet
  facet normal 0 0 -1
    outer loop
      vertex 147.673 128.623 0
      vertex 146.7 128.75 0
      vertex 147.619 128.704 0
    endloop
  endfacet
  facet normal 0 0 -1
    outer loop
      vertex 147.65 133.45 0
      vertex 147.281 138.754 0
      vertex 147.3 138.85 0
    endloop
  endfacet
  facet normal 0 0 -1
    outer loop
      vertex 147.724 133.273 0
      vertex 146.75 133.45 0
      vertex 147.669 133.354 0
    endloop
  endfacet
  facet normal 0 0 -1
    outer loop
      vertex 147.65 133.45 0
      vertex 147.227 138.673 0
      vertex 147.281 138.754 0
    endloop
  endfacet
  facet normal 0 0 -1
    outer loop
      vertex 147.65 133.45 0
      vertex 147.146 138.619 0
      vertex 147.227 138.673 0
    endloop
  endfacet
  facet normal 0 0 -1
    outer loop
      vertex 147.65 133.45 0
      vertex 147.05 138.6 0
      vertex 147.146 138.619 0
    endloop
  endfacet
  facet normal -0 0 -1
    outer loop
      vertex 147.65 131.45 0
      vertex 146.731 131.354 0
      vertex 146.75 131.45 0
    endloop
  endfacet
  facet normal 0 0 -1
    outer loop
      vertex 147.619 128.704 0
      vertex 146.7 128.75 0
      vertex 147.6 128.8 0
    endloop
  endfacet
  facet normal 0 0 -1
    outer loop
      vertex 147.619 126.704 0
      vertex 146.7 126.75 0
      vertex 147.6 126.8 0
    endloop
  endfacet
  facet normal 0 0 -1
    outer loop
      vertex 146.681 126.654 0
      vertex 147.619 126.704 0
      vertex 147.673 126.623 0
    endloop
  endfacet
  facet normal 0 0 -1
    outer loop
      vertex 146.627 126.573 0
      vertex 147.673 126.623 0
      vertex 147.754 126.569 0
    endloop
  endfacet
  facet normal 0 -0 -1
    outer loop
      vertex 146.45 126.5 0
      vertex 147.85 126.55 0
      vertex 141.377 125.365 0
    endloop
  endfacet
  facet normal -0 0 -1
    outer loop
      vertex 147.619 126.704 0
      vertex 146.681 126.654 0
      vertex 146.7 126.75 0
    endloop
  endfacet
  facet normal -0 0 -1
    outer loop
      vertex 147.673 126.623 0
      vertex 146.627 126.573 0
      vertex 146.681 126.654 0
    endloop
  endfacet
  facet normal -0 0 -1
    outer loop
      vertex 147.754 126.569 0
      vertex 146.546 126.519 0
      vertex 146.627 126.573 0
    endloop
  endfacet
  facet normal -0 0 -1
    outer loop
      vertex 147.85 126.55 0
      vertex 146.546 126.519 0
      vertex 147.754 126.569 0
    endloop
  endfacet
  facet normal 0 -0 -1
    outer loop
      vertex 146.546 126.519 0
      vertex 147.85 126.55 0
      vertex 146.45 126.5 0
    endloop
  endfacet
  facet normal -0 0 -1
    outer loop
      vertex 146.45 126.5 0
      vertex 141.377 125.365 0
      vertex 145.55 126.5 0
    endloop
  endfacet
  facet normal 0 0 -1
    outer loop
      vertex 142.392 128.408 0
      vertex 145.3 127.45 0
      vertex 145.3 126.75 0
    endloop
  endfacet
  facet normal 0 -0 -1
    outer loop
      vertex 142.45 128.55 0
      vertex 145.319 128.654 0
      vertex 142.435 128.474 0
    endloop
  endfacet
  facet normal -0 0 -1
    outer loop
      vertex 145.319 128.654 0
      vertex 142.45 128.55 0
      vertex 145.3 128.75 0
    endloop
  endfacet
  facet normal 0 0 -1
    outer loop
      vertex 145.35 133.45 0
      vertex 144.381 138.654 0
      vertex 144.4 138.75 0
    endloop
  endfacet
  facet normal 0 0 -1
    outer loop
      vertex 143.05 135.75 0
      vertex 145.35 133.45 0
      vertex 143.05 134.25 0
    endloop
  endfacet
  facet normal 0 0 -1
    outer loop
      vertex 145.35 133.45 0
      vertex 144.327 138.573 0
      vertex 144.381 138.654 0
    endloop
  endfacet
  facet normal 0 0 -1
    outer loop
      vertex 145.35 133.45 0
      vertex 144.246 138.519 0
      vertex 144.327 138.573 0
    endloop
  endfacet
  facet normal 0 0 -1
    outer loop
      vertex 145.35 133.45 0
      vertex 143.05 135.75 0
      vertex 144.246 138.519 0
    endloop
  endfacet
  facet normal 0 0 -1
    outer loop
      vertex 143.035 135.826 0
      vertex 144.246 138.519 0
      vertex 143.05 135.75 0
    endloop
  endfacet
  facet normal 0 0 -1
    outer loop
      vertex 144.246 138.519 0
      vertex 143.035 135.826 0
      vertex 144.15 138.5 0
    endloop
  endfacet
  facet normal 0 0 -1
    outer loop
      vertex 142.991 135.892 0
      vertex 144.15 138.5 0
      vertex 143.035 135.826 0
    endloop
  endfacet
  facet normal 0 0 -1
    outer loop
      vertex 141.5 125.55 0
      vertex 145.3 126.75 0
      vertex 145.319 126.654 0
    endloop
  endfacet
  facet normal 0 0 -1
    outer loop
      vertex 145.35 133.45 0
      vertex 143.035 134.174 0
      vertex 143.05 134.25 0
    endloop
  endfacet
  facet normal 0 0 -1
    outer loop
      vertex 145.35 133.45 0
      vertex 142.991 134.108 0
      vertex 143.035 134.174 0
    endloop
  endfacet
  facet normal 0 0 -1
    outer loop
      vertex 145.319 129.546 0
      vertex 142.435 130.127 0
      vertex 145.369 131.354 0
    endloop
  endfacet
  facet normal 0 0 -1
    outer loop
      vertex 145.369 133.354 0
      vertex 142.991 134.108 0
      vertex 145.35 133.45 0
    endloop
  endfacet
  facet normal 0 0 -1
    outer loop
      vertex 145.35 132.15 0
      vertex 142.85 134.05 0
      vertex 142.927 134.065 0
    endloop
  endfacet
  facet normal 0 0 -1
    outer loop
      vertex 141.5 125.55 0
      vertex 145.319 126.654 0
      vertex 145.373 126.573 0
    endloop
  endfacet
  facet normal -0 0 -1
    outer loop
      vertex 145.3 128.75 0
      vertex 142.45 128.55 0
      vertex 145.3 129.45 0
    endloop
  endfacet
  facet normal 0 0 -1
    outer loop
      vertex 141.484 125.474 0
      vertex 145.373 126.573 0
      vertex 145.454 126.519 0
    endloop
  endfacet
  facet normal 0 0 -1
    outer loop
      vertex 145.3 127.45 0
      vertex 142.392 128.408 0
      vertex 142.435 128.474 0
    endloop
  endfacet
  facet normal 0 0 -1
    outer loop
      vertex 145.3 126.75 0
      vertex 142.326 128.365 0
      vertex 142.392 128.408 0
    endloop
  endfacet
  facet normal 0 0 -1
    outer loop
      vertex 141.5 127.05 0
      vertex 145.3 126.75 0
      vertex 141.5 125.55 0
    endloop
  endfacet
  facet normal 0 0 -1
    outer loop
      vertex 145.3 126.75 0
      vertex 141.5 127.05 0
      vertex 142.326 128.365 0
    endloop
  endfacet
  facet normal 0 0 -1
    outer loop
      vertex 141.484 127.127 0
      vertex 142.326 128.365 0
      vertex 141.5 127.05 0
    endloop
  endfacet
  facet normal -0 0 -1
    outer loop
      vertex 141.85 128.35 0
      vertex 141.377 127.234 0
      vertex 141.773 128.365 0
    endloop
  endfacet
  facet normal 0 0 -1
    outer loop
      vertex 141.377 127.234 0
      vertex 141.85 128.35 0
      vertex 141.441 127.191 0
    endloop
  endfacet
  facet normal -0 0 -1
    outer loop
      vertex 142.25 128.35 0
      vertex 141.441 127.191 0
      vertex 141.85 128.35 0
    endloop
  endfacet
  facet normal 0 0 -1
    outer loop
      vertex 141.441 127.191 0
      vertex 142.25 128.35 0
      vertex 141.484 127.127 0
    endloop
  endfacet
  facet normal 0 0 -1
    outer loop
      vertex 142.326 128.365 0
      vertex 141.484 127.127 0
      vertex 142.25 128.35 0
    endloop
  endfacet
  facet normal 0 -0 -1
    outer loop
      vertex 141.441 125.408 0
      vertex 145.55 126.5 0
      vertex 141.377 125.365 0
    endloop
  endfacet
  facet normal 0 0 -1
    outer loop
      vertex 145.373 126.573 0
      vertex 141.484 125.474 0
      vertex 141.5 125.55 0
    endloop
  endfacet
  facet normal 0 0 -1
    outer loop
      vertex 145.454 126.519 0
      vertex 141.441 125.408 0
      vertex 141.484 125.474 0
    endloop
  endfacet
  facet normal -0 0 -1
    outer loop
      vertex 145.55 126.5 0
      vertex 141.441 125.408 0
      vertex 145.454 126.519 0
    endloop
  endfacet
  facet normal 0 0 -1
    outer loop
      vertex 167.945 121.695 0
      vertex 141.3 125.35 0
      vertex 141.377 125.365 0
    endloop
  endfacet
  facet normal 0 0 -1
    outer loop
      vertex 137.4 125.05 0
      vertex 141.3 125.35 0
      vertex 167.945 121.695 0
    endloop
  endfacet
  facet normal 0 0 -1
    outer loop
      vertex 137.6 126.75 0
      vertex 140.7 127.05 0
      vertex 140.7 125.55 0
    endloop
  endfacet
  facet normal -0 0 -1
    outer loop
      vertex 141.65 128.55 0
      vertex 140.535 128.474 0
      vertex 140.55 128.55 0
    endloop
  endfacet
  facet normal 0 0 -1
    outer loop
      vertex 141.665 128.474 0
      vertex 140.535 128.474 0
      vertex 141.65 128.55 0
    endloop
  endfacet
  facet normal 0 0 -1
    outer loop
      vertex 140.9 127.25 0
      vertex 140.427 128.365 0
      vertex 140.491 128.408 0
    endloop
  endfacet
  facet normal 0 0 -1
    outer loop
      vertex 140.823 127.234 0
      vertex 140.35 128.35 0
      vertex 140.427 128.365 0
    endloop
  endfacet
  facet normal 0 0 -1
    outer loop
      vertex 140.759 127.191 0
      vertex 139.95 128.35 0
      vertex 140.35 128.35 0
    endloop
  endfacet
  facet normal 0 0 -1
    outer loop
      vertex 137.6 125.25 0
      vertex 140.7 125.55 0
      vertex 140.715 125.474 0
    endloop
  endfacet
  facet normal 0 0 -1
    outer loop
      vertex 140.715 127.127 0
      vertex 139.873 128.365 0
      vertex 139.95 128.35 0
    endloop
  endfacet
  facet normal 0 0 -1
    outer loop
      vertex 140.7 127.05 0
      vertex 138.491 128.108 0
      vertex 139.873 128.365 0
    endloop
  endfacet
  facet normal -0 0 -1
    outer loop
      vertex 139.873 128.365 0
      vertex 138.491 128.108 0
      vertex 139.809 128.408 0
    endloop
  endfacet
  facet normal 0 0 -1
    outer loop
      vertex 138.55 129.75 0
      vertex 139.75 128.55 0
      vertex 138.55 128.25 0
    endloop
  endfacet
  facet normal 0 0 -1
    outer loop
      vertex 139.75 130.05 0
      vertex 139.531 138.555 0
      vertex 139.55 138.65 0
    endloop
  endfacet
  facet normal 0 0 -1
    outer loop
      vertex 139.75 130.05 0
      vertex 139.477 138.474 0
      vertex 139.531 138.555 0
    endloop
  endfacet
  facet normal 0 0 -1
    outer loop
      vertex 139.75 130.05 0
      vertex 139.396 138.419 0
      vertex 139.477 138.474 0
    endloop
  endfacet
  facet normal 0 0 -1
    outer loop
      vertex 139.75 130.05 0
      vertex 139.3 138.4 0
      vertex 139.396 138.419 0
    endloop
  endfacet
  facet normal 0 0 -1
    outer loop
      vertex 139.75 128.55 0
      vertex 138.55 129.75 0
      vertex 139.75 130.05 0
    endloop
  endfacet
  facet normal -0 0 -1
    outer loop
      vertex 139.766 128.474 0
      vertex 138.55 128.25 0
      vertex 139.75 128.55 0
    endloop
  endfacet
  facet normal 0 -0 -1
    outer loop
      vertex 138.535 128.174 0
      vertex 139.809 128.408 0
      vertex 138.491 128.108 0
    endloop
  endfacet
  facet normal 0 0 -1
    outer loop
      vertex 137.585 125.174 0
      vertex 140.715 125.474 0
      vertex 140.759 125.408 0
    endloop
  endfacet
  facet normal 0 0 -1
    outer loop
      vertex 139.766 128.474 0
      vertex 138.535 128.174 0
      vertex 138.55 128.25 0
    endloop
  endfacet
  facet normal -0 0 -1
    outer loop
      vertex 139.809 128.408 0
      vertex 138.535 128.174 0
      vertex 139.766 128.474 0
    endloop
  endfacet
  facet normal 0 0 -1
    outer loop
      vertex 140.7 127.05 0
      vertex 138.427 128.065 0
      vertex 138.491 128.108 0
    endloop
  endfacet
  facet normal -0 0 -1
    outer loop
      vertex 140.7 127.05 0
      vertex 137.6 126.75 0
      vertex 138.427 128.065 0
    endloop
  endfacet
  facet normal 0 0 -1
    outer loop
      vertex 137.585 126.826 0
      vertex 138.427 128.065 0
      vertex 137.6 126.75 0
    endloop
  endfacet
  facet normal 0 0 -1
    outer loop
      vertex 138.427 128.065 0
      vertex 137.585 126.826 0
      vertex 138.35 128.05 0
    endloop
  endfacet
  facet normal 0 0 -1
    outer loop
      vertex 137.541 126.892 0
      vertex 138.35 128.05 0
      vertex 137.585 126.826 0
    endloop
  endfacet
  facet normal 0 0 -1
    outer loop
      vertex 137.484 131.073 0
      vertex 137.75 129.75 0
      vertex 137.75 128.25 0
    endloop
  endfacet
  facet normal 0 0 -1
    outer loop
      vertex 137.441 132.791 0
      vertex 138.25 133.95 0
      vertex 137.484 132.727 0
    endloop
  endfacet
  facet normal -0 0 -1
    outer loop
      vertex 138.25 133.95 0
      vertex 137.441 132.791 0
      vertex 137.85 133.95 0
    endloop
  endfacet
  facet normal 0 0 -1
    outer loop
      vertex 137.4 126.95 0
      vertex 137.873 128.065 0
      vertex 137.477 126.935 0
    endloop
  endfacet
  facet normal -0 0 -1
    outer loop
      vertex 137.95 128.05 0
      vertex 137.477 126.935 0
      vertex 137.873 128.065 0
    endloop
  endfacet
  facet normal 0 0 -1
    outer loop
      vertex 137.477 126.935 0
      vertex 137.95 128.05 0
      vertex 137.541 126.892 0
    endloop
  endfacet
  facet normal -0 0 -1
    outer loop
      vertex 138.35 128.05 0
      vertex 137.541 126.892 0
      vertex 137.95 128.05 0
    endloop
  endfacet
  facet normal -0 0 -1
    outer loop
      vertex 140.7 125.55 0
      vertex 137.6 125.25 0
      vertex 137.6 126.75 0
    endloop
  endfacet
  facet normal 0 0 -1
    outer loop
      vertex 137.541 125.108 0
      vertex 140.759 125.408 0
      vertex 140.823 125.365 0
    endloop
  endfacet
  facet normal 0 0 -1
    outer loop
      vertex 137.477 125.065 0
      vertex 140.823 125.365 0
      vertex 140.9 125.35 0
    endloop
  endfacet
  facet normal -0 0 -1
    outer loop
      vertex 141.3 125.35 0
      vertex 137.4 125.05 0
      vertex 140.9 125.35 0
    endloop
  endfacet
  facet normal 0 0 -1
    outer loop
      vertex 140.715 125.474 0
      vertex 137.585 125.174 0
      vertex 137.6 125.25 0
    endloop
  endfacet
  facet normal 0 0 -1
    outer loop
      vertex 140.759 125.408 0
      vertex 137.541 125.108 0
      vertex 137.585 125.174 0
    endloop
  endfacet
  facet normal 0 0 -1
    outer loop
      vertex 140.823 125.365 0
      vertex 137.477 125.065 0
      vertex 137.541 125.108 0
    endloop
  endfacet
  facet normal 0 0 -1
    outer loop
      vertex 140.9 125.35 0
      vertex 137.4 125.05 0
      vertex 137.477 125.065 0
    endloop
  endfacet
  facet normal 0 0 -1
    outer loop
      vertex 112.065 121.695 0
      vertex 137.4 125.05 0
      vertex 167.945 121.695 0
    endloop
  endfacet
  facet normal 0 0 -1
    outer loop
      vertex 135.908 128.108 0
      vertex 136.8 126.75 0
      vertex 136.8 125.25 0
    endloop
  endfacet
  facet normal 0 0 -1
    outer loop
      vertex 136.592 129.892 0
      vertex 137.3 130.95 0
      vertex 136.635 129.826 0
    endloop
  endfacet
  facet normal -0 0 -1
    outer loop
      vertex 137.3 130.95 0
      vertex 136.592 129.892 0
      vertex 136.9 130.95 0
    endloop
  endfacet
  facet normal -0 0 -1
    outer loop
      vertex 136.9 130.95 0
      vertex 136.526 129.935 0
      vertex 136.823 130.965 0
    endloop
  endfacet
  facet normal 0 0 -1
    outer loop
      vertex 136.45 129.95 0
      vertex 136.823 130.965 0
      vertex 136.526 129.935 0
    endloop
  endfacet
  facet normal 0 0 -1
    outer loop
      vertex 136.526 129.935 0
      vertex 136.9 130.95 0
      vertex 136.592 129.892 0
    endloop
  endfacet
  facet normal -0 0 -1
    outer loop
      vertex 137.75 128.25 0
      vertex 136.635 128.174 0
      vertex 136.65 128.25 0
    endloop
  endfacet
  facet normal 0 0 -1
    outer loop
      vertex 137.766 128.174 0
      vertex 136.635 128.174 0
      vertex 137.75 128.25 0
    endloop
  endfacet
  facet normal 0 0 -1
    outer loop
      vertex 137 126.95 0
      vertex 136.526 128.065 0
      vertex 136.592 128.108 0
    endloop
  endfacet
  facet normal 0 0 -1
    outer loop
      vertex 136.924 126.935 0
      vertex 136.45 128.05 0
      vertex 136.526 128.065 0
    endloop
  endfacet
  facet normal 0 0 -1
    outer loop
      vertex 136.858 126.892 0
      vertex 136.05 128.05 0
      vertex 136.45 128.05 0
    endloop
  endfacet
  facet normal 0 0 -1
    outer loop
      vertex 112.065 121.695 0
      vertex 136.8 125.25 0
      vertex 136.815 125.174 0
    endloop
  endfacet
  facet normal 0 0 -1
    outer loop
      vertex 136.815 126.826 0
      vertex 135.974 128.065 0
      vertex 136.05 128.05 0
    endloop
  endfacet
  facet normal 0 0 -1
    outer loop
      vertex 136.8 126.75 0
      vertex 135.908 128.108 0
      vertex 135.974 128.065 0
    endloop
  endfacet
  facet normal 0 0 -1
    outer loop
      vertex 136.8 125.25 0
      vertex 135.865 128.174 0
      vertex 135.908 128.108 0
    endloop
  endfacet
  facet normal 0 0 -1
    outer loop
      vertex 126.65 138.4 0
      vertex 135.85 129.75 0
      vertex 135.85 128.25 0
    endloop
  endfacet
  facet normal 0 0 -1
    outer loop
      vertex 135.865 129.826 0
      vertex 135.766 134.073 0
      vertex 135.809 134.009 0
    endloop
  endfacet
  facet normal 0 0 -1
    outer loop
      vertex 135.865 129.826 0
      vertex 128.925 138.375 0
      vertex 129.875 138.375 0
    endloop
  endfacet
  facet normal 0 0 -1
    outer loop
      vertex 132.275 138.375 0
      vertex 135.75 135.65 0
      vertex 135.75 134.15 0
    endloop
  endfacet
  facet normal 0 0 -1
    outer loop
      vertex 135.873 135.835 0
      vertex 134.546 138.419 0
      vertex 135.704 138.419 0
    endloop
  endfacet
  facet normal 0 0 -1
    outer loop
      vertex 135.865 129.826 0
      vertex 129.875 138.375 0
      vertex 135.766 134.073 0
    endloop
  endfacet
  facet normal 0 0 -1
    outer loop
      vertex 135.809 135.791 0
      vertex 134.45 138.4 0
      vertex 134.546 138.419 0
    endloop
  endfacet
  facet normal 0 -0 -1
    outer loop
      vertex 134.627 138.474 0
      vertex 135.623 138.474 0
      vertex 134.546 138.419 0
    endloop
  endfacet
  facet normal 0 0 -1
    outer loop
      vertex 134.7 139.35 0
      vertex 135.55 139.35 0
      vertex 135.55 138.65 0
    endloop
  endfacet
  facet normal 0 0 -1
    outer loop
      vertex 135.623 140.474 0
      vertex 134.7 140.65 0
      vertex 135.569 140.555 0
    endloop
  endfacet
  facet normal 0 0 -1
    outer loop
      vertex 134.7 139.35 0
      vertex 135.55 138.65 0
      vertex 134.7 138.65 0
    endloop
  endfacet
  facet normal 0 0 -1
    outer loop
      vertex 135.623 138.474 0
      vertex 134.627 138.474 0
      vertex 135.569 138.555 0
    endloop
  endfacet
  facet normal -0 0 -1
    outer loop
      vertex 135.55 138.65 0
      vertex 134.681 138.555 0
      vertex 134.7 138.65 0
    endloop
  endfacet
  facet normal 0 0 -1
    outer loop
      vertex 135.569 138.555 0
      vertex 134.681 138.555 0
      vertex 135.55 138.65 0
    endloop
  endfacet
  facet normal 0 -0 -1
    outer loop
      vertex 134.681 138.555 0
      vertex 135.569 138.555 0
      vertex 134.627 138.474 0
    endloop
  endfacet
  facet normal 0 0 -1
    outer loop
      vertex 135.704 138.419 0
      vertex 134.546 138.419 0
      vertex 135.623 138.474 0
    endloop
  endfacet
  facet normal 0 0 -1
    outer loop
      vertex 135.766 135.727 0
      vertex 133.55 138.4 0
      vertex 134.45 138.4 0
    endloop
  endfacet
  facet normal 0 0 -1
    outer loop
      vertex 112.065 121.695 0
      vertex 135.85 128.25 0
      vertex 135.865 128.174 0
    endloop
  endfacet
  facet normal 0 0 -1
    outer loop
      vertex 135.75 135.65 0
      vertex 132.275 138.375 0
      vertex 132.371 138.394 0
    endloop
  endfacet
  facet normal 0 0 -1
    outer loop
      vertex 135.75 135.65 0
      vertex 132.371 138.394 0
      vertex 133.55 138.4 0
    endloop
  endfacet
  facet normal -0 0 -1
    outer loop
      vertex 133.55 138.4 0
      vertex 132.371 138.394 0
      vertex 133.454 138.419 0
    endloop
  endfacet
  facet normal 0 0 -1
    outer loop
      vertex 132.525 139.3 0
      vertex 133.3 139.35 0
      vertex 133.3 138.65 0
    endloop
  endfacet
  facet normal 0 0 -1
    outer loop
      vertex 133.373 140.474 0
      vertex 132.525 140.7 0
      vertex 133.319 140.555 0
    endloop
  endfacet
  facet normal 0 0 -1
    outer loop
      vertex 132.525 139.3 0
      vertex 133.3 138.65 0
      vertex 132.525 138.625 0
    endloop
  endfacet
  facet normal 0 0 -1
    outer loop
      vertex 133.319 138.555 0
      vertex 132.525 138.625 0
      vertex 133.3 138.65 0
    endloop
  endfacet
  facet normal 0 0 -1
    outer loop
      vertex 133.454 138.419 0
      vertex 132.452 138.448 0
      vertex 133.373 138.474 0
    endloop
  endfacet
  facet normal -0 0 -1
    outer loop
      vertex 136.8 125.25 0
      vertex 112.065 121.695 0
      vertex 135.865 128.174 0
    endloop
  endfacet
  facet normal -0 0 -1
    outer loop
      vertex 133.319 138.555 0
      vertex 132.506 138.529 0
      vertex 132.525 138.625 0
    endloop
  endfacet
  facet normal 0 0 -1
    outer loop
      vertex 133.373 138.474 0
      vertex 132.506 138.529 0
      vertex 133.319 138.555 0
    endloop
  endfacet
  facet normal 0 -0 -1
    outer loop
      vertex 132.506 138.529 0
      vertex 133.373 138.474 0
      vertex 132.452 138.448 0
    endloop
  endfacet
  facet normal 0 -0 -1
    outer loop
      vertex 132.452 138.448 0
      vertex 133.454 138.419 0
      vertex 132.371 138.394 0
    endloop
  endfacet
  facet normal 0 0 -1
    outer loop
      vertex 135.75 134.15 0
      vertex 131.325 138.375 0
      vertex 132.275 138.375 0
    endloop
  endfacet
  facet normal 0 0 -1
    outer loop
      vertex 135.75 134.15 0
      vertex 129.875 138.375 0
      vertex 131.325 138.375 0
    endloop
  endfacet
  facet normal 0 0 -1
    outer loop
      vertex 131.325 138.375 0
      vertex 129.875 138.375 0
      vertex 131.229 138.394 0
    endloop
  endfacet
  facet normal 0 -0 -1
    outer loop
      vertex 129.971 138.394 0
      vertex 131.229 138.394 0
      vertex 129.875 138.375 0
    endloop
  endfacet
  facet normal 0 0 -1
    outer loop
      vertex 130.125 139.3 0
      vertex 131.075 139.3 0
      vertex 131.075 138.625 0
    endloop
  endfacet
  facet normal 0 0 -1
    outer loop
      vertex 131.148 140.523 0
      vertex 130.125 140.7 0
      vertex 131.094 140.604 0
    endloop
  endfacet
  facet normal 0 0 -1
    outer loop
      vertex 130.125 139.3 0
      vertex 131.075 138.625 0
      vertex 130.125 138.625 0
    endloop
  endfacet
  facet normal 0 0 -1
    outer loop
      vertex 131.094 138.529 0
      vertex 130.125 138.625 0
      vertex 131.075 138.625 0
    endloop
  endfacet
  facet normal 0 -0 -1
    outer loop
      vertex 130.052 138.448 0
      vertex 131.148 138.448 0
      vertex 129.971 138.394 0
    endloop
  endfacet
  facet normal 0 0 -1
    outer loop
      vertex 131.094 138.529 0
      vertex 130.106 138.529 0
      vertex 130.125 138.625 0
    endloop
  endfacet
  facet normal -0 0 -1
    outer loop
      vertex 131.094 138.529 0
      vertex 130.052 138.448 0
      vertex 130.106 138.529 0
    endloop
  endfacet
  facet normal 0 0 -1
    outer loop
      vertex 131.148 138.448 0
      vertex 130.052 138.448 0
      vertex 131.094 138.529 0
    endloop
  endfacet
  facet normal 0 0 -1
    outer loop
      vertex 131.229 138.394 0
      vertex 129.971 138.394 0
      vertex 131.148 138.448 0
    endloop
  endfacet
  facet normal 0 0 -1
    outer loop
      vertex 135.766 134.073 0
      vertex 129.875 138.375 0
      vertex 135.75 134.15 0
    endloop
  endfacet
  facet normal 0 0 -1
    outer loop
      vertex 135.85 129.75 0
      vertex 127.55 138.4 0
      vertex 128.925 138.375 0
    endloop
  endfacet
  facet normal 0 0 -1
    outer loop
      vertex 128.925 138.375 0
      vertex 127.55 138.4 0
      vertex 128.829 138.394 0
    endloop
  endfacet
  facet normal 0 -0 -1
    outer loop
      vertex 127.646 138.419 0
      vertex 128.829 138.394 0
      vertex 127.55 138.4 0
    endloop
  endfacet
  facet normal 0 0 -1
    outer loop
      vertex 127.8 138.65 0
      vertex 128.675 139.3 0
      vertex 128.675 138.625 0
    endloop
  endfacet
  facet normal 0 0 -1
    outer loop
      vertex 128.748 140.523 0
      vertex 127.8 140.65 0
      vertex 128.694 140.604 0
    endloop
  endfacet
  facet normal -0 0 -1
    outer loop
      vertex 128.675 139.3 0
      vertex 127.8 138.65 0
      vertex 127.8 139.35 0
    endloop
  endfacet
  facet normal 0 0 -1
    outer loop
      vertex 127.781 138.555 0
      vertex 128.675 138.625 0
      vertex 128.694 138.529 0
    endloop
  endfacet
  facet normal 0 0 -1
    outer loop
      vertex 128.829 138.394 0
      vertex 127.646 138.419 0
      vertex 128.748 138.448 0
    endloop
  endfacet
  facet normal 0 0 -1
    outer loop
      vertex 112.065 121.695 0
      vertex 136.815 125.174 0
      vertex 136.858 125.108 0
    endloop
  endfacet
  facet normal -0 0 -1
    outer loop
      vertex 128.675 138.625 0
      vertex 127.781 138.555 0
      vertex 127.8 138.65 0
    endloop
  endfacet
  facet normal -0 0 -1
    outer loop
      vertex 128.694 138.529 0
      vertex 127.727 138.474 0
      vertex 127.781 138.555 0
    endloop
  endfacet
  facet normal 0 0 -1
    outer loop
      vertex 128.748 138.448 0
      vertex 127.727 138.474 0
      vertex 128.694 138.529 0
    endloop
  endfacet
  facet normal 0 -0 -1
    outer loop
      vertex 127.727 138.474 0
      vertex 128.748 138.448 0
      vertex 127.646 138.419 0
    endloop
  endfacet
  facet normal 0 0 -1
    outer loop
      vertex 135.85 129.75 0
      vertex 126.65 138.4 0
      vertex 127.55 138.4 0
    endloop
  endfacet
  facet normal 0 0 -1
    outer loop
      vertex 135.85 128.25 0
      vertex 126.555 138.419 0
      vertex 126.65 138.4 0
    endloop
  endfacet
  facet normal -0 0 -1
    outer loop
      vertex 135.85 128.25 0
      vertex 112.065 121.695 0
      vertex 126.555 138.419 0
    endloop
  endfacet
  facet normal 0 0 -1
    outer loop
      vertex 122.025 142.8 0
      vertex 126.4 139.35 0
      vertex 126.4 138.65 0
    endloop
  endfacet
  facet normal 0 0 -1
    outer loop
      vertex 126.4 139.35 0
      vertex 122.121 142.819 0
      vertex 126.4 140.65 0
    endloop
  endfacet
  facet normal 0 -0 -1
    outer loop
      vertex 122.202 142.873 0
      vertex 126.4 140.65 0
      vertex 122.121 142.819 0
    endloop
  endfacet
  facet normal 0 0 -1
    outer loop
      vertex 126.4 141.35 0
      vertex 125.731 143.414 0
      vertex 125.75 143.51 0
    endloop
  endfacet
  facet normal 0 0 -1
    outer loop
      vertex 126.4 141.35 0
      vertex 125.677 143.333 0
      vertex 125.731 143.414 0
    endloop
  endfacet
  facet normal 0 0 -1
    outer loop
      vertex 126.4 141.35 0
      vertex 125.596 143.279 0
      vertex 125.677 143.333 0
    endloop
  endfacet
  facet normal 0 0 -1
    outer loop
      vertex 126.4 141.35 0
      vertex 125.5 143.26 0
      vertex 125.596 143.279 0
    endloop
  endfacet
  facet normal 0 0 -1
    outer loop
      vertex 120.775 142.8 0
      vertex 126.4 138.65 0
      vertex 126.419 138.555 0
    endloop
  endfacet
  facet normal 0 0 -1
    outer loop
      vertex 126.4 141.35 0
      vertex 124.6 143.26 0
      vertex 125.5 143.26 0
    endloop
  endfacet
  facet normal 0 0 -1
    outer loop
      vertex 126.4 140.65 0
      vertex 124.6 143.26 0
      vertex 126.4 141.35 0
    endloop
  endfacet
  facet normal -0 -0 -1
    outer loop
      vertex 124.6 143.26 0
      vertex 126.4 140.65 0
      vertex 124.504 143.279 0
    endloop
  endfacet
  facet normal -0 0 -1
    outer loop
      vertex 124.504 143.279 0
      vertex 122.202 142.873 0
      vertex 124.423 143.333 0
    endloop
  endfacet
  facet normal 0 0 -1
    outer loop
      vertex 122.275 143.975 0
      vertex 124.35 144.21 0
      vertex 124.35 143.51 0
    endloop
  endfacet
  facet normal 0 0 -1
    outer loop
      vertex 122.202 144.151 0
      vertex 124.369 144.306 0
      vertex 122.256 144.07 0
    endloop
  endfacet
  facet normal 0 0 -1
    outer loop
      vertex 122.275 143.975 0
      vertex 124.35 143.51 0
      vertex 122.275 143.05 0
    endloop
  endfacet
  facet normal -0 0 -1
    outer loop
      vertex 124.369 143.414 0
      vertex 122.275 143.05 0
      vertex 124.35 143.51 0
    endloop
  endfacet
  facet normal 0 -0 -1
    outer loop
      vertex 122.256 142.954 0
      vertex 124.423 143.333 0
      vertex 122.202 142.873 0
    endloop
  endfacet
  facet normal 0 0 -1
    outer loop
      vertex 120.68 142.819 0
      vertex 126.419 138.555 0
      vertex 126.474 138.474 0
    endloop
  endfacet
  facet normal -0 0 -1
    outer loop
      vertex 126.555 138.419 0
      vertex 112.065 121.695 0
      vertex 126.474 138.474 0
    endloop
  endfacet
  facet normal 0 0 -1
    outer loop
      vertex 124.369 143.414 0
      vertex 122.256 142.954 0
      vertex 122.275 143.05 0
    endloop
  endfacet
  facet normal -0 0 -1
    outer loop
      vertex 124.423 143.333 0
      vertex 122.256 142.954 0
      vertex 124.369 143.414 0
    endloop
  endfacet
  facet normal 0 -0 -1
    outer loop
      vertex 124.504 143.279 0
      vertex 126.4 140.65 0
      vertex 122.202 142.873 0
    endloop
  endfacet
  facet normal 0 0 -1
    outer loop
      vertex 126.4 139.35 0
      vertex 122.025 142.8 0
      vertex 122.121 142.819 0
    endloop
  endfacet
  facet normal 0 -0 -1
    outer loop
      vertex 120.68 142.819 0
      vertex 126.474 138.474 0
      vertex 112.065 121.695 0
    endloop
  endfacet
  facet normal 0 0 -1
    outer loop
      vertex 126.4 138.65 0
      vertex 120.775 142.8 0
      vertex 122.025 142.8 0
    endloop
  endfacet
  facet normal 0 0 -1
    outer loop
      vertex 126.419 138.555 0
      vertex 120.68 142.819 0
      vertex 120.775 142.8 0
    endloop
  endfacet
  facet normal 0 0 -1
    outer loop
      vertex 111 151 0
      vertex 120.525 143.975 0
      vertex 120.525 143.05 0
    endloop
  endfacet
  facet normal 0 0 -1
    outer loop
      vertex 120.525 143.975 0
      vertex 111 151 0
      vertex 120.525 146.025 0
    endloop
  endfacet
  facet normal -0 0 -1
    outer loop
      vertex 120.599 142.873 0
      vertex 99.2929 134.053 0
      vertex 120.544 142.954 0
    endloop
  endfacet
  facet normal 0 0 -1
    outer loop
      vertex 99.2929 134.053 0
      vertex 120.599 142.873 0
      vertex 111.358 121.988 0
    endloop
  endfacet
  facet normal -0 0 -1
    outer loop
      vertex 120.68 142.819 0
      vertex 111.358 121.988 0
      vertex 120.599 142.873 0
    endloop
  endfacet
  facet normal 0 0 -1
    outer loop
      vertex 111.358 121.988 0
      vertex 120.68 142.819 0
      vertex 112.065 121.695 0
    endloop
  endfacet
  facet normal -0 0 -1
    outer loop
      vertex 136.924 125.065 0
      vertex 112.065 121.695 0
      vertex 136.858 125.108 0
    endloop
  endfacet
  facet normal -0 0 -1
    outer loop
      vertex 137 125.05 0
      vertex 112.065 121.695 0
      vertex 136.924 125.065 0
    endloop
  endfacet
  facet normal -0 0 -1
    outer loop
      vertex 137.4 125.05 0
      vertex 112.065 121.695 0
      vertex 137 125.05 0
    endloop
  endfacet
  facet normal 0 0 -1
    outer loop
      vertex 180.707 134.053 0
      vertex 181 134.76 0
      vertex 180.924 134.377 0
    endloop
  endfacet
  facet normal 0 0 -1
    outer loop
      vertex 181 134.76 0
      vertex 169 151 0
      vertex 181 158 0
    endloop
  endfacet
  facet normal -0 0 -1
    outer loop
      vertex 181 134.76 0
      vertex 180.707 134.053 0
      vertex 169 151 0
    endloop
  endfacet
  facet normal 0 -0 -1
    outer loop
      vertex 180 159 0
      vertex 181 158 0
      vertex 169 151 0
    endloop
  endfacet
  facet normal 0 0 -1
    outer loop
      vertex 181 158 0
      vertex 180 159 0
      vertex 180.924 158.383 0
    endloop
  endfacet
  facet normal 0 0 -1
    outer loop
      vertex 180.924 158.383 0
      vertex 180 159 0
      vertex 180.707 158.707 0
    endloop
  endfacet
  facet normal 0 0 -1
    outer loop
      vertex 180.707 158.707 0
      vertex 180 159 0
      vertex 180.383 158.924 0
    endloop
  endfacet
  facet normal -0 0 -1
    outer loop
      vertex 180 159 0
      vertex 169 151 0
      vertex 170 159 0
    endloop
  endfacet
  facet normal 0 0 -1
    outer loop
      vertex 169 158 0
      vertex 170 159 0
      vertex 169 151 0
    endloop
  endfacet
  facet normal 0 0 -1
    outer loop
      vertex 170 159 0
      vertex 169 158 0
      vertex 169.617 158.924 0
    endloop
  endfacet
  facet normal 0 0 -1
    outer loop
      vertex 169.617 158.924 0
      vertex 169 158 0
      vertex 169.293 158.707 0
    endloop
  endfacet
  facet normal 0 0 -1
    outer loop
      vertex 158.006 144.029 0
      vertex 180.707 134.053 0
      vertex 168.653 121.988 0
    endloop
  endfacet
  facet normal 0 0 -1
    outer loop
      vertex 167.945 121.695 0
      vertex 168.653 121.988 0
      vertex 168.328 121.772 0
    endloop
  endfacet
  facet normal 0 0 -1
    outer loop
      vertex 154.852 138.648 0
      vertex 168.653 121.988 0
      vertex 167.945 121.695 0
    endloop
  endfacet
  facet normal 0 0 -1
    outer loop
      vertex 158.006 144.029 0
      vertex 169 151 0
      vertex 180.707 134.053 0
    endloop
  endfacet
  facet normal 0 0 -1
    outer loop
      vertex 158.025 144.8 0
      vertex 169 151 0
      vertex 158.025 144.125 0
    endloop
  endfacet
  facet normal 0 0 -1
    outer loop
      vertex 158.025 146.2 0
      vertex 169 151 0
      vertex 158.025 144.8 0
    endloop
  endfacet
  facet normal 0 0 -1
    outer loop
      vertex 158.025 146.875 0
      vertex 169 151 0
      vertex 158.025 146.2 0
    endloop
  endfacet
  facet normal 0 0 -1
    outer loop
      vertex 158.006 146.971 0
      vertex 169 151 0
      vertex 158.025 146.875 0
    endloop
  endfacet
  facet normal 0 0 -1
    outer loop
      vertex 157.952 147.052 0
      vertex 169 151 0
      vertex 158.006 146.971 0
    endloop
  endfacet
  facet normal 0 0 -1
    outer loop
      vertex 157.871 147.106 0
      vertex 169 151 0
      vertex 157.952 147.052 0
    endloop
  endfacet
  facet normal 0 0 -1
    outer loop
      vertex 157.775 147.125 0
      vertex 169 151 0
      vertex 157.871 147.106 0
    endloop
  endfacet
  facet normal 0 0 -1
    outer loop
      vertex 156.825 147.125 0
      vertex 169 151 0
      vertex 157.775 147.125 0
    endloop
  endfacet
  facet normal 0 0 -1
    outer loop
      vertex 155.35 147.1 0
      vertex 156.825 147.125 0
      vertex 156.729 147.106 0
    endloop
  endfacet
  facet normal 0 0 -1
    outer loop
      vertex 156.594 146.104 0
      vertex 155.6 146.15 0
      vertex 156.575 146.2 0
    endloop
  endfacet
  facet normal 0 0 -1
    outer loop
      vertex 155.6 146.85 0
      vertex 156.575 146.2 0
      vertex 155.6 146.15 0
    endloop
  endfacet
  facet normal 0 0 -1
    outer loop
      vertex 156.575 146.2 0
      vertex 155.6 146.85 0
      vertex 156.575 146.875 0
    endloop
  endfacet
  facet normal 0 0 -1
    outer loop
      vertex 155.581 146.945 0
      vertex 156.575 146.875 0
      vertex 155.6 146.85 0
    endloop
  endfacet
  facet normal 0 0 -1
    outer loop
      vertex 156.575 146.875 0
      vertex 155.581 146.945 0
      vertex 156.594 146.971 0
    endloop
  endfacet
  facet normal 0 0 -1
    outer loop
      vertex 155.526 147.026 0
      vertex 156.594 146.971 0
      vertex 155.581 146.945 0
    endloop
  endfacet
  facet normal 0 0 -1
    outer loop
      vertex 156.594 146.971 0
      vertex 155.526 147.026 0
      vertex 156.648 147.052 0
    endloop
  endfacet
  facet normal 0 0 -1
    outer loop
      vertex 155.445 147.081 0
      vertex 156.648 147.052 0
      vertex 155.526 147.026 0
    endloop
  endfacet
  facet normal 0 0 -1
    outer loop
      vertex 156.648 147.052 0
      vertex 155.445 147.081 0
      vertex 156.729 147.106 0
    endloop
  endfacet
  facet normal 0 0 -1
    outer loop
      vertex 155.35 147.1 0
      vertex 156.729 147.106 0
      vertex 155.445 147.081 0
    endloop
  endfacet
  facet normal -0 0 -1
    outer loop
      vertex 156.825 147.125 0
      vertex 155.35 147.1 0
      vertex 169 151 0
    endloop
  endfacet
  facet normal 0 0 -1
    outer loop
      vertex 154.45 147.1 0
      vertex 169 151 0
      vertex 155.35 147.1 0
    endloop
  endfacet
  facet normal 0 0 -1
    outer loop
      vertex 111 151 0
      vertex 154.45 147.1 0
      vertex 154.354 147.081 0
    endloop
  endfacet
  facet normal -0 0 -1
    outer loop
      vertex 154.2 144.15 0
      vertex 151.75 141.8 0
      vertex 154.2 144.85 0
    endloop
  endfacet
  facet normal 0 0 -1
    outer loop
      vertex 152.746 141.781 0
      vertex 153.629 141.806 0
      vertex 153.548 141.752 0
    endloop
  endfacet
  facet normal 0 0 -1
    outer loop
      vertex 152.827 141.727 0
      vertex 153.548 141.752 0
      vertex 153.494 141.671 0
    endloop
  endfacet
  facet normal 0 0 -1
    outer loop
      vertex 152.881 141.646 0
      vertex 153.494 141.671 0
      vertex 153.475 141.575 0
    endloop
  endfacet
  facet normal 0 0 -1
    outer loop
      vertex 153.494 140.805 0
      vertex 152.9 140.85 0
      vertex 153.475 140.9 0
    endloop
  endfacet
  facet normal 0 0 -1
    outer loop
      vertex 152.9 141.55 0
      vertex 153.475 140.9 0
      vertex 152.9 140.85 0
    endloop
  endfacet
  facet normal 0 0 -1
    outer loop
      vertex 153.475 140.9 0
      vertex 152.9 141.55 0
      vertex 153.475 141.575 0
    endloop
  endfacet
  facet normal 0 0 -1
    outer loop
      vertex 152.881 141.646 0
      vertex 153.475 141.575 0
      vertex 152.9 141.55 0
    endloop
  endfacet
  facet normal -0 0 -1
    outer loop
      vertex 153.494 141.671 0
      vertex 152.881 141.646 0
      vertex 152.827 141.727 0
    endloop
  endfacet
  facet normal -0 0 -1
    outer loop
      vertex 153.548 141.752 0
      vertex 152.827 141.727 0
      vertex 152.746 141.781 0
    endloop
  endfacet
  facet normal 0 0 -1
    outer loop
      vertex 152.65 141.8 0
      vertex 153.629 141.806 0
      vertex 152.746 141.781 0
    endloop
  endfacet
  facet normal 0 0 -1
    outer loop
      vertex 151.654 141.781 0
      vertex 154.2 144.85 0
      vertex 151.75 141.8 0
    endloop
  endfacet
  facet normal 0 0 -1
    outer loop
      vertex 149.546 141.881 0
      vertex 154.2 144.85 0
      vertex 151.654 141.781 0
    endloop
  endfacet
  facet normal -0 0 -1
    outer loop
      vertex 154.2 144.85 0
      vertex 149.546 141.881 0
      vertex 154.2 146.15 0
    endloop
  endfacet
  facet normal 0 0 -1
    outer loop
      vertex 149.45 141.9 0
      vertex 154.2 146.15 0
      vertex 149.546 141.881 0
    endloop
  endfacet
  facet normal 0 0 -1
    outer loop
      vertex 149.627 141.827 0
      vertex 151.654 141.781 0
      vertex 151.573 141.727 0
    endloop
  endfacet
  facet normal 0 0 -1
    outer loop
      vertex 149.681 141.746 0
      vertex 151.573 141.727 0
      vertex 151.519 141.646 0
    endloop
  endfacet
  facet normal 0 0 -1
    outer loop
      vertex 151.519 140.754 0
      vertex 149.7 140.95 0
      vertex 151.5 140.85 0
    endloop
  endfacet
  facet normal 0 0 -1
    outer loop
      vertex 151.5 140.85 0
      vertex 149.7 140.95 0
      vertex 151.5 141.55 0
    endloop
  endfacet
  facet normal 0 0 -1
    outer loop
      vertex 149.7 141.65 0
      vertex 151.5 141.55 0
      vertex 149.7 140.95 0
    endloop
  endfacet
  facet normal 0 0 -1
    outer loop
      vertex 151.5 141.55 0
      vertex 149.7 141.65 0
      vertex 151.519 141.646 0
    endloop
  endfacet
  facet normal 0 0 -1
    outer loop
      vertex 149.681 141.746 0
      vertex 151.519 141.646 0
      vertex 149.7 141.65 0
    endloop
  endfacet
  facet normal 0 0 -1
    outer loop
      vertex 151.573 141.727 0
      vertex 149.681 141.746 0
      vertex 149.627 141.827 0
    endloop
  endfacet
  facet normal 0 0 -1
    outer loop
      vertex 151.654 141.781 0
      vertex 149.627 141.827 0
      vertex 149.546 141.881 0
    endloop
  endfacet
  facet normal -0 0 -1
    outer loop
      vertex 154.2 146.15 0
      vertex 149.45 141.9 0
      vertex 154.2 146.85 0
    endloop
  endfacet
  facet normal 0 0 -1
    outer loop
      vertex 148.55 141.9 0
      vertex 154.2 146.85 0
      vertex 149.45 141.9 0
    endloop
  endfacet
  facet normal -0 0 -1
    outer loop
      vertex 154.2 146.85 0
      vertex 148.55 141.9 0
      vertex 154.219 146.945 0
    endloop
  endfacet
  facet normal 0 0 -1
    outer loop
      vertex 147.05 141.8 0
      vertex 154.219 146.945 0
      vertex 148.55 141.9 0
    endloop
  endfacet
  facet normal 0 0 -1
    outer loop
      vertex 147.05 141.8 0
      vertex 148.55 141.9 0
      vertex 148.454 141.881 0
    endloop
  endfacet
  facet normal 0 0 -1
    outer loop
      vertex 147.146 141.781 0
      vertex 148.454 141.881 0
      vertex 148.373 141.827 0
    endloop
  endfacet
  facet normal 0 0 -1
    outer loop
      vertex 147.3 138.85 0
      vertex 147.9 134.4 0
      vertex 147.805 134.381 0
    endloop
  endfacet
  facet normal 0 0 -1
    outer loop
      vertex 147.3 138.85 0
      vertex 147.805 134.381 0
      vertex 147.724 134.327 0
    endloop
  endfacet
  facet normal 0 0 -1
    outer loop
      vertex 147.3 138.85 0
      vertex 147.724 134.327 0
      vertex 147.669 134.246 0
    endloop
  endfacet
  facet normal 0 0 -1
    outer loop
      vertex 147.3 138.85 0
      vertex 147.669 134.246 0
      vertex 147.65 134.15 0
    endloop
  endfacet
  facet normal 0 0 -1
    outer loop
      vertex 147.669 131.354 0
      vertex 146.731 131.354 0
      vertex 147.65 131.45 0
    endloop
  endfacet
  facet normal 0 0 -1
    outer loop
      vertex 147.65 133.45 0
      vertex 147.3 138.85 0
      vertex 147.65 134.15 0
    endloop
  endfacet
  facet normal 0 0 -1
    outer loop
      vertex 147.3 139.55 0
      vertex 148.3 138.95 0
      vertex 147.3 138.85 0
    endloop
  endfacet
  facet normal -0 0 -1
    outer loop
      vertex 148.319 140.854 0
      vertex 147.3 140.85 0
      vertex 148.3 140.95 0
    endloop
  endfacet
  facet normal 0 0 -1
    outer loop
      vertex 147.3 141.55 0
      vertex 148.3 140.95 0
      vertex 147.3 140.85 0
    endloop
  endfacet
  facet normal 0 0 -1
    outer loop
      vertex 148.3 140.95 0
      vertex 147.3 141.55 0
      vertex 148.3 141.65 0
    endloop
  endfacet
  facet normal 0 0 -1
    outer loop
      vertex 147.281 141.646 0
      vertex 148.3 141.65 0
      vertex 147.3 141.55 0
    endloop
  endfacet
  facet normal -0 0 -1
    outer loop
      vertex 148.3 141.65 0
      vertex 147.281 141.646 0
      vertex 148.319 141.746 0
    endloop
  endfacet
  facet normal 0 0 -1
    outer loop
      vertex 147.227 141.727 0
      vertex 148.319 141.746 0
      vertex 147.281 141.646 0
    endloop
  endfacet
  facet normal -0 0 -1
    outer loop
      vertex 148.319 141.746 0
      vertex 147.227 141.727 0
      vertex 148.373 141.827 0
    endloop
  endfacet
  facet normal 0 0 -1
    outer loop
      vertex 147.146 141.781 0
      vertex 148.373 141.827 0
      vertex 147.227 141.727 0
    endloop
  endfacet
  facet normal 0 0 -1
    outer loop
      vertex 148.454 141.881 0
      vertex 147.146 141.781 0
      vertex 147.05 141.8 0
    endloop
  endfacet
  facet normal 0 0 -1
    outer loop
      vertex 146.15 141.8 0
      vertex 154.219 146.945 0
      vertex 147.05 141.8 0
    endloop
  endfacet
  facet normal 0 0 -1
    outer loop
      vertex 144.15 141.7 0
      vertex 154.219 146.945 0
      vertex 146.15 141.8 0
    endloop
  endfacet
  facet normal -0 0 -1
    outer loop
      vertex 154.219 146.945 0
      vertex 144.15 141.7 0
      vertex 154.273 147.026 0
    endloop
  endfacet
  facet normal 0 0 -1
    outer loop
      vertex 144.15 141.7 0
      vertex 146.15 141.8 0
      vertex 146.055 141.781 0
    endloop
  endfacet
  facet normal -0 0 -1
    outer loop
      vertex 146.055 138.619 0
      vertex 145.504 134.381 0
      vertex 144.4 138.75 0
    endloop
  endfacet
  facet normal 0 0 -1
    outer loop
      vertex 144.4 138.75 0
      vertex 145.504 134.381 0
      vertex 145.423 134.327 0
    endloop
  endfacet
  facet normal 0 0 -1
    outer loop
      vertex 144.4 138.75 0
      vertex 145.423 134.327 0
      vertex 145.369 134.246 0
    endloop
  endfacet
  facet normal 0 0 -1
    outer loop
      vertex 144.4 138.75 0
      vertex 145.369 134.246 0
      vertex 145.35 134.15 0
    endloop
  endfacet
  facet normal 0 0 -1
    outer loop
      vertex 142.435 130.127 0
      vertex 145.319 129.546 0
      vertex 142.45 130.05 0
    endloop
  endfacet
  facet normal 0 0 -1
    outer loop
      vertex 145.35 133.45 0
      vertex 144.4 138.75 0
      vertex 145.35 134.15 0
    endloop
  endfacet
  facet normal 0 0 -1
    outer loop
      vertex 144.4 139.45 0
      vertex 145.9 138.85 0
      vertex 144.4 138.75 0
    endloop
  endfacet
  facet normal -0 0 -1
    outer loop
      vertex 145.919 140.754 0
      vertex 144.4 140.75 0
      vertex 145.9 140.85 0
    endloop
  endfacet
  facet normal 0 0 -1
    outer loop
      vertex 144.4 141.45 0
      vertex 145.9 140.85 0
      vertex 144.4 140.75 0
    endloop
  endfacet
  facet normal 0 0 -1
    outer loop
      vertex 145.9 140.85 0
      vertex 144.4 141.45 0
      vertex 145.9 141.55 0
    endloop
  endfacet
  facet normal 0 0 -1
    outer loop
      vertex 144.381 141.546 0
      vertex 145.9 141.55 0
      vertex 144.4 141.45 0
    endloop
  endfacet
  facet normal -0 0 -1
    outer loop
      vertex 145.9 141.55 0
      vertex 144.381 141.546 0
      vertex 145.919 141.646 0
    endloop
  endfacet
  facet normal 0 0 -1
    outer loop
      vertex 144.327 141.627 0
      vertex 145.919 141.646 0
      vertex 144.381 141.546 0
    endloop
  endfacet
  facet normal -0 0 -1
    outer loop
      vertex 145.919 141.646 0
      vertex 144.327 141.627 0
      vertex 145.974 141.727 0
    endloop
  endfacet
  facet normal 0 0 -1
    outer loop
      vertex 144.246 141.681 0
      vertex 145.974 141.727 0
      vertex 144.327 141.627 0
    endloop
  endfacet
  facet normal -0 0 -1
    outer loop
      vertex 145.974 141.727 0
      vertex 144.246 141.681 0
      vertex 146.055 141.781 0
    endloop
  endfacet
  facet normal 0 0 -1
    outer loop
      vertex 144.15 141.7 0
      vertex 146.055 141.781 0
      vertex 144.246 141.681 0
    endloop
  endfacet
  facet normal 0 0 -1
    outer loop
      vertex 143.25 141.7 0
      vertex 154.273 147.026 0
      vertex 144.15 141.7 0
    endloop
  endfacet
  facet normal 0 0 -1
    outer loop
      vertex 141.45 141.6 0
      vertex 154.273 147.026 0
      vertex 143.25 141.7 0
    endloop
  endfacet
  facet normal 0 0 -1
    outer loop
      vertex 141.45 141.6 0
      vertex 143.25 141.7 0
      vertex 143.154 141.681 0
    endloop
  endfacet
  facet normal 0 0 -1
    outer loop
      vertex 143.154 138.519 0
      vertex 141.681 138.555 0
      vertex 143.073 138.573 0
    endloop
  endfacet
  facet normal 0 0 -1
    outer loop
      vertex 141.681 138.555 0
      vertex 143.019 138.654 0
      vertex 143.073 138.573 0
    endloop
  endfacet
  facet normal -0 0 -1
    outer loop
      vertex 143.019 138.654 0
      vertex 141.7 138.65 0
      vertex 143 138.75 0
    endloop
  endfacet
  facet normal 0 0 -1
    outer loop
      vertex 141.681 138.555 0
      vertex 142.45 135.95 0
      vertex 142.373 135.935 0
    endloop
  endfacet
  facet normal 0 0 -1
    outer loop
      vertex 141.681 138.555 0
      vertex 142.373 135.935 0
      vertex 142.309 135.892 0
    endloop
  endfacet
  facet normal 0 0 -1
    outer loop
      vertex 141.681 138.555 0
      vertex 142.309 135.892 0
      vertex 142.266 135.826 0
    endloop
  endfacet
  facet normal 0 0 -1
    outer loop
      vertex 141.681 138.555 0
      vertex 142.266 135.826 0
      vertex 142.25 135.75 0
    endloop
  endfacet
  facet normal 0 0 -1
    outer loop
      vertex 141.9 132.95 0
      vertex 142.373 134.065 0
      vertex 141.977 132.935 0
    endloop
  endfacet
  facet normal -0 0 -1
    outer loop
      vertex 142.373 134.065 0
      vertex 141.9 132.95 0
      vertex 142.309 134.108 0
    endloop
  endfacet
  facet normal 0 0 -1
    outer loop
      vertex 141.15 134.25 0
      vertex 142.309 134.108 0
      vertex 141.9 132.95 0
    endloop
  endfacet
  facet normal 0 0 -1
    outer loop
      vertex 142.309 134.108 0
      vertex 141.15 134.25 0
      vertex 142.266 134.174 0
    endloop
  endfacet
  facet normal 0 0 -1
    outer loop
      vertex 142.266 134.174 0
      vertex 141.15 134.25 0
      vertex 142.25 134.25 0
    endloop
  endfacet
  facet normal 0 0 -1
    outer loop
      vertex 142.25 134.25 0
      vertex 141.15 134.25 0
      vertex 142.25 135.75 0
    endloop
  endfacet
  facet normal 0 0 -1
    outer loop
      vertex 141.7 139.35 0
      vertex 143 138.75 0
      vertex 141.7 138.65 0
    endloop
  endfacet
  facet normal -0 0 -1
    outer loop
      vertex 143.019 140.654 0
      vertex 141.7 140.65 0
      vertex 143 140.75 0
    endloop
  endfacet
  facet normal 0 0 -1
    outer loop
      vertex 141.7 141.35 0
      vertex 143 140.75 0
      vertex 141.7 140.65 0
    endloop
  endfacet
  facet normal 0 0 -1
    outer loop
      vertex 143 140.75 0
      vertex 141.7 141.35 0
      vertex 143 141.45 0
    endloop
  endfacet
  facet normal 0 0 -1
    outer loop
      vertex 141.681 141.445 0
      vertex 143 141.45 0
      vertex 141.7 141.35 0
    endloop
  endfacet
  facet normal -0 0 -1
    outer loop
      vertex 143 141.45 0
      vertex 141.681 141.445 0
      vertex 143.019 141.546 0
    endloop
  endfacet
  facet normal 0 0 -1
    outer loop
      vertex 141.627 141.526 0
      vertex 143.019 141.546 0
      vertex 141.681 141.445 0
    endloop
  endfacet
  facet normal -0 0 -1
    outer loop
      vertex 143.019 141.546 0
      vertex 141.627 141.526 0
      vertex 143.073 141.627 0
    endloop
  endfacet
  facet normal 0 0 -1
    outer loop
      vertex 141.546 141.581 0
      vertex 143.073 141.627 0
      vertex 141.627 141.526 0
    endloop
  endfacet
  facet normal -0 0 -1
    outer loop
      vertex 143.073 141.627 0
      vertex 141.546 141.581 0
      vertex 143.154 141.681 0
    endloop
  endfacet
  facet normal 0 0 -1
    outer loop
      vertex 141.45 141.6 0
      vertex 143.154 141.681 0
      vertex 141.546 141.581 0
    endloop
  endfacet
  facet normal 0 0 -1
    outer loop
      vertex 140.55 141.6 0
      vertex 154.273 147.026 0
      vertex 141.45 141.6 0
    endloop
  endfacet
  facet normal 0 0 -1
    outer loop
      vertex 139.3 141.6 0
      vertex 154.273 147.026 0
      vertex 140.55 141.6 0
    endloop
  endfacet
  facet normal 0 0 -1
    outer loop
      vertex 139.3 141.6 0
      vertex 140.55 141.6 0
      vertex 140.454 141.581 0
    endloop
  endfacet
  facet normal -0 0 -1
    outer loop
      vertex 140.365 134.174 0
      vertex 139.766 130.127 0
      vertex 140.35 134.25 0
    endloop
  endfacet
  facet normal 0 0 -1
    outer loop
      vertex 139.55 138.65 0
      vertex 140.35 134.25 0
      vertex 139.766 130.127 0
    endloop
  endfacet
  facet normal 0 0 -1
    outer loop
      vertex 140.35 134.25 0
      vertex 139.55 138.65 0
      vertex 140.35 135.75 0
    endloop
  endfacet
  facet normal 0 0 -1
    outer loop
      vertex 139.55 138.65 0
      vertex 139.766 130.127 0
      vertex 139.75 130.05 0
    endloop
  endfacet
  facet normal 0 0 -1
    outer loop
      vertex 139.55 139.35 0
      vertex 140.3 138.65 0
      vertex 139.55 138.65 0
    endloop
  endfacet
  facet normal 0 0 -1
    outer loop
      vertex 140.319 140.555 0
      vertex 139.55 140.65 0
      vertex 140.3 140.65 0
    endloop
  endfacet
  facet normal 0 0 -1
    outer loop
      vertex 140.3 140.65 0
      vertex 139.55 140.65 0
      vertex 140.3 141.35 0
    endloop
  endfacet
  facet normal 0 0 -1
    outer loop
      vertex 139.55 141.35 0
      vertex 140.3 141.35 0
      vertex 139.55 140.65 0
    endloop
  endfacet
  facet normal 0 0 -1
    outer loop
      vertex 140.3 141.35 0
      vertex 139.55 141.35 0
      vertex 140.319 141.445 0
    endloop
  endfacet
  facet normal 0 0 -1
    outer loop
      vertex 139.531 141.445 0
      vertex 140.319 141.445 0
      vertex 139.55 141.35 0
    endloop
  endfacet
  facet normal 0 0 -1
    outer loop
      vertex 140.319 141.445 0
      vertex 139.531 141.445 0
      vertex 140.373 141.526 0
    endloop
  endfacet
  facet normal 0 0 -1
    outer loop
      vertex 139.477 141.526 0
      vertex 140.373 141.526 0
      vertex 139.531 141.445 0
    endloop
  endfacet
  facet normal 0 0 -1
    outer loop
      vertex 140.373 141.526 0
      vertex 139.477 141.526 0
      vertex 140.454 141.581 0
    endloop
  endfacet
  facet normal 0 0 -1
    outer loop
      vertex 139.396 141.581 0
      vertex 140.454 141.581 0
      vertex 139.477 141.526 0
    endloop
  endfacet
  facet normal 0 0 -1
    outer loop
      vertex 139.3 141.6 0
      vertex 140.454 141.581 0
      vertex 139.396 141.581 0
    endloop
  endfacet
  facet normal 0 0 -1
    outer loop
      vertex 125.677 146.387 0
      vertex 154.273 147.026 0
      vertex 139.3 141.6 0
    endloop
  endfacet
  facet normal 0 0 -1
    outer loop
      vertex 125.677 146.387 0
      vertex 139.3 141.6 0
      vertex 138.4 141.6 0
    endloop
  endfacet
  facet normal 0 0 -1
    outer loop
      vertex 136.7 141.6 0
      vertex 138.4 141.6 0
      vertex 138.305 141.581 0
    endloop
  endfacet
  facet normal 0 0 -1
    outer loop
      vertex 136.931 138.555 0
      vertex 138.169 138.555 0
      vertex 138.224 138.474 0
    endloop
  endfacet
  facet normal 0 0 -1
    outer loop
      vertex 136.931 138.555 0
      vertex 137.773 135.835 0
      vertex 137.709 135.791 0
    endloop
  endfacet
  facet normal 0 0 -1
    outer loop
      vertex 136.931 138.555 0
      vertex 137.709 135.791 0
      vertex 137.665 135.727 0
    endloop
  endfacet
  facet normal 0 0 -1
    outer loop
      vertex 136.931 138.555 0
      vertex 137.665 135.727 0
      vertex 137.65 135.65 0
    endloop
  endfacet
  facet normal 0 0 -1
    outer loop
      vertex 137.377 132.835 0
      vertex 137.85 133.95 0
      vertex 137.441 132.791 0
    endloop
  endfacet
  facet normal -0 0 -1
    outer loop
      vertex 137.873 128.065 0
      vertex 137.4 126.95 0
      vertex 137.809 128.108 0
    endloop
  endfacet
  facet normal 0 0 -1
    outer loop
      vertex 136.592 128.108 0
      vertex 137.809 128.108 0
      vertex 137.4 126.95 0
    endloop
  endfacet
  facet normal -0 0 -1
    outer loop
      vertex 137.85 133.95 0
      vertex 137.377 132.835 0
      vertex 137.773 133.965 0
    endloop
  endfacet
  facet normal 0 0 -1
    outer loop
      vertex 137.3 132.85 0
      vertex 137.773 133.965 0
      vertex 137.377 132.835 0
    endloop
  endfacet
  facet normal -0 0 -1
    outer loop
      vertex 137.773 133.965 0
      vertex 137.3 132.85 0
      vertex 137.709 134.009 0
    endloop
  endfacet
  facet normal 0 0 -1
    outer loop
      vertex 136.535 134.073 0
      vertex 137.709 134.009 0
      vertex 137.3 132.85 0
    endloop
  endfacet
  facet normal 0 0 -1
    outer loop
      vertex 136.535 134.073 0
      vertex 137.665 134.073 0
      vertex 137.709 134.009 0
    endloop
  endfacet
  facet normal 0 0 -1
    outer loop
      vertex 137.665 134.073 0
      vertex 136.55 134.15 0
      vertex 137.65 134.15 0
    endloop
  endfacet
  facet normal 0 0 -1
    outer loop
      vertex 137.65 134.15 0
      vertex 136.55 134.15 0
      vertex 137.65 135.65 0
    endloop
  endfacet
  facet normal 0 0 -1
    outer loop
      vertex 136.95 139.35 0
      vertex 138.15 138.65 0
      vertex 136.95 138.65 0
    endloop
  endfacet
  facet normal 0 0 -1
    outer loop
      vertex 138.169 140.555 0
      vertex 136.95 140.65 0
      vertex 138.15 140.65 0
    endloop
  endfacet
  facet normal 0 0 -1
    outer loop
      vertex 138.15 140.65 0
      vertex 136.95 140.65 0
      vertex 138.15 141.35 0
    endloop
  endfacet
  facet normal 0 0 -1
    outer loop
      vertex 136.95 141.35 0
      vertex 138.15 141.35 0
      vertex 136.95 140.65 0
    endloop
  endfacet
  facet normal 0 0 -1
    outer loop
      vertex 138.15 141.35 0
      vertex 136.95 141.35 0
      vertex 138.169 141.445 0
    endloop
  endfacet
  facet normal 0 0 -1
    outer loop
      vertex 136.931 141.445 0
      vertex 138.169 141.445 0
      vertex 136.95 141.35 0
    endloop
  endfacet
  facet normal 0 0 -1
    outer loop
      vertex 138.169 141.445 0
      vertex 136.931 141.445 0
      vertex 138.224 141.526 0
    endloop
  endfacet
  facet normal 0 0 -1
    outer loop
      vertex 136.877 141.526 0
      vertex 138.224 141.526 0
      vertex 136.931 141.445 0
    endloop
  endfacet
  facet normal 0 0 -1
    outer loop
      vertex 138.224 141.526 0
      vertex 136.877 141.526 0
      vertex 138.305 141.581 0
    endloop
  endfacet
  facet normal 0 0 -1
    outer loop
      vertex 136.796 141.581 0
      vertex 138.305 141.581 0
      vertex 136.877 141.526 0
    endloop
  endfacet
  facet normal 0 0 -1
    outer loop
      vertex 136.7 141.6 0
      vertex 138.305 141.581 0
      vertex 136.796 141.581 0
    endloop
  endfacet
  facet normal 0 0 -1
    outer loop
      vertex 138.4 141.6 0
      vertex 136.7 141.6 0
      vertex 125.677 146.387 0
    endloop
  endfacet
  facet normal 0 0 -1
    outer loop
      vertex 125.677 146.387 0
      vertex 136.7 141.6 0
      vertex 135.8 141.6 0
    endloop
  endfacet
  facet normal 0 0 -1
    outer loop
      vertex 134.45 141.6 0
      vertex 135.8 141.6 0
      vertex 135.704 141.581 0
    endloop
  endfacet
  facet normal 0 0 -1
    outer loop
      vertex 135.569 140.555 0
      vertex 134.7 140.65 0
      vertex 135.55 140.65 0
    endloop
  endfacet
  facet normal 0 0 -1
    outer loop
      vertex 135.55 140.65 0
      vertex 134.7 140.65 0
      vertex 135.55 141.35 0
    endloop
  endfacet
  facet normal 0 0 -1
    outer loop
      vertex 134.7 141.35 0
      vertex 135.55 141.35 0
      vertex 134.7 140.65 0
    endloop
  endfacet
  facet normal 0 0 -1
    outer loop
      vertex 135.55 141.35 0
      vertex 134.7 141.35 0
      vertex 135.569 141.445 0
    endloop
  endfacet
  facet normal 0 0 -1
    outer loop
      vertex 134.681 141.445 0
      vertex 135.569 141.445 0
      vertex 134.7 141.35 0
    endloop
  endfacet
  facet normal 0 0 -1
    outer loop
      vertex 135.569 141.445 0
      vertex 134.681 141.445 0
      vertex 135.623 141.526 0
    endloop
  endfacet
  facet normal 0 0 -1
    outer loop
      vertex 134.627 141.526 0
      vertex 135.623 141.526 0
      vertex 134.681 141.445 0
    endloop
  endfacet
  facet normal 0 0 -1
    outer loop
      vertex 135.623 141.526 0
      vertex 134.627 141.526 0
      vertex 135.704 141.581 0
    endloop
  endfacet
  facet normal 0 0 -1
    outer loop
      vertex 134.546 141.581 0
      vertex 135.704 141.581 0
      vertex 134.627 141.526 0
    endloop
  endfacet
  facet normal 0 0 -1
    outer loop
      vertex 134.45 141.6 0
      vertex 135.704 141.581 0
      vertex 134.546 141.581 0
    endloop
  endfacet
  facet normal 0 0 -1
    outer loop
      vertex 135.8 141.6 0
      vertex 134.45 141.6 0
      vertex 125.677 146.387 0
    endloop
  endfacet
  facet normal 0 0 -1
    outer loop
      vertex 125.731 146.306 0
      vertex 134.45 141.6 0
      vertex 133.55 141.6 0
    endloop
  endfacet
  facet normal 0 0 -1
    outer loop
      vertex 125.596 146.441 0
      vertex 154.273 147.026 0
      vertex 125.677 146.387 0
    endloop
  endfacet
  facet normal 0 0 -1
    outer loop
      vertex 132.371 141.606 0
      vertex 133.55 141.6 0
      vertex 133.454 141.581 0
    endloop
  endfacet
  facet normal 0 0 -1
    outer loop
      vertex 133.319 140.555 0
      vertex 132.525 140.7 0
      vertex 133.3 140.65 0
    endloop
  endfacet
  facet normal 0 0 -1
    outer loop
      vertex 133.3 140.65 0
      vertex 132.525 140.7 0
      vertex 133.3 141.35 0
    endloop
  endfacet
  facet normal 0 0 -1
    outer loop
      vertex 132.525 141.375 0
      vertex 133.3 141.35 0
      vertex 132.525 140.7 0
    endloop
  endfacet
  facet normal 0 0 -1
    outer loop
      vertex 133.3 141.35 0
      vertex 132.525 141.375 0
      vertex 133.319 141.445 0
    endloop
  endfacet
  facet normal 0 0 -1
    outer loop
      vertex 132.506 141.471 0
      vertex 133.319 141.445 0
      vertex 132.525 141.375 0
    endloop
  endfacet
  facet normal 0 0 -1
    outer loop
      vertex 133.319 141.445 0
      vertex 132.506 141.471 0
      vertex 133.373 141.526 0
    endloop
  endfacet
  facet normal 0 0 -1
    outer loop
      vertex 132.452 141.552 0
      vertex 133.373 141.526 0
      vertex 132.506 141.471 0
    endloop
  endfacet
  facet normal 0 0 -1
    outer loop
      vertex 133.373 141.526 0
      vertex 132.452 141.552 0
      vertex 133.454 141.581 0
    endloop
  endfacet
  facet normal 0 0 -1
    outer loop
      vertex 132.371 141.606 0
      vertex 133.454 141.581 0
      vertex 132.452 141.552 0
    endloop
  endfacet
  facet normal 0 0 -1
    outer loop
      vertex 133.55 141.6 0
      vertex 132.371 141.606 0
      vertex 132.275 141.625 0
    endloop
  endfacet
  facet normal 0 0 -1
    outer loop
      vertex 133.55 141.6 0
      vertex 132.275 141.625 0
      vertex 125.731 146.306 0
    endloop
  endfacet
  facet normal 0 0 -1
    outer loop
      vertex 125.731 146.306 0
      vertex 132.275 141.625 0
      vertex 131.325 141.625 0
    endloop
  endfacet
  facet normal 0 0 -1
    outer loop
      vertex 129.875 141.625 0
      vertex 131.325 141.625 0
      vertex 131.229 141.606 0
    endloop
  endfacet
  facet normal 0 0 -1
    outer loop
      vertex 131.094 140.604 0
      vertex 130.125 140.7 0
      vertex 131.075 140.7 0
    endloop
  endfacet
  facet normal 0 0 -1
    outer loop
      vertex 131.075 140.7 0
      vertex 130.125 140.7 0
      vertex 131.075 141.375 0
    endloop
  endfacet
  facet normal 0 0 -1
    outer loop
      vertex 130.125 141.375 0
      vertex 131.075 141.375 0
      vertex 130.125 140.7 0
    endloop
  endfacet
  facet normal 0 0 -1
    outer loop
      vertex 131.075 141.375 0
      vertex 130.125 141.375 0
      vertex 131.094 141.471 0
    endloop
  endfacet
  facet normal 0 0 -1
    outer loop
      vertex 130.106 141.471 0
      vertex 131.094 141.471 0
      vertex 130.125 141.375 0
    endloop
  endfacet
  facet normal 0 0 -1
    outer loop
      vertex 131.094 141.471 0
      vertex 130.106 141.471 0
      vertex 131.148 141.552 0
    endloop
  endfacet
  facet normal 0 0 -1
    outer loop
      vertex 130.052 141.552 0
      vertex 131.148 141.552 0
      vertex 130.106 141.471 0
    endloop
  endfacet
  facet normal 0 0 -1
    outer loop
      vertex 131.148 141.552 0
      vertex 130.052 141.552 0
      vertex 131.229 141.606 0
    endloop
  endfacet
  facet normal 0 0 -1
    outer loop
      vertex 129.971 141.606 0
      vertex 131.229 141.606 0
      vertex 130.052 141.552 0
    endloop
  endfacet
  facet normal 0 0 -1
    outer loop
      vertex 129.875 141.625 0
      vertex 131.229 141.606 0
      vertex 129.971 141.606 0
    endloop
  endfacet
  facet normal 0 0 -1
    outer loop
      vertex 131.325 141.625 0
      vertex 129.875 141.625 0
      vertex 125.75 146.21 0
    endloop
  endfacet
  facet normal 0 0 -1
    outer loop
      vertex 125.75 145.51 0
      vertex 129.875 141.625 0
      vertex 128.925 141.625 0
    endloop
  endfacet
  facet normal 0 0 -1
    outer loop
      vertex 125.75 144.21 0
      vertex 128.925 141.625 0
      vertex 128.829 141.606 0
    endloop
  endfacet
  facet normal 0 0 -1
    outer loop
      vertex 128.694 140.604 0
      vertex 127.8 140.65 0
      vertex 128.675 140.7 0
    endloop
  endfacet
  facet normal 0 0 -1
    outer loop
      vertex 127.8 141.35 0
      vertex 128.675 140.7 0
      vertex 127.8 140.65 0
    endloop
  endfacet
  facet normal 0 0 -1
    outer loop
      vertex 128.675 140.7 0
      vertex 127.8 141.35 0
      vertex 128.675 141.375 0
    endloop
  endfacet
  facet normal 0 0 -1
    outer loop
      vertex 127.781 141.445 0
      vertex 128.675 141.375 0
      vertex 127.8 141.35 0
    endloop
  endfacet
  facet normal 0 0 -1
    outer loop
      vertex 128.675 141.375 0
      vertex 127.781 141.445 0
      vertex 128.694 141.471 0
    endloop
  endfacet
  facet normal 0 0 -1
    outer loop
      vertex 127.727 141.526 0
      vertex 128.694 141.471 0
      vertex 127.781 141.445 0
    endloop
  endfacet
  facet normal 0 0 -1
    outer loop
      vertex 128.694 141.471 0
      vertex 127.727 141.526 0
      vertex 128.748 141.552 0
    endloop
  endfacet
  facet normal 0 0 -1
    outer loop
      vertex 127.646 141.581 0
      vertex 128.748 141.552 0
      vertex 127.727 141.526 0
    endloop
  endfacet
  facet normal 0 0 -1
    outer loop
      vertex 128.748 141.552 0
      vertex 127.646 141.581 0
      vertex 128.829 141.606 0
    endloop
  endfacet
  facet normal 0 0 -1
    outer loop
      vertex 125.75 144.21 0
      vertex 128.829 141.606 0
      vertex 127.646 141.581 0
    endloop
  endfacet
  facet normal 0 0 -1
    outer loop
      vertex 125.75 144.21 0
      vertex 127.646 141.581 0
      vertex 127.55 141.6 0
    endloop
  endfacet
  facet normal 0 0 -1
    outer loop
      vertex 125.75 143.51 0
      vertex 127.55 141.6 0
      vertex 126.65 141.6 0
    endloop
  endfacet
  facet normal 0 0 -1
    outer loop
      vertex 125.75 143.51 0
      vertex 126.65 141.6 0
      vertex 126.555 141.581 0
    endloop
  endfacet
  facet normal 0 0 -1
    outer loop
      vertex 125.75 143.51 0
      vertex 126.419 141.445 0
      vertex 126.4 141.35 0
    endloop
  endfacet
  facet normal 0 0 -1
    outer loop
      vertex 125.75 143.51 0
      vertex 126.474 141.526 0
      vertex 126.419 141.445 0
    endloop
  endfacet
  facet normal 0 0 -1
    outer loop
      vertex 125.75 143.51 0
      vertex 126.555 141.581 0
      vertex 126.474 141.526 0
    endloop
  endfacet
  facet normal 0 0 -1
    outer loop
      vertex 127.55 141.6 0
      vertex 125.75 143.51 0
      vertex 125.75 144.21 0
    endloop
  endfacet
  facet normal 0 0 -1
    outer loop
      vertex 128.925 141.625 0
      vertex 125.75 144.21 0
      vertex 125.75 145.51 0
    endloop
  endfacet
  facet normal 0 0 -1
    outer loop
      vertex 129.875 141.625 0
      vertex 125.75 145.51 0
      vertex 125.75 146.21 0
    endloop
  endfacet
  facet normal 0 0 -1
    outer loop
      vertex 131.325 141.625 0
      vertex 125.75 146.21 0
      vertex 125.731 146.306 0
    endloop
  endfacet
  facet normal 0 0 -1
    outer loop
      vertex 134.45 141.6 0
      vertex 125.731 146.306 0
      vertex 125.677 146.387 0
    endloop
  endfacet
  facet normal -0 0 -1
    outer loop
      vertex 154.273 147.026 0
      vertex 125.596 146.441 0
      vertex 154.354 147.081 0
    endloop
  endfacet
  facet normal 0 0 -1
    outer loop
      vertex 125.5 146.46 0
      vertex 154.354 147.081 0
      vertex 125.596 146.441 0
    endloop
  endfacet
  facet normal 0 0 -1
    outer loop
      vertex 111 151 0
      vertex 154.354 147.081 0
      vertex 125.5 146.46 0
    endloop
  endfacet
  facet normal 0 0 -1
    outer loop
      vertex 122.121 147.181 0
      vertex 125.5 146.46 0
      vertex 124.6 146.46 0
    endloop
  endfacet
  facet normal 0 0 -1
    outer loop
      vertex 124.369 145.414 0
      vertex 122.275 146.025 0
      vertex 124.35 145.51 0
    endloop
  endfacet
  facet normal 0 0 -1
    outer loop
      vertex 124.35 145.51 0
      vertex 122.275 146.025 0
      vertex 124.35 146.21 0
    endloop
  endfacet
  facet normal -0 0 -1
    outer loop
      vertex 124.35 146.21 0
      vertex 122.275 146.025 0
      vertex 124.369 146.306 0
    endloop
  endfacet
  facet normal 0 0 -1
    outer loop
      vertex 122.275 146.95 0
      vertex 124.369 146.306 0
      vertex 122.275 146.025 0
    endloop
  endfacet
  facet normal 0 0 -1
    outer loop
      vertex 124.369 146.306 0
      vertex 122.275 146.95 0
      vertex 124.423 146.387 0
    endloop
  endfacet
  facet normal 0 0 -1
    outer loop
      vertex 122.256 147.046 0
      vertex 124.423 146.387 0
      vertex 122.275 146.95 0
    endloop
  endfacet
  facet normal 0 0 -1
    outer loop
      vertex 124.423 146.387 0
      vertex 122.256 147.046 0
      vertex 124.504 146.441 0
    endloop
  endfacet
  facet normal 0 0 -1
    outer loop
      vertex 122.202 147.127 0
      vertex 124.504 146.441 0
      vertex 122.256 147.046 0
    endloop
  endfacet
  facet normal 0 0 -1
    outer loop
      vertex 124.504 146.441 0
      vertex 122.202 147.127 0
      vertex 124.6 146.46 0
    endloop
  endfacet
  facet normal 0 0 -1
    outer loop
      vertex 122.121 147.181 0
      vertex 124.6 146.46 0
      vertex 122.202 147.127 0
    endloop
  endfacet
  facet normal 0 0 -1
    outer loop
      vertex 111 151 0
      vertex 125.5 146.46 0
      vertex 122.121 147.181 0
    endloop
  endfacet
  facet normal 0 0 -1
    outer loop
      vertex 111 151 0
      vertex 122.121 147.181 0
      vertex 122.025 147.2 0
    endloop
  endfacet
  facet normal 0 0 -1
    outer loop
      vertex 111 151 0
      vertex 122.025 147.2 0
      vertex 120.775 147.2 0
    endloop
  endfacet
  facet normal 0 0 -1
    outer loop
      vertex 99 134.76 0
      vertex 120.544 142.954 0
      vertex 99.2929 134.053 0
    endloop
  endfacet
  facet normal 0 0 -1
    outer loop
      vertex 111.358 121.988 0
      vertex 112.065 121.695 0
      vertex 111.683 121.771 0
    endloop
  endfacet
  facet normal 0 -0 -1
    outer loop
      vertex 111 151 0
      vertex 120.544 142.954 0
      vertex 99 134.76 0
    endloop
  endfacet
  facet normal 0 0 -1
    outer loop
      vertex 154.45 147.1 0
      vertex 111 151 0
      vertex 169 151 0
    endloop
  endfacet
  facet normal 0 0 -1
    outer loop
      vertex 120.68 147.181 0
      vertex 111 151 0
      vertex 120.775 147.2 0
    endloop
  endfacet
  facet normal 0 0 -1
    outer loop
      vertex 120.599 147.127 0
      vertex 111 151 0
      vertex 120.68 147.181 0
    endloop
  endfacet
  facet normal 0 0 -1
    outer loop
      vertex 120.544 147.046 0
      vertex 111 151 0
      vertex 120.599 147.127 0
    endloop
  endfacet
  facet normal 0 0 -1
    outer loop
      vertex 120.525 146.025 0
      vertex 111 151 0
      vertex 120.525 146.95 0
    endloop
  endfacet
  facet normal 0 0 -1
    outer loop
      vertex 110 159 0
      vertex 111 158 0
      vertex 111 151 0
    endloop
  endfacet
  facet normal 0 0 -1
    outer loop
      vertex 111 158 0
      vertex 110 159 0
      vertex 110.924 158.383 0
    endloop
  endfacet
  facet normal 0 0 -1
    outer loop
      vertex 120.525 146.95 0
      vertex 111 151 0
      vertex 120.544 147.046 0
    endloop
  endfacet
  facet normal 0 0 -1
    outer loop
      vertex 120.544 142.954 0
      vertex 111 151 0
      vertex 120.525 143.05 0
    endloop
  endfacet
  facet normal 0 0 -1
    outer loop
      vertex 99 158 0
      vertex 111 151 0
      vertex 99 134.76 0
    endloop
  endfacet
  facet normal 0 -0 -1
    outer loop
      vertex 100 159 0
      vertex 111 151 0
      vertex 99 158 0
    endloop
  endfacet
  facet normal 0 0 -1
    outer loop
      vertex 110.924 158.383 0
      vertex 110 159 0
      vertex 110.707 158.707 0
    endloop
  endfacet
  facet normal 0 0 -1
    outer loop
      vertex 110.707 158.707 0
      vertex 110 159 0
      vertex 110.383 158.924 0
    endloop
  endfacet
  facet normal 0 0 -1
    outer loop
      vertex 111 151 0
      vertex 100 159 0
      vertex 110 159 0
    endloop
  endfacet
  facet normal 0 0 -1
    outer loop
      vertex 99 134.76 0
      vertex 99.2929 134.053 0
      vertex 99.0761 134.377 0
    endloop
  endfacet
  facet normal 0 0 -1
    outer loop
      vertex 100 159 0
      vertex 99 158 0
      vertex 99.6173 158.924 0
    endloop
  endfacet
  facet normal 0 0 -1
    outer loop
      vertex 99.6173 158.924 0
      vertex 99 158 0
      vertex 99.2929 158.707 0
    endloop
  endfacet
  facet normal 0 0 -1
    outer loop
      vertex 99.2929 158.707 0
      vertex 99 158 0
      vertex 99.0761 158.383 0
    endloop
  endfacet
  facet normal 0 0 -1
    outer loop
      vertex 169.293 158.707 0
      vertex 169 158 0
      vertex 169.076 158.383 0
    endloop
  endfacet
  facet normal -0 0 -1
    outer loop
      vertex 156.594 144.029 0
      vertex 155.526 143.974 0
      vertex 155.581 144.055 0
    endloop
  endfacet
  facet normal 0 -0 -1
    outer loop
      vertex 155.526 143.974 0
      vertex 156.648 143.948 0
      vertex 155.445 143.919 0
    endloop
  endfacet
  facet normal 0 0 -1
    outer loop
      vertex 156.648 143.948 0
      vertex 155.526 143.974 0
      vertex 156.594 144.029 0
    endloop
  endfacet
  facet normal 0 0 -1
    outer loop
      vertex 156.729 143.894 0
      vertex 155.445 143.919 0
      vertex 156.648 143.948 0
    endloop
  endfacet
  facet normal 0 0 -1
    outer loop
      vertex 155.445 143.919 0
      vertex 154.852 141.752 0
      vertex 155.35 143.9 0
    endloop
  endfacet
  facet normal 0 0 -1
    outer loop
      vertex 154.771 141.806 0
      vertex 155.35 143.9 0
      vertex 154.852 141.752 0
    endloop
  endfacet
  facet normal 0 0 -1
    outer loop
      vertex 154.675 141.825 0
      vertex 155.35 143.9 0
      vertex 154.771 141.806 0
    endloop
  endfacet
  facet normal 0 0 -1
    outer loop
      vertex 154.675 141.825 0
      vertex 154.45 143.9 0
      vertex 155.35 143.9 0
    endloop
  endfacet
  facet normal 0 0 -1
    outer loop
      vertex 154.675 141.825 0
      vertex 154.354 143.919 0
      vertex 154.45 143.9 0
    endloop
  endfacet
  facet normal 0 0 -1
    outer loop
      vertex 153.725 141.825 0
      vertex 154.354 143.919 0
      vertex 154.675 141.825 0
    endloop
  endfacet
  facet normal -0 0 -1
    outer loop
      vertex 154.354 143.919 0
      vertex 153.725 141.825 0
      vertex 154.273 143.974 0
    endloop
  endfacet
  facet normal -0 0 -1
    outer loop
      vertex 154.273 143.974 0
      vertex 152.65 141.8 0
      vertex 154.219 144.055 0
    endloop
  endfacet
  facet normal -0 0 -1
    outer loop
      vertex 154.219 144.055 0
      vertex 152.65 141.8 0
      vertex 154.2 144.15 0
    endloop
  endfacet
  facet normal 0 0 -1
    outer loop
      vertex 151.75 141.8 0
      vertex 154.2 144.15 0
      vertex 152.65 141.8 0
    endloop
  endfacet
  facet normal 0 0 -1
    outer loop
      vertex 152.65 141.8 0
      vertex 154.273 143.974 0
      vertex 153.629 141.806 0
    endloop
  endfacet
  facet normal 0 0 -1
    outer loop
      vertex 153.629 141.806 0
      vertex 154.273 143.974 0
      vertex 153.725 141.825 0
    endloop
  endfacet
  facet normal 0 0 1
    outer loop
      vertex 110 158 0.9
      vertex 111 158 0.9
      vertex 110.924 158.383 0.9
    endloop
  endfacet
  facet normal -0 0 1
    outer loop
      vertex 170 159 0.9
      vertex 180 158 0.9
      vertex 180 159 0.9
    endloop
  endfacet
  facet normal 0 0 1
    outer loop
      vertex 170 159 0.9
      vertex 170 158 0.9
      vertex 180 158 0.9
    endloop
  endfacet
  facet normal -0 0 1
    outer loop
      vertex 169.617 158.924 0.9
      vertex 170 158 0.9
      vertex 170 159 0.9
    endloop
  endfacet
  facet normal -0 0 1
    outer loop
      vertex 169.293 158.707 0.9
      vertex 170 158 0.9
      vertex 169.617 158.924 0.9
    endloop
  endfacet
  facet normal -0 0 1
    outer loop
      vertex 169.076 158.383 0.9
      vertex 170 158 0.9
      vertex 169.293 158.707 0.9
    endloop
  endfacet
  facet normal 0 0 1
    outer loop
      vertex 170 158 0.9
      vertex 169.076 158.383 0.9
      vertex 169 158 0.9
    endloop
  endfacet
  facet normal 0 0 1
    outer loop
      vertex 169 151 0.9
      vertex 170 158 0.9
      vertex 169 158 0.9
    endloop
  endfacet
  facet normal 0 0 1
    outer loop
      vertex 170 158 0.9
      vertex 169 151 0.9
      vertex 170 150 0.9
    endloop
  endfacet
  facet normal -0 0 1
    outer loop
      vertex 111 151 0.9
      vertex 170 150 0.9
      vertex 169 151 0.9
    endloop
  endfacet
  facet normal 0 0 1
    outer loop
      vertex 110 158 0.9
      vertex 110.924 158.383 0.9
      vertex 110.707 158.707 0.9
    endloop
  endfacet
  facet normal 0 0 1
    outer loop
      vertex 110 158 0.9
      vertex 110.707 158.707 0.9
      vertex 110.383 158.924 0.9
    endloop
  endfacet
  facet normal 0 0 1
    outer loop
      vertex 110 158 0.9
      vertex 110.383 158.924 0.9
      vertex 110 159 0.9
    endloop
  endfacet
  facet normal 0 0 1
    outer loop
      vertex 111 158 0.9
      vertex 110 158 0.9
      vertex 111 151 0.9
    endloop
  endfacet
  facet normal 0 0 1
    outer loop
      vertex 111 151 0.9
      vertex 110 150 0.9
      vertex 170 150 0.9
    endloop
  endfacet
  facet normal 0 0 1
    outer loop
      vertex 110 150 0.9
      vertex 111 151 0.9
      vertex 110 158 0.9
    endloop
  endfacet
  facet normal 0 0 1
    outer loop
      vertex 180 158 0.9
      vertex 181 158 0.9
      vertex 180.924 158.383 0.9
    endloop
  endfacet
  facet normal 0 0 1
    outer loop
      vertex 181 158 0.9
      vertex 180 158 0.9
      vertex 181 134.76 0.9
    endloop
  endfacet
  facet normal 0 0 1
    outer loop
      vertex 181 134.76 0.9
      vertex 180 134.76 0.9
      vertex 180.924 134.377 0.9
    endloop
  endfacet
  facet normal 0 0 1
    outer loop
      vertex 180 158 0.9
      vertex 180.924 158.383 0.9
      vertex 180.707 158.707 0.9
    endloop
  endfacet
  facet normal 0 0 1
    outer loop
      vertex 180 158 0.9
      vertex 180.707 158.707 0.9
      vertex 180.383 158.924 0.9
    endloop
  endfacet
  facet normal 0 0 1
    outer loop
      vertex 180 158 0.9
      vertex 180.383 158.924 0.9
      vertex 180 159 0.9
    endloop
  endfacet
  facet normal 0 0 1
    outer loop
      vertex 181 134.76 0.9
      vertex 180 158 0.9
      vertex 180 134.76 0.9
    endloop
  endfacet
  facet normal 0 0 1
    outer loop
      vertex 180.924 134.377 0.9
      vertex 180 134.76 0.9
      vertex 180.707 134.053 0.9
    endloop
  endfacet
  facet normal 0 0 1
    outer loop
      vertex 180 134.76 0.9
      vertex 168.653 121.988 0.9
      vertex 180.707 134.053 0.9
    endloop
  endfacet
  facet normal -0 0 1
    outer loop
      vertex 167.945 122.695 0.9
      vertex 168.653 121.988 0.9
      vertex 180 134.76 0.9
    endloop
  endfacet
  facet normal 0 0 1
    outer loop
      vertex 168.653 121.988 0.9
      vertex 167.945 122.695 0.9
      vertex 168.328 121.772 0.9
    endloop
  endfacet
  facet normal 0 0 1
    outer loop
      vertex 167.945 122.695 0.9
      vertex 167.945 121.695 0.9
      vertex 168.328 121.772 0.9
    endloop
  endfacet
  facet normal -0 0 1
    outer loop
      vertex 112.065 122.695 0.9
      vertex 167.945 121.695 0.9
      vertex 167.945 122.695 0.9
    endloop
  endfacet
  facet normal 0 0 1
    outer loop
      vertex 112.065 122.695 0.9
      vertex 112.065 121.695 0.9
      vertex 167.945 121.695 0.9
    endloop
  endfacet
  facet normal 0 0 1
    outer loop
      vertex 112.065 122.695 0.9
      vertex 111.683 121.771 0.9
      vertex 112.065 121.695 0.9
    endloop
  endfacet
  facet normal 0 0 1
    outer loop
      vertex 112.065 122.695 0.9
      vertex 111.358 121.988 0.9
      vertex 111.683 121.771 0.9
    endloop
  endfacet
  facet normal 0 0 1
    outer loop
      vertex 100 134.76 0.9
      vertex 111.358 121.988 0.9
      vertex 112.065 122.695 0.9
    endloop
  endfacet
  facet normal 0 0 1
    outer loop
      vertex 100 134.76 0.9
      vertex 99.2929 134.053 0.9
      vertex 111.358 121.988 0.9
    endloop
  endfacet
  facet normal 0 0 1
    outer loop
      vertex 100 158 0.9
      vertex 99.2929 134.053 0.9
      vertex 100 134.76 0.9
    endloop
  endfacet
  facet normal -0 0 1
    outer loop
      vertex 99.0761 158.383 0.9
      vertex 100 158 0.9
      vertex 99.2929 158.707 0.9
    endloop
  endfacet
  facet normal 0 0 1
    outer loop
      vertex 100 158 0.9
      vertex 99 134.76 0.9
      vertex 99.2929 134.053 0.9
    endloop
  endfacet
  facet normal 0 0 1
    outer loop
      vertex 100 158 0.9
      vertex 99.0761 158.383 0.9
      vertex 99 158 0.9
    endloop
  endfacet
  facet normal 0 0 1
    outer loop
      vertex 100 158 0.9
      vertex 99 158 0.9
      vertex 99 134.76 0.9
    endloop
  endfacet
  facet normal 0 0 1
    outer loop
      vertex 99.2929 134.053 0.9
      vertex 99 134.76 0.9
      vertex 99.0761 134.377 0.9
    endloop
  endfacet
  facet normal -0 0 1
    outer loop
      vertex 100 159 0.9
      vertex 110 158 0.9
      vertex 110 159 0.9
    endloop
  endfacet
  facet normal 0 0 1
    outer loop
      vertex 100 159 0.9
      vertex 100 158 0.9
      vertex 110 158 0.9
    endloop
  endfacet
  facet normal -0 0 1
    outer loop
      vertex 99.6173 158.924 0.9
      vertex 100 158 0.9
      vertex 100 159 0.9
    endloop
  endfacet
  facet normal -0 0 1
    outer loop
      vertex 99.2929 158.707 0.9
      vertex 100 158 0.9
      vertex 99.6173 158.924 0.9
    endloop
  endfacet
  facet normal 0.556474 0.830865 -0
    outer loop
      vertex 110.707 158.707 0
      vertex 110.383 158.924 0.9
      vertex 110.707 158.707 0.9
    endloop
  endfacet
  facet normal 0.556474 0.830865 0
    outer loop
      vertex 110.383 158.924 0.9
      vertex 110.707 158.707 0
      vertex 110.383 158.924 0
    endloop
  endfacet
  facet normal 0.830865 0.556474 0
    outer loop
      vertex 110.924 158.383 0.9
      vertex 110.707 158.707 0
      vertex 110.707 158.707 0.9
    endloop
  endfacet
  facet normal 0.830865 0.556474 0
    outer loop
      vertex 110.707 158.707 0
      vertex 110.924 158.383 0.9
      vertex 110.924 158.383 0
    endloop
  endfacet
  facet normal 0.980875 0.194638 0
    outer loop
      vertex 111 158 0.9
      vertex 110.924 158.383 0
      vertex 110.924 158.383 0.9
    endloop
  endfacet
  facet normal 0.980875 0.194638 0
    outer loop
      vertex 110.924 158.383 0
      vertex 111 158 0.9
      vertex 111 158 0
    endloop
  endfacet
  facet normal 1 -0 0
    outer loop
      vertex 111 151 0.9
      vertex 111 158 0
      vertex 111 158 0.9
    endloop
  endfacet
  facet normal 1 0 0
    outer loop
      vertex 111 158 0
      vertex 111 151 0.9
      vertex 111 151 0
    endloop
  endfacet
  facet normal 0 1 -0
    outer loop
      vertex 169 151 0
      vertex 111 151 0.9
      vertex 169 151 0.9
    endloop
  endfacet
  facet normal 0 1 0
    outer loop
      vertex 111 151 0.9
      vertex 169 151 0
      vertex 111 151 0
    endloop
  endfacet
  facet normal -1 0 0
    outer loop
      vertex 169 151 0
      vertex 169 158 0.9
      vertex 169 158 0
    endloop
  endfacet
  facet normal -1 -0 0
    outer loop
      vertex 169 158 0.9
      vertex 169 151 0
      vertex 169 151 0.9
    endloop
  endfacet
  facet normal -0.980875 0.194638 0
    outer loop
      vertex 169 158 0
      vertex 169.076 158.383 0.9
      vertex 169.076 158.383 0
    endloop
  endfacet
  facet normal -0.980875 0.194638 0
    outer loop
      vertex 169.076 158.383 0.9
      vertex 169 158 0
      vertex 169 158 0.9
    endloop
  endfacet
  facet normal -0.830865 0.556474 0
    outer loop
      vertex 169.076 158.383 0
      vertex 169.293 158.707 0.9
      vertex 169.293 158.707 0
    endloop
  endfacet
  facet normal -0.830865 0.556474 0
    outer loop
      vertex 169.293 158.707 0.9
      vertex 169.076 158.383 0
      vertex 169.076 158.383 0.9
    endloop
  endfacet
  facet normal -0.556474 0.830865 0
    outer loop
      vertex 169.617 158.924 0
      vertex 169.293 158.707 0.9
      vertex 169.617 158.924 0.9
    endloop
  endfacet
  facet normal -0.556474 0.830865 0
    outer loop
      vertex 169.293 158.707 0.9
      vertex 169.617 158.924 0
      vertex 169.293 158.707 0
    endloop
  endfacet
  facet normal -0.194638 0.980875 0
    outer loop
      vertex 170 159 0
      vertex 169.617 158.924 0.9
      vertex 170 159 0.9
    endloop
  endfacet
  facet normal -0.194638 0.980875 0
    outer loop
      vertex 169.617 158.924 0.9
      vertex 170 159 0
      vertex 169.617 158.924 0
    endloop
  endfacet
  facet normal 0 1 -0
    outer loop
      vertex 180 159 0
      vertex 170 159 0.9
      vertex 180 159 0.9
    endloop
  endfacet
  facet normal 0 1 0
    outer loop
      vertex 170 159 0.9
      vertex 180 159 0
      vertex 170 159 0
    endloop
  endfacet
  facet normal 0.194638 0.980875 -0
    outer loop
      vertex 180.383 158.924 0
      vertex 180 159 0.9
      vertex 180.383 158.924 0.9
    endloop
  endfacet
  facet normal 0.194638 0.980875 0
    outer loop
      vertex 180 159 0.9
      vertex 180.383 158.924 0
      vertex 180 159 0
    endloop
  endfacet
  facet normal 0.556474 0.830865 -0
    outer loop
      vertex 180.707 158.707 0
      vertex 180.383 158.924 0.9
      vertex 180.707 158.707 0.9
    endloop
  endfacet
  facet normal 0.556474 0.830865 0
    outer loop
      vertex 180.383 158.924 0.9
      vertex 180.707 158.707 0
      vertex 180.383 158.924 0
    endloop
  endfacet
  facet normal 0.830865 0.556474 0
    outer loop
      vertex 180.924 158.383 0.9
      vertex 180.707 158.707 0
      vertex 180.707 158.707 0.9
    endloop
  endfacet
  facet normal 0.830865 0.556474 0
    outer loop
      vertex 180.707 158.707 0
      vertex 180.924 158.383 0.9
      vertex 180.924 158.383 0
    endloop
  endfacet
  facet normal 0.980875 0.194638 0
    outer loop
      vertex 181 158 0.9
      vertex 180.924 158.383 0
      vertex 180.924 158.383 0.9
    endloop
  endfacet
  facet normal 0.980875 0.194638 0
    outer loop
      vertex 180.924 158.383 0
      vertex 181 158 0.9
      vertex 181 158 0
    endloop
  endfacet
  facet normal 1 -0 0
    outer loop
      vertex 181 134.76 0.9
      vertex 181 158 0
      vertex 181 158 0.9
    endloop
  endfacet
  facet normal 1 0 0
    outer loop
      vertex 181 158 0
      vertex 181 134.76 0.9
      vertex 181 134.76 0
    endloop
  endfacet
  facet normal 0.980875 -0.194638 0
    outer loop
      vertex 180.924 134.377 0.9
      vertex 181 134.76 0
      vertex 181 134.76 0.9
    endloop
  endfacet
  facet normal 0.980875 -0.194638 0
    outer loop
      vertex 181 134.76 0
      vertex 180.924 134.377 0.9
      vertex 180.924 134.377 0
    endloop
  endfacet
  facet normal 0.830865 -0.556474 0
    outer loop
      vertex 180.707 134.053 0.9
      vertex 180.924 134.377 0
      vertex 180.924 134.377 0.9
    endloop
  endfacet
  facet normal 0.830865 -0.556474 0
    outer loop
      vertex 180.924 134.377 0
      vertex 180.707 134.053 0.9
      vertex 180.707 134.053 0
    endloop
  endfacet
  facet normal 0.707429 -0.706784 0
    outer loop
      vertex 168.653 121.988 0.9
      vertex 180.707 134.053 0
      vertex 180.707 134.053 0.9
    endloop
  endfacet
  facet normal 0.707429 -0.706784 0
    outer loop
      vertex 180.707 134.053 0
      vertex 168.653 121.988 0.9
      vertex 168.653 121.988 0
    endloop
  endfacet
  facet normal 0.553517 -0.832838 0
    outer loop
      vertex 168.328 121.772 0
      vertex 168.653 121.988 0.9
      vertex 168.328 121.772 0.9
    endloop
  endfacet
  facet normal 0.553517 -0.832838 0
    outer loop
      vertex 168.653 121.988 0.9
      vertex 168.328 121.772 0
      vertex 168.653 121.988 0
    endloop
  endfacet
  facet normal 0.197101 -0.980383 0
    outer loop
      vertex 167.945 121.695 0
      vertex 168.328 121.772 0.9
      vertex 167.945 121.695 0.9
    endloop
  endfacet
  facet normal 0.197101 -0.980383 0
    outer loop
      vertex 168.328 121.772 0.9
      vertex 167.945 121.695 0
      vertex 168.328 121.772 0
    endloop
  endfacet
  facet normal 0 -1 0
    outer loop
      vertex 112.065 121.695 0
      vertex 167.945 121.695 0.9
      vertex 112.065 121.695 0.9
    endloop
  endfacet
  facet normal 0 -1 -0
    outer loop
      vertex 167.945 121.695 0.9
      vertex 112.065 121.695 0
      vertex 167.945 121.695 0
    endloop
  endfacet
  facet normal -0.195129 -0.980778 0
    outer loop
      vertex 111.683 121.771 0
      vertex 112.065 121.695 0.9
      vertex 111.683 121.771 0.9
    endloop
  endfacet
  facet normal -0.195129 -0.980778 -0
    outer loop
      vertex 112.065 121.695 0.9
      vertex 111.683 121.771 0
      vertex 112.065 121.695 0
    endloop
  endfacet
  facet normal -0.555291 -0.831656 0
    outer loop
      vertex 111.358 121.988 0
      vertex 111.683 121.771 0.9
      vertex 111.358 121.988 0.9
    endloop
  endfacet
  facet normal -0.555291 -0.831656 -0
    outer loop
      vertex 111.683 121.771 0.9
      vertex 111.358 121.988 0
      vertex 111.683 121.771 0
    endloop
  endfacet
  facet normal -0.707104 -0.70711 0
    outer loop
      vertex 99.2929 134.053 0
      vertex 111.358 121.988 0.9
      vertex 99.2929 134.053 0.9
    endloop
  endfacet
  facet normal -0.707104 -0.70711 -0
    outer loop
      vertex 111.358 121.988 0.9
      vertex 99.2929 134.053 0
      vertex 111.358 121.988 0
    endloop
  endfacet
  facet normal -0.831102 -0.55612 0
    outer loop
      vertex 99.2929 134.053 0
      vertex 99.0761 134.377 0.9
      vertex 99.0761 134.377 0
    endloop
  endfacet
  facet normal -0.831102 -0.55612 0
    outer loop
      vertex 99.0761 134.377 0.9
      vertex 99.2929 134.053 0
      vertex 99.2929 134.053 0.9
    endloop
  endfacet
  facet normal -0.980826 -0.194885 0
    outer loop
      vertex 99.0761 134.377 0
      vertex 99 134.76 0.9
      vertex 99 134.76 0
    endloop
  endfacet
  facet normal -0.980826 -0.194885 0
    outer loop
      vertex 99 134.76 0.9
      vertex 99.0761 134.377 0
      vertex 99.0761 134.377 0.9
    endloop
  endfacet
  facet normal -1 0 0
    outer loop
      vertex 99 134.76 0
      vertex 99 158 0.9
      vertex 99 158 0
    endloop
  endfacet
  facet normal -1 -0 0
    outer loop
      vertex 99 158 0.9
      vertex 99 134.76 0
      vertex 99 134.76 0.9
    endloop
  endfacet
  facet normal -0.980826 0.194885 0
    outer loop
      vertex 99 158 0
      vertex 99.0761 158.383 0.9
      vertex 99.0761 158.383 0
    endloop
  endfacet
  facet normal -0.980826 0.194885 0
    outer loop
      vertex 99.0761 158.383 0.9
      vertex 99 158 0
      vertex 99 158 0.9
    endloop
  endfacet
  facet normal -0.831102 0.55612 0
    outer loop
      vertex 99.0761 158.383 0
      vertex 99.2929 158.707 0.9
      vertex 99.2929 158.707 0
    endloop
  endfacet
  facet normal -0.831102 0.55612 0
    outer loop
      vertex 99.2929 158.707 0.9
      vertex 99.0761 158.383 0
      vertex 99.0761 158.383 0.9
    endloop
  endfacet
  facet normal -0.556 0.831182 0
    outer loop
      vertex 99.6173 158.924 0
      vertex 99.2929 158.707 0.9
      vertex 99.6173 158.924 0.9
    endloop
  endfacet
  facet normal -0.556 0.831182 0
    outer loop
      vertex 99.2929 158.707 0.9
      vertex 99.6173 158.924 0
      vertex 99.2929 158.707 0
    endloop
  endfacet
  facet normal -0.194785 0.980846 0
    outer loop
      vertex 100 159 0
      vertex 99.6173 158.924 0.9
      vertex 100 159 0.9
    endloop
  endfacet
  facet normal -0.194785 0.980846 0
    outer loop
      vertex 99.6173 158.924 0.9
      vertex 100 159 0
      vertex 99.6173 158.924 0
    endloop
  endfacet
  facet normal 0 1 -0
    outer loop
      vertex 110 159 0
      vertex 100 159 0.9
      vertex 110 159 0.9
    endloop
  endfacet
  facet normal 0 1 0
    outer loop
      vertex 100 159 0.9
      vertex 110 159 0
      vertex 100 159 0
    endloop
  endfacet
  facet normal 0.194638 0.980875 -0
    outer loop
      vertex 110.383 158.924 0
      vertex 110 159 0.9
      vertex 110.383 158.924 0.9
    endloop
  endfacet
  facet normal 0.194638 0.980875 0
    outer loop
      vertex 110 159 0.9
      vertex 110.383 158.924 0
      vertex 110 159 0
    endloop
  endfacet
  facet normal 0 0 1
    outer loop
      vertex 110 158 0.2
      vertex 100 158 0.2
      vertex 110 150 0.2
    endloop
  endfacet
  facet normal 0 0 1
    outer loop
      vertex 124.35 145.51 0.2
      vertex 122.202 145.849 0.2
      vertex 124.369 145.414 0.2
    endloop
  endfacet
  facet normal 0 0 1
    outer loop
      vertex 124.369 145.414 0.2
      vertex 122.256 144.07 0.2
      vertex 122.275 143.975 0.2
    endloop
  endfacet
  facet normal 0 0 1
    outer loop
      vertex 122.202 144.151 0.2
      vertex 124.369 145.414 0.2
      vertex 122.202 145.849 0.2
    endloop
  endfacet
  facet normal 0 0 1
    outer loop
      vertex 124.369 145.414 0.2
      vertex 122.202 144.151 0.2
      vertex 122.256 144.07 0.2
    endloop
  endfacet
  facet normal -0 0 1
    outer loop
      vertex 122.121 145.794 0.2
      vertex 122.202 144.151 0.2
      vertex 122.202 145.849 0.2
    endloop
  endfacet
  facet normal 0 0 1
    outer loop
      vertex 122.121 145.794 0.2
      vertex 122.121 144.206 0.2
      vertex 122.202 144.151 0.2
    endloop
  endfacet
  facet normal -0 0 1
    outer loop
      vertex 122.025 145.775 0.2
      vertex 122.121 144.206 0.2
      vertex 122.121 145.794 0.2
    endloop
  endfacet
  facet normal 0 0 1
    outer loop
      vertex 122.025 145.775 0.2
      vertex 122.025 144.225 0.2
      vertex 122.121 144.206 0.2
    endloop
  endfacet
  facet normal -0 0 1
    outer loop
      vertex 120.775 145.775 0.2
      vertex 122.025 144.225 0.2
      vertex 122.025 145.775 0.2
    endloop
  endfacet
  facet normal 0 0 1
    outer loop
      vertex 120.775 145.775 0.2
      vertex 120.775 144.225 0.2
      vertex 122.025 144.225 0.2
    endloop
  endfacet
  facet normal 0 0 1
    outer loop
      vertex 120.68 145.794 0.2
      vertex 120.775 144.225 0.2
      vertex 120.775 145.775 0.2
    endloop
  endfacet
  facet normal 0 0 1
    outer loop
      vertex 120.68 145.794 0.2
      vertex 120.68 144.206 0.2
      vertex 120.775 144.225 0.2
    endloop
  endfacet
  facet normal 0 0 1
    outer loop
      vertex 120.599 145.849 0.2
      vertex 120.68 144.206 0.2
      vertex 120.68 145.794 0.2
    endloop
  endfacet
  facet normal 0 0 1
    outer loop
      vertex 120.599 145.849 0.2
      vertex 120.599 144.151 0.2
      vertex 120.68 144.206 0.2
    endloop
  endfacet
  facet normal 0 0 1
    outer loop
      vertex 120.544 145.93 0.2
      vertex 120.599 144.151 0.2
      vertex 120.599 145.849 0.2
    endloop
  endfacet
  facet normal 0 0 1
    outer loop
      vertex 120.544 145.93 0.2
      vertex 120.544 144.07 0.2
      vertex 120.599 144.151 0.2
    endloop
  endfacet
  facet normal 0 0 1
    outer loop
      vertex 120.525 146.025 0.2
      vertex 120.544 144.07 0.2
      vertex 120.544 145.93 0.2
    endloop
  endfacet
  facet normal 0 0 1
    outer loop
      vertex 120.544 144.07 0.2
      vertex 120.525 146.025 0.2
      vertex 120.525 143.975 0.2
    endloop
  endfacet
  facet normal -0 0 1
    outer loop
      vertex 125.731 145.414 0.2
      vertex 125.75 144.21 0.2
      vertex 125.75 145.51 0.2
    endloop
  endfacet
  facet normal 0 0 1
    outer loop
      vertex 125.731 145.414 0.2
      vertex 125.731 144.306 0.2
      vertex 125.75 144.21 0.2
    endloop
  endfacet
  facet normal -0 0 1
    outer loop
      vertex 125.677 145.333 0.2
      vertex 125.731 144.306 0.2
      vertex 125.731 145.414 0.2
    endloop
  endfacet
  facet normal 0 0 1
    outer loop
      vertex 125.677 145.333 0.2
      vertex 125.677 144.387 0.2
      vertex 125.731 144.306 0.2
    endloop
  endfacet
  facet normal -0 0 1
    outer loop
      vertex 125.596 145.279 0.2
      vertex 125.677 144.387 0.2
      vertex 125.677 145.333 0.2
    endloop
  endfacet
  facet normal 0 0 1
    outer loop
      vertex 125.596 145.279 0.2
      vertex 125.596 144.441 0.2
      vertex 125.677 144.387 0.2
    endloop
  endfacet
  facet normal -0 0 1
    outer loop
      vertex 125.5 145.26 0.2
      vertex 125.596 144.441 0.2
      vertex 125.596 145.279 0.2
    endloop
  endfacet
  facet normal 0 0 1
    outer loop
      vertex 125.5 145.26 0.2
      vertex 125.5 144.46 0.2
      vertex 125.596 144.441 0.2
    endloop
  endfacet
  facet normal -0 0 1
    outer loop
      vertex 124.6 145.26 0.2
      vertex 125.5 144.46 0.2
      vertex 125.5 145.26 0.2
    endloop
  endfacet
  facet normal 0 0 1
    outer loop
      vertex 124.6 145.26 0.2
      vertex 124.6 144.46 0.2
      vertex 125.5 144.46 0.2
    endloop
  endfacet
  facet normal 0 0 1
    outer loop
      vertex 124.504 145.279 0.2
      vertex 124.6 144.46 0.2
      vertex 124.6 145.26 0.2
    endloop
  endfacet
  facet normal 0 0 1
    outer loop
      vertex 124.504 145.279 0.2
      vertex 124.504 144.441 0.2
      vertex 124.6 144.46 0.2
    endloop
  endfacet
  facet normal 0 0 1
    outer loop
      vertex 124.423 145.333 0.2
      vertex 124.504 144.441 0.2
      vertex 124.504 145.279 0.2
    endloop
  endfacet
  facet normal 0 0 1
    outer loop
      vertex 124.423 145.333 0.2
      vertex 124.423 144.387 0.2
      vertex 124.504 144.441 0.2
    endloop
  endfacet
  facet normal 0 0 1
    outer loop
      vertex 124.369 145.414 0.2
      vertex 124.423 144.387 0.2
      vertex 124.423 145.333 0.2
    endloop
  endfacet
  facet normal 0 0 1
    outer loop
      vertex 124.369 145.414 0.2
      vertex 124.369 144.306 0.2
      vertex 124.423 144.387 0.2
    endloop
  endfacet
  facet normal -0 0 1
    outer loop
      vertex 122.256 145.93 0.2
      vertex 124.35 145.51 0.2
      vertex 122.275 146.025 0.2
    endloop
  endfacet
  facet normal 0 0 1
    outer loop
      vertex 124.369 145.414 0.2
      vertex 122.275 143.975 0.2
      vertex 124.369 144.306 0.2
    endloop
  endfacet
  facet normal 0 0 1
    outer loop
      vertex 128.748 140.523 0.2
      vertex 127.727 140.474 0.2
      vertex 128.748 139.477 0.2
    endloop
  endfacet
  facet normal 0 0 1
    outer loop
      vertex 128.748 139.477 0.2
      vertex 127.781 139.445 0.2
      vertex 127.8 139.35 0.2
    endloop
  endfacet
  facet normal -0 0 1
    outer loop
      vertex 127.727 139.526 0.2
      vertex 128.748 139.477 0.2
      vertex 127.727 140.474 0.2
    endloop
  endfacet
  facet normal 0 0 1
    outer loop
      vertex 128.748 139.477 0.2
      vertex 127.727 139.526 0.2
      vertex 127.781 139.445 0.2
    endloop
  endfacet
  facet normal -0 0 1
    outer loop
      vertex 127.646 140.419 0.2
      vertex 127.727 139.526 0.2
      vertex 127.727 140.474 0.2
    endloop
  endfacet
  facet normal 0 0 1
    outer loop
      vertex 127.646 140.419 0.2
      vertex 127.646 139.581 0.2
      vertex 127.727 139.526 0.2
    endloop
  endfacet
  facet normal -0 0 1
    outer loop
      vertex 127.55 140.4 0.2
      vertex 127.646 139.581 0.2
      vertex 127.646 140.419 0.2
    endloop
  endfacet
  facet normal 0 0 1
    outer loop
      vertex 127.55 140.4 0.2
      vertex 127.55 139.6 0.2
      vertex 127.646 139.581 0.2
    endloop
  endfacet
  facet normal -0 0 1
    outer loop
      vertex 126.65 140.4 0.2
      vertex 127.55 139.6 0.2
      vertex 127.55 140.4 0.2
    endloop
  endfacet
  facet normal 0 0 1
    outer loop
      vertex 126.65 140.4 0.2
      vertex 126.65 139.6 0.2
      vertex 127.55 139.6 0.2
    endloop
  endfacet
  facet normal 0 0 1
    outer loop
      vertex 126.555 140.419 0.2
      vertex 126.65 139.6 0.2
      vertex 126.65 140.4 0.2
    endloop
  endfacet
  facet normal 0 0 1
    outer loop
      vertex 126.555 140.419 0.2
      vertex 126.555 139.581 0.2
      vertex 126.65 139.6 0.2
    endloop
  endfacet
  facet normal 0 0 1
    outer loop
      vertex 126.474 140.474 0.2
      vertex 126.555 139.581 0.2
      vertex 126.555 140.419 0.2
    endloop
  endfacet
  facet normal 0 0 1
    outer loop
      vertex 126.474 140.474 0.2
      vertex 126.474 139.526 0.2
      vertex 126.555 139.581 0.2
    endloop
  endfacet
  facet normal 0 0 1
    outer loop
      vertex 126.419 140.555 0.2
      vertex 126.474 139.526 0.2
      vertex 126.474 140.474 0.2
    endloop
  endfacet
  facet normal 0 0 1
    outer loop
      vertex 126.419 140.555 0.2
      vertex 126.419 139.445 0.2
      vertex 126.474 139.526 0.2
    endloop
  endfacet
  facet normal 0 0 1
    outer loop
      vertex 126.4 140.65 0.2
      vertex 126.419 139.445 0.2
      vertex 126.419 140.555 0.2
    endloop
  endfacet
  facet normal 0 0 1
    outer loop
      vertex 126.419 139.445 0.2
      vertex 126.4 140.65 0.2
      vertex 126.4 139.35 0.2
    endloop
  endfacet
  facet normal 0 0 1
    outer loop
      vertex 131.148 140.523 0.2
      vertex 130.052 140.523 0.2
      vertex 131.148 139.477 0.2
    endloop
  endfacet
  facet normal 0 0 1
    outer loop
      vertex 131.148 139.477 0.2
      vertex 130.106 139.396 0.2
      vertex 130.125 139.3 0.2
    endloop
  endfacet
  facet normal 0 0 1
    outer loop
      vertex 130.052 139.477 0.2
      vertex 131.148 139.477 0.2
      vertex 130.052 140.523 0.2
    endloop
  endfacet
  facet normal 0 0 1
    outer loop
      vertex 131.148 139.477 0.2
      vertex 130.052 139.477 0.2
      vertex 130.106 139.396 0.2
    endloop
  endfacet
  facet normal -0 0 1
    outer loop
      vertex 129.971 140.469 0.2
      vertex 130.052 139.477 0.2
      vertex 130.052 140.523 0.2
    endloop
  endfacet
  facet normal 0 0 1
    outer loop
      vertex 129.971 140.469 0.2
      vertex 129.971 139.531 0.2
      vertex 130.052 139.477 0.2
    endloop
  endfacet
  facet normal -0 0 1
    outer loop
      vertex 129.875 140.45 0.2
      vertex 129.971 139.531 0.2
      vertex 129.971 140.469 0.2
    endloop
  endfacet
  facet normal 0 0 1
    outer loop
      vertex 129.875 140.45 0.2
      vertex 129.875 139.55 0.2
      vertex 129.971 139.531 0.2
    endloop
  endfacet
  facet normal -0 0 1
    outer loop
      vertex 128.925 140.45 0.2
      vertex 129.875 139.55 0.2
      vertex 129.875 140.45 0.2
    endloop
  endfacet
  facet normal 0 0 1
    outer loop
      vertex 128.925 140.45 0.2
      vertex 128.925 139.55 0.2
      vertex 129.875 139.55 0.2
    endloop
  endfacet
  facet normal 0 0 1
    outer loop
      vertex 128.829 140.469 0.2
      vertex 128.925 139.55 0.2
      vertex 128.925 140.45 0.2
    endloop
  endfacet
  facet normal 0 0 1
    outer loop
      vertex 128.829 140.469 0.2
      vertex 128.829 139.531 0.2
      vertex 128.925 139.55 0.2
    endloop
  endfacet
  facet normal 0 0 1
    outer loop
      vertex 128.748 140.523 0.2
      vertex 128.829 139.531 0.2
      vertex 128.829 140.469 0.2
    endloop
  endfacet
  facet normal 0 0 1
    outer loop
      vertex 128.748 140.523 0.2
      vertex 128.748 139.477 0.2
      vertex 128.829 139.531 0.2
    endloop
  endfacet
  facet normal 0 0 1
    outer loop
      vertex 127.781 140.555 0.2
      vertex 128.694 140.604 0.2
      vertex 127.8 140.65 0.2
    endloop
  endfacet
  facet normal 0 0 1
    outer loop
      vertex 128.694 140.604 0.2
      vertex 127.781 140.555 0.2
      vertex 128.748 140.523 0.2
    endloop
  endfacet
  facet normal -0 0 1
    outer loop
      vertex 127.8 140.65 0.2
      vertex 128.694 140.604 0.2
      vertex 128.675 140.7 0.2
    endloop
  endfacet
  facet normal 0 0 1
    outer loop
      vertex 127.727 140.474 0.2
      vertex 128.748 140.523 0.2
      vertex 127.781 140.555 0.2
    endloop
  endfacet
  facet normal 0 0 1
    outer loop
      vertex 133.373 140.474 0.2
      vertex 132.452 140.523 0.2
      vertex 133.373 139.526 0.2
    endloop
  endfacet
  facet normal 0 0 1
    outer loop
      vertex 133.373 139.526 0.2
      vertex 132.506 139.396 0.2
      vertex 132.525 139.3 0.2
    endloop
  endfacet
  facet normal 0 0 1
    outer loop
      vertex 132.452 139.477 0.2
      vertex 133.373 139.526 0.2
      vertex 132.452 140.523 0.2
    endloop
  endfacet
  facet normal 0 0 1
    outer loop
      vertex 133.373 139.526 0.2
      vertex 132.452 139.477 0.2
      vertex 132.506 139.396 0.2
    endloop
  endfacet
  facet normal -0 0 1
    outer loop
      vertex 132.371 140.469 0.2
      vertex 132.452 139.477 0.2
      vertex 132.452 140.523 0.2
    endloop
  endfacet
  facet normal 0 0 1
    outer loop
      vertex 132.371 140.469 0.2
      vertex 132.371 139.531 0.2
      vertex 132.452 139.477 0.2
    endloop
  endfacet
  facet normal -0 0 1
    outer loop
      vertex 132.275 140.45 0.2
      vertex 132.371 139.531 0.2
      vertex 132.371 140.469 0.2
    endloop
  endfacet
  facet normal 0 0 1
    outer loop
      vertex 132.275 140.45 0.2
      vertex 132.275 139.55 0.2
      vertex 132.371 139.531 0.2
    endloop
  endfacet
  facet normal -0 0 1
    outer loop
      vertex 131.325 140.45 0.2
      vertex 132.275 139.55 0.2
      vertex 132.275 140.45 0.2
    endloop
  endfacet
  facet normal 0 0 1
    outer loop
      vertex 131.325 140.45 0.2
      vertex 131.325 139.55 0.2
      vertex 132.275 139.55 0.2
    endloop
  endfacet
  facet normal 0 0 1
    outer loop
      vertex 131.229 140.469 0.2
      vertex 131.325 139.55 0.2
      vertex 131.325 140.45 0.2
    endloop
  endfacet
  facet normal 0 0 1
    outer loop
      vertex 131.229 140.469 0.2
      vertex 131.229 139.531 0.2
      vertex 131.325 139.55 0.2
    endloop
  endfacet
  facet normal 0 0 1
    outer loop
      vertex 131.148 140.523 0.2
      vertex 131.229 139.531 0.2
      vertex 131.229 140.469 0.2
    endloop
  endfacet
  facet normal 0 0 1
    outer loop
      vertex 131.148 140.523 0.2
      vertex 131.148 139.477 0.2
      vertex 131.229 139.531 0.2
    endloop
  endfacet
  facet normal 0 0 1
    outer loop
      vertex 130.106 140.604 0.2
      vertex 131.094 140.604 0.2
      vertex 130.125 140.7 0.2
    endloop
  endfacet
  facet normal 0 0 1
    outer loop
      vertex 131.094 140.604 0.2
      vertex 130.106 140.604 0.2
      vertex 131.148 140.523 0.2
    endloop
  endfacet
  facet normal -0 0 1
    outer loop
      vertex 130.125 140.7 0.2
      vertex 131.094 140.604 0.2
      vertex 131.075 140.7 0.2
    endloop
  endfacet
  facet normal 0 0 1
    outer loop
      vertex 130.052 140.523 0.2
      vertex 131.148 140.523 0.2
      vertex 130.106 140.604 0.2
    endloop
  endfacet
  facet normal 0 0 1
    outer loop
      vertex 135.623 140.474 0.2
      vertex 134.627 140.474 0.2
      vertex 135.623 139.526 0.2
    endloop
  endfacet
  facet normal 0 0 1
    outer loop
      vertex 135.623 139.526 0.2
      vertex 134.681 139.445 0.2
      vertex 134.7 139.35 0.2
    endloop
  endfacet
  facet normal 0 0 1
    outer loop
      vertex 134.627 139.526 0.2
      vertex 135.623 139.526 0.2
      vertex 134.627 140.474 0.2
    endloop
  endfacet
  facet normal 0 0 1
    outer loop
      vertex 135.623 139.526 0.2
      vertex 134.627 139.526 0.2
      vertex 134.681 139.445 0.2
    endloop
  endfacet
  facet normal -0 0 1
    outer loop
      vertex 134.546 140.419 0.2
      vertex 134.627 139.526 0.2
      vertex 134.627 140.474 0.2
    endloop
  endfacet
  facet normal 0 0 1
    outer loop
      vertex 134.546 140.419 0.2
      vertex 134.546 139.581 0.2
      vertex 134.627 139.526 0.2
    endloop
  endfacet
  facet normal -0 0 1
    outer loop
      vertex 134.45 140.4 0.2
      vertex 134.546 139.581 0.2
      vertex 134.546 140.419 0.2
    endloop
  endfacet
  facet normal 0 0 1
    outer loop
      vertex 134.45 140.4 0.2
      vertex 134.45 139.6 0.2
      vertex 134.546 139.581 0.2
    endloop
  endfacet
  facet normal -0 0 1
    outer loop
      vertex 133.55 140.4 0.2
      vertex 134.45 139.6 0.2
      vertex 134.45 140.4 0.2
    endloop
  endfacet
  facet normal 0 0 1
    outer loop
      vertex 133.55 140.4 0.2
      vertex 133.55 139.6 0.2
      vertex 134.45 139.6 0.2
    endloop
  endfacet
  facet normal 0 0 1
    outer loop
      vertex 133.454 140.419 0.2
      vertex 133.55 139.6 0.2
      vertex 133.55 140.4 0.2
    endloop
  endfacet
  facet normal 0 0 1
    outer loop
      vertex 133.454 140.419 0.2
      vertex 133.454 139.581 0.2
      vertex 133.55 139.6 0.2
    endloop
  endfacet
  facet normal 0 0 1
    outer loop
      vertex 133.373 140.474 0.2
      vertex 133.454 139.581 0.2
      vertex 133.454 140.419 0.2
    endloop
  endfacet
  facet normal 0 0 1
    outer loop
      vertex 133.373 140.474 0.2
      vertex 133.373 139.526 0.2
      vertex 133.454 139.581 0.2
    endloop
  endfacet
  facet normal 0 0 1
    outer loop
      vertex 133.3 140.65 0.2
      vertex 132.506 140.604 0.2
      vertex 133.319 140.555 0.2
    endloop
  endfacet
  facet normal 0 0 1
    outer loop
      vertex 132.452 140.523 0.2
      vertex 133.319 140.555 0.2
      vertex 132.506 140.604 0.2
    endloop
  endfacet
  facet normal 0 0 1
    outer loop
      vertex 132.506 140.604 0.2
      vertex 133.3 140.65 0.2
      vertex 132.525 140.7 0.2
    endloop
  endfacet
  facet normal 0 0 1
    outer loop
      vertex 133.319 140.555 0.2
      vertex 132.452 140.523 0.2
      vertex 133.373 140.474 0.2
    endloop
  endfacet
  facet normal -0 0 1
    outer loop
      vertex 136.35 133.95 0.2
      vertex 136.823 132.835 0.2
      vertex 136.427 133.965 0.2
    endloop
  endfacet
  facet normal 0 0 1
    outer loop
      vertex 136.823 132.835 0.2
      vertex 136.35 133.95 0.2
      vertex 136.759 132.791 0.2
    endloop
  endfacet
  facet normal -0 0 1
    outer loop
      vertex 135.95 133.95 0.2
      vertex 136.759 132.791 0.2
      vertex 136.35 133.95 0.2
    endloop
  endfacet
  facet normal 0 0 1
    outer loop
      vertex 136.7 132.65 0.2
      vertex 136.526 129.935 0.2
      vertex 136.592 129.892 0.2
    endloop
  endfacet
  facet normal 0 0 1
    outer loop
      vertex 136.759 132.791 0.2
      vertex 135.95 133.95 0.2
      vertex 136.715 132.727 0.2
    endloop
  endfacet
  facet normal 0 0 1
    outer loop
      vertex 136.7 132.65 0.2
      vertex 136.45 129.95 0.2
      vertex 136.526 129.935 0.2
    endloop
  endfacet
  facet normal 0 0 1
    outer loop
      vertex 135.873 133.965 0.2
      vertex 136.715 132.727 0.2
      vertex 135.95 133.95 0.2
    endloop
  endfacet
  facet normal 0 0 1
    outer loop
      vertex 136.7 132.65 0.2
      vertex 136.05 129.95 0.2
      vertex 136.45 129.95 0.2
    endloop
  endfacet
  facet normal 0 0 1
    outer loop
      vertex 136.715 132.727 0.2
      vertex 135.873 133.965 0.2
      vertex 136.7 132.65 0.2
    endloop
  endfacet
  facet normal 0 0 1
    outer loop
      vertex 136.7 132.65 0.2
      vertex 135.974 129.935 0.2
      vertex 136.05 129.95 0.2
    endloop
  endfacet
  facet normal 0 0 1
    outer loop
      vertex 135.809 134.009 0.2
      vertex 136.7 132.65 0.2
      vertex 135.873 133.965 0.2
    endloop
  endfacet
  facet normal 0 0 1
    outer loop
      vertex 136.7 132.65 0.2
      vertex 135.908 129.892 0.2
      vertex 135.974 129.935 0.2
    endloop
  endfacet
  facet normal 0 0 1
    outer loop
      vertex 136.7 132.65 0.2
      vertex 135.809 134.009 0.2
      vertex 135.908 129.892 0.2
    endloop
  endfacet
  facet normal 0 0 1
    outer loop
      vertex 135.908 129.892 0.2
      vertex 135.809 134.009 0.2
      vertex 135.865 129.826 0.2
    endloop
  endfacet
  facet normal 0 0 1
    outer loop
      vertex 129.875 138.375 0.2
      vertex 135.865 129.826 0.2
      vertex 135.766 134.073 0.2
    endloop
  endfacet
  facet normal 0 0 1
    outer loop
      vertex 135.766 134.073 0.2
      vertex 135.865 129.826 0.2
      vertex 135.809 134.009 0.2
    endloop
  endfacet
  facet normal 0 0 1
    outer loop
      vertex 138.224 140.474 0.2
      vertex 136.877 140.474 0.2
      vertex 138.224 139.526 0.2
    endloop
  endfacet
  facet normal 0 0 1
    outer loop
      vertex 138.224 139.526 0.2
      vertex 136.931 139.445 0.2
      vertex 136.95 139.35 0.2
    endloop
  endfacet
  facet normal 0 0 1
    outer loop
      vertex 136.877 139.526 0.2
      vertex 138.224 139.526 0.2
      vertex 136.877 140.474 0.2
    endloop
  endfacet
  facet normal 0 0 1
    outer loop
      vertex 138.224 139.526 0.2
      vertex 136.877 139.526 0.2
      vertex 136.931 139.445 0.2
    endloop
  endfacet
  facet normal -0 0 1
    outer loop
      vertex 136.796 140.419 0.2
      vertex 136.877 139.526 0.2
      vertex 136.877 140.474 0.2
    endloop
  endfacet
  facet normal 0 0 1
    outer loop
      vertex 136.796 140.419 0.2
      vertex 136.796 139.581 0.2
      vertex 136.877 139.526 0.2
    endloop
  endfacet
  facet normal -0 0 1
    outer loop
      vertex 136.7 140.4 0.2
      vertex 136.796 139.581 0.2
      vertex 136.796 140.419 0.2
    endloop
  endfacet
  facet normal 0 0 1
    outer loop
      vertex 136.7 140.4 0.2
      vertex 136.7 139.6 0.2
      vertex 136.796 139.581 0.2
    endloop
  endfacet
  facet normal -0 0 1
    outer loop
      vertex 135.8 140.4 0.2
      vertex 136.7 139.6 0.2
      vertex 136.7 140.4 0.2
    endloop
  endfacet
  facet normal 0 0 1
    outer loop
      vertex 135.8 140.4 0.2
      vertex 135.8 139.6 0.2
      vertex 136.7 139.6 0.2
    endloop
  endfacet
  facet normal 0 0 1
    outer loop
      vertex 135.704 140.419 0.2
      vertex 135.8 139.6 0.2
      vertex 135.8 140.4 0.2
    endloop
  endfacet
  facet normal 0 0 1
    outer loop
      vertex 135.704 140.419 0.2
      vertex 135.704 139.581 0.2
      vertex 135.8 139.6 0.2
    endloop
  endfacet
  facet normal 0 0 1
    outer loop
      vertex 135.623 140.474 0.2
      vertex 135.704 139.581 0.2
      vertex 135.704 140.419 0.2
    endloop
  endfacet
  facet normal 0 0 1
    outer loop
      vertex 135.623 140.474 0.2
      vertex 135.623 139.526 0.2
      vertex 135.704 139.581 0.2
    endloop
  endfacet
  facet normal 0 0 1
    outer loop
      vertex 134.681 140.555 0.2
      vertex 135.569 140.555 0.2
      vertex 134.7 140.65 0.2
    endloop
  endfacet
  facet normal 0 0 1
    outer loop
      vertex 135.569 140.555 0.2
      vertex 134.681 140.555 0.2
      vertex 135.623 140.474 0.2
    endloop
  endfacet
  facet normal -0 0 1
    outer loop
      vertex 134.7 140.65 0.2
      vertex 135.569 140.555 0.2
      vertex 135.55 140.65 0.2
    endloop
  endfacet
  facet normal 0 0 1
    outer loop
      vertex 134.627 140.474 0.2
      vertex 135.623 140.474 0.2
      vertex 134.681 140.555 0.2
    endloop
  endfacet
  facet normal 0 0 1
    outer loop
      vertex 137.873 129.935 0.2
      vertex 137.377 130.965 0.2
      vertex 137.809 129.892 0.2
    endloop
  endfacet
  facet normal -0 0 1
    outer loop
      vertex 137.3 130.95 0.2
      vertex 137.809 129.892 0.2
      vertex 137.377 130.965 0.2
    endloop
  endfacet
  facet normal 0 0 1
    outer loop
      vertex 137.809 129.892 0.2
      vertex 137.3 130.95 0.2
      vertex 137.766 129.826 0.2
    endloop
  endfacet
  facet normal 0 -0 1
    outer loop
      vertex 137.477 126.935 0.2
      vertex 137.75 129.75 0.2
      vertex 136.65 128.25 0.2
    endloop
  endfacet
  facet normal 0 0 1
    outer loop
      vertex 137.75 129.75 0.2
      vertex 137.477 126.935 0.2
      vertex 137.541 126.892 0.2
    endloop
  endfacet
  facet normal -0 0 1
    outer loop
      vertex 136.9 130.95 0.2
      vertex 137.766 129.826 0.2
      vertex 137.3 130.95 0.2
    endloop
  endfacet
  facet normal 0 0 1
    outer loop
      vertex 137.766 129.826 0.2
      vertex 136.9 130.95 0.2
      vertex 137.75 129.75 0.2
    endloop
  endfacet
  facet normal -0 0 1
    outer loop
      vertex 136.635 128.174 0.2
      vertex 137.477 126.935 0.2
      vertex 136.65 128.25 0.2
    endloop
  endfacet
  facet normal 0 0 1
    outer loop
      vertex 137.477 126.935 0.2
      vertex 136.635 128.174 0.2
      vertex 137.4 126.95 0.2
    endloop
  endfacet
  facet normal 0 0 1
    outer loop
      vertex 136.823 130.965 0.2
      vertex 137.75 129.75 0.2
      vertex 136.9 130.95 0.2
    endloop
  endfacet
  facet normal -0 0 1
    outer loop
      vertex 136.592 128.108 0.2
      vertex 137.4 126.95 0.2
      vertex 136.635 128.174 0.2
    endloop
  endfacet
  facet normal 0 0 1
    outer loop
      vertex 137.75 129.75 0.2
      vertex 136.823 130.965 0.2
      vertex 136.65 128.25 0.2
    endloop
  endfacet
  facet normal 0 0 1
    outer loop
      vertex 137.4 126.95 0.2
      vertex 136.592 128.108 0.2
      vertex 137 126.95 0.2
    endloop
  endfacet
  facet normal -0 0 1
    outer loop
      vertex 136.526 128.065 0.2
      vertex 137 126.95 0.2
      vertex 136.592 128.108 0.2
    endloop
  endfacet
  facet normal 0 0 1
    outer loop
      vertex 137 126.95 0.2
      vertex 136.526 128.065 0.2
      vertex 136.924 126.935 0.2
    endloop
  endfacet
  facet normal 0 0 1
    outer loop
      vertex 136.65 128.25 0.2
      vertex 136.823 130.965 0.2
      vertex 136.759 131.009 0.2
    endloop
  endfacet
  facet normal 0 0 1
    outer loop
      vertex 136.796 138.419 0.2
      vertex 138.305 138.419 0.2
      vertex 136.877 138.474 0.2
    endloop
  endfacet
  facet normal 0 0 1
    outer loop
      vertex 138.305 138.419 0.2
      vertex 136.796 138.419 0.2
      vertex 137.773 135.835 0.2
    endloop
  endfacet
  facet normal 0 0 1
    outer loop
      vertex 136.427 135.835 0.2
      vertex 137.773 135.835 0.2
      vertex 136.796 138.419 0.2
    endloop
  endfacet
  facet normal 0 0 1
    outer loop
      vertex 137.773 135.835 0.2
      vertex 136.427 135.835 0.2
      vertex 137.709 135.791 0.2
    endloop
  endfacet
  facet normal 0 0 1
    outer loop
      vertex 136.55 134.15 0.2
      vertex 137.65 135.65 0.2
      vertex 136.55 135.65 0.2
    endloop
  endfacet
  facet normal 0 -0 1
    outer loop
      vertex 136.491 135.791 0.2
      vertex 137.709 135.791 0.2
      vertex 136.427 135.835 0.2
    endloop
  endfacet
  facet normal 0 0 1
    outer loop
      vertex 136.535 134.073 0.2
      vertex 137.65 134.15 0.2
      vertex 136.55 134.15 0.2
    endloop
  endfacet
  facet normal 0 0 1
    outer loop
      vertex 137.709 135.791 0.2
      vertex 136.491 135.791 0.2
      vertex 137.665 135.727 0.2
    endloop
  endfacet
  facet normal 0 0 1
    outer loop
      vertex 136.491 134.009 0.2
      vertex 137.65 134.15 0.2
      vertex 136.535 134.073 0.2
    endloop
  endfacet
  facet normal 0 0 1
    outer loop
      vertex 137.65 134.15 0.2
      vertex 136.491 134.009 0.2
      vertex 137.3 132.85 0.2
    endloop
  endfacet
  facet normal 0 0 1
    outer loop
      vertex 136.427 135.835 0.2
      vertex 136.796 138.419 0.2
      vertex 136.7 138.4 0.2
    endloop
  endfacet
  facet normal 0 0 1
    outer loop
      vertex 137.3 132.85 0.2
      vertex 136.491 134.009 0.2
      vertex 136.9 132.85 0.2
    endloop
  endfacet
  facet normal -0 0 1
    outer loop
      vertex 136.427 133.965 0.2
      vertex 136.9 132.85 0.2
      vertex 136.491 134.009 0.2
    endloop
  endfacet
  facet normal 0 0 1
    outer loop
      vertex 136.9 132.85 0.2
      vertex 136.427 133.965 0.2
      vertex 136.823 132.835 0.2
    endloop
  endfacet
  facet normal 0 0 1
    outer loop
      vertex 136.7 132.65 0.2
      vertex 136.592 129.892 0.2
      vertex 136.7 131.15 0.2
    endloop
  endfacet
  facet normal 0 0 1
    outer loop
      vertex 136.7 131.15 0.2
      vertex 136.635 129.826 0.2
      vertex 136.65 129.75 0.2
    endloop
  endfacet
  facet normal 0 0 1
    outer loop
      vertex 136.7 131.15 0.2
      vertex 136.592 129.892 0.2
      vertex 136.635 129.826 0.2
    endloop
  endfacet
  facet normal 0 0 1
    outer loop
      vertex 137.65 135.65 0.2
      vertex 136.535 135.727 0.2
      vertex 136.55 135.65 0.2
    endloop
  endfacet
  facet normal 0 0 1
    outer loop
      vertex 137.665 135.727 0.2
      vertex 136.535 135.727 0.2
      vertex 137.65 135.65 0.2
    endloop
  endfacet
  facet normal 0 -0 1
    outer loop
      vertex 136.535 135.727 0.2
      vertex 137.665 135.727 0.2
      vertex 136.491 135.791 0.2
    endloop
  endfacet
  facet normal 0 0 1
    outer loop
      vertex 136.7 138.4 0.2
      vertex 136.35 135.85 0.2
      vertex 136.427 135.835 0.2
    endloop
  endfacet
  facet normal -0 0 1
    outer loop
      vertex 135.8 138.4 0.2
      vertex 136.35 135.85 0.2
      vertex 136.7 138.4 0.2
    endloop
  endfacet
  facet normal 0 0 1
    outer loop
      vertex 136.35 135.85 0.2
      vertex 135.8 138.4 0.2
      vertex 135.95 135.85 0.2
    endloop
  endfacet
  facet normal 0 0 1
    outer loop
      vertex 135.95 135.85 0.2
      vertex 135.8 138.4 0.2
      vertex 135.873 135.835 0.2
    endloop
  endfacet
  facet normal 0 0 1
    outer loop
      vertex 135.704 138.419 0.2
      vertex 135.873 135.835 0.2
      vertex 135.8 138.4 0.2
    endloop
  endfacet
  facet normal -0 0 1
    outer loop
      vertex 134.546 138.419 0.2
      vertex 135.873 135.835 0.2
      vertex 135.704 138.419 0.2
    endloop
  endfacet
  facet normal 0 0 1
    outer loop
      vertex 135.873 135.835 0.2
      vertex 134.546 138.419 0.2
      vertex 135.809 135.791 0.2
    endloop
  endfacet
  facet normal 0 0 1
    outer loop
      vertex 135.809 135.791 0.2
      vertex 134.45 138.4 0.2
      vertex 135.766 135.727 0.2
    endloop
  endfacet
  facet normal -0 0 1
    outer loop
      vertex 134.45 138.4 0.2
      vertex 135.809 135.791 0.2
      vertex 134.546 138.419 0.2
    endloop
  endfacet
  facet normal 0 0 1
    outer loop
      vertex 139.75 130.05 0.2
      vertex 138.535 129.826 0.2
      vertex 138.55 129.75 0.2
    endloop
  endfacet
  facet normal 0 0 1
    outer loop
      vertex 140.474 134.065 0.2
      vertex 138.392 134.009 0.2
      vertex 141.3 132.75 0.2
    endloop
  endfacet
  facet normal 0 0 1
    outer loop
      vertex 138.45 134.15 0.2
      vertex 139.3 138.4 0.2
      vertex 138.45 135.65 0.2
    endloop
  endfacet
  facet normal 0 0 1
    outer loop
      vertex 139.3 138.4 0.2
      vertex 138.435 135.727 0.2
      vertex 138.45 135.65 0.2
    endloop
  endfacet
  facet normal 0 0 1
    outer loop
      vertex 138.326 135.835 0.2
      vertex 139.3 138.4 0.2
      vertex 138.4 138.4 0.2
    endloop
  endfacet
  facet normal 0 0 1
    outer loop
      vertex 139.3 138.4 0.2
      vertex 138.392 135.791 0.2
      vertex 138.435 135.727 0.2
    endloop
  endfacet
  facet normal 0 0 1
    outer loop
      vertex 139.3 138.4 0.2
      vertex 138.326 135.835 0.2
      vertex 138.392 135.791 0.2
    endloop
  endfacet
  facet normal 0 0 1
    outer loop
      vertex 138.25 135.85 0.2
      vertex 138.4 138.4 0.2
      vertex 138.305 138.419 0.2
    endloop
  endfacet
  facet normal 0 0 1
    outer loop
      vertex 138.4 138.4 0.2
      vertex 138.25 135.85 0.2
      vertex 138.326 135.835 0.2
    endloop
  endfacet
  facet normal 0 0 1
    outer loop
      vertex 136.877 138.474 0.2
      vertex 138.224 138.474 0.2
      vertex 136.931 138.555 0.2
    endloop
  endfacet
  facet normal 0 0 1
    outer loop
      vertex 136.931 138.555 0.2
      vertex 138.169 138.555 0.2
      vertex 136.95 138.65 0.2
    endloop
  endfacet
  facet normal 0 0 1
    outer loop
      vertex 138.15 139.35 0.2
      vertex 136.95 139.35 0.2
      vertex 138.15 138.65 0.2
    endloop
  endfacet
  facet normal 0 0 1
    outer loop
      vertex 138.305 138.419 0.2
      vertex 137.85 135.85 0.2
      vertex 138.25 135.85 0.2
    endloop
  endfacet
  facet normal 0 0 1
    outer loop
      vertex 140.373 140.474 0.2
      vertex 139.477 140.474 0.2
      vertex 140.373 139.526 0.2
    endloop
  endfacet
  facet normal 0 0 1
    outer loop
      vertex 140.373 139.526 0.2
      vertex 139.531 139.445 0.2
      vertex 139.55 139.35 0.2
    endloop
  endfacet
  facet normal 0 0 1
    outer loop
      vertex 139.477 139.526 0.2
      vertex 140.373 139.526 0.2
      vertex 139.477 140.474 0.2
    endloop
  endfacet
  facet normal 0 0 1
    outer loop
      vertex 140.373 139.526 0.2
      vertex 139.477 139.526 0.2
      vertex 139.531 139.445 0.2
    endloop
  endfacet
  facet normal -0 0 1
    outer loop
      vertex 139.396 140.419 0.2
      vertex 139.477 139.526 0.2
      vertex 139.477 140.474 0.2
    endloop
  endfacet
  facet normal 0 0 1
    outer loop
      vertex 139.396 140.419 0.2
      vertex 139.396 139.581 0.2
      vertex 139.477 139.526 0.2
    endloop
  endfacet
  facet normal -0 0 1
    outer loop
      vertex 139.3 140.4 0.2
      vertex 139.396 139.581 0.2
      vertex 139.396 140.419 0.2
    endloop
  endfacet
  facet normal 0 0 1
    outer loop
      vertex 139.3 140.4 0.2
      vertex 139.3 139.6 0.2
      vertex 139.396 139.581 0.2
    endloop
  endfacet
  facet normal -0 0 1
    outer loop
      vertex 138.4 140.4 0.2
      vertex 139.3 139.6 0.2
      vertex 139.3 140.4 0.2
    endloop
  endfacet
  facet normal 0 0 1
    outer loop
      vertex 138.4 140.4 0.2
      vertex 138.4 139.6 0.2
      vertex 139.3 139.6 0.2
    endloop
  endfacet
  facet normal 0 0 1
    outer loop
      vertex 138.305 140.419 0.2
      vertex 138.4 139.6 0.2
      vertex 138.4 140.4 0.2
    endloop
  endfacet
  facet normal 0 0 1
    outer loop
      vertex 138.305 140.419 0.2
      vertex 138.305 139.581 0.2
      vertex 138.4 139.6 0.2
    endloop
  endfacet
  facet normal 0 0 1
    outer loop
      vertex 138.224 140.474 0.2
      vertex 138.305 139.581 0.2
      vertex 138.305 140.419 0.2
    endloop
  endfacet
  facet normal 0 0 1
    outer loop
      vertex 138.224 140.474 0.2
      vertex 138.224 139.526 0.2
      vertex 138.305 139.581 0.2
    endloop
  endfacet
  facet normal 0 0 1
    outer loop
      vertex 136.931 140.555 0.2
      vertex 138.169 140.555 0.2
      vertex 136.95 140.65 0.2
    endloop
  endfacet
  facet normal 0 0 1
    outer loop
      vertex 138.169 140.555 0.2
      vertex 136.931 140.555 0.2
      vertex 138.224 140.474 0.2
    endloop
  endfacet
  facet normal 0 0 1
    outer loop
      vertex 136.95 140.65 0.2
      vertex 138.15 140.65 0.2
      vertex 136.95 141.35 0.2
    endloop
  endfacet
  facet normal 0 0 1
    outer loop
      vertex 138.15 140.65 0.2
      vertex 136.95 140.65 0.2
      vertex 138.169 140.555 0.2
    endloop
  endfacet
  facet normal 0 0 1
    outer loop
      vertex 141.665 130.127 0.2
      vertex 140.535 130.127 0.2
      vertex 140.55 130.05 0.2
    endloop
  endfacet
  facet normal 0 0 1
    outer loop
      vertex 141.3 132.75 0.2
      vertex 140.491 130.191 0.2
      vertex 140.535 130.127 0.2
    endloop
  endfacet
  facet normal 0 0 1
    outer loop
      vertex 138.392 134.009 0.2
      vertex 140.408 134.108 0.2
      vertex 138.435 134.073 0.2
    endloop
  endfacet
  facet normal 0 0 1
    outer loop
      vertex 141.3 132.75 0.2
      vertex 140.427 130.234 0.2
      vertex 140.491 130.191 0.2
    endloop
  endfacet
  facet normal 0 0 1
    outer loop
      vertex 140.365 134.174 0.2
      vertex 138.435 134.073 0.2
      vertex 140.408 134.108 0.2
    endloop
  endfacet
  facet normal 0 0 1
    outer loop
      vertex 138.435 134.073 0.2
      vertex 140.365 134.174 0.2
      vertex 138.45 134.15 0.2
    endloop
  endfacet
  facet normal 0 0 1
    outer loop
      vertex 138.45 134.15 0.2
      vertex 140.365 134.174 0.2
      vertex 140.35 134.25 0.2
    endloop
  endfacet
  facet normal 0 0 1
    outer loop
      vertex 141.3 132.75 0.2
      vertex 140.35 130.25 0.2
      vertex 140.427 130.234 0.2
    endloop
  endfacet
  facet normal -0 0 1
    outer loop
      vertex 138.326 133.965 0.2
      vertex 141.3 132.75 0.2
      vertex 138.392 134.009 0.2
    endloop
  endfacet
  facet normal 0 0 1
    outer loop
      vertex 139.873 130.234 0.2
      vertex 138.491 129.892 0.2
      vertex 138.535 129.826 0.2
    endloop
  endfacet
  facet normal 0 0 1
    outer loop
      vertex 141.3 132.75 0.2
      vertex 137.5 132.65 0.2
      vertex 139.873 130.234 0.2
    endloop
  endfacet
  facet normal -0 0 1
    outer loop
      vertex 137.5 131.15 0.2
      vertex 139.873 130.234 0.2
      vertex 137.5 132.65 0.2
    endloop
  endfacet
  facet normal 0 0 1
    outer loop
      vertex 139.873 130.234 0.2
      vertex 138.427 129.935 0.2
      vertex 138.491 129.892 0.2
    endloop
  endfacet
  facet normal 0 0 1
    outer loop
      vertex 141.3 132.75 0.2
      vertex 138.326 133.965 0.2
      vertex 137.5 132.65 0.2
    endloop
  endfacet
  facet normal 0 0 1
    outer loop
      vertex 137.5 132.65 0.2
      vertex 138.326 133.965 0.2
      vertex 138.25 133.95 0.2
    endloop
  endfacet
  facet normal 0 0 1
    outer loop
      vertex 139.873 130.234 0.2
      vertex 137.5 131.15 0.2
      vertex 138.427 129.935 0.2
    endloop
  endfacet
  facet normal 0 0 1
    outer loop
      vertex 138.427 129.935 0.2
      vertex 137.5 131.15 0.2
      vertex 138.35 129.95 0.2
    endloop
  endfacet
  facet normal 0 0 1
    outer loop
      vertex 137.5 132.65 0.2
      vertex 138.25 133.95 0.2
      vertex 137.85 133.95 0.2
    endloop
  endfacet
  facet normal -0 0 1
    outer loop
      vertex 137.484 131.073 0.2
      vertex 138.35 129.95 0.2
      vertex 137.5 131.15 0.2
    endloop
  endfacet
  facet normal 0 0 1
    outer loop
      vertex 137.5 132.65 0.2
      vertex 137.85 133.95 0.2
      vertex 137.773 133.965 0.2
    endloop
  endfacet
  facet normal 0 0 1
    outer loop
      vertex 138.35 129.95 0.2
      vertex 137.484 131.073 0.2
      vertex 137.95 129.95 0.2
    endloop
  endfacet
  facet normal -0 0 1
    outer loop
      vertex 137.441 131.009 0.2
      vertex 137.95 129.95 0.2
      vertex 137.484 131.073 0.2
    endloop
  endfacet
  facet normal 0 0 1
    outer loop
      vertex 137.5 132.65 0.2
      vertex 137.709 134.009 0.2
      vertex 137.665 134.073 0.2
    endloop
  endfacet
  facet normal 0 0 1
    outer loop
      vertex 137.5 132.65 0.2
      vertex 137.773 133.965 0.2
      vertex 137.709 134.009 0.2
    endloop
  endfacet
  facet normal 0 0 1
    outer loop
      vertex 142.326 128.365 0.2
      vertex 141.484 127.127 0.2
      vertex 141.5 127.05 0.2
    endloop
  endfacet
  facet normal 0 0 1
    outer loop
      vertex 141.65 128.55 0.2
      vertex 141.441 127.191 0.2
      vertex 141.484 127.127 0.2
    endloop
  endfacet
  facet normal 0 0 1
    outer loop
      vertex 140.535 130.127 0.2
      vertex 141.5 131.05 0.2
      vertex 141.424 131.065 0.2
    endloop
  endfacet
  facet normal 0 0 1
    outer loop
      vertex 140.535 128.474 0.2
      vertex 141.65 128.55 0.2
      vertex 140.55 128.55 0.2
    endloop
  endfacet
  facet normal 0 0 1
    outer loop
      vertex 140.535 130.127 0.2
      vertex 141.424 131.065 0.2
      vertex 141.358 131.108 0.2
    endloop
  endfacet
  facet normal 0 0 1
    outer loop
      vertex 140.535 130.127 0.2
      vertex 141.358 131.108 0.2
      vertex 141.315 131.174 0.2
    endloop
  endfacet
  facet normal 0 0 1
    outer loop
      vertex 140.535 130.127 0.2
      vertex 141.315 131.174 0.2
      vertex 141.3 131.25 0.2
    endloop
  endfacet
  facet normal 0 0 1
    outer loop
      vertex 141.65 128.55 0.2
      vertex 141.377 127.234 0.2
      vertex 141.441 127.191 0.2
    endloop
  endfacet
  facet normal 0 0 1
    outer loop
      vertex 141.424 132.935 0.2
      vertex 140.95 134.05 0.2
      vertex 141.358 132.892 0.2
    endloop
  endfacet
  facet normal -0 0 1
    outer loop
      vertex 140.55 134.05 0.2
      vertex 141.358 132.892 0.2
      vertex 140.95 134.05 0.2
    endloop
  endfacet
  facet normal 0 0 1
    outer loop
      vertex 141.358 132.892 0.2
      vertex 140.55 134.05 0.2
      vertex 141.315 132.826 0.2
    endloop
  endfacet
  facet normal 0 0 1
    outer loop
      vertex 140.474 134.065 0.2
      vertex 141.315 132.826 0.2
      vertex 140.55 134.05 0.2
    endloop
  endfacet
  facet normal 0 0 1
    outer loop
      vertex 141.315 132.826 0.2
      vertex 140.474 134.065 0.2
      vertex 141.3 132.75 0.2
    endloop
  endfacet
  facet normal 0 0 1
    outer loop
      vertex 141.65 128.55 0.2
      vertex 140.55 130.05 0.2
      vertex 140.55 128.55 0.2
    endloop
  endfacet
  facet normal 0 0 1
    outer loop
      vertex 140.491 128.408 0.2
      vertex 141.65 128.55 0.2
      vertex 140.535 128.474 0.2
    endloop
  endfacet
  facet normal 0 0 1
    outer loop
      vertex 141.65 128.55 0.2
      vertex 141.3 127.25 0.2
      vertex 141.377 127.234 0.2
    endloop
  endfacet
  facet normal 0 0 1
    outer loop
      vertex 141.65 128.55 0.2
      vertex 140.491 128.408 0.2
      vertex 141.3 127.25 0.2
    endloop
  endfacet
  facet normal 0 0 1
    outer loop
      vertex 141.3 127.25 0.2
      vertex 140.491 128.408 0.2
      vertex 140.9 127.25 0.2
    endloop
  endfacet
  facet normal -0 0 1
    outer loop
      vertex 140.427 128.365 0.2
      vertex 140.9 127.25 0.2
      vertex 140.491 128.408 0.2
    endloop
  endfacet
  facet normal 0 0 1
    outer loop
      vertex 140.535 130.127 0.2
      vertex 141.3 131.25 0.2
      vertex 141.3 132.75 0.2
    endloop
  endfacet
  facet normal -0 0 1
    outer loop
      vertex 141.627 140.474 0.2
      vertex 143.019 139.546 0.2
      vertex 141.681 140.555 0.2
    endloop
  endfacet
  facet normal 0 0 1
    outer loop
      vertex 143.019 139.546 0.2
      vertex 141.681 139.445 0.2
      vertex 141.7 139.35 0.2
    endloop
  endfacet
  facet normal 0 0 1
    outer loop
      vertex 141.627 139.526 0.2
      vertex 143.019 139.546 0.2
      vertex 141.627 140.474 0.2
    endloop
  endfacet
  facet normal 0 0 1
    outer loop
      vertex 143.019 139.546 0.2
      vertex 141.627 139.526 0.2
      vertex 141.681 139.445 0.2
    endloop
  endfacet
  facet normal -0 0 1
    outer loop
      vertex 141.546 140.419 0.2
      vertex 141.627 139.526 0.2
      vertex 141.627 140.474 0.2
    endloop
  endfacet
  facet normal 0 0 1
    outer loop
      vertex 141.546 140.419 0.2
      vertex 141.546 139.581 0.2
      vertex 141.627 139.526 0.2
    endloop
  endfacet
  facet normal -0 0 1
    outer loop
      vertex 141.45 140.4 0.2
      vertex 141.546 139.581 0.2
      vertex 141.546 140.419 0.2
    endloop
  endfacet
  facet normal 0 0 1
    outer loop
      vertex 141.45 140.4 0.2
      vertex 141.45 139.6 0.2
      vertex 141.546 139.581 0.2
    endloop
  endfacet
  facet normal -0 0 1
    outer loop
      vertex 140.55 140.4 0.2
      vertex 141.45 139.6 0.2
      vertex 141.45 140.4 0.2
    endloop
  endfacet
  facet normal 0 0 1
    outer loop
      vertex 140.55 140.4 0.2
      vertex 140.55 139.6 0.2
      vertex 141.45 139.6 0.2
    endloop
  endfacet
  facet normal 0 0 1
    outer loop
      vertex 140.454 140.419 0.2
      vertex 140.55 139.6 0.2
      vertex 140.55 140.4 0.2
    endloop
  endfacet
  facet normal 0 0 1
    outer loop
      vertex 140.454 140.419 0.2
      vertex 140.454 139.581 0.2
      vertex 140.55 139.6 0.2
    endloop
  endfacet
  facet normal 0 0 1
    outer loop
      vertex 140.373 140.474 0.2
      vertex 140.454 139.581 0.2
      vertex 140.454 140.419 0.2
    endloop
  endfacet
  facet normal 0 0 1
    outer loop
      vertex 140.373 140.474 0.2
      vertex 140.373 139.526 0.2
      vertex 140.454 139.581 0.2
    endloop
  endfacet
  facet normal 0 0 1
    outer loop
      vertex 139.531 140.555 0.2
      vertex 140.319 140.555 0.2
      vertex 139.55 140.65 0.2
    endloop
  endfacet
  facet normal 0 0 1
    outer loop
      vertex 140.319 140.555 0.2
      vertex 139.531 140.555 0.2
      vertex 140.373 140.474 0.2
    endloop
  endfacet
  facet normal -0 0 1
    outer loop
      vertex 139.55 140.65 0.2
      vertex 140.319 140.555 0.2
      vertex 140.3 140.65 0.2
    endloop
  endfacet
  facet normal 0 0 1
    outer loop
      vertex 139.477 140.474 0.2
      vertex 140.373 140.474 0.2
      vertex 139.531 140.555 0.2
    endloop
  endfacet
  facet normal 0 0 1
    outer loop
      vertex 145.319 129.546 0.2
      vertex 142.435 130.127 0.2
      vertex 142.45 130.05 0.2
    endloop
  endfacet
  facet normal 0 0 1
    outer loop
      vertex 142.1 131.25 0.2
      vertex 142.85 134.05 0.2
      vertex 142.1 132.75 0.2
    endloop
  endfacet
  facet normal 0 0 1
    outer loop
      vertex 141.977 132.935 0.2
      vertex 142.45 134.05 0.2
      vertex 142.373 134.065 0.2
    endloop
  endfacet
  facet normal 0 0 1
    outer loop
      vertex 142.85 134.05 0.2
      vertex 142.1 131.25 0.2
      vertex 142.435 130.127 0.2
    endloop
  endfacet
  facet normal 0 0 1
    outer loop
      vertex 141.9 132.95 0.2
      vertex 142.373 134.065 0.2
      vertex 142.309 134.108 0.2
    endloop
  endfacet
  facet normal 0 0 1
    outer loop
      vertex 141.135 134.174 0.2
      vertex 142.266 134.174 0.2
      vertex 141.15 134.25 0.2
    endloop
  endfacet
  facet normal -0 0 1
    outer loop
      vertex 141.15 134.25 0.2
      vertex 142.266 134.174 0.2
      vertex 142.25 134.25 0.2
    endloop
  endfacet
  facet normal 0 0 1
    outer loop
      vertex 142.435 130.127 0.2
      vertex 142.1 131.25 0.2
      vertex 142.392 130.191 0.2
    endloop
  endfacet
  facet normal 0 0 1
    outer loop
      vertex 145.504 134.381 0.2
      vertex 143.035 135.826 0.2
      vertex 143.05 135.75 0.2
    endloop
  endfacet
  facet normal 0 0 1
    outer loop
      vertex 141.681 138.555 0.2
      vertex 143.073 138.573 0.2
      vertex 143.019 138.654 0.2
    endloop
  endfacet
  facet normal 0 0 1
    outer loop
      vertex 141.7 138.65 0.2
      vertex 143.019 138.654 0.2
      vertex 143 138.75 0.2
    endloop
  endfacet
  facet normal 0 0 1
    outer loop
      vertex 143.154 138.519 0.2
      vertex 142.991 135.892 0.2
      vertex 143.035 135.826 0.2
    endloop
  endfacet
  facet normal 0 0 1
    outer loop
      vertex 144.381 139.546 0.2
      vertex 145.919 139.646 0.2
      vertex 144.381 140.654 0.2
    endloop
  endfacet
  facet normal 0 0 1
    outer loop
      vertex 145.919 139.646 0.2
      vertex 144.381 139.546 0.2
      vertex 144.4 139.45 0.2
    endloop
  endfacet
  facet normal -0 0 1
    outer loop
      vertex 144.327 140.573 0.2
      vertex 144.381 139.546 0.2
      vertex 144.381 140.654 0.2
    endloop
  endfacet
  facet normal 0 0 1
    outer loop
      vertex 144.327 140.573 0.2
      vertex 144.327 139.627 0.2
      vertex 144.381 139.546 0.2
    endloop
  endfacet
  facet normal -0 0 1
    outer loop
      vertex 144.246 140.519 0.2
      vertex 144.327 139.627 0.2
      vertex 144.327 140.573 0.2
    endloop
  endfacet
  facet normal 0 0 1
    outer loop
      vertex 144.246 140.519 0.2
      vertex 144.246 139.681 0.2
      vertex 144.327 139.627 0.2
    endloop
  endfacet
  facet normal -0 0 1
    outer loop
      vertex 144.15 140.5 0.2
      vertex 144.246 139.681 0.2
      vertex 144.246 140.519 0.2
    endloop
  endfacet
  facet normal 0 0 1
    outer loop
      vertex 144.15 140.5 0.2
      vertex 144.15 139.7 0.2
      vertex 144.246 139.681 0.2
    endloop
  endfacet
  facet normal -0 0 1
    outer loop
      vertex 143.25 140.5 0.2
      vertex 144.15 139.7 0.2
      vertex 144.15 140.5 0.2
    endloop
  endfacet
  facet normal 0 0 1
    outer loop
      vertex 143.25 140.5 0.2
      vertex 143.25 139.7 0.2
      vertex 144.15 139.7 0.2
    endloop
  endfacet
  facet normal 0 0 1
    outer loop
      vertex 143.154 140.519 0.2
      vertex 143.25 139.7 0.2
      vertex 143.25 140.5 0.2
    endloop
  endfacet
  facet normal 0 0 1
    outer loop
      vertex 143.154 140.519 0.2
      vertex 143.154 139.681 0.2
      vertex 143.25 139.7 0.2
    endloop
  endfacet
  facet normal 0 0 1
    outer loop
      vertex 143.073 140.573 0.2
      vertex 143.154 139.681 0.2
      vertex 143.154 140.519 0.2
    endloop
  endfacet
  facet normal 0 0 1
    outer loop
      vertex 143.073 140.573 0.2
      vertex 143.073 139.627 0.2
      vertex 143.154 139.681 0.2
    endloop
  endfacet
  facet normal 0 0 1
    outer loop
      vertex 141.681 140.555 0.2
      vertex 143.019 140.654 0.2
      vertex 141.7 140.65 0.2
    endloop
  endfacet
  facet normal 0 0 1
    outer loop
      vertex 143.019 140.654 0.2
      vertex 141.681 140.555 0.2
      vertex 143.073 140.573 0.2
    endloop
  endfacet
  facet normal 0 0 1
    outer loop
      vertex 141.7 140.65 0.2
      vertex 143.019 140.654 0.2
      vertex 143 140.75 0.2
    endloop
  endfacet
  facet normal 0 0 1
    outer loop
      vertex 143.073 140.573 0.2
      vertex 141.681 140.555 0.2
      vertex 143.073 139.627 0.2
    endloop
  endfacet
  facet normal 0 0 1
    outer loop
      vertex 147.673 128.623 0.2
      vertex 146.627 128.573 0.2
      vertex 147.673 127.677 0.2
    endloop
  endfacet
  facet normal 0 0 1
    outer loop
      vertex 147.673 127.677 0.2
      vertex 146.681 127.546 0.2
      vertex 146.7 127.45 0.2
    endloop
  endfacet
  facet normal 0 0 1
    outer loop
      vertex 146.627 127.627 0.2
      vertex 147.673 127.677 0.2
      vertex 146.627 128.573 0.2
    endloop
  endfacet
  facet normal 0 0 1
    outer loop
      vertex 147.673 127.677 0.2
      vertex 146.627 127.627 0.2
      vertex 146.681 127.546 0.2
    endloop
  endfacet
  facet normal -0 0 1
    outer loop
      vertex 146.546 128.519 0.2
      vertex 146.627 127.627 0.2
      vertex 146.627 128.573 0.2
    endloop
  endfacet
  facet normal 0 0 1
    outer loop
      vertex 146.546 128.519 0.2
      vertex 146.546 127.681 0.2
      vertex 146.627 127.627 0.2
    endloop
  endfacet
  facet normal -0 0 1
    outer loop
      vertex 146.45 128.5 0.2
      vertex 146.546 127.681 0.2
      vertex 146.546 128.519 0.2
    endloop
  endfacet
  facet normal 0 0 1
    outer loop
      vertex 146.45 128.5 0.2
      vertex 146.45 127.7 0.2
      vertex 146.546 127.681 0.2
    endloop
  endfacet
  facet normal -0 0 1
    outer loop
      vertex 145.55 128.5 0.2
      vertex 146.45 127.7 0.2
      vertex 146.45 128.5 0.2
    endloop
  endfacet
  facet normal 0 0 1
    outer loop
      vertex 145.55 128.5 0.2
      vertex 145.55 127.7 0.2
      vertex 146.45 127.7 0.2
    endloop
  endfacet
  facet normal 0 0 1
    outer loop
      vertex 145.454 128.519 0.2
      vertex 145.55 127.7 0.2
      vertex 145.55 128.5 0.2
    endloop
  endfacet
  facet normal 0 0 1
    outer loop
      vertex 145.454 128.519 0.2
      vertex 145.454 127.681 0.2
      vertex 145.55 127.7 0.2
    endloop
  endfacet
  facet normal 0 0 1
    outer loop
      vertex 145.373 128.573 0.2
      vertex 145.454 127.681 0.2
      vertex 145.454 128.519 0.2
    endloop
  endfacet
  facet normal 0 0 1
    outer loop
      vertex 145.373 128.573 0.2
      vertex 145.373 127.627 0.2
      vertex 145.454 127.681 0.2
    endloop
  endfacet
  facet normal 0 0 1
    outer loop
      vertex 145.319 128.654 0.2
      vertex 145.373 127.627 0.2
      vertex 145.373 128.573 0.2
    endloop
  endfacet
  facet normal 0 0 1
    outer loop
      vertex 145.319 128.654 0.2
      vertex 145.319 127.546 0.2
      vertex 145.373 127.627 0.2
    endloop
  endfacet
  facet normal 0 0 1
    outer loop
      vertex 142.45 128.55 0.2
      vertex 145.319 128.654 0.2
      vertex 145.3 128.75 0.2
    endloop
  endfacet
  facet normal 0 0 1
    outer loop
      vertex 145.319 128.654 0.2
      vertex 142.435 128.474 0.2
      vertex 145.319 127.546 0.2
    endloop
  endfacet
  facet normal 0 0 1
    outer loop
      vertex 147.6 129.5 0.2
      vertex 146.681 129.546 0.2
      vertex 146.7 129.45 0.2
    endloop
  endfacet
  facet normal -0 0 1
    outer loop
      vertex 146.596 131.219 0.2
      vertex 147.673 129.677 0.2
      vertex 146.677 131.273 0.2
    endloop
  endfacet
  facet normal 0 0 1
    outer loop
      vertex 147.673 129.677 0.2
      vertex 146.627 129.627 0.2
      vertex 146.681 129.546 0.2
    endloop
  endfacet
  facet normal 0 0 1
    outer loop
      vertex 147.673 129.677 0.2
      vertex 146.596 131.219 0.2
      vertex 146.627 129.627 0.2
    endloop
  endfacet
  facet normal 0 0 1
    outer loop
      vertex 146.596 131.219 0.2
      vertex 146.546 129.681 0.2
      vertex 146.627 129.627 0.2
    endloop
  endfacet
  facet normal -0 0 1
    outer loop
      vertex 146.5 131.2 0.2
      vertex 146.546 129.681 0.2
      vertex 146.596 131.219 0.2
    endloop
  endfacet
  facet normal 0 0 1
    outer loop
      vertex 146.5 131.2 0.2
      vertex 146.45 129.7 0.2
      vertex 146.546 129.681 0.2
    endloop
  endfacet
  facet normal -0 0 1
    outer loop
      vertex 145.6 131.2 0.2
      vertex 146.45 129.7 0.2
      vertex 146.5 131.2 0.2
    endloop
  endfacet
  facet normal 0 0 1
    outer loop
      vertex 145.6 131.2 0.2
      vertex 145.55 129.7 0.2
      vertex 146.45 129.7 0.2
    endloop
  endfacet
  facet normal 0 0 1
    outer loop
      vertex 145.504 131.219 0.2
      vertex 145.55 129.7 0.2
      vertex 145.6 131.2 0.2
    endloop
  endfacet
  facet normal 0 0 1
    outer loop
      vertex 145.504 131.219 0.2
      vertex 145.454 129.681 0.2
      vertex 145.55 129.7 0.2
    endloop
  endfacet
  facet normal 0 0 1
    outer loop
      vertex 145.423 131.273 0.2
      vertex 145.454 129.681 0.2
      vertex 145.504 131.219 0.2
    endloop
  endfacet
  facet normal 0 0 1
    outer loop
      vertex 145.423 131.273 0.2
      vertex 145.373 129.627 0.2
      vertex 145.454 129.681 0.2
    endloop
  endfacet
  facet normal 0 0 1
    outer loop
      vertex 145.369 131.354 0.2
      vertex 145.373 129.627 0.2
      vertex 145.423 131.273 0.2
    endloop
  endfacet
  facet normal 0 0 1
    outer loop
      vertex 142.435 130.127 0.2
      vertex 145.369 131.354 0.2
      vertex 145.35 131.45 0.2
    endloop
  endfacet
  facet normal -0 0 1
    outer loop
      vertex 142.435 130.127 0.2
      vertex 145.373 129.627 0.2
      vertex 145.369 131.354 0.2
    endloop
  endfacet
  facet normal 0 0 1
    outer loop
      vertex 147.724 133.273 0.2
      vertex 146.677 133.273 0.2
      vertex 147.724 132.327 0.2
    endloop
  endfacet
  facet normal 0 0 1
    outer loop
      vertex 147.724 132.327 0.2
      vertex 146.731 132.246 0.2
      vertex 146.75 132.15 0.2
    endloop
  endfacet
  facet normal 0 0 1
    outer loop
      vertex 146.677 132.327 0.2
      vertex 147.724 132.327 0.2
      vertex 146.677 133.273 0.2
    endloop
  endfacet
  facet normal 0 0 1
    outer loop
      vertex 147.724 132.327 0.2
      vertex 146.677 132.327 0.2
      vertex 146.731 132.246 0.2
    endloop
  endfacet
  facet normal -0 0 1
    outer loop
      vertex 146.596 133.219 0.2
      vertex 146.677 132.327 0.2
      vertex 146.677 133.273 0.2
    endloop
  endfacet
  facet normal 0 0 1
    outer loop
      vertex 146.596 133.219 0.2
      vertex 146.596 132.381 0.2
      vertex 146.677 132.327 0.2
    endloop
  endfacet
  facet normal -0 0 1
    outer loop
      vertex 146.5 133.2 0.2
      vertex 146.596 132.381 0.2
      vertex 146.596 133.219 0.2
    endloop
  endfacet
  facet normal 0 0 1
    outer loop
      vertex 146.5 133.2 0.2
      vertex 146.5 132.4 0.2
      vertex 146.596 132.381 0.2
    endloop
  endfacet
  facet normal -0 0 1
    outer loop
      vertex 145.6 133.2 0.2
      vertex 146.5 132.4 0.2
      vertex 146.5 133.2 0.2
    endloop
  endfacet
  facet normal 0 0 1
    outer loop
      vertex 145.6 133.2 0.2
      vertex 145.6 132.4 0.2
      vertex 146.5 132.4 0.2
    endloop
  endfacet
  facet normal 0 0 1
    outer loop
      vertex 145.504 133.219 0.2
      vertex 145.6 132.4 0.2
      vertex 145.6 133.2 0.2
    endloop
  endfacet
  facet normal 0 0 1
    outer loop
      vertex 145.504 133.219 0.2
      vertex 145.504 132.381 0.2
      vertex 145.6 132.4 0.2
    endloop
  endfacet
  facet normal 0 0 1
    outer loop
      vertex 145.423 133.273 0.2
      vertex 145.504 132.381 0.2
      vertex 145.504 133.219 0.2
    endloop
  endfacet
  facet normal 0 0 1
    outer loop
      vertex 145.423 133.273 0.2
      vertex 145.423 132.327 0.2
      vertex 145.504 132.381 0.2
    endloop
  endfacet
  facet normal 0 0 1
    outer loop
      vertex 145.369 133.354 0.2
      vertex 145.423 132.327 0.2
      vertex 145.423 133.273 0.2
    endloop
  endfacet
  facet normal 0 0 1
    outer loop
      vertex 145.369 133.354 0.2
      vertex 145.369 132.246 0.2
      vertex 145.423 132.327 0.2
    endloop
  endfacet
  facet normal 0 0 1
    outer loop
      vertex 142.991 134.108 0.2
      vertex 145.369 133.354 0.2
      vertex 145.35 133.45 0.2
    endloop
  endfacet
  facet normal 0 0 1
    outer loop
      vertex 145.369 133.354 0.2
      vertex 142.991 134.108 0.2
      vertex 145.369 132.246 0.2
    endloop
  endfacet
  facet normal 0 0 1
    outer loop
      vertex 147.669 134.246 0.2
      vertex 146.731 134.246 0.2
      vertex 146.75 134.15 0.2
    endloop
  endfacet
  facet normal 0 0 1
    outer loop
      vertex 147.805 134.381 0.2
      vertex 146.677 134.327 0.2
      vertex 146.731 134.246 0.2
    endloop
  endfacet
  facet normal 0 0 1
    outer loop
      vertex 147.805 134.381 0.2
      vertex 146.596 134.381 0.2
      vertex 146.677 134.327 0.2
    endloop
  endfacet
  facet normal 0 0 1
    outer loop
      vertex 147.05 138.6 0.2
      vertex 146.5 134.4 0.2
      vertex 146.596 134.381 0.2
    endloop
  endfacet
  facet normal -0 0 1
    outer loop
      vertex 146.15 138.6 0.2
      vertex 146.5 134.4 0.2
      vertex 147.05 138.6 0.2
    endloop
  endfacet
  facet normal 0 0 1
    outer loop
      vertex 145.6 134.4 0.2
      vertex 146.15 138.6 0.2
      vertex 146.055 138.619 0.2
    endloop
  endfacet
  facet normal 0 0 1
    outer loop
      vertex 144.327 138.573 0.2
      vertex 146.055 138.619 0.2
      vertex 145.974 138.673 0.2
    endloop
  endfacet
  facet normal 0 0 1
    outer loop
      vertex 144.381 138.654 0.2
      vertex 145.974 138.673 0.2
      vertex 145.919 138.754 0.2
    endloop
  endfacet
  facet normal 0 0 1
    outer loop
      vertex 144.4 138.75 0.2
      vertex 145.919 138.754 0.2
      vertex 145.9 138.85 0.2
    endloop
  endfacet
  facet normal 0 0 1
    outer loop
      vertex 146.15 138.6 0.2
      vertex 145.6 134.4 0.2
      vertex 146.5 134.4 0.2
    endloop
  endfacet
  facet normal 0 0 1
    outer loop
      vertex 147.227 139.727 0.2
      vertex 148.373 139.827 0.2
      vertex 147.227 140.673 0.2
    endloop
  endfacet
  facet normal 0 0 1
    outer loop
      vertex 148.319 139.746 0.2
      vertex 147.281 139.646 0.2
      vertex 147.3 139.55 0.2
    endloop
  endfacet
  facet normal 0 0 1
    outer loop
      vertex 148.373 139.827 0.2
      vertex 147.227 139.727 0.2
      vertex 148.319 139.746 0.2
    endloop
  endfacet
  facet normal 0 0 1
    outer loop
      vertex 148.319 139.746 0.2
      vertex 147.227 139.727 0.2
      vertex 147.281 139.646 0.2
    endloop
  endfacet
  facet normal -0 0 1
    outer loop
      vertex 147.146 140.619 0.2
      vertex 147.227 139.727 0.2
      vertex 147.227 140.673 0.2
    endloop
  endfacet
  facet normal 0 0 1
    outer loop
      vertex 147.146 140.619 0.2
      vertex 147.146 139.781 0.2
      vertex 147.227 139.727 0.2
    endloop
  endfacet
  facet normal -0 0 1
    outer loop
      vertex 147.05 140.6 0.2
      vertex 147.146 139.781 0.2
      vertex 147.146 140.619 0.2
    endloop
  endfacet
  facet normal 0 0 1
    outer loop
      vertex 147.05 140.6 0.2
      vertex 147.05 139.8 0.2
      vertex 147.146 139.781 0.2
    endloop
  endfacet
  facet normal -0 0 1
    outer loop
      vertex 146.15 140.6 0.2
      vertex 147.05 139.8 0.2
      vertex 147.05 140.6 0.2
    endloop
  endfacet
  facet normal 0 0 1
    outer loop
      vertex 146.15 140.6 0.2
      vertex 146.15 139.8 0.2
      vertex 147.05 139.8 0.2
    endloop
  endfacet
  facet normal 0 0 1
    outer loop
      vertex 146.055 140.619 0.2
      vertex 146.15 139.8 0.2
      vertex 146.15 140.6 0.2
    endloop
  endfacet
  facet normal 0 0 1
    outer loop
      vertex 146.055 140.619 0.2
      vertex 146.055 139.781 0.2
      vertex 146.15 139.8 0.2
    endloop
  endfacet
  facet normal 0 0 1
    outer loop
      vertex 145.974 140.673 0.2
      vertex 146.055 139.781 0.2
      vertex 146.055 140.619 0.2
    endloop
  endfacet
  facet normal 0 0 1
    outer loop
      vertex 145.974 140.673 0.2
      vertex 145.974 139.727 0.2
      vertex 146.055 139.781 0.2
    endloop
  endfacet
  facet normal 0 0 1
    outer loop
      vertex 145.919 140.754 0.2
      vertex 145.974 139.727 0.2
      vertex 145.974 140.673 0.2
    endloop
  endfacet
  facet normal 0 0 1
    outer loop
      vertex 145.919 140.754 0.2
      vertex 145.919 139.646 0.2
      vertex 145.974 139.727 0.2
    endloop
  endfacet
  facet normal 0 0 1
    outer loop
      vertex 144.4 140.75 0.2
      vertex 145.919 140.754 0.2
      vertex 145.9 140.85 0.2
    endloop
  endfacet
  facet normal 0 0 1
    outer loop
      vertex 144.381 140.654 0.2
      vertex 145.919 140.754 0.2
      vertex 144.4 140.75 0.2
    endloop
  endfacet
  facet normal -0 0 1
    outer loop
      vertex 148.981 128.704 0.2
      vertex 149 127.5 0.2
      vertex 149 128.8 0.2
    endloop
  endfacet
  facet normal 0 0 1
    outer loop
      vertex 148.981 128.704 0.2
      vertex 148.981 127.596 0.2
      vertex 149 127.5 0.2
    endloop
  endfacet
  facet normal -0 0 1
    outer loop
      vertex 148.927 128.623 0.2
      vertex 148.981 127.596 0.2
      vertex 148.981 128.704 0.2
    endloop
  endfacet
  facet normal 0 0 1
    outer loop
      vertex 148.927 128.623 0.2
      vertex 148.927 127.677 0.2
      vertex 148.981 127.596 0.2
    endloop
  endfacet
  facet normal -0 0 1
    outer loop
      vertex 148.846 128.569 0.2
      vertex 148.927 127.677 0.2
      vertex 148.927 128.623 0.2
    endloop
  endfacet
  facet normal 0 0 1
    outer loop
      vertex 148.846 128.569 0.2
      vertex 148.846 127.731 0.2
      vertex 148.927 127.677 0.2
    endloop
  endfacet
  facet normal -0 0 1
    outer loop
      vertex 148.75 128.55 0.2
      vertex 148.846 127.731 0.2
      vertex 148.846 128.569 0.2
    endloop
  endfacet
  facet normal 0 0 1
    outer loop
      vertex 148.75 128.55 0.2
      vertex 148.75 127.75 0.2
      vertex 148.846 127.731 0.2
    endloop
  endfacet
  facet normal -0 0 1
    outer loop
      vertex 147.85 128.55 0.2
      vertex 148.75 127.75 0.2
      vertex 148.75 128.55 0.2
    endloop
  endfacet
  facet normal 0 0 1
    outer loop
      vertex 147.85 128.55 0.2
      vertex 147.85 127.75 0.2
      vertex 148.75 127.75 0.2
    endloop
  endfacet
  facet normal 0 0 1
    outer loop
      vertex 147.754 128.569 0.2
      vertex 147.85 127.75 0.2
      vertex 147.85 128.55 0.2
    endloop
  endfacet
  facet normal 0 0 1
    outer loop
      vertex 147.754 128.569 0.2
      vertex 147.754 127.731 0.2
      vertex 147.85 127.75 0.2
    endloop
  endfacet
  facet normal 0 0 1
    outer loop
      vertex 147.673 128.623 0.2
      vertex 147.754 127.731 0.2
      vertex 147.754 128.569 0.2
    endloop
  endfacet
  facet normal 0 0 1
    outer loop
      vertex 147.673 128.623 0.2
      vertex 147.673 127.677 0.2
      vertex 147.754 127.731 0.2
    endloop
  endfacet
  facet normal 0 0 1
    outer loop
      vertex 146.681 128.654 0.2
      vertex 147.619 128.704 0.2
      vertex 146.7 128.75 0.2
    endloop
  endfacet
  facet normal 0 0 1
    outer loop
      vertex 147.619 128.704 0.2
      vertex 146.681 128.654 0.2
      vertex 147.673 128.623 0.2
    endloop
  endfacet
  facet normal -0 0 1
    outer loop
      vertex 146.7 128.75 0.2
      vertex 147.619 128.704 0.2
      vertex 147.6 128.8 0.2
    endloop
  endfacet
  facet normal 0 0 1
    outer loop
      vertex 146.627 128.573 0.2
      vertex 147.673 128.623 0.2
      vertex 146.681 128.654 0.2
    endloop
  endfacet
  facet normal 0 0 1
    outer loop
      vertex 149.031 131.354 0.2
      vertex 148.981 129.596 0.2
      vertex 149 129.5 0.2
    endloop
  endfacet
  facet normal -0 0 1
    outer loop
      vertex 148.977 131.273 0.2
      vertex 148.981 129.596 0.2
      vertex 149.031 131.354 0.2
    endloop
  endfacet
  facet normal 0 0 1
    outer loop
      vertex 148.977 131.273 0.2
      vertex 148.927 129.677 0.2
      vertex 148.981 129.596 0.2
    endloop
  endfacet
  facet normal -0 0 1
    outer loop
      vertex 148.896 131.219 0.2
      vertex 148.927 129.677 0.2
      vertex 148.977 131.273 0.2
    endloop
  endfacet
  facet normal 0 0 1
    outer loop
      vertex 148.896 131.219 0.2
      vertex 148.846 129.731 0.2
      vertex 148.927 129.677 0.2
    endloop
  endfacet
  facet normal -0 0 1
    outer loop
      vertex 148.8 131.2 0.2
      vertex 148.846 129.731 0.2
      vertex 148.896 131.219 0.2
    endloop
  endfacet
  facet normal 0 0 1
    outer loop
      vertex 148.8 131.2 0.2
      vertex 148.75 129.75 0.2
      vertex 148.846 129.731 0.2
    endloop
  endfacet
  facet normal -0 0 1
    outer loop
      vertex 147.9 131.2 0.2
      vertex 148.75 129.75 0.2
      vertex 148.8 131.2 0.2
    endloop
  endfacet
  facet normal 0 0 1
    outer loop
      vertex 147.9 131.2 0.2
      vertex 147.85 129.75 0.2
      vertex 148.75 129.75 0.2
    endloop
  endfacet
  facet normal 0 0 1
    outer loop
      vertex 147.805 131.219 0.2
      vertex 147.85 129.75 0.2
      vertex 147.9 131.2 0.2
    endloop
  endfacet
  facet normal 0 0 1
    outer loop
      vertex 147.805 131.219 0.2
      vertex 147.754 129.731 0.2
      vertex 147.85 129.75 0.2
    endloop
  endfacet
  facet normal 0 0 1
    outer loop
      vertex 147.724 131.273 0.2
      vertex 147.754 129.731 0.2
      vertex 147.805 131.219 0.2
    endloop
  endfacet
  facet normal -0 0 1
    outer loop
      vertex 146.677 131.273 0.2
      vertex 147.754 129.731 0.2
      vertex 147.724 131.273 0.2
    endloop
  endfacet
  facet normal -0 0 1
    outer loop
      vertex 146.731 131.354 0.2
      vertex 147.724 131.273 0.2
      vertex 147.669 131.354 0.2
    endloop
  endfacet
  facet normal 0 0 1
    outer loop
      vertex 146.731 131.354 0.2
      vertex 147.669 131.354 0.2
      vertex 147.65 131.45 0.2
    endloop
  endfacet
  facet normal 0 0 1
    outer loop
      vertex 146.677 131.273 0.2
      vertex 147.724 131.273 0.2
      vertex 146.731 131.354 0.2
    endloop
  endfacet
  facet normal -0 0 1
    outer loop
      vertex 149.031 133.354 0.2
      vertex 149.05 132.15 0.2
      vertex 149.05 133.45 0.2
    endloop
  endfacet
  facet normal 0 0 1
    outer loop
      vertex 149.031 133.354 0.2
      vertex 149.031 132.246 0.2
      vertex 149.05 132.15 0.2
    endloop
  endfacet
  facet normal -0 0 1
    outer loop
      vertex 148.977 133.273 0.2
      vertex 149.031 132.246 0.2
      vertex 149.031 133.354 0.2
    endloop
  endfacet
  facet normal 0 0 1
    outer loop
      vertex 148.977 133.273 0.2
      vertex 148.977 132.327 0.2
      vertex 149.031 132.246 0.2
    endloop
  endfacet
  facet normal -0 0 1
    outer loop
      vertex 148.896 133.219 0.2
      vertex 148.977 132.327 0.2
      vertex 148.977 133.273 0.2
    endloop
  endfacet
  facet normal 0 0 1
    outer loop
      vertex 148.896 133.219 0.2
      vertex 148.896 132.381 0.2
      vertex 148.977 132.327 0.2
    endloop
  endfacet
  facet normal -0 0 1
    outer loop
      vertex 148.8 133.2 0.2
      vertex 148.896 132.381 0.2
      vertex 148.896 133.219 0.2
    endloop
  endfacet
  facet normal 0 0 1
    outer loop
      vertex 148.8 133.2 0.2
      vertex 148.8 132.4 0.2
      vertex 148.896 132.381 0.2
    endloop
  endfacet
  facet normal -0 0 1
    outer loop
      vertex 147.9 133.2 0.2
      vertex 148.8 132.4 0.2
      vertex 148.8 133.2 0.2
    endloop
  endfacet
  facet normal 0 0 1
    outer loop
      vertex 147.9 133.2 0.2
      vertex 147.9 132.4 0.2
      vertex 148.8 132.4 0.2
    endloop
  endfacet
  facet normal 0 0 1
    outer loop
      vertex 147.805 133.219 0.2
      vertex 147.9 132.4 0.2
      vertex 147.9 133.2 0.2
    endloop
  endfacet
  facet normal 0 0 1
    outer loop
      vertex 147.805 133.219 0.2
      vertex 147.805 132.381 0.2
      vertex 147.9 132.4 0.2
    endloop
  endfacet
  facet normal 0 0 1
    outer loop
      vertex 147.724 133.273 0.2
      vertex 147.805 132.381 0.2
      vertex 147.805 133.219 0.2
    endloop
  endfacet
  facet normal 0 0 1
    outer loop
      vertex 147.724 133.273 0.2
      vertex 147.724 132.327 0.2
      vertex 147.805 132.381 0.2
    endloop
  endfacet
  facet normal 0 0 1
    outer loop
      vertex 146.731 133.354 0.2
      vertex 147.669 133.354 0.2
      vertex 146.75 133.45 0.2
    endloop
  endfacet
  facet normal 0 0 1
    outer loop
      vertex 147.669 133.354 0.2
      vertex 146.731 133.354 0.2
      vertex 147.724 133.273 0.2
    endloop
  endfacet
  facet normal -0 0 1
    outer loop
      vertex 146.75 133.45 0.2
      vertex 147.669 133.354 0.2
      vertex 147.65 133.45 0.2
    endloop
  endfacet
  facet normal 0 0 1
    outer loop
      vertex 146.677 133.273 0.2
      vertex 147.724 133.273 0.2
      vertex 146.731 133.354 0.2
    endloop
  endfacet
  facet normal 0 0 1
    outer loop
      vertex 152.65 138.6 0.2
      vertex 149.031 134.246 0.2
      vertex 149.05 134.15 0.2
    endloop
  endfacet
  facet normal 0 0 1
    outer loop
      vertex 149.546 138.719 0.2
      vertex 148.977 134.327 0.2
      vertex 149.031 134.246 0.2
    endloop
  endfacet
  facet normal 0 0 1
    outer loop
      vertex 149.546 138.719 0.2
      vertex 148.896 134.381 0.2
      vertex 148.977 134.327 0.2
    endloop
  endfacet
  facet normal 0 0 1
    outer loop
      vertex 149.45 138.7 0.2
      vertex 148.8 134.4 0.2
      vertex 148.896 134.381 0.2
    endloop
  endfacet
  facet normal -0 0 1
    outer loop
      vertex 148.55 138.7 0.2
      vertex 148.8 134.4 0.2
      vertex 149.45 138.7 0.2
    endloop
  endfacet
  facet normal 0 0 1
    outer loop
      vertex 147.9 134.4 0.2
      vertex 148.55 138.7 0.2
      vertex 148.454 138.719 0.2
    endloop
  endfacet
  facet normal 0 0 1
    outer loop
      vertex 147.227 138.673 0.2
      vertex 148.454 138.719 0.2
      vertex 148.373 138.773 0.2
    endloop
  endfacet
  facet normal 0 0 1
    outer loop
      vertex 147.281 138.754 0.2
      vertex 148.373 138.773 0.2
      vertex 148.319 138.854 0.2
    endloop
  endfacet
  facet normal 0 0 1
    outer loop
      vertex 147.3 138.85 0.2
      vertex 148.319 138.854 0.2
      vertex 148.3 138.95 0.2
    endloop
  endfacet
  facet normal 0 0 1
    outer loop
      vertex 148.55 138.7 0.2
      vertex 147.9 134.4 0.2
      vertex 148.8 134.4 0.2
    endloop
  endfacet
  facet normal 0 0 1
    outer loop
      vertex 149.681 139.746 0.2
      vertex 151.519 140.754 0.2
      vertex 149.681 140.854 0.2
    endloop
  endfacet
  facet normal 0 0 1
    outer loop
      vertex 151.519 140.754 0.2
      vertex 149.681 139.746 0.2
      vertex 149.7 139.65 0.2
    endloop
  endfacet
  facet normal -0 0 1
    outer loop
      vertex 149.627 140.773 0.2
      vertex 149.681 139.746 0.2
      vertex 149.681 140.854 0.2
    endloop
  endfacet
  facet normal 0 0 1
    outer loop
      vertex 149.627 140.773 0.2
      vertex 149.627 139.827 0.2
      vertex 149.681 139.746 0.2
    endloop
  endfacet
  facet normal -0 0 1
    outer loop
      vertex 149.546 140.719 0.2
      vertex 149.627 139.827 0.2
      vertex 149.627 140.773 0.2
    endloop
  endfacet
  facet normal 0 0 1
    outer loop
      vertex 149.546 140.719 0.2
      vertex 149.546 139.881 0.2
      vertex 149.627 139.827 0.2
    endloop
  endfacet
  facet normal -0 0 1
    outer loop
      vertex 149.45 140.7 0.2
      vertex 149.546 139.881 0.2
      vertex 149.546 140.719 0.2
    endloop
  endfacet
  facet normal 0 0 1
    outer loop
      vertex 149.45 140.7 0.2
      vertex 149.45 139.9 0.2
      vertex 149.546 139.881 0.2
    endloop
  endfacet
  facet normal -0 0 1
    outer loop
      vertex 148.55 140.7 0.2
      vertex 149.45 139.9 0.2
      vertex 149.45 140.7 0.2
    endloop
  endfacet
  facet normal 0 0 1
    outer loop
      vertex 148.55 140.7 0.2
      vertex 148.55 139.9 0.2
      vertex 149.45 139.9 0.2
    endloop
  endfacet
  facet normal 0 0 1
    outer loop
      vertex 148.454 140.719 0.2
      vertex 148.55 139.9 0.2
      vertex 148.55 140.7 0.2
    endloop
  endfacet
  facet normal 0 0 1
    outer loop
      vertex 148.454 140.719 0.2
      vertex 148.454 139.881 0.2
      vertex 148.55 139.9 0.2
    endloop
  endfacet
  facet normal 0 0 1
    outer loop
      vertex 148.373 140.773 0.2
      vertex 148.454 139.881 0.2
      vertex 148.454 140.719 0.2
    endloop
  endfacet
  facet normal 0 0 1
    outer loop
      vertex 148.373 140.773 0.2
      vertex 148.373 139.827 0.2
      vertex 148.454 139.881 0.2
    endloop
  endfacet
  facet normal 0 0 1
    outer loop
      vertex 147.281 140.754 0.2
      vertex 148.319 140.854 0.2
      vertex 147.3 140.85 0.2
    endloop
  endfacet
  facet normal 0 0 1
    outer loop
      vertex 148.319 140.854 0.2
      vertex 147.281 140.754 0.2
      vertex 148.373 140.773 0.2
    endloop
  endfacet
  facet normal 0 0 1
    outer loop
      vertex 147.3 140.85 0.2
      vertex 148.319 140.854 0.2
      vertex 148.3 140.95 0.2
    endloop
  endfacet
  facet normal 0 0 1
    outer loop
      vertex 147.227 140.673 0.2
      vertex 148.373 140.773 0.2
      vertex 147.281 140.754 0.2
    endloop
  endfacet
  facet normal 0 0 1
    outer loop
      vertex 153.548 140.724 0.2
      vertex 152.827 140.673 0.2
      vertex 153.548 139.677 0.2
    endloop
  endfacet
  facet normal 0 0 1
    outer loop
      vertex 153.548 139.677 0.2
      vertex 152.881 139.646 0.2
      vertex 152.9 139.55 0.2
    endloop
  endfacet
  facet normal -0 0 1
    outer loop
      vertex 152.827 139.727 0.2
      vertex 153.548 139.677 0.2
      vertex 152.827 140.673 0.2
    endloop
  endfacet
  facet normal 0 0 1
    outer loop
      vertex 153.548 139.677 0.2
      vertex 152.827 139.727 0.2
      vertex 152.881 139.646 0.2
    endloop
  endfacet
  facet normal -0 0 1
    outer loop
      vertex 152.746 140.619 0.2
      vertex 152.827 139.727 0.2
      vertex 152.827 140.673 0.2
    endloop
  endfacet
  facet normal 0 0 1
    outer loop
      vertex 152.746 140.619 0.2
      vertex 152.746 139.781 0.2
      vertex 152.827 139.727 0.2
    endloop
  endfacet
  facet normal -0 0 1
    outer loop
      vertex 152.65 140.6 0.2
      vertex 152.746 139.781 0.2
      vertex 152.746 140.619 0.2
    endloop
  endfacet
  facet normal 0 0 1
    outer loop
      vertex 152.65 140.6 0.2
      vertex 152.65 139.8 0.2
      vertex 152.746 139.781 0.2
    endloop
  endfacet
  facet normal -0 0 1
    outer loop
      vertex 151.75 140.6 0.2
      vertex 152.65 139.8 0.2
      vertex 152.65 140.6 0.2
    endloop
  endfacet
  facet normal 0 0 1
    outer loop
      vertex 151.75 140.6 0.2
      vertex 151.75 139.8 0.2
      vertex 152.65 139.8 0.2
    endloop
  endfacet
  facet normal 0 0 1
    outer loop
      vertex 151.654 140.619 0.2
      vertex 151.75 139.8 0.2
      vertex 151.75 140.6 0.2
    endloop
  endfacet
  facet normal 0 0 1
    outer loop
      vertex 151.654 140.619 0.2
      vertex 151.654 139.781 0.2
      vertex 151.75 139.8 0.2
    endloop
  endfacet
  facet normal 0 0 1
    outer loop
      vertex 151.573 140.673 0.2
      vertex 151.654 139.781 0.2
      vertex 151.654 140.619 0.2
    endloop
  endfacet
  facet normal 0 0 1
    outer loop
      vertex 151.573 140.673 0.2
      vertex 151.573 139.727 0.2
      vertex 151.654 139.781 0.2
    endloop
  endfacet
  facet normal 0 0 1
    outer loop
      vertex 151.519 140.754 0.2
      vertex 151.573 139.727 0.2
      vertex 151.573 140.673 0.2
    endloop
  endfacet
  facet normal 0 0 1
    outer loop
      vertex 151.519 140.754 0.2
      vertex 151.519 139.646 0.2
      vertex 151.573 139.727 0.2
    endloop
  endfacet
  facet normal -0 0 1
    outer loop
      vertex 149.681 140.854 0.2
      vertex 151.5 140.85 0.2
      vertex 149.7 140.95 0.2
    endloop
  endfacet
  facet normal 0 0 1
    outer loop
      vertex 151.519 140.754 0.2
      vertex 149.7 139.65 0.2
      vertex 151.519 139.646 0.2
    endloop
  endfacet
  facet normal -0 0 1
    outer loop
      vertex 154.906 140.805 0.2
      vertex 154.925 139.5 0.2
      vertex 154.925 140.9 0.2
    endloop
  endfacet
  facet normal 0 0 1
    outer loop
      vertex 154.906 140.805 0.2
      vertex 154.906 139.596 0.2
      vertex 154.925 139.5 0.2
    endloop
  endfacet
  facet normal -0 0 1
    outer loop
      vertex 154.852 140.724 0.2
      vertex 154.906 139.596 0.2
      vertex 154.906 140.805 0.2
    endloop
  endfacet
  facet normal 0 0 1
    outer loop
      vertex 154.852 140.724 0.2
      vertex 154.852 139.677 0.2
      vertex 154.906 139.596 0.2
    endloop
  endfacet
  facet normal -0 0 1
    outer loop
      vertex 154.771 140.669 0.2
      vertex 154.852 139.677 0.2
      vertex 154.852 140.724 0.2
    endloop
  endfacet
  facet normal 0 0 1
    outer loop
      vertex 154.771 140.669 0.2
      vertex 154.771 139.731 0.2
      vertex 154.852 139.677 0.2
    endloop
  endfacet
  facet normal -0 0 1
    outer loop
      vertex 154.675 140.65 0.2
      vertex 154.771 139.731 0.2
      vertex 154.771 140.669 0.2
    endloop
  endfacet
  facet normal 0 0 1
    outer loop
      vertex 154.675 140.65 0.2
      vertex 154.675 139.75 0.2
      vertex 154.771 139.731 0.2
    endloop
  endfacet
  facet normal -0 0 1
    outer loop
      vertex 153.725 140.65 0.2
      vertex 154.675 139.75 0.2
      vertex 154.675 140.65 0.2
    endloop
  endfacet
  facet normal 0 0 1
    outer loop
      vertex 153.725 140.65 0.2
      vertex 153.725 139.75 0.2
      vertex 154.675 139.75 0.2
    endloop
  endfacet
  facet normal 0 0 1
    outer loop
      vertex 153.629 140.669 0.2
      vertex 153.725 139.75 0.2
      vertex 153.725 140.65 0.2
    endloop
  endfacet
  facet normal 0 0 1
    outer loop
      vertex 153.629 140.669 0.2
      vertex 153.629 139.731 0.2
      vertex 153.725 139.75 0.2
    endloop
  endfacet
  facet normal 0 0 1
    outer loop
      vertex 153.548 140.724 0.2
      vertex 153.629 139.731 0.2
      vertex 153.629 140.669 0.2
    endloop
  endfacet
  facet normal 0 0 1
    outer loop
      vertex 153.548 140.724 0.2
      vertex 153.548 139.677 0.2
      vertex 153.629 139.731 0.2
    endloop
  endfacet
  facet normal 0 0 1
    outer loop
      vertex 152.881 140.754 0.2
      vertex 153.494 140.805 0.2
      vertex 152.9 140.85 0.2
    endloop
  endfacet
  facet normal 0 0 1
    outer loop
      vertex 153.494 140.805 0.2
      vertex 152.881 140.754 0.2
      vertex 153.548 140.724 0.2
    endloop
  endfacet
  facet normal -0 0 1
    outer loop
      vertex 152.9 140.85 0.2
      vertex 153.494 140.805 0.2
      vertex 153.475 140.9 0.2
    endloop
  endfacet
  facet normal 0 0 1
    outer loop
      vertex 152.827 140.673 0.2
      vertex 153.548 140.724 0.2
      vertex 152.881 140.754 0.2
    endloop
  endfacet
  facet normal 0 0 1
    outer loop
      vertex 156.825 143.875 0.2
      vertex 154.906 141.671 0.2
      vertex 154.925 141.575 0.2
    endloop
  endfacet
  facet normal 0 0 1
    outer loop
      vertex 155.445 143.919 0.2
      vertex 154.852 141.752 0.2
      vertex 154.906 141.671 0.2
    endloop
  endfacet
  facet normal 0 0 1
    outer loop
      vertex 155.35 143.9 0.2
      vertex 154.771 141.806 0.2
      vertex 154.852 141.752 0.2
    endloop
  endfacet
  facet normal 0 0 1
    outer loop
      vertex 155.35 143.9 0.2
      vertex 154.675 141.825 0.2
      vertex 154.771 141.806 0.2
    endloop
  endfacet
  facet normal -0 0 1
    outer loop
      vertex 154.45 143.9 0.2
      vertex 154.675 141.825 0.2
      vertex 155.35 143.9 0.2
    endloop
  endfacet
  facet normal 0 0 1
    outer loop
      vertex 154.354 143.919 0.2
      vertex 154.675 141.825 0.2
      vertex 154.45 143.9 0.2
    endloop
  endfacet
  facet normal 0 0 1
    outer loop
      vertex 153.725 141.825 0.2
      vertex 154.354 143.919 0.2
      vertex 154.273 143.974 0.2
    endloop
  endfacet
  facet normal 0 0 1
    outer loop
      vertex 152.746 141.781 0.2
      vertex 154.273 143.974 0.2
      vertex 154.219 144.055 0.2
    endloop
  endfacet
  facet normal 0 0 1
    outer loop
      vertex 154.354 143.919 0.2
      vertex 153.725 141.825 0.2
      vertex 154.675 141.825 0.2
    endloop
  endfacet
  facet normal 0 0 1
    outer loop
      vertex 152.65 141.8 0.2
      vertex 154.219 144.055 0.2
      vertex 154.2 144.15 0.2
    endloop
  endfacet
  facet normal 0 0 1
    outer loop
      vertex 156.648 146.023 0.2
      vertex 155.526 145.974 0.2
      vertex 156.648 144.977 0.2
    endloop
  endfacet
  facet normal 0 0 1
    outer loop
      vertex 156.648 144.977 0.2
      vertex 155.581 144.945 0.2
      vertex 155.6 144.85 0.2
    endloop
  endfacet
  facet normal -0 0 1
    outer loop
      vertex 155.526 145.026 0.2
      vertex 156.648 144.977 0.2
      vertex 155.526 145.974 0.2
    endloop
  endfacet
  facet normal 0 0 1
    outer loop
      vertex 156.648 144.977 0.2
      vertex 155.526 145.026 0.2
      vertex 155.581 144.945 0.2
    endloop
  endfacet
  facet normal -0 0 1
    outer loop
      vertex 155.445 145.919 0.2
      vertex 155.526 145.026 0.2
      vertex 155.526 145.974 0.2
    endloop
  endfacet
  facet normal 0 0 1
    outer loop
      vertex 155.445 145.919 0.2
      vertex 155.445 145.081 0.2
      vertex 155.526 145.026 0.2
    endloop
  endfacet
  facet normal -0 0 1
    outer loop
      vertex 155.35 145.9 0.2
      vertex 155.445 145.081 0.2
      vertex 155.445 145.919 0.2
    endloop
  endfacet
  facet normal 0 0 1
    outer loop
      vertex 155.35 145.9 0.2
      vertex 155.35 145.1 0.2
      vertex 155.445 145.081 0.2
    endloop
  endfacet
  facet normal -0 0 1
    outer loop
      vertex 154.45 145.9 0.2
      vertex 155.35 145.1 0.2
      vertex 155.35 145.9 0.2
    endloop
  endfacet
  facet normal 0 0 1
    outer loop
      vertex 154.45 145.9 0.2
      vertex 154.45 145.1 0.2
      vertex 155.35 145.1 0.2
    endloop
  endfacet
  facet normal 0 0 1
    outer loop
      vertex 154.354 145.919 0.2
      vertex 154.45 145.1 0.2
      vertex 154.45 145.9 0.2
    endloop
  endfacet
  facet normal 0 0 1
    outer loop
      vertex 154.354 145.919 0.2
      vertex 154.354 145.081 0.2
      vertex 154.45 145.1 0.2
    endloop
  endfacet
  facet normal 0 0 1
    outer loop
      vertex 154.273 145.974 0.2
      vertex 154.354 145.081 0.2
      vertex 154.354 145.919 0.2
    endloop
  endfacet
  facet normal 0 0 1
    outer loop
      vertex 154.273 145.974 0.2
      vertex 154.273 145.026 0.2
      vertex 154.354 145.081 0.2
    endloop
  endfacet
  facet normal 0 0 1
    outer loop
      vertex 154.219 146.055 0.2
      vertex 154.273 145.026 0.2
      vertex 154.273 145.974 0.2
    endloop
  endfacet
  facet normal 0 0 1
    outer loop
      vertex 154.219 146.055 0.2
      vertex 154.219 144.945 0.2
      vertex 154.273 145.026 0.2
    endloop
  endfacet
  facet normal 0 0 1
    outer loop
      vertex 154.2 146.15 0.2
      vertex 154.219 144.945 0.2
      vertex 154.219 146.055 0.2
    endloop
  endfacet
  facet normal 0 0 1
    outer loop
      vertex 154.219 144.945 0.2
      vertex 154.2 146.15 0.2
      vertex 154.2 144.85 0.2
    endloop
  endfacet
  facet normal -0 0 1
    outer loop
      vertex 158.006 146.104 0.2
      vertex 158.025 144.8 0.2
      vertex 158.025 146.2 0.2
    endloop
  endfacet
  facet normal 0 0 1
    outer loop
      vertex 158.006 146.104 0.2
      vertex 158.006 144.896 0.2
      vertex 158.025 144.8 0.2
    endloop
  endfacet
  facet normal -0 0 1
    outer loop
      vertex 157.952 146.023 0.2
      vertex 158.006 144.896 0.2
      vertex 158.006 146.104 0.2
    endloop
  endfacet
  facet normal 0 0 1
    outer loop
      vertex 157.952 146.023 0.2
      vertex 157.952 144.977 0.2
      vertex 158.006 144.896 0.2
    endloop
  endfacet
  facet normal -0 0 1
    outer loop
      vertex 157.871 145.969 0.2
      vertex 157.952 144.977 0.2
      vertex 157.952 146.023 0.2
    endloop
  endfacet
  facet normal 0 0 1
    outer loop
      vertex 157.871 145.969 0.2
      vertex 157.871 145.031 0.2
      vertex 157.952 144.977 0.2
    endloop
  endfacet
  facet normal -0 0 1
    outer loop
      vertex 157.775 145.95 0.2
      vertex 157.871 145.031 0.2
      vertex 157.871 145.969 0.2
    endloop
  endfacet
  facet normal 0 0 1
    outer loop
      vertex 157.775 145.95 0.2
      vertex 157.775 145.05 0.2
      vertex 157.871 145.031 0.2
    endloop
  endfacet
  facet normal -0 0 1
    outer loop
      vertex 156.825 145.95 0.2
      vertex 157.775 145.05 0.2
      vertex 157.775 145.95 0.2
    endloop
  endfacet
  facet normal 0 0 1
    outer loop
      vertex 156.825 145.95 0.2
      vertex 156.825 145.05 0.2
      vertex 157.775 145.05 0.2
    endloop
  endfacet
  facet normal 0 0 1
    outer loop
      vertex 156.729 145.969 0.2
      vertex 156.825 145.05 0.2
      vertex 156.825 145.95 0.2
    endloop
  endfacet
  facet normal 0 0 1
    outer loop
      vertex 156.729 145.969 0.2
      vertex 156.729 145.031 0.2
      vertex 156.825 145.05 0.2
    endloop
  endfacet
  facet normal 0 0 1
    outer loop
      vertex 156.648 146.023 0.2
      vertex 156.729 145.031 0.2
      vertex 156.729 145.969 0.2
    endloop
  endfacet
  facet normal 0 0 1
    outer loop
      vertex 156.648 146.023 0.2
      vertex 156.648 144.977 0.2
      vertex 156.729 145.031 0.2
    endloop
  endfacet
  facet normal 0 0 1
    outer loop
      vertex 155.581 146.055 0.2
      vertex 156.594 146.104 0.2
      vertex 155.6 146.15 0.2
    endloop
  endfacet
  facet normal 0 0 1
    outer loop
      vertex 156.594 146.104 0.2
      vertex 155.581 146.055 0.2
      vertex 156.648 146.023 0.2
    endloop
  endfacet
  facet normal -0 0 1
    outer loop
      vertex 155.6 146.15 0.2
      vertex 156.594 146.104 0.2
      vertex 156.575 146.2 0.2
    endloop
  endfacet
  facet normal 0 0 1
    outer loop
      vertex 155.526 145.974 0.2
      vertex 156.648 146.023 0.2
      vertex 155.581 146.055 0.2
    endloop
  endfacet
  facet normal 0 0 1
    outer loop
      vertex 170 150 0.2
      vertex 180 158 0.2
      vertex 170 158 0.2
    endloop
  endfacet
  facet normal 0 0 1
    outer loop
      vertex 180 158 0.2
      vertex 170 150 0.2
      vertex 180 134.76 0.2
    endloop
  endfacet
  facet normal -0 0 1
    outer loop
      vertex 158.006 144.029 0.2
      vertex 180 134.76 0.2
      vertex 170 150 0.2
    endloop
  endfacet
  facet normal 0 0 1
    outer loop
      vertex 158.025 146.2 0.2
      vertex 170 150 0.2
      vertex 158.025 146.875 0.2
    endloop
  endfacet
  facet normal 0 0 1
    outer loop
      vertex 170 150 0.2
      vertex 158.006 146.971 0.2
      vertex 158.025 146.875 0.2
    endloop
  endfacet
  facet normal 0 0 1
    outer loop
      vertex 170 150 0.2
      vertex 157.952 147.052 0.2
      vertex 158.006 146.971 0.2
    endloop
  endfacet
  facet normal 0 0 1
    outer loop
      vertex 170 150 0.2
      vertex 157.871 147.106 0.2
      vertex 157.952 147.052 0.2
    endloop
  endfacet
  facet normal 0 0 1
    outer loop
      vertex 170 150 0.2
      vertex 157.775 147.125 0.2
      vertex 157.871 147.106 0.2
    endloop
  endfacet
  facet normal 0 0 1
    outer loop
      vertex 170 150 0.2
      vertex 156.825 147.125 0.2
      vertex 157.775 147.125 0.2
    endloop
  endfacet
  facet normal 0 0 1
    outer loop
      vertex 155.35 147.1 0.2
      vertex 156.825 147.125 0.2
      vertex 170 150 0.2
    endloop
  endfacet
  facet normal -0 0 1
    outer loop
      vertex 155.6 146.85 0.2
      vertex 156.575 146.2 0.2
      vertex 156.575 146.875 0.2
    endloop
  endfacet
  facet normal 0 0 1
    outer loop
      vertex 156.648 144.977 0.2
      vertex 155.6 144.85 0.2
      vertex 156.594 144.896 0.2
    endloop
  endfacet
  facet normal 0 0 1
    outer loop
      vertex 156.575 146.2 0.2
      vertex 155.6 146.85 0.2
      vertex 155.6 146.15 0.2
    endloop
  endfacet
  facet normal -0 0 1
    outer loop
      vertex 155.581 146.945 0.2
      vertex 156.575 146.875 0.2
      vertex 156.594 146.971 0.2
    endloop
  endfacet
  facet normal -0 0 1
    outer loop
      vertex 155.526 147.026 0.2
      vertex 156.594 146.971 0.2
      vertex 156.648 147.052 0.2
    endloop
  endfacet
  facet normal -0 0 1
    outer loop
      vertex 155.445 147.081 0.2
      vertex 156.648 147.052 0.2
      vertex 156.729 147.106 0.2
    endloop
  endfacet
  facet normal 0 0 1
    outer loop
      vertex 156.575 146.875 0.2
      vertex 155.581 146.945 0.2
      vertex 155.6 146.85 0.2
    endloop
  endfacet
  facet normal 0 0 1
    outer loop
      vertex 156.825 147.125 0.2
      vertex 155.35 147.1 0.2
      vertex 156.729 147.106 0.2
    endloop
  endfacet
  facet normal 0 0 1
    outer loop
      vertex 156.594 146.971 0.2
      vertex 155.526 147.026 0.2
      vertex 155.581 146.945 0.2
    endloop
  endfacet
  facet normal 0 0 1
    outer loop
      vertex 156.648 147.052 0.2
      vertex 155.445 147.081 0.2
      vertex 155.526 147.026 0.2
    endloop
  endfacet
  facet normal 0 0 1
    outer loop
      vertex 156.729 147.106 0.2
      vertex 155.35 147.1 0.2
      vertex 155.445 147.081 0.2
    endloop
  endfacet
  facet normal 0 0 1
    outer loop
      vertex 170 150 0.2
      vertex 154.45 147.1 0.2
      vertex 155.35 147.1 0.2
    endloop
  endfacet
  facet normal 0 0 1
    outer loop
      vertex 149.45 141.9 0.2
      vertex 154.2 146.15 0.2
      vertex 154.2 146.85 0.2
    endloop
  endfacet
  facet normal 0 0 1
    outer loop
      vertex 154.2 146.15 0.2
      vertex 149.546 141.881 0.2
      vertex 154.2 144.85 0.2
    endloop
  endfacet
  facet normal 0 -0 1
    outer loop
      vertex 151.654 141.781 0.2
      vertex 154.2 144.85 0.2
      vertex 149.546 141.881 0.2
    endloop
  endfacet
  facet normal 0 0 1
    outer loop
      vertex 154.273 143.974 0.2
      vertex 153.629 141.806 0.2
      vertex 153.725 141.825 0.2
    endloop
  endfacet
  facet normal 0 0 1
    outer loop
      vertex 154.219 144.055 0.2
      vertex 152.65 141.8 0.2
      vertex 152.746 141.781 0.2
    endloop
  endfacet
  facet normal 0 0 1
    outer loop
      vertex 153.629 141.806 0.2
      vertex 152.746 141.781 0.2
      vertex 153.548 141.752 0.2
    endloop
  endfacet
  facet normal 0 -0 1
    outer loop
      vertex 152.827 141.727 0.2
      vertex 153.548 141.752 0.2
      vertex 152.746 141.781 0.2
    endloop
  endfacet
  facet normal -0 0 1
    outer loop
      vertex 152.9 141.55 0.2
      vertex 153.475 140.9 0.2
      vertex 153.475 141.575 0.2
    endloop
  endfacet
  facet normal 0 0 1
    outer loop
      vertex 153.548 139.677 0.2
      vertex 152.9 139.55 0.2
      vertex 153.494 139.596 0.2
    endloop
  endfacet
  facet normal 0 0 1
    outer loop
      vertex 153.475 140.9 0.2
      vertex 152.9 141.55 0.2
      vertex 152.9 140.85 0.2
    endloop
  endfacet
  facet normal 0 0 1
    outer loop
      vertex 153.548 141.752 0.2
      vertex 152.827 141.727 0.2
      vertex 153.494 141.671 0.2
    endloop
  endfacet
  facet normal 0 0 1
    outer loop
      vertex 148.55 141.9 0.2
      vertex 154.2 146.85 0.2
      vertex 154.219 146.945 0.2
    endloop
  endfacet
  facet normal 0 0 1
    outer loop
      vertex 153.475 141.575 0.2
      vertex 152.881 141.646 0.2
      vertex 152.9 141.55 0.2
    endloop
  endfacet
  facet normal 0 0 1
    outer loop
      vertex 153.494 141.671 0.2
      vertex 152.881 141.646 0.2
      vertex 153.475 141.575 0.2
    endloop
  endfacet
  facet normal 0 -0 1
    outer loop
      vertex 152.881 141.646 0.2
      vertex 153.494 141.671 0.2
      vertex 152.827 141.727 0.2
    endloop
  endfacet
  facet normal 0 0 1
    outer loop
      vertex 154.273 143.974 0.2
      vertex 152.746 141.781 0.2
      vertex 153.629 141.806 0.2
    endloop
  endfacet
  facet normal 0 0 1
    outer loop
      vertex 154.2 144.15 0.2
      vertex 151.75 141.8 0.2
      vertex 152.65 141.8 0.2
    endloop
  endfacet
  facet normal 0 0 1
    outer loop
      vertex 154.2 144.85 0.2
      vertex 151.75 141.8 0.2
      vertex 154.2 144.15 0.2
    endloop
  endfacet
  facet normal 0 -0 1
    outer loop
      vertex 151.75 141.8 0.2
      vertex 154.2 144.85 0.2
      vertex 151.654 141.781 0.2
    endloop
  endfacet
  facet normal -0 -0 1
    outer loop
      vertex 149.627 141.827 0.2
      vertex 151.654 141.781 0.2
      vertex 149.546 141.881 0.2
    endloop
  endfacet
  facet normal -0 0 1
    outer loop
      vertex 149.7 140.95 0.2
      vertex 151.5 140.85 0.2
      vertex 151.5 141.55 0.2
    endloop
  endfacet
  facet normal 0 0 1
    outer loop
      vertex 151.5 140.85 0.2
      vertex 149.681 140.854 0.2
      vertex 151.519 140.754 0.2
    endloop
  endfacet
  facet normal 0 0 1
    outer loop
      vertex 149.7 140.95 0.2
      vertex 151.5 141.55 0.2
      vertex 149.7 141.65 0.2
    endloop
  endfacet
  facet normal 0 0 1
    outer loop
      vertex 151.519 141.646 0.2
      vertex 149.7 141.65 0.2
      vertex 151.5 141.55 0.2
    endloop
  endfacet
  facet normal 0 0 1
    outer loop
      vertex 151.654 141.781 0.2
      vertex 149.627 141.827 0.2
      vertex 151.573 141.727 0.2
    endloop
  endfacet
  facet normal 0 0 1
    outer loop
      vertex 144.15 141.7 0.2
      vertex 154.219 146.945 0.2
      vertex 154.273 147.026 0.2
    endloop
  endfacet
  facet normal 0 0 1
    outer loop
      vertex 151.519 141.646 0.2
      vertex 149.681 141.746 0.2
      vertex 149.7 141.65 0.2
    endloop
  endfacet
  facet normal 0 0 1
    outer loop
      vertex 151.573 141.727 0.2
      vertex 149.681 141.746 0.2
      vertex 151.519 141.646 0.2
    endloop
  endfacet
  facet normal -0 -0 1
    outer loop
      vertex 149.681 141.746 0.2
      vertex 151.573 141.727 0.2
      vertex 149.627 141.827 0.2
    endloop
  endfacet
  facet normal 0 0 1
    outer loop
      vertex 154.2 146.15 0.2
      vertex 149.45 141.9 0.2
      vertex 149.546 141.881 0.2
    endloop
  endfacet
  facet normal 0 0 1
    outer loop
      vertex 154.2 146.85 0.2
      vertex 148.55 141.9 0.2
      vertex 149.45 141.9 0.2
    endloop
  endfacet
  facet normal 0 0 1
    outer loop
      vertex 154.219 146.945 0.2
      vertex 147.05 141.8 0.2
      vertex 148.55 141.9 0.2
    endloop
  endfacet
  facet normal 0 0 1
    outer loop
      vertex 148.55 141.9 0.2
      vertex 147.05 141.8 0.2
      vertex 148.454 141.881 0.2
    endloop
  endfacet
  facet normal -0 0 1
    outer loop
      vertex 147.3 141.55 0.2
      vertex 148.3 140.95 0.2
      vertex 148.3 141.65 0.2
    endloop
  endfacet
  facet normal 0 0 1
    outer loop
      vertex 148.373 140.773 0.2
      vertex 147.227 140.673 0.2
      vertex 148.373 139.827 0.2
    endloop
  endfacet
  facet normal 0 0 1
    outer loop
      vertex 148.319 139.746 0.2
      vertex 147.3 139.55 0.2
      vertex 148.3 139.65 0.2
    endloop
  endfacet
  facet normal 0 0 1
    outer loop
      vertex 148.319 138.854 0.2
      vertex 147.3 138.85 0.2
      vertex 147.281 138.754 0.2
    endloop
  endfacet
  facet normal 0 0 1
    outer loop
      vertex 148.373 138.773 0.2
      vertex 147.281 138.754 0.2
      vertex 147.227 138.673 0.2
    endloop
  endfacet
  facet normal 0 0 1
    outer loop
      vertex 148.454 138.719 0.2
      vertex 147.227 138.673 0.2
      vertex 147.146 138.619 0.2
    endloop
  endfacet
  facet normal 0 0 1
    outer loop
      vertex 148.454 138.719 0.2
      vertex 147.146 138.619 0.2
      vertex 147.9 134.4 0.2
    endloop
  endfacet
  facet normal 0 0 1
    outer loop
      vertex 146.75 133.45 0.2
      vertex 147.65 133.45 0.2
      vertex 147.65 134.15 0.2
    endloop
  endfacet
  facet normal 0 0 1
    outer loop
      vertex 147.724 132.327 0.2
      vertex 146.75 132.15 0.2
      vertex 147.669 132.246 0.2
    endloop
  endfacet
  facet normal 0 0 1
    outer loop
      vertex 147.65 132.15 0.2
      vertex 146.75 132.15 0.2
      vertex 147.65 131.45 0.2
    endloop
  endfacet
  facet normal 0 0 1
    outer loop
      vertex 146.75 131.45 0.2
      vertex 147.65 131.45 0.2
      vertex 146.75 132.15 0.2
    endloop
  endfacet
  facet normal -0 0 1
    outer loop
      vertex 146.7 129.45 0.2
      vertex 147.6 128.8 0.2
      vertex 147.6 129.5 0.2
    endloop
  endfacet
  facet normal 0 0 1
    outer loop
      vertex 147.673 127.677 0.2
      vertex 146.7 127.45 0.2
      vertex 147.619 127.596 0.2
    endloop
  endfacet
  facet normal 0 0 1
    outer loop
      vertex 148.3 138.95 0.2
      vertex 147.3 139.55 0.2
      vertex 147.3 138.85 0.2
    endloop
  endfacet
  facet normal 0 0 1
    outer loop
      vertex 148.3 139.65 0.2
      vertex 147.3 139.55 0.2
      vertex 148.3 138.95 0.2
    endloop
  endfacet
  facet normal 0 0 1
    outer loop
      vertex 148.3 140.95 0.2
      vertex 147.3 141.55 0.2
      vertex 147.3 140.85 0.2
    endloop
  endfacet
  facet normal 0 0 1
    outer loop
      vertex 147.281 141.646 0.2
      vertex 148.3 141.65 0.2
      vertex 148.319 141.746 0.2
    endloop
  endfacet
  facet normal 0 0 1
    outer loop
      vertex 147.227 141.727 0.2
      vertex 148.319 141.746 0.2
      vertex 148.373 141.827 0.2
    endloop
  endfacet
  facet normal 0 -0 1
    outer loop
      vertex 147.146 141.781 0.2
      vertex 148.454 141.881 0.2
      vertex 147.05 141.8 0.2
    endloop
  endfacet
  facet normal 0 0 1
    outer loop
      vertex 148.3 141.65 0.2
      vertex 147.281 141.646 0.2
      vertex 147.3 141.55 0.2
    endloop
  endfacet
  facet normal 0 0 1
    outer loop
      vertex 148.319 141.746 0.2
      vertex 147.227 141.727 0.2
      vertex 147.281 141.646 0.2
    endloop
  endfacet
  facet normal 0 0 1
    outer loop
      vertex 148.373 141.827 0.2
      vertex 147.146 141.781 0.2
      vertex 147.227 141.727 0.2
    endloop
  endfacet
  facet normal 0 0 1
    outer loop
      vertex 148.454 141.881 0.2
      vertex 147.146 141.781 0.2
      vertex 148.373 141.827 0.2
    endloop
  endfacet
  facet normal 0 0 1
    outer loop
      vertex 154.219 146.945 0.2
      vertex 146.15 141.8 0.2
      vertex 147.05 141.8 0.2
    endloop
  endfacet
  facet normal 0 0 1
    outer loop
      vertex 125.596 146.441 0.2
      vertex 154.273 147.026 0.2
      vertex 154.354 147.081 0.2
    endloop
  endfacet
  facet normal 0 0 1
    outer loop
      vertex 154.219 146.945 0.2
      vertex 144.15 141.7 0.2
      vertex 146.15 141.8 0.2
    endloop
  endfacet
  facet normal -0 0 1
    outer loop
      vertex 144.4 141.45 0.2
      vertex 145.9 140.85 0.2
      vertex 145.9 141.55 0.2
    endloop
  endfacet
  facet normal 0 0 1
    outer loop
      vertex 145.919 140.754 0.2
      vertex 144.381 140.654 0.2
      vertex 145.919 139.646 0.2
    endloop
  endfacet
  facet normal 0 0 1
    outer loop
      vertex 145.919 139.646 0.2
      vertex 144.4 139.45 0.2
      vertex 145.9 139.55 0.2
    endloop
  endfacet
  facet normal 0 0 1
    outer loop
      vertex 145.919 138.754 0.2
      vertex 144.4 138.75 0.2
      vertex 144.381 138.654 0.2
    endloop
  endfacet
  facet normal 0 0 1
    outer loop
      vertex 145.974 138.673 0.2
      vertex 144.381 138.654 0.2
      vertex 144.327 138.573 0.2
    endloop
  endfacet
  facet normal 0 0 1
    outer loop
      vertex 146.055 138.619 0.2
      vertex 144.327 138.573 0.2
      vertex 144.246 138.519 0.2
    endloop
  endfacet
  facet normal 0 0 1
    outer loop
      vertex 146.055 138.619 0.2
      vertex 144.246 138.519 0.2
      vertex 145.6 134.4 0.2
    endloop
  endfacet
  facet normal 0 0 1
    outer loop
      vertex 143.035 134.174 0.2
      vertex 145.35 133.45 0.2
      vertex 145.35 134.15 0.2
    endloop
  endfacet
  facet normal -0 0 1
    outer loop
      vertex 142.927 134.065 0.2
      vertex 145.369 132.246 0.2
      vertex 142.991 134.108 0.2
    endloop
  endfacet
  facet normal 0 0 1
    outer loop
      vertex 145.369 132.246 0.2
      vertex 142.927 134.065 0.2
      vertex 145.35 132.15 0.2
    endloop
  endfacet
  facet normal 0 0 1
    outer loop
      vertex 142.435 130.127 0.2
      vertex 145.319 129.546 0.2
      vertex 145.373 129.627 0.2
    endloop
  endfacet
  facet normal 0 0 1
    outer loop
      vertex 142.45 128.55 0.2
      vertex 145.3 128.75 0.2
      vertex 145.3 129.45 0.2
    endloop
  endfacet
  facet normal 0 0 1
    outer loop
      vertex 145.319 128.654 0.2
      vertex 142.45 128.55 0.2
      vertex 142.435 128.474 0.2
    endloop
  endfacet
  facet normal 0 0 1
    outer loop
      vertex 145.9 138.85 0.2
      vertex 144.4 139.45 0.2
      vertex 144.4 138.75 0.2
    endloop
  endfacet
  facet normal 0 0 1
    outer loop
      vertex 145.9 139.55 0.2
      vertex 144.4 139.45 0.2
      vertex 145.9 138.85 0.2
    endloop
  endfacet
  facet normal 0 0 1
    outer loop
      vertex 145.9 140.85 0.2
      vertex 144.4 141.45 0.2
      vertex 144.4 140.75 0.2
    endloop
  endfacet
  facet normal 0 0 1
    outer loop
      vertex 144.381 141.546 0.2
      vertex 145.9 141.55 0.2
      vertex 145.919 141.646 0.2
    endloop
  endfacet
  facet normal 0 0 1
    outer loop
      vertex 144.327 141.627 0.2
      vertex 145.919 141.646 0.2
      vertex 145.974 141.727 0.2
    endloop
  endfacet
  facet normal 0 0 1
    outer loop
      vertex 144.246 141.681 0.2
      vertex 145.974 141.727 0.2
      vertex 146.055 141.781 0.2
    endloop
  endfacet
  facet normal 0 0 1
    outer loop
      vertex 146.15 141.8 0.2
      vertex 144.15 141.7 0.2
      vertex 146.055 141.781 0.2
    endloop
  endfacet
  facet normal 0 0 1
    outer loop
      vertex 145.9 141.55 0.2
      vertex 144.381 141.546 0.2
      vertex 144.4 141.45 0.2
    endloop
  endfacet
  facet normal 0 0 1
    outer loop
      vertex 145.919 141.646 0.2
      vertex 144.327 141.627 0.2
      vertex 144.381 141.546 0.2
    endloop
  endfacet
  facet normal 0 0 1
    outer loop
      vertex 145.974 141.727 0.2
      vertex 144.246 141.681 0.2
      vertex 144.327 141.627 0.2
    endloop
  endfacet
  facet normal 0 0 1
    outer loop
      vertex 146.055 141.781 0.2
      vertex 144.15 141.7 0.2
      vertex 144.246 141.681 0.2
    endloop
  endfacet
  facet normal 0 0 1
    outer loop
      vertex 154.273 147.026 0.2
      vertex 143.25 141.7 0.2
      vertex 144.15 141.7 0.2
    endloop
  endfacet
  facet normal 0 0 1
    outer loop
      vertex 154.273 147.026 0.2
      vertex 141.45 141.6 0.2
      vertex 143.25 141.7 0.2
    endloop
  endfacet
  facet normal -0 0 1
    outer loop
      vertex 141.7 141.35 0.2
      vertex 143 140.75 0.2
      vertex 143 141.45 0.2
    endloop
  endfacet
  facet normal 0 0 1
    outer loop
      vertex 143.073 139.627 0.2
      vertex 141.681 140.555 0.2
      vertex 143.019 139.546 0.2
    endloop
  endfacet
  facet normal 0 0 1
    outer loop
      vertex 143.019 139.546 0.2
      vertex 141.7 139.35 0.2
      vertex 143 139.45 0.2
    endloop
  endfacet
  facet normal 0 0 1
    outer loop
      vertex 143.019 138.654 0.2
      vertex 141.7 138.65 0.2
      vertex 141.681 138.555 0.2
    endloop
  endfacet
  facet normal 0 0 1
    outer loop
      vertex 143.154 138.519 0.2
      vertex 142.927 135.935 0.2
      vertex 142.991 135.892 0.2
    endloop
  endfacet
  facet normal 0 0 1
    outer loop
      vertex 143.073 138.573 0.2
      vertex 141.681 138.555 0.2
      vertex 141.627 138.474 0.2
    endloop
  endfacet
  facet normal 0 0 1
    outer loop
      vertex 143.154 138.519 0.2
      vertex 142.85 135.95 0.2
      vertex 142.927 135.935 0.2
    endloop
  endfacet
  facet normal 0 0 1
    outer loop
      vertex 143.154 138.519 0.2
      vertex 141.627 138.474 0.2
      vertex 142.45 135.95 0.2
    endloop
  endfacet
  facet normal 0 0 1
    outer loop
      vertex 143.154 138.519 0.2
      vertex 142.45 135.95 0.2
      vertex 142.85 135.95 0.2
    endloop
  endfacet
  facet normal -0 0 1
    outer loop
      vertex 141.546 138.419 0.2
      vertex 142.45 135.95 0.2
      vertex 141.627 138.474 0.2
    endloop
  endfacet
  facet normal -0 0 1
    outer loop
      vertex 141.15 135.75 0.2
      vertex 142.25 134.25 0.2
      vertex 142.25 135.75 0.2
    endloop
  endfacet
  facet normal -0 0 1
    outer loop
      vertex 142.085 131.174 0.2
      vertex 142.392 130.191 0.2
      vertex 142.1 131.25 0.2
    endloop
  endfacet
  facet normal 0 0 1
    outer loop
      vertex 142.85 134.05 0.2
      vertex 142.085 132.826 0.2
      vertex 142.1 132.75 0.2
    endloop
  endfacet
  facet normal 0 0 1
    outer loop
      vertex 142.85 134.05 0.2
      vertex 142.041 132.892 0.2
      vertex 142.085 132.826 0.2
    endloop
  endfacet
  facet normal 0 0 1
    outer loop
      vertex 142.45 134.05 0.2
      vertex 141.977 132.935 0.2
      vertex 142.041 132.892 0.2
    endloop
  endfacet
  facet normal 0 0 1
    outer loop
      vertex 142.373 134.065 0.2
      vertex 141.9 132.95 0.2
      vertex 141.977 132.935 0.2
    endloop
  endfacet
  facet normal 0 0 1
    outer loop
      vertex 143 139.45 0.2
      vertex 141.7 139.35 0.2
      vertex 143 138.75 0.2
    endloop
  endfacet
  facet normal 0 0 1
    outer loop
      vertex 143 140.75 0.2
      vertex 141.7 141.35 0.2
      vertex 141.7 140.65 0.2
    endloop
  endfacet
  facet normal 0 0 1
    outer loop
      vertex 141.681 141.445 0.2
      vertex 143 141.45 0.2
      vertex 143.019 141.546 0.2
    endloop
  endfacet
  facet normal 0 0 1
    outer loop
      vertex 141.627 141.526 0.2
      vertex 143.019 141.546 0.2
      vertex 143.073 141.627 0.2
    endloop
  endfacet
  facet normal 0 0 1
    outer loop
      vertex 141.546 141.581 0.2
      vertex 143.073 141.627 0.2
      vertex 143.154 141.681 0.2
    endloop
  endfacet
  facet normal 0 0 1
    outer loop
      vertex 143.25 141.7 0.2
      vertex 141.45 141.6 0.2
      vertex 143.154 141.681 0.2
    endloop
  endfacet
  facet normal 0 0 1
    outer loop
      vertex 143 141.45 0.2
      vertex 141.681 141.445 0.2
      vertex 141.7 141.35 0.2
    endloop
  endfacet
  facet normal 0 0 1
    outer loop
      vertex 143.019 141.546 0.2
      vertex 141.627 141.526 0.2
      vertex 141.681 141.445 0.2
    endloop
  endfacet
  facet normal 0 0 1
    outer loop
      vertex 143.073 141.627 0.2
      vertex 141.546 141.581 0.2
      vertex 141.627 141.526 0.2
    endloop
  endfacet
  facet normal 0 0 1
    outer loop
      vertex 143.154 141.681 0.2
      vertex 141.45 141.6 0.2
      vertex 141.546 141.581 0.2
    endloop
  endfacet
  facet normal 0 0 1
    outer loop
      vertex 154.273 147.026 0.2
      vertex 140.55 141.6 0.2
      vertex 141.45 141.6 0.2
    endloop
  endfacet
  facet normal 0 0 1
    outer loop
      vertex 154.273 147.026 0.2
      vertex 139.3 141.6 0.2
      vertex 140.55 141.6 0.2
    endloop
  endfacet
  facet normal 0 0 1
    outer loop
      vertex 139.55 140.65 0.2
      vertex 140.3 140.65 0.2
      vertex 140.3 141.35 0.2
    endloop
  endfacet
  facet normal 0 0 1
    outer loop
      vertex 140.373 139.526 0.2
      vertex 139.55 139.35 0.2
      vertex 140.319 139.445 0.2
    endloop
  endfacet
  facet normal 0 0 1
    outer loop
      vertex 140.3 139.35 0.2
      vertex 139.55 139.35 0.2
      vertex 140.3 138.65 0.2
    endloop
  endfacet
  facet normal 0 0 1
    outer loop
      vertex 139.531 138.555 0.2
      vertex 140.3 138.65 0.2
      vertex 139.55 138.65 0.2
    endloop
  endfacet
  facet normal 0 0 1
    outer loop
      vertex 139.477 138.474 0.2
      vertex 140.3 138.65 0.2
      vertex 139.531 138.555 0.2
    endloop
  endfacet
  facet normal 0 0 1
    outer loop
      vertex 139.396 138.419 0.2
      vertex 140.3 138.65 0.2
      vertex 139.477 138.474 0.2
    endloop
  endfacet
  facet normal 0 0 1
    outer loop
      vertex 138.45 134.15 0.2
      vertex 140.3 138.65 0.2
      vertex 139.396 138.419 0.2
    endloop
  endfacet
  facet normal 0 0 1
    outer loop
      vertex 140.319 139.445 0.2
      vertex 139.55 139.35 0.2
      vertex 140.3 139.35 0.2
    endloop
  endfacet
  facet normal 0 0 1
    outer loop
      vertex 139.55 140.65 0.2
      vertex 140.3 141.35 0.2
      vertex 139.55 141.35 0.2
    endloop
  endfacet
  facet normal 0 0 1
    outer loop
      vertex 140.319 141.445 0.2
      vertex 139.55 141.35 0.2
      vertex 140.3 141.35 0.2
    endloop
  endfacet
  facet normal 0 0 1
    outer loop
      vertex 139.531 141.445 0.2
      vertex 140.319 141.445 0.2
      vertex 140.373 141.526 0.2
    endloop
  endfacet
  facet normal 0 0 1
    outer loop
      vertex 139.477 141.526 0.2
      vertex 140.373 141.526 0.2
      vertex 140.454 141.581 0.2
    endloop
  endfacet
  facet normal 0 0 1
    outer loop
      vertex 140.55 141.6 0.2
      vertex 139.3 141.6 0.2
      vertex 140.454 141.581 0.2
    endloop
  endfacet
  facet normal 0 0 1
    outer loop
      vertex 140.319 141.445 0.2
      vertex 139.531 141.445 0.2
      vertex 139.55 141.35 0.2
    endloop
  endfacet
  facet normal 0 0 1
    outer loop
      vertex 140.373 141.526 0.2
      vertex 139.477 141.526 0.2
      vertex 139.531 141.445 0.2
    endloop
  endfacet
  facet normal 0 0 1
    outer loop
      vertex 140.454 141.581 0.2
      vertex 139.396 141.581 0.2
      vertex 139.477 141.526 0.2
    endloop
  endfacet
  facet normal 0 0 1
    outer loop
      vertex 140.454 141.581 0.2
      vertex 139.3 141.6 0.2
      vertex 139.396 141.581 0.2
    endloop
  endfacet
  facet normal 0 0 1
    outer loop
      vertex 154.273 147.026 0.2
      vertex 125.677 146.387 0.2
      vertex 139.3 141.6 0.2
    endloop
  endfacet
  facet normal 0 0 1
    outer loop
      vertex 139.3 141.6 0.2
      vertex 125.677 146.387 0.2
      vertex 138.4 141.6 0.2
    endloop
  endfacet
  facet normal -0 0 1
    outer loop
      vertex 136.95 141.35 0.2
      vertex 138.15 140.65 0.2
      vertex 138.15 141.35 0.2
    endloop
  endfacet
  facet normal 0 0 1
    outer loop
      vertex 136.877 140.474 0.2
      vertex 138.224 140.474 0.2
      vertex 136.931 140.555 0.2
    endloop
  endfacet
  facet normal 0 0 1
    outer loop
      vertex 138.224 139.526 0.2
      vertex 136.95 139.35 0.2
      vertex 138.169 139.445 0.2
    endloop
  endfacet
  facet normal 0 0 1
    outer loop
      vertex 138.169 139.445 0.2
      vertex 136.95 139.35 0.2
      vertex 138.15 139.35 0.2
    endloop
  endfacet
  facet normal 0 0 1
    outer loop
      vertex 138.305 138.419 0.2
      vertex 137.773 135.835 0.2
      vertex 137.85 135.85 0.2
    endloop
  endfacet
  facet normal 0 0 1
    outer loop
      vertex 138.169 138.555 0.2
      vertex 136.931 138.555 0.2
      vertex 138.224 138.474 0.2
    endloop
  endfacet
  facet normal 0 0 1
    outer loop
      vertex 138.15 138.65 0.2
      vertex 136.95 138.65 0.2
      vertex 138.169 138.555 0.2
    endloop
  endfacet
  facet normal 0 0 1
    outer loop
      vertex 136.55 134.15 0.2
      vertex 137.65 134.15 0.2
      vertex 137.65 135.65 0.2
    endloop
  endfacet
  facet normal -0 0 1
    outer loop
      vertex 137.377 130.965 0.2
      vertex 137.873 129.935 0.2
      vertex 137.441 131.009 0.2
    endloop
  endfacet
  facet normal 0 0 1
    outer loop
      vertex 137.75 129.75 0.2
      vertex 137.585 126.826 0.2
      vertex 137.6 126.75 0.2
    endloop
  endfacet
  facet normal 0 0 1
    outer loop
      vertex 137.75 129.75 0.2
      vertex 137.541 126.892 0.2
      vertex 137.585 126.826 0.2
    endloop
  endfacet
  facet normal 0 0 1
    outer loop
      vertex 137.65 134.15 0.2
      vertex 137.484 132.727 0.2
      vertex 137.5 132.65 0.2
    endloop
  endfacet
  facet normal 0 0 1
    outer loop
      vertex 137.65 134.15 0.2
      vertex 137.441 132.791 0.2
      vertex 137.484 132.727 0.2
    endloop
  endfacet
  facet normal 0 0 1
    outer loop
      vertex 137.65 134.15 0.2
      vertex 137.377 132.835 0.2
      vertex 137.441 132.791 0.2
    endloop
  endfacet
  facet normal 0 0 1
    outer loop
      vertex 136.95 138.65 0.2
      vertex 138.15 138.65 0.2
      vertex 136.95 139.35 0.2
    endloop
  endfacet
  facet normal 0 0 1
    outer loop
      vertex 137.65 134.15 0.2
      vertex 137.3 132.85 0.2
      vertex 137.377 132.835 0.2
    endloop
  endfacet
  facet normal 0 0 1
    outer loop
      vertex 138.224 138.474 0.2
      vertex 136.877 138.474 0.2
      vertex 138.305 138.419 0.2
    endloop
  endfacet
  facet normal 0 0 1
    outer loop
      vertex 138.169 141.445 0.2
      vertex 136.95 141.35 0.2
      vertex 138.15 141.35 0.2
    endloop
  endfacet
  facet normal 0 0 1
    outer loop
      vertex 136.931 141.445 0.2
      vertex 138.169 141.445 0.2
      vertex 138.224 141.526 0.2
    endloop
  endfacet
  facet normal 0 0 1
    outer loop
      vertex 136.877 141.526 0.2
      vertex 138.224 141.526 0.2
      vertex 138.305 141.581 0.2
    endloop
  endfacet
  facet normal 0 -0 1
    outer loop
      vertex 136.7 141.6 0.2
      vertex 138.4 141.6 0.2
      vertex 125.677 146.387 0.2
    endloop
  endfacet
  facet normal 0 0 1
    outer loop
      vertex 138.169 141.445 0.2
      vertex 136.931 141.445 0.2
      vertex 136.95 141.35 0.2
    endloop
  endfacet
  facet normal 0 0 1
    outer loop
      vertex 138.224 141.526 0.2
      vertex 136.877 141.526 0.2
      vertex 136.931 141.445 0.2
    endloop
  endfacet
  facet normal 0 0 1
    outer loop
      vertex 138.305 141.581 0.2
      vertex 136.796 141.581 0.2
      vertex 136.877 141.526 0.2
    endloop
  endfacet
  facet normal 0 0 1
    outer loop
      vertex 138.305 141.581 0.2
      vertex 136.7 141.6 0.2
      vertex 136.796 141.581 0.2
    endloop
  endfacet
  facet normal 0 0 1
    outer loop
      vertex 138.4 141.6 0.2
      vertex 136.7 141.6 0.2
      vertex 138.305 141.581 0.2
    endloop
  endfacet
  facet normal 0 0 1
    outer loop
      vertex 136.7 141.6 0.2
      vertex 125.677 146.387 0.2
      vertex 135.8 141.6 0.2
    endloop
  endfacet
  facet normal 0 0 1
    outer loop
      vertex 134.7 140.65 0.2
      vertex 135.55 140.65 0.2
      vertex 135.55 141.35 0.2
    endloop
  endfacet
  facet normal 0 0 1
    outer loop
      vertex 135.623 139.526 0.2
      vertex 134.7 139.35 0.2
      vertex 135.569 139.445 0.2
    endloop
  endfacet
  facet normal 0 0 1
    outer loop
      vertex 134.7 140.65 0.2
      vertex 135.55 141.35 0.2
      vertex 134.7 141.35 0.2
    endloop
  endfacet
  facet normal 0 0 1
    outer loop
      vertex 135.569 141.445 0.2
      vertex 134.7 141.35 0.2
      vertex 135.55 141.35 0.2
    endloop
  endfacet
  facet normal 0 0 1
    outer loop
      vertex 134.681 141.445 0.2
      vertex 135.569 141.445 0.2
      vertex 135.623 141.526 0.2
    endloop
  endfacet
  facet normal 0 0 1
    outer loop
      vertex 134.627 141.526 0.2
      vertex 135.623 141.526 0.2
      vertex 135.704 141.581 0.2
    endloop
  endfacet
  facet normal 0 -0 1
    outer loop
      vertex 134.45 141.6 0.2
      vertex 135.8 141.6 0.2
      vertex 125.677 146.387 0.2
    endloop
  endfacet
  facet normal 0 0 1
    outer loop
      vertex 135.569 141.445 0.2
      vertex 134.681 141.445 0.2
      vertex 134.7 141.35 0.2
    endloop
  endfacet
  facet normal 0 0 1
    outer loop
      vertex 135.623 141.526 0.2
      vertex 134.627 141.526 0.2
      vertex 134.681 141.445 0.2
    endloop
  endfacet
  facet normal 0 0 1
    outer loop
      vertex 135.704 141.581 0.2
      vertex 134.546 141.581 0.2
      vertex 134.627 141.526 0.2
    endloop
  endfacet
  facet normal 0 0 1
    outer loop
      vertex 135.8 141.6 0.2
      vertex 134.45 141.6 0.2
      vertex 135.704 141.581 0.2
    endloop
  endfacet
  facet normal 0 0 1
    outer loop
      vertex 135.704 141.581 0.2
      vertex 134.45 141.6 0.2
      vertex 134.546 141.581 0.2
    endloop
  endfacet
  facet normal -0 -0 1
    outer loop
      vertex 125.731 146.306 0.2
      vertex 134.45 141.6 0.2
      vertex 125.677 146.387 0.2
    endloop
  endfacet
  facet normal -0 0 1
    outer loop
      vertex 132.525 140.7 0.2
      vertex 133.3 140.65 0.2
      vertex 133.3 141.35 0.2
    endloop
  endfacet
  facet normal 0 0 1
    outer loop
      vertex 133.373 139.526 0.2
      vertex 132.525 139.3 0.2
      vertex 133.319 139.445 0.2
    endloop
  endfacet
  facet normal 0 0 1
    outer loop
      vertex 132.525 140.7 0.2
      vertex 133.3 141.35 0.2
      vertex 132.525 141.375 0.2
    endloop
  endfacet
  facet normal 0 0 1
    outer loop
      vertex 133.319 141.445 0.2
      vertex 132.525 141.375 0.2
      vertex 133.3 141.35 0.2
    endloop
  endfacet
  facet normal -0 0 1
    outer loop
      vertex 132.506 141.471 0.2
      vertex 133.319 141.445 0.2
      vertex 133.373 141.526 0.2
    endloop
  endfacet
  facet normal -0 0 1
    outer loop
      vertex 132.452 141.552 0.2
      vertex 133.373 141.526 0.2
      vertex 133.454 141.581 0.2
    endloop
  endfacet
  facet normal 0 0 1
    outer loop
      vertex 134.45 141.6 0.2
      vertex 125.731 146.306 0.2
      vertex 133.55 141.6 0.2
    endloop
  endfacet
  facet normal 0 0 1
    outer loop
      vertex 133.319 141.445 0.2
      vertex 132.506 141.471 0.2
      vertex 132.525 141.375 0.2
    endloop
  endfacet
  facet normal 0 0 1
    outer loop
      vertex 133.373 141.526 0.2
      vertex 132.452 141.552 0.2
      vertex 132.506 141.471 0.2
    endloop
  endfacet
  facet normal 0 0 1
    outer loop
      vertex 133.454 141.581 0.2
      vertex 132.371 141.606 0.2
      vertex 132.452 141.552 0.2
    endloop
  endfacet
  facet normal -0 -0 1
    outer loop
      vertex 132.275 141.625 0.2
      vertex 133.55 141.6 0.2
      vertex 125.731 146.306 0.2
    endloop
  endfacet
  facet normal -0 -0 1
    outer loop
      vertex 132.371 141.606 0.2
      vertex 133.55 141.6 0.2
      vertex 132.275 141.625 0.2
    endloop
  endfacet
  facet normal 0 0 1
    outer loop
      vertex 133.55 141.6 0.2
      vertex 132.371 141.606 0.2
      vertex 133.454 141.581 0.2
    endloop
  endfacet
  facet normal 0 0 1
    outer loop
      vertex 130.125 140.7 0.2
      vertex 131.075 140.7 0.2
      vertex 131.075 141.375 0.2
    endloop
  endfacet
  facet normal 0 0 1
    outer loop
      vertex 131.148 139.477 0.2
      vertex 130.125 139.3 0.2
      vertex 131.094 139.396 0.2
    endloop
  endfacet
  facet normal 0 0 1
    outer loop
      vertex 130.125 140.7 0.2
      vertex 131.075 141.375 0.2
      vertex 130.125 141.375 0.2
    endloop
  endfacet
  facet normal 0 0 1
    outer loop
      vertex 131.094 141.471 0.2
      vertex 130.125 141.375 0.2
      vertex 131.075 141.375 0.2
    endloop
  endfacet
  facet normal 0 0 1
    outer loop
      vertex 130.106 141.471 0.2
      vertex 131.094 141.471 0.2
      vertex 131.148 141.552 0.2
    endloop
  endfacet
  facet normal 0 0 1
    outer loop
      vertex 130.052 141.552 0.2
      vertex 131.148 141.552 0.2
      vertex 131.229 141.606 0.2
    endloop
  endfacet
  facet normal 0 0 1
    outer loop
      vertex 132.275 141.625 0.2
      vertex 125.731 146.306 0.2
      vertex 131.325 141.625 0.2
    endloop
  endfacet
  facet normal 0 0 1
    outer loop
      vertex 131.094 141.471 0.2
      vertex 130.106 141.471 0.2
      vertex 130.125 141.375 0.2
    endloop
  endfacet
  facet normal 0 0 1
    outer loop
      vertex 131.148 141.552 0.2
      vertex 130.052 141.552 0.2
      vertex 130.106 141.471 0.2
    endloop
  endfacet
  facet normal 0 -0 1
    outer loop
      vertex 129.875 141.625 0.2
      vertex 131.325 141.625 0.2
      vertex 125.75 146.21 0.2
    endloop
  endfacet
  facet normal 0 0 1
    outer loop
      vertex 131.229 141.606 0.2
      vertex 129.971 141.606 0.2
      vertex 130.052 141.552 0.2
    endloop
  endfacet
  facet normal 0 0 1
    outer loop
      vertex 131.325 141.625 0.2
      vertex 129.875 141.625 0.2
      vertex 131.229 141.606 0.2
    endloop
  endfacet
  facet normal 0 0 1
    outer loop
      vertex 131.229 141.606 0.2
      vertex 129.875 141.625 0.2
      vertex 129.971 141.606 0.2
    endloop
  endfacet
  facet normal -0 0 1
    outer loop
      vertex 127.8 141.35 0.2
      vertex 128.675 140.7 0.2
      vertex 128.675 141.375 0.2
    endloop
  endfacet
  facet normal 0 0 1
    outer loop
      vertex 128.748 139.477 0.2
      vertex 127.8 139.35 0.2
      vertex 128.694 139.396 0.2
    endloop
  endfacet
  facet normal 0 0 1
    outer loop
      vertex 128.675 140.7 0.2
      vertex 127.8 141.35 0.2
      vertex 127.8 140.65 0.2
    endloop
  endfacet
  facet normal -0 0 1
    outer loop
      vertex 127.781 141.445 0.2
      vertex 128.675 141.375 0.2
      vertex 128.694 141.471 0.2
    endloop
  endfacet
  facet normal -0 0 1
    outer loop
      vertex 127.727 141.526 0.2
      vertex 128.694 141.471 0.2
      vertex 128.748 141.552 0.2
    endloop
  endfacet
  facet normal -0 0 1
    outer loop
      vertex 127.646 141.581 0.2
      vertex 128.748 141.552 0.2
      vertex 128.829 141.606 0.2
    endloop
  endfacet
  facet normal 0 0 1
    outer loop
      vertex 128.675 141.375 0.2
      vertex 127.781 141.445 0.2
      vertex 127.8 141.35 0.2
    endloop
  endfacet
  facet normal -0 0 1
    outer loop
      vertex 125.75 145.51 0.2
      vertex 129.875 141.625 0.2
      vertex 125.75 146.21 0.2
    endloop
  endfacet
  facet normal 0 0 1
    outer loop
      vertex 129.875 141.625 0.2
      vertex 125.75 145.51 0.2
      vertex 128.925 141.625 0.2
    endloop
  endfacet
  facet normal 0 0 1
    outer loop
      vertex 128.694 141.471 0.2
      vertex 127.727 141.526 0.2
      vertex 127.781 141.445 0.2
    endloop
  endfacet
  facet normal -0 0 1
    outer loop
      vertex 125.75 144.21 0.2
      vertex 128.925 141.625 0.2
      vertex 125.75 145.51 0.2
    endloop
  endfacet
  facet normal 0 0 1
    outer loop
      vertex 128.748 141.552 0.2
      vertex 127.646 141.581 0.2
      vertex 127.727 141.526 0.2
    endloop
  endfacet
  facet normal 0 0 1
    outer loop
      vertex 128.829 141.606 0.2
      vertex 125.75 144.21 0.2
      vertex 127.646 141.581 0.2
    endloop
  endfacet
  facet normal 0 0 1
    outer loop
      vertex 124.6 143.26 0.2
      vertex 126.4 140.65 0.2
      vertex 126.4 141.35 0.2
    endloop
  endfacet
  facet normal 0 0 1
    outer loop
      vertex 126.4 140.65 0.2
      vertex 122.121 142.819 0.2
      vertex 126.4 139.35 0.2
    endloop
  endfacet
  facet normal -0 0 1
    outer loop
      vertex 125.677 143.333 0.2
      vertex 126.65 141.6 0.2
      vertex 125.731 143.414 0.2
    endloop
  endfacet
  facet normal 0 0 1
    outer loop
      vertex 127.55 141.6 0.2
      vertex 125.731 143.414 0.2
      vertex 126.65 141.6 0.2
    endloop
  endfacet
  facet normal -0 0 1
    outer loop
      vertex 125.731 143.414 0.2
      vertex 127.55 141.6 0.2
      vertex 125.75 143.51 0.2
    endloop
  endfacet
  facet normal -0 0 1
    outer loop
      vertex 125.75 143.51 0.2
      vertex 127.55 141.6 0.2
      vertex 125.75 144.21 0.2
    endloop
  endfacet
  facet normal 0 0 1
    outer loop
      vertex 127.646 141.581 0.2
      vertex 125.75 144.21 0.2
      vertex 127.55 141.6 0.2
    endloop
  endfacet
  facet normal 0 0 1
    outer loop
      vertex 122.121 147.181 0.2
      vertex 154.354 147.081 0.2
      vertex 154.45 147.1 0.2
    endloop
  endfacet
  facet normal -0 0 1
    outer loop
      vertex 110 150 0.2
      vertex 154.45 147.1 0.2
      vertex 170 150 0.2
    endloop
  endfacet
  facet normal 0 0 1
    outer loop
      vertex 128.925 141.625 0.2
      vertex 125.75 144.21 0.2
      vertex 128.829 141.606 0.2
    endloop
  endfacet
  facet normal -0 -0 1
    outer loop
      vertex 125.75 146.21 0.2
      vertex 131.325 141.625 0.2
      vertex 125.731 146.306 0.2
    endloop
  endfacet
  facet normal 0 0 1
    outer loop
      vertex 154.273 147.026 0.2
      vertex 125.596 146.441 0.2
      vertex 125.677 146.387 0.2
    endloop
  endfacet
  facet normal 0 0 1
    outer loop
      vertex 154.354 147.081 0.2
      vertex 125.5 146.46 0.2
      vertex 125.596 146.441 0.2
    endloop
  endfacet
  facet normal 0 0 1
    outer loop
      vertex 154.354 147.081 0.2
      vertex 122.121 147.181 0.2
      vertex 125.5 146.46 0.2
    endloop
  endfacet
  facet normal -0 0 1
    outer loop
      vertex 122.275 146.025 0.2
      vertex 124.35 145.51 0.2
      vertex 124.35 146.21 0.2
    endloop
  endfacet
  facet normal -0 0 1
    outer loop
      vertex 122.202 145.849 0.2
      vertex 124.35 145.51 0.2
      vertex 122.256 145.93 0.2
    endloop
  endfacet
  facet normal 0 0 1
    outer loop
      vertex 122.275 146.025 0.2
      vertex 124.35 146.21 0.2
      vertex 122.275 146.95 0.2
    endloop
  endfacet
  facet normal 0 0 1
    outer loop
      vertex 124.369 146.306 0.2
      vertex 122.275 146.95 0.2
      vertex 124.35 146.21 0.2
    endloop
  endfacet
  facet normal 0 0 1
    outer loop
      vertex 124.423 146.387 0.2
      vertex 122.275 146.95 0.2
      vertex 124.369 146.306 0.2
    endloop
  endfacet
  facet normal 0 0 1
    outer loop
      vertex 122.256 147.046 0.2
      vertex 124.423 146.387 0.2
      vertex 124.504 146.441 0.2
    endloop
  endfacet
  facet normal 0 0 1
    outer loop
      vertex 122.202 147.127 0.2
      vertex 124.504 146.441 0.2
      vertex 124.6 146.46 0.2
    endloop
  endfacet
  facet normal 0 0 1
    outer loop
      vertex 125.5 146.46 0.2
      vertex 122.121 147.181 0.2
      vertex 124.6 146.46 0.2
    endloop
  endfacet
  facet normal 0 0 1
    outer loop
      vertex 124.423 146.387 0.2
      vertex 122.256 147.046 0.2
      vertex 122.275 146.95 0.2
    endloop
  endfacet
  facet normal 0 0 1
    outer loop
      vertex 124.504 146.441 0.2
      vertex 122.202 147.127 0.2
      vertex 122.256 147.046 0.2
    endloop
  endfacet
  facet normal 0 0 1
    outer loop
      vertex 124.6 146.46 0.2
      vertex 122.121 147.181 0.2
      vertex 122.202 147.127 0.2
    endloop
  endfacet
  facet normal 0 0 1
    outer loop
      vertex 154.45 147.1 0.2
      vertex 122.025 147.2 0.2
      vertex 122.121 147.181 0.2
    endloop
  endfacet
  facet normal 0 0 1
    outer loop
      vertex 154.45 147.1 0.2
      vertex 110 150 0.2
      vertex 122.025 147.2 0.2
    endloop
  endfacet
  facet normal 0 0 1
    outer loop
      vertex 110 150 0.2
      vertex 120.525 146.025 0.2
      vertex 120.525 146.95 0.2
    endloop
  endfacet
  facet normal 0 0 1
    outer loop
      vertex 120.525 146.025 0.2
      vertex 110 150 0.2
      vertex 120.525 143.975 0.2
    endloop
  endfacet
  facet normal 0 0 1
    outer loop
      vertex 120.525 143.975 0.2
      vertex 110 150 0.2
      vertex 120.525 143.05 0.2
    endloop
  endfacet
  facet normal 0 0 1
    outer loop
      vertex 110 150 0.2
      vertex 120.525 146.95 0.2
      vertex 120.544 147.046 0.2
    endloop
  endfacet
  facet normal 0 0 1
    outer loop
      vertex 122.025 147.2 0.2
      vertex 110 150 0.2
      vertex 120.775 147.2 0.2
    endloop
  endfacet
  facet normal 0 0 1
    outer loop
      vertex 110 150 0.2
      vertex 120.68 147.181 0.2
      vertex 120.775 147.2 0.2
    endloop
  endfacet
  facet normal 0 0 1
    outer loop
      vertex 110 150 0.2
      vertex 120.599 147.127 0.2
      vertex 120.68 147.181 0.2
    endloop
  endfacet
  facet normal 0 0 1
    outer loop
      vertex 110 150 0.2
      vertex 120.544 147.046 0.2
      vertex 120.599 147.127 0.2
    endloop
  endfacet
  facet normal 0 0 1
    outer loop
      vertex 120.525 143.05 0.2
      vertex 110 150 0.2
      vertex 100 134.76 0.2
    endloop
  endfacet
  facet normal 0 0 1
    outer loop
      vertex 100 134.76 0.2
      vertex 110 150 0.2
      vertex 100 158 0.2
    endloop
  endfacet
  facet normal 0 0 1
    outer loop
      vertex 120.525 143.05 0.2
      vertex 100 134.76 0.2
      vertex 112.065 122.695 0.2
    endloop
  endfacet
  facet normal 0 0 1
    outer loop
      vertex 158.025 144.8 0.2
      vertex 170 150 0.2
      vertex 158.025 146.2 0.2
    endloop
  endfacet
  facet normal 0 0 1
    outer loop
      vertex 158.025 144.125 0.2
      vertex 170 150 0.2
      vertex 158.025 144.8 0.2
    endloop
  endfacet
  facet normal 0 0 1
    outer loop
      vertex 158.006 144.029 0.2
      vertex 170 150 0.2
      vertex 158.025 144.125 0.2
    endloop
  endfacet
  facet normal -0 0 1
    outer loop
      vertex 157.952 143.948 0.2
      vertex 180 134.76 0.2
      vertex 158.006 144.029 0.2
    endloop
  endfacet
  facet normal 0 0 1
    outer loop
      vertex 180 134.76 0.2
      vertex 157.952 143.948 0.2
      vertex 167.945 122.695 0.2
    endloop
  endfacet
  facet normal 0 0 1
    outer loop
      vertex 154.925 138.825 0.2
      vertex 157.952 143.948 0.2
      vertex 157.871 143.894 0.2
    endloop
  endfacet
  facet normal 0 0 1
    outer loop
      vertex 154.925 140.9 0.2
      vertex 157.871 143.894 0.2
      vertex 157.775 143.875 0.2
    endloop
  endfacet
  facet normal 0 0 1
    outer loop
      vertex 154.925 141.575 0.2
      vertex 157.775 143.875 0.2
      vertex 156.825 143.875 0.2
    endloop
  endfacet
  facet normal 0 0 1
    outer loop
      vertex 154.906 141.671 0.2
      vertex 156.825 143.875 0.2
      vertex 156.729 143.894 0.2
    endloop
  endfacet
  facet normal -0 0 1
    outer loop
      vertex 155.445 143.919 0.2
      vertex 156.729 143.894 0.2
      vertex 156.648 143.948 0.2
    endloop
  endfacet
  facet normal -0 0 1
    outer loop
      vertex 155.526 143.974 0.2
      vertex 156.648 143.948 0.2
      vertex 156.594 144.029 0.2
    endloop
  endfacet
  facet normal 0 0 1
    outer loop
      vertex 156.594 144.896 0.2
      vertex 155.6 144.85 0.2
      vertex 156.575 144.8 0.2
    endloop
  endfacet
  facet normal 0 0 1
    outer loop
      vertex 155.6 144.15 0.2
      vertex 156.575 144.8 0.2
      vertex 155.6 144.85 0.2
    endloop
  endfacet
  facet normal 0 0 1
    outer loop
      vertex 156.575 144.8 0.2
      vertex 155.6 144.15 0.2
      vertex 156.575 144.125 0.2
    endloop
  endfacet
  facet normal 0 0 1
    outer loop
      vertex 155.581 144.055 0.2
      vertex 156.575 144.125 0.2
      vertex 155.6 144.15 0.2
    endloop
  endfacet
  facet normal 0 0 1
    outer loop
      vertex 156.575 144.125 0.2
      vertex 155.581 144.055 0.2
      vertex 156.594 144.029 0.2
    endloop
  endfacet
  facet normal 0 0 1
    outer loop
      vertex 155.526 143.974 0.2
      vertex 156.594 144.029 0.2
      vertex 155.581 144.055 0.2
    endloop
  endfacet
  facet normal 0 0 1
    outer loop
      vertex 156.648 143.948 0.2
      vertex 155.526 143.974 0.2
      vertex 155.445 143.919 0.2
    endloop
  endfacet
  facet normal 0 0 1
    outer loop
      vertex 154.906 141.671 0.2
      vertex 156.729 143.894 0.2
      vertex 155.445 143.919 0.2
    endloop
  endfacet
  facet normal 0 0 1
    outer loop
      vertex 154.852 141.752 0.2
      vertex 155.445 143.919 0.2
      vertex 155.35 143.9 0.2
    endloop
  endfacet
  facet normal 0 0 1
    outer loop
      vertex 157.775 143.875 0.2
      vertex 154.925 141.575 0.2
      vertex 154.925 140.9 0.2
    endloop
  endfacet
  facet normal 0 0 1
    outer loop
      vertex 157.871 143.894 0.2
      vertex 154.925 140.9 0.2
      vertex 154.925 139.5 0.2
    endloop
  endfacet
  facet normal 0 0 1
    outer loop
      vertex 157.871 143.894 0.2
      vertex 154.925 139.5 0.2
      vertex 154.925 138.825 0.2
    endloop
  endfacet
  facet normal 0 0 1
    outer loop
      vertex 157.952 143.948 0.2
      vertex 154.925 138.825 0.2
      vertex 154.906 138.729 0.2
    endloop
  endfacet
  facet normal 0 0 1
    outer loop
      vertex 157.952 143.948 0.2
      vertex 154.906 138.729 0.2
      vertex 167.945 122.695 0.2
    endloop
  endfacet
  facet normal -0 0 1
    outer loop
      vertex 154.852 138.648 0.2
      vertex 167.945 122.695 0.2
      vertex 154.906 138.729 0.2
    endloop
  endfacet
  facet normal -0 0 1
    outer loop
      vertex 154.771 138.594 0.2
      vertex 167.945 122.695 0.2
      vertex 154.852 138.648 0.2
    endloop
  endfacet
  facet normal 0 0 1
    outer loop
      vertex 149.05 131.45 0.2
      vertex 154.771 138.594 0.2
      vertex 154.675 138.575 0.2
    endloop
  endfacet
  facet normal 0 0 1
    outer loop
      vertex 149.05 133.45 0.2
      vertex 154.675 138.575 0.2
      vertex 153.725 138.575 0.2
    endloop
  endfacet
  facet normal 0 0 1
    outer loop
      vertex 152.65 138.6 0.2
      vertex 153.725 138.575 0.2
      vertex 153.629 138.594 0.2
    endloop
  endfacet
  facet normal -0 0 1
    outer loop
      vertex 152.746 138.619 0.2
      vertex 153.629 138.594 0.2
      vertex 153.548 138.648 0.2
    endloop
  endfacet
  facet normal 0 0 1
    outer loop
      vertex 153.494 139.596 0.2
      vertex 152.9 139.55 0.2
      vertex 153.475 139.5 0.2
    endloop
  endfacet
  facet normal 0 0 1
    outer loop
      vertex 152.9 138.85 0.2
      vertex 153.475 139.5 0.2
      vertex 152.9 139.55 0.2
    endloop
  endfacet
  facet normal 0 0 1
    outer loop
      vertex 153.475 139.5 0.2
      vertex 152.9 138.85 0.2
      vertex 153.475 138.825 0.2
    endloop
  endfacet
  facet normal 0 0 1
    outer loop
      vertex 152.881 138.754 0.2
      vertex 153.475 138.825 0.2
      vertex 152.9 138.85 0.2
    endloop
  endfacet
  facet normal 0 0 1
    outer loop
      vertex 153.475 138.825 0.2
      vertex 152.881 138.754 0.2
      vertex 153.494 138.729 0.2
    endloop
  endfacet
  facet normal 0 0 1
    outer loop
      vertex 152.827 138.673 0.2
      vertex 153.494 138.729 0.2
      vertex 152.881 138.754 0.2
    endloop
  endfacet
  facet normal 0 0 1
    outer loop
      vertex 153.494 138.729 0.2
      vertex 152.827 138.673 0.2
      vertex 153.548 138.648 0.2
    endloop
  endfacet
  facet normal 0 0 1
    outer loop
      vertex 152.746 138.619 0.2
      vertex 153.548 138.648 0.2
      vertex 152.827 138.673 0.2
    endloop
  endfacet
  facet normal 0 0 1
    outer loop
      vertex 153.629 138.594 0.2
      vertex 152.746 138.619 0.2
      vertex 152.65 138.6 0.2
    endloop
  endfacet
  facet normal 0 0 1
    outer loop
      vertex 153.725 138.575 0.2
      vertex 152.65 138.6 0.2
      vertex 149.05 134.15 0.2
    endloop
  endfacet
  facet normal 0 0 1
    outer loop
      vertex 149.031 134.246 0.2
      vertex 152.65 138.6 0.2
      vertex 151.75 138.6 0.2
    endloop
  endfacet
  facet normal 0 0 1
    outer loop
      vertex 149.031 134.246 0.2
      vertex 151.75 138.6 0.2
      vertex 151.654 138.619 0.2
    endloop
  endfacet
  facet normal 0 0 1
    outer loop
      vertex 149.546 138.719 0.2
      vertex 151.654 138.619 0.2
      vertex 151.573 138.673 0.2
    endloop
  endfacet
  facet normal 0 0 1
    outer loop
      vertex 151.519 139.646 0.2
      vertex 149.7 139.65 0.2
      vertex 151.5 139.55 0.2
    endloop
  endfacet
  facet normal 0 0 1
    outer loop
      vertex 149.7 138.95 0.2
      vertex 151.5 139.55 0.2
      vertex 149.7 139.65 0.2
    endloop
  endfacet
  facet normal 0 0 1
    outer loop
      vertex 151.5 139.55 0.2
      vertex 149.7 138.95 0.2
      vertex 151.5 138.85 0.2
    endloop
  endfacet
  facet normal -0 0 1
    outer loop
      vertex 149.681 138.854 0.2
      vertex 151.5 138.85 0.2
      vertex 149.7 138.95 0.2
    endloop
  endfacet
  facet normal 0 0 1
    outer loop
      vertex 151.5 138.85 0.2
      vertex 149.681 138.854 0.2
      vertex 151.519 138.754 0.2
    endloop
  endfacet
  facet normal -0 0 1
    outer loop
      vertex 149.627 138.773 0.2
      vertex 151.519 138.754 0.2
      vertex 149.681 138.854 0.2
    endloop
  endfacet
  facet normal 0 0 1
    outer loop
      vertex 151.519 138.754 0.2
      vertex 149.627 138.773 0.2
      vertex 151.573 138.673 0.2
    endloop
  endfacet
  facet normal -0 0 1
    outer loop
      vertex 149.546 138.719 0.2
      vertex 151.573 138.673 0.2
      vertex 149.627 138.773 0.2
    endloop
  endfacet
  facet normal 0 0 1
    outer loop
      vertex 149.031 134.246 0.2
      vertex 151.654 138.619 0.2
      vertex 149.546 138.719 0.2
    endloop
  endfacet
  facet normal 0 0 1
    outer loop
      vertex 148.896 134.381 0.2
      vertex 149.546 138.719 0.2
      vertex 149.45 138.7 0.2
    endloop
  endfacet
  facet normal 0 0 1
    outer loop
      vertex 153.725 138.575 0.2
      vertex 149.05 134.15 0.2
      vertex 149.05 133.45 0.2
    endloop
  endfacet
  facet normal 0 0 1
    outer loop
      vertex 154.675 138.575 0.2
      vertex 149.05 133.45 0.2
      vertex 149.05 132.15 0.2
    endloop
  endfacet
  facet normal 0 0 1
    outer loop
      vertex 154.675 138.575 0.2
      vertex 149.05 132.15 0.2
      vertex 149.05 131.45 0.2
    endloop
  endfacet
  facet normal 0 0 1
    outer loop
      vertex 154.771 138.594 0.2
      vertex 149.05 131.45 0.2
      vertex 149 129.5 0.2
    endloop
  endfacet
  facet normal 0 0 1
    outer loop
      vertex 149 129.5 0.2
      vertex 149.05 131.45 0.2
      vertex 149.031 131.354 0.2
    endloop
  endfacet
  facet normal 0 0 1
    outer loop
      vertex 154.771 138.594 0.2
      vertex 149 129.5 0.2
      vertex 167.945 122.695 0.2
    endloop
  endfacet
  facet normal -0 0 1
    outer loop
      vertex 149 128.8 0.2
      vertex 167.945 122.695 0.2
      vertex 149 129.5 0.2
    endloop
  endfacet
  facet normal -0 0 1
    outer loop
      vertex 149 127.5 0.2
      vertex 167.945 122.695 0.2
      vertex 149 128.8 0.2
    endloop
  endfacet
  facet normal -0 0 1
    outer loop
      vertex 149 126.8 0.2
      vertex 167.945 122.695 0.2
      vertex 149 127.5 0.2
    endloop
  endfacet
  facet normal -0 0 1
    outer loop
      vertex 148.981 126.704 0.2
      vertex 167.945 122.695 0.2
      vertex 149 126.8 0.2
    endloop
  endfacet
  facet normal -0 0 1
    outer loop
      vertex 148.927 126.623 0.2
      vertex 167.945 122.695 0.2
      vertex 148.981 126.704 0.2
    endloop
  endfacet
  facet normal -0 0 1
    outer loop
      vertex 148.846 126.569 0.2
      vertex 167.945 122.695 0.2
      vertex 148.927 126.623 0.2
    endloop
  endfacet
  facet normal -0 0 1
    outer loop
      vertex 148.75 126.55 0.2
      vertex 167.945 122.695 0.2
      vertex 148.846 126.569 0.2
    endloop
  endfacet
  facet normal 0 0 1
    outer loop
      vertex 141.377 125.365 0.2
      vertex 148.75 126.55 0.2
      vertex 147.85 126.55 0.2
    endloop
  endfacet
  facet normal -0 0 1
    outer loop
      vertex 147.05 138.6 0.2
      vertex 147.9 134.4 0.2
      vertex 147.146 138.619 0.2
    endloop
  endfacet
  facet normal 0 0 1
    outer loop
      vertex 147.9 134.4 0.2
      vertex 147.05 138.6 0.2
      vertex 147.805 134.381 0.2
    endloop
  endfacet
  facet normal 0 0 1
    outer loop
      vertex 146.596 134.381 0.2
      vertex 147.805 134.381 0.2
      vertex 147.05 138.6 0.2
    endloop
  endfacet
  facet normal 0 0 1
    outer loop
      vertex 146.75 133.45 0.2
      vertex 147.65 134.15 0.2
      vertex 146.75 134.15 0.2
    endloop
  endfacet
  facet normal 0 0 1
    outer loop
      vertex 146.731 134.246 0.2
      vertex 147.724 134.327 0.2
      vertex 147.805 134.381 0.2
    endloop
  endfacet
  facet normal 0 0 1
    outer loop
      vertex 146.731 134.246 0.2
      vertex 147.669 134.246 0.2
      vertex 147.724 134.327 0.2
    endloop
  endfacet
  facet normal 0 0 1
    outer loop
      vertex 147.669 134.246 0.2
      vertex 146.75 134.15 0.2
      vertex 147.65 134.15 0.2
    endloop
  endfacet
  facet normal 0 0 1
    outer loop
      vertex 147.669 132.246 0.2
      vertex 146.75 132.15 0.2
      vertex 147.65 132.15 0.2
    endloop
  endfacet
  facet normal 0 0 1
    outer loop
      vertex 146.731 131.354 0.2
      vertex 147.65 131.45 0.2
      vertex 146.75 131.45 0.2
    endloop
  endfacet
  facet normal 0 0 1
    outer loop
      vertex 147.754 129.731 0.2
      vertex 146.677 131.273 0.2
      vertex 147.673 129.677 0.2
    endloop
  endfacet
  facet normal 0 0 1
    outer loop
      vertex 146.681 129.546 0.2
      vertex 147.619 129.596 0.2
      vertex 147.673 129.677 0.2
    endloop
  endfacet
  facet normal -0 0 1
    outer loop
      vertex 146.681 129.546 0.2
      vertex 147.6 129.5 0.2
      vertex 147.619 129.596 0.2
    endloop
  endfacet
  facet normal 0 0 1
    outer loop
      vertex 147.6 128.8 0.2
      vertex 146.7 129.45 0.2
      vertex 146.7 128.75 0.2
    endloop
  endfacet
  facet normal 0 0 1
    outer loop
      vertex 147.619 127.596 0.2
      vertex 146.7 127.45 0.2
      vertex 147.6 127.5 0.2
    endloop
  endfacet
  facet normal 0 0 1
    outer loop
      vertex 147.6 127.5 0.2
      vertex 146.7 127.45 0.2
      vertex 147.6 126.8 0.2
    endloop
  endfacet
  facet normal 0 0 1
    outer loop
      vertex 146.7 126.75 0.2
      vertex 147.6 126.8 0.2
      vertex 146.7 127.45 0.2
    endloop
  endfacet
  facet normal 0 0 1
    outer loop
      vertex 147.6 126.8 0.2
      vertex 146.7 126.75 0.2
      vertex 147.619 126.704 0.2
    endloop
  endfacet
  facet normal 0 0 1
    outer loop
      vertex 146.681 126.654 0.2
      vertex 147.619 126.704 0.2
      vertex 146.7 126.75 0.2
    endloop
  endfacet
  facet normal 0 0 1
    outer loop
      vertex 147.619 126.704 0.2
      vertex 146.681 126.654 0.2
      vertex 147.673 126.623 0.2
    endloop
  endfacet
  facet normal 0 0 1
    outer loop
      vertex 146.627 126.573 0.2
      vertex 147.673 126.623 0.2
      vertex 146.681 126.654 0.2
    endloop
  endfacet
  facet normal 0 0 1
    outer loop
      vertex 147.673 126.623 0.2
      vertex 146.627 126.573 0.2
      vertex 147.754 126.569 0.2
    endloop
  endfacet
  facet normal 0 0 1
    outer loop
      vertex 146.546 126.519 0.2
      vertex 147.754 126.569 0.2
      vertex 146.627 126.573 0.2
    endloop
  endfacet
  facet normal 0 0 1
    outer loop
      vertex 147.754 126.569 0.2
      vertex 146.546 126.519 0.2
      vertex 147.85 126.55 0.2
    endloop
  endfacet
  facet normal 0 0 1
    outer loop
      vertex 146.45 126.5 0.2
      vertex 147.85 126.55 0.2
      vertex 146.546 126.519 0.2
    endloop
  endfacet
  facet normal 0 0 1
    outer loop
      vertex 141.377 125.365 0.2
      vertex 147.85 126.55 0.2
      vertex 146.45 126.5 0.2
    endloop
  endfacet
  facet normal 0 0 1
    outer loop
      vertex 141.377 125.365 0.2
      vertex 146.45 126.5 0.2
      vertex 145.55 126.5 0.2
    endloop
  endfacet
  facet normal 0 0 1
    outer loop
      vertex 145.6 134.4 0.2
      vertex 144.246 138.519 0.2
      vertex 145.504 134.381 0.2
    endloop
  endfacet
  facet normal -0 0 1
    outer loop
      vertex 143.035 135.826 0.2
      vertex 145.504 134.381 0.2
      vertex 144.246 138.519 0.2
    endloop
  endfacet
  facet normal 0 0 1
    outer loop
      vertex 145.504 134.381 0.2
      vertex 143.05 135.75 0.2
      vertex 145.423 134.327 0.2
    endloop
  endfacet
  facet normal 0 0 1
    outer loop
      vertex 145.423 134.327 0.2
      vertex 143.05 135.75 0.2
      vertex 145.369 134.246 0.2
    endloop
  endfacet
  facet normal -0 0 1
    outer loop
      vertex 143.035 134.174 0.2
      vertex 145.35 134.15 0.2
      vertex 143.05 134.25 0.2
    endloop
  endfacet
  facet normal -0 0 1
    outer loop
      vertex 143.05 134.25 0.2
      vertex 145.369 134.246 0.2
      vertex 143.05 135.75 0.2
    endloop
  endfacet
  facet normal 0 0 1
    outer loop
      vertex 143.035 135.826 0.2
      vertex 144.246 138.519 0.2
      vertex 144.15 138.5 0.2
    endloop
  endfacet
  facet normal 0 0 1
    outer loop
      vertex 143.035 135.826 0.2
      vertex 144.15 138.5 0.2
      vertex 143.25 138.5 0.2
    endloop
  endfacet
  facet normal 0 0 1
    outer loop
      vertex 143.035 135.826 0.2
      vertex 143.25 138.5 0.2
      vertex 143.154 138.519 0.2
    endloop
  endfacet
  facet normal 0 0 1
    outer loop
      vertex 141.627 138.474 0.2
      vertex 143.154 138.519 0.2
      vertex 143.073 138.573 0.2
    endloop
  endfacet
  facet normal 0 0 1
    outer loop
      vertex 145.369 134.246 0.2
      vertex 143.05 134.25 0.2
      vertex 145.35 134.15 0.2
    endloop
  endfacet
  facet normal 0 0 1
    outer loop
      vertex 145.35 133.45 0.2
      vertex 143.035 134.174 0.2
      vertex 142.991 134.108 0.2
    endloop
  endfacet
  facet normal -0 0 1
    outer loop
      vertex 142.85 134.05 0.2
      vertex 145.35 132.15 0.2
      vertex 142.927 134.065 0.2
    endloop
  endfacet
  facet normal 0 0 1
    outer loop
      vertex 142.45 128.55 0.2
      vertex 145.3 129.45 0.2
      vertex 142.45 130.05 0.2
    endloop
  endfacet
  facet normal 0 0 1
    outer loop
      vertex 142.435 130.127 0.2
      vertex 145.35 131.45 0.2
      vertex 145.35 132.15 0.2
    endloop
  endfacet
  facet normal 0 0 1
    outer loop
      vertex 145.319 129.546 0.2
      vertex 142.45 130.05 0.2
      vertex 145.3 129.45 0.2
    endloop
  endfacet
  facet normal 0 0 1
    outer loop
      vertex 142.435 130.127 0.2
      vertex 145.35 132.15 0.2
      vertex 142.85 134.05 0.2
    endloop
  endfacet
  facet normal 0 0 1
    outer loop
      vertex 142.041 132.892 0.2
      vertex 142.85 134.05 0.2
      vertex 142.45 134.05 0.2
    endloop
  endfacet
  facet normal 0 0 1
    outer loop
      vertex 145.319 127.546 0.2
      vertex 142.435 128.474 0.2
      vertex 145.3 127.45 0.2
    endloop
  endfacet
  facet normal -0 0 1
    outer loop
      vertex 142.392 128.408 0.2
      vertex 145.3 127.45 0.2
      vertex 142.435 128.474 0.2
    endloop
  endfacet
  facet normal 0 0 1
    outer loop
      vertex 145.3 127.45 0.2
      vertex 142.392 128.408 0.2
      vertex 145.3 126.75 0.2
    endloop
  endfacet
  facet normal -0 0 1
    outer loop
      vertex 142.326 128.365 0.2
      vertex 145.3 126.75 0.2
      vertex 142.392 128.408 0.2
    endloop
  endfacet
  facet normal -0 0 1
    outer loop
      vertex 141.5 127.05 0.2
      vertex 145.3 126.75 0.2
      vertex 142.326 128.365 0.2
    endloop
  endfacet
  facet normal 0 0 1
    outer loop
      vertex 145.3 126.75 0.2
      vertex 141.5 127.05 0.2
      vertex 145.319 126.654 0.2
    endloop
  endfacet
  facet normal 0 0 1
    outer loop
      vertex 141.5 125.55 0.2
      vertex 145.319 126.654 0.2
      vertex 141.5 127.05 0.2
    endloop
  endfacet
  facet normal 0 0 1
    outer loop
      vertex 141.484 127.127 0.2
      vertex 142.326 128.365 0.2
      vertex 142.25 128.35 0.2
    endloop
  endfacet
  facet normal 0 0 1
    outer loop
      vertex 141.484 127.127 0.2
      vertex 142.25 128.35 0.2
      vertex 141.85 128.35 0.2
    endloop
  endfacet
  facet normal 0 0 1
    outer loop
      vertex 141.484 127.127 0.2
      vertex 141.85 128.35 0.2
      vertex 141.773 128.365 0.2
    endloop
  endfacet
  facet normal 0 0 1
    outer loop
      vertex 141.65 130.05 0.2
      vertex 140.55 130.05 0.2
      vertex 141.65 128.55 0.2
    endloop
  endfacet
  facet normal 0 0 1
    outer loop
      vertex 141.484 127.127 0.2
      vertex 141.665 128.474 0.2
      vertex 141.65 128.55 0.2
    endloop
  endfacet
  facet normal 0 0 1
    outer loop
      vertex 141.484 127.127 0.2
      vertex 141.709 128.408 0.2
      vertex 141.665 128.474 0.2
    endloop
  endfacet
  facet normal 0 0 1
    outer loop
      vertex 141.484 127.127 0.2
      vertex 141.773 128.365 0.2
      vertex 141.709 128.408 0.2
    endloop
  endfacet
  facet normal 0 0 1
    outer loop
      vertex 145.319 126.654 0.2
      vertex 141.5 125.55 0.2
      vertex 145.373 126.573 0.2
    endloop
  endfacet
  facet normal 0 0 1
    outer loop
      vertex 141.484 125.474 0.2
      vertex 145.373 126.573 0.2
      vertex 141.5 125.55 0.2
    endloop
  endfacet
  facet normal 0 0 1
    outer loop
      vertex 145.373 126.573 0.2
      vertex 141.484 125.474 0.2
      vertex 145.454 126.519 0.2
    endloop
  endfacet
  facet normal 0 0 1
    outer loop
      vertex 141.441 125.408 0.2
      vertex 145.454 126.519 0.2
      vertex 141.484 125.474 0.2
    endloop
  endfacet
  facet normal 0 0 1
    outer loop
      vertex 145.454 126.519 0.2
      vertex 141.441 125.408 0.2
      vertex 145.55 126.5 0.2
    endloop
  endfacet
  facet normal 0 0 1
    outer loop
      vertex 141.377 125.365 0.2
      vertex 145.55 126.5 0.2
      vertex 141.441 125.408 0.2
    endloop
  endfacet
  facet normal 0 0 1
    outer loop
      vertex 148.75 126.55 0.2
      vertex 141.377 125.365 0.2
      vertex 167.945 122.695 0.2
    endloop
  endfacet
  facet normal -0 0 1
    outer loop
      vertex 141.3 125.35 0.2
      vertex 167.945 122.695 0.2
      vertex 141.377 125.365 0.2
    endloop
  endfacet
  facet normal 0 0 1
    outer loop
      vertex 137.4 125.05 0.2
      vertex 141.3 125.35 0.2
      vertex 140.9 125.35 0.2
    endloop
  endfacet
  facet normal 0 0 1
    outer loop
      vertex 140.9 127.25 0.2
      vertex 140.427 128.365 0.2
      vertex 140.823 127.234 0.2
    endloop
  endfacet
  facet normal -0 0 1
    outer loop
      vertex 140.35 128.35 0.2
      vertex 140.823 127.234 0.2
      vertex 140.427 128.365 0.2
    endloop
  endfacet
  facet normal 0 0 1
    outer loop
      vertex 140.823 127.234 0.2
      vertex 140.35 128.35 0.2
      vertex 140.759 127.191 0.2
    endloop
  endfacet
  facet normal -0 0 1
    outer loop
      vertex 139.95 128.35 0.2
      vertex 140.759 127.191 0.2
      vertex 140.35 128.35 0.2
    endloop
  endfacet
  facet normal 0 0 1
    outer loop
      vertex 140.759 127.191 0.2
      vertex 139.95 128.35 0.2
      vertex 140.715 127.127 0.2
    endloop
  endfacet
  facet normal 0 0 1
    outer loop
      vertex 139.873 128.365 0.2
      vertex 140.715 127.127 0.2
      vertex 139.95 128.35 0.2
    endloop
  endfacet
  facet normal 0 0 1
    outer loop
      vertex 140.715 127.127 0.2
      vertex 139.873 128.365 0.2
      vertex 140.7 127.05 0.2
    endloop
  endfacet
  facet normal -0 0 1
    outer loop
      vertex 138.491 128.108 0.2
      vertex 140.7 127.05 0.2
      vertex 139.873 128.365 0.2
    endloop
  endfacet
  facet normal -0 0 1
    outer loop
      vertex 138.427 128.065 0.2
      vertex 140.7 127.05 0.2
      vertex 138.491 128.108 0.2
    endloop
  endfacet
  facet normal 0 0 1
    outer loop
      vertex 138.491 128.108 0.2
      vertex 139.873 128.365 0.2
      vertex 139.809 128.408 0.2
    endloop
  endfacet
  facet normal 0 0 1
    outer loop
      vertex 138.535 128.174 0.2
      vertex 139.809 128.408 0.2
      vertex 139.766 128.474 0.2
    endloop
  endfacet
  facet normal 0 0 1
    outer loop
      vertex 140.3 138.65 0.2
      vertex 139.55 139.35 0.2
      vertex 139.55 138.65 0.2
    endloop
  endfacet
  facet normal 0 0 1
    outer loop
      vertex 138.45 134.15 0.2
      vertex 139.396 138.419 0.2
      vertex 139.3 138.4 0.2
    endloop
  endfacet
  facet normal 0 0 1
    outer loop
      vertex 140.408 134.108 0.2
      vertex 138.392 134.009 0.2
      vertex 140.474 134.065 0.2
    endloop
  endfacet
  facet normal 0 0 1
    outer loop
      vertex 141.3 132.75 0.2
      vertex 139.873 130.234 0.2
      vertex 139.95 130.25 0.2
    endloop
  endfacet
  facet normal 0 0 1
    outer loop
      vertex 138.535 129.826 0.2
      vertex 139.809 130.191 0.2
      vertex 139.873 130.234 0.2
    endloop
  endfacet
  facet normal 0 0 1
    outer loop
      vertex 138.535 129.826 0.2
      vertex 139.766 130.127 0.2
      vertex 139.809 130.191 0.2
    endloop
  endfacet
  facet normal 0 0 1
    outer loop
      vertex 138.535 129.826 0.2
      vertex 139.75 130.05 0.2
      vertex 139.766 130.127 0.2
    endloop
  endfacet
  facet normal 0 0 1
    outer loop
      vertex 139.75 130.05 0.2
      vertex 138.55 129.75 0.2
      vertex 139.75 128.55 0.2
    endloop
  endfacet
  facet normal 0 0 1
    outer loop
      vertex 138.55 128.25 0.2
      vertex 139.75 128.55 0.2
      vertex 138.55 129.75 0.2
    endloop
  endfacet
  facet normal 0 0 1
    outer loop
      vertex 139.75 128.55 0.2
      vertex 138.55 128.25 0.2
      vertex 139.766 128.474 0.2
    endloop
  endfacet
  facet normal 0 0 1
    outer loop
      vertex 138.535 128.174 0.2
      vertex 139.766 128.474 0.2
      vertex 138.55 128.25 0.2
    endloop
  endfacet
  facet normal 0 0 1
    outer loop
      vertex 139.809 128.408 0.2
      vertex 138.535 128.174 0.2
      vertex 138.491 128.108 0.2
    endloop
  endfacet
  facet normal 0 0 1
    outer loop
      vertex 137.6 126.75 0.2
      vertex 140.7 127.05 0.2
      vertex 138.427 128.065 0.2
    endloop
  endfacet
  facet normal 0 0 1
    outer loop
      vertex 140.7 127.05 0.2
      vertex 137.6 126.75 0.2
      vertex 140.7 125.55 0.2
    endloop
  endfacet
  facet normal 0 0 1
    outer loop
      vertex 137.6 125.25 0.2
      vertex 140.7 125.55 0.2
      vertex 137.6 126.75 0.2
    endloop
  endfacet
  facet normal 0 0 1
    outer loop
      vertex 137.6 126.75 0.2
      vertex 138.427 128.065 0.2
      vertex 138.35 128.05 0.2
    endloop
  endfacet
  facet normal 0 0 1
    outer loop
      vertex 137.6 126.75 0.2
      vertex 138.35 128.05 0.2
      vertex 137.95 128.05 0.2
    endloop
  endfacet
  facet normal 0 0 1
    outer loop
      vertex 137.6 126.75 0.2
      vertex 137.95 128.05 0.2
      vertex 137.873 128.065 0.2
    endloop
  endfacet
  facet normal 0 0 1
    outer loop
      vertex 137.6 126.75 0.2
      vertex 137.873 128.065 0.2
      vertex 137.809 128.108 0.2
    endloop
  endfacet
  facet normal 0 0 1
    outer loop
      vertex 137.5 132.65 0.2
      vertex 137.665 134.073 0.2
      vertex 137.65 134.15 0.2
    endloop
  endfacet
  facet normal 0 0 1
    outer loop
      vertex 137.95 129.95 0.2
      vertex 137.441 131.009 0.2
      vertex 137.873 129.935 0.2
    endloop
  endfacet
  facet normal 0 0 1
    outer loop
      vertex 137.75 129.75 0.2
      vertex 137.6 126.75 0.2
      vertex 137.75 128.25 0.2
    endloop
  endfacet
  facet normal 0 0 1
    outer loop
      vertex 137.6 126.75 0.2
      vertex 137.766 128.174 0.2
      vertex 137.75 128.25 0.2
    endloop
  endfacet
  facet normal 0 0 1
    outer loop
      vertex 137.6 126.75 0.2
      vertex 137.809 128.108 0.2
      vertex 137.766 128.174 0.2
    endloop
  endfacet
  facet normal 0 0 1
    outer loop
      vertex 140.7 125.55 0.2
      vertex 137.6 125.25 0.2
      vertex 140.715 125.474 0.2
    endloop
  endfacet
  facet normal 0 0 1
    outer loop
      vertex 137.585 125.174 0.2
      vertex 140.715 125.474 0.2
      vertex 137.6 125.25 0.2
    endloop
  endfacet
  facet normal 0 0 1
    outer loop
      vertex 140.715 125.474 0.2
      vertex 137.585 125.174 0.2
      vertex 140.759 125.408 0.2
    endloop
  endfacet
  facet normal 0 0 1
    outer loop
      vertex 137.541 125.108 0.2
      vertex 140.759 125.408 0.2
      vertex 137.585 125.174 0.2
    endloop
  endfacet
  facet normal 0 0 1
    outer loop
      vertex 140.759 125.408 0.2
      vertex 137.541 125.108 0.2
      vertex 140.823 125.365 0.2
    endloop
  endfacet
  facet normal 0 0 1
    outer loop
      vertex 137.477 125.065 0.2
      vertex 140.823 125.365 0.2
      vertex 137.541 125.108 0.2
    endloop
  endfacet
  facet normal 0 0 1
    outer loop
      vertex 140.823 125.365 0.2
      vertex 137.477 125.065 0.2
      vertex 140.9 125.35 0.2
    endloop
  endfacet
  facet normal 0 0 1
    outer loop
      vertex 137.4 125.05 0.2
      vertex 140.9 125.35 0.2
      vertex 137.477 125.065 0.2
    endloop
  endfacet
  facet normal 0 0 1
    outer loop
      vertex 141.3 125.35 0.2
      vertex 137.4 125.05 0.2
      vertex 167.945 122.695 0.2
    endloop
  endfacet
  facet normal 0 0 1
    outer loop
      vertex 112.065 122.695 0.2
      vertex 137.4 125.05 0.2
      vertex 137 125.05 0.2
    endloop
  endfacet
  facet normal 0 0 1
    outer loop
      vertex 136.65 129.75 0.2
      vertex 136.759 131.009 0.2
      vertex 136.715 131.073 0.2
    endloop
  endfacet
  facet normal 0 0 1
    outer loop
      vertex 136.65 129.75 0.2
      vertex 136.715 131.073 0.2
      vertex 136.7 131.15 0.2
    endloop
  endfacet
  facet normal 0 0 1
    outer loop
      vertex 136.759 131.009 0.2
      vertex 136.65 129.75 0.2
      vertex 136.65 128.25 0.2
    endloop
  endfacet
  facet normal -0 0 1
    outer loop
      vertex 136.45 128.05 0.2
      vertex 136.924 126.935 0.2
      vertex 136.526 128.065 0.2
    endloop
  endfacet
  facet normal 0 0 1
    outer loop
      vertex 136.924 126.935 0.2
      vertex 136.45 128.05 0.2
      vertex 136.858 126.892 0.2
    endloop
  endfacet
  facet normal -0 0 1
    outer loop
      vertex 136.05 128.05 0.2
      vertex 136.858 126.892 0.2
      vertex 136.45 128.05 0.2
    endloop
  endfacet
  facet normal 0 0 1
    outer loop
      vertex 136.858 126.892 0.2
      vertex 136.05 128.05 0.2
      vertex 136.815 126.826 0.2
    endloop
  endfacet
  facet normal 0 0 1
    outer loop
      vertex 135.974 128.065 0.2
      vertex 136.815 126.826 0.2
      vertex 136.05 128.05 0.2
    endloop
  endfacet
  facet normal 0 0 1
    outer loop
      vertex 136.815 126.826 0.2
      vertex 135.974 128.065 0.2
      vertex 136.8 126.75 0.2
    endloop
  endfacet
  facet normal 0 0 1
    outer loop
      vertex 135.908 128.108 0.2
      vertex 136.8 126.75 0.2
      vertex 135.974 128.065 0.2
    endloop
  endfacet
  facet normal 0 0 1
    outer loop
      vertex 136.8 126.75 0.2
      vertex 135.908 128.108 0.2
      vertex 136.8 125.25 0.2
    endloop
  endfacet
  facet normal 0 0 1
    outer loop
      vertex 135.865 128.174 0.2
      vertex 136.8 125.25 0.2
      vertex 135.908 128.108 0.2
    endloop
  endfacet
  facet normal 0 0 1
    outer loop
      vertex 112.065 122.695 0.2
      vertex 136.8 125.25 0.2
      vertex 135.865 128.174 0.2
    endloop
  endfacet
  facet normal -0 0 1
    outer loop
      vertex 128.925 138.375 0.2
      vertex 135.865 129.826 0.2
      vertex 129.875 138.375 0.2
    endloop
  endfacet
  facet normal 0 0 1
    outer loop
      vertex 129.875 138.375 0.2
      vertex 135.766 134.073 0.2
      vertex 135.75 134.15 0.2
    endloop
  endfacet
  facet normal 0 0 1
    outer loop
      vertex 134.546 138.419 0.2
      vertex 135.704 138.419 0.2
      vertex 135.623 138.474 0.2
    endloop
  endfacet
  facet normal -0 0 1
    outer loop
      vertex 133.55 138.4 0.2
      vertex 135.766 135.727 0.2
      vertex 134.45 138.4 0.2
    endloop
  endfacet
  facet normal 0 0 1
    outer loop
      vertex 134.627 138.474 0.2
      vertex 135.623 138.474 0.2
      vertex 135.569 138.555 0.2
    endloop
  endfacet
  facet normal 0 0 1
    outer loop
      vertex 134.681 138.555 0.2
      vertex 135.569 138.555 0.2
      vertex 135.55 138.65 0.2
    endloop
  endfacet
  facet normal 0 0 1
    outer loop
      vertex 135.569 139.445 0.2
      vertex 134.7 139.35 0.2
      vertex 135.55 139.35 0.2
    endloop
  endfacet
  facet normal 0 0 1
    outer loop
      vertex 135.55 139.35 0.2
      vertex 134.7 139.35 0.2
      vertex 135.55 138.65 0.2
    endloop
  endfacet
  facet normal 0 0 1
    outer loop
      vertex 134.7 138.65 0.2
      vertex 135.55 138.65 0.2
      vertex 134.7 139.35 0.2
    endloop
  endfacet
  facet normal 0 0 1
    outer loop
      vertex 134.681 138.555 0.2
      vertex 135.55 138.65 0.2
      vertex 134.7 138.65 0.2
    endloop
  endfacet
  facet normal 0 0 1
    outer loop
      vertex 135.569 138.555 0.2
      vertex 134.681 138.555 0.2
      vertex 134.627 138.474 0.2
    endloop
  endfacet
  facet normal 0 0 1
    outer loop
      vertex 135.623 138.474 0.2
      vertex 134.627 138.474 0.2
      vertex 134.546 138.419 0.2
    endloop
  endfacet
  facet normal 0 0 1
    outer loop
      vertex 135.766 135.727 0.2
      vertex 133.55 138.4 0.2
      vertex 135.75 135.65 0.2
    endloop
  endfacet
  facet normal -0 0 1
    outer loop
      vertex 132.371 138.394 0.2
      vertex 135.75 135.65 0.2
      vertex 133.55 138.4 0.2
    endloop
  endfacet
  facet normal -0 0 1
    outer loop
      vertex 132.275 138.375 0.2
      vertex 135.75 135.65 0.2
      vertex 132.371 138.394 0.2
    endloop
  endfacet
  facet normal -0 0 1
    outer loop
      vertex 131.325 138.375 0.2
      vertex 135.75 134.15 0.2
      vertex 132.275 138.375 0.2
    endloop
  endfacet
  facet normal 0 0 1
    outer loop
      vertex 132.371 138.394 0.2
      vertex 133.55 138.4 0.2
      vertex 133.454 138.419 0.2
    endloop
  endfacet
  facet normal -0 0 1
    outer loop
      vertex 132.452 138.448 0.2
      vertex 133.454 138.419 0.2
      vertex 133.373 138.474 0.2
    endloop
  endfacet
  facet normal -0 0 1
    outer loop
      vertex 132.506 138.529 0.2
      vertex 133.373 138.474 0.2
      vertex 133.319 138.555 0.2
    endloop
  endfacet
  facet normal 0 0 1
    outer loop
      vertex 133.319 139.445 0.2
      vertex 132.525 139.3 0.2
      vertex 133.3 139.35 0.2
    endloop
  endfacet
  facet normal 0 0 1
    outer loop
      vertex 133.3 139.35 0.2
      vertex 132.525 139.3 0.2
      vertex 133.3 138.65 0.2
    endloop
  endfacet
  facet normal 0 0 1
    outer loop
      vertex 132.525 138.625 0.2
      vertex 133.3 138.65 0.2
      vertex 132.525 139.3 0.2
    endloop
  endfacet
  facet normal 0 0 1
    outer loop
      vertex 133.3 138.65 0.2
      vertex 132.525 138.625 0.2
      vertex 133.319 138.555 0.2
    endloop
  endfacet
  facet normal 0 0 1
    outer loop
      vertex 132.506 138.529 0.2
      vertex 133.319 138.555 0.2
      vertex 132.525 138.625 0.2
    endloop
  endfacet
  facet normal 0 0 1
    outer loop
      vertex 133.373 138.474 0.2
      vertex 132.506 138.529 0.2
      vertex 132.452 138.448 0.2
    endloop
  endfacet
  facet normal 0 0 1
    outer loop
      vertex 133.454 138.419 0.2
      vertex 132.452 138.448 0.2
      vertex 132.371 138.394 0.2
    endloop
  endfacet
  facet normal 0 0 1
    outer loop
      vertex 135.75 135.65 0.2
      vertex 132.275 138.375 0.2
      vertex 135.75 134.15 0.2
    endloop
  endfacet
  facet normal -0 0 1
    outer loop
      vertex 129.875 138.375 0.2
      vertex 135.75 134.15 0.2
      vertex 131.325 138.375 0.2
    endloop
  endfacet
  facet normal 0 0 1
    outer loop
      vertex 135.865 129.826 0.2
      vertex 128.925 138.375 0.2
      vertex 135.85 129.75 0.2
    endloop
  endfacet
  facet normal 0 0 1
    outer loop
      vertex 127.55 138.4 0.2
      vertex 135.85 129.75 0.2
      vertex 128.925 138.375 0.2
    endloop
  endfacet
  facet normal 0 0 1
    outer loop
      vertex 129.875 138.375 0.2
      vertex 131.325 138.375 0.2
      vertex 131.229 138.394 0.2
    endloop
  endfacet
  facet normal 0 0 1
    outer loop
      vertex 129.971 138.394 0.2
      vertex 131.229 138.394 0.2
      vertex 131.148 138.448 0.2
    endloop
  endfacet
  facet normal 0 0 1
    outer loop
      vertex 130.052 138.448 0.2
      vertex 131.148 138.448 0.2
      vertex 131.094 138.529 0.2
    endloop
  endfacet
  facet normal 0 0 1
    outer loop
      vertex 131.094 139.396 0.2
      vertex 130.125 139.3 0.2
      vertex 131.075 139.3 0.2
    endloop
  endfacet
  facet normal 0 0 1
    outer loop
      vertex 131.075 139.3 0.2
      vertex 130.125 139.3 0.2
      vertex 131.075 138.625 0.2
    endloop
  endfacet
  facet normal 0 0 1
    outer loop
      vertex 130.125 138.625 0.2
      vertex 131.075 138.625 0.2
      vertex 130.125 139.3 0.2
    endloop
  endfacet
  facet normal 0 0 1
    outer loop
      vertex 131.075 138.625 0.2
      vertex 130.125 138.625 0.2
      vertex 131.094 138.529 0.2
    endloop
  endfacet
  facet normal 0 0 1
    outer loop
      vertex 130.106 138.529 0.2
      vertex 131.094 138.529 0.2
      vertex 130.125 138.625 0.2
    endloop
  endfacet
  facet normal 0 0 1
    outer loop
      vertex 130.052 138.448 0.2
      vertex 131.094 138.529 0.2
      vertex 130.106 138.529 0.2
    endloop
  endfacet
  facet normal 0 0 1
    outer loop
      vertex 131.148 138.448 0.2
      vertex 130.052 138.448 0.2
      vertex 129.971 138.394 0.2
    endloop
  endfacet
  facet normal 0 0 1
    outer loop
      vertex 131.229 138.394 0.2
      vertex 129.971 138.394 0.2
      vertex 129.875 138.375 0.2
    endloop
  endfacet
  facet normal -0 0 1
    outer loop
      vertex 126.65 138.4 0.2
      vertex 135.85 129.75 0.2
      vertex 127.55 138.4 0.2
    endloop
  endfacet
  facet normal 0 0 1
    outer loop
      vertex 135.85 129.75 0.2
      vertex 126.65 138.4 0.2
      vertex 135.85 128.25 0.2
    endloop
  endfacet
  facet normal 0 0 1
    outer loop
      vertex 127.55 138.4 0.2
      vertex 128.925 138.375 0.2
      vertex 128.829 138.394 0.2
    endloop
  endfacet
  facet normal -0 0 1
    outer loop
      vertex 127.646 138.419 0.2
      vertex 128.829 138.394 0.2
      vertex 128.748 138.448 0.2
    endloop
  endfacet
  facet normal -0 0 1
    outer loop
      vertex 127.727 138.474 0.2
      vertex 128.748 138.448 0.2
      vertex 128.694 138.529 0.2
    endloop
  endfacet
  facet normal 0 0 1
    outer loop
      vertex 128.694 139.396 0.2
      vertex 127.8 139.35 0.2
      vertex 128.675 139.3 0.2
    endloop
  endfacet
  facet normal 0 0 1
    outer loop
      vertex 127.8 138.65 0.2
      vertex 128.675 139.3 0.2
      vertex 127.8 139.35 0.2
    endloop
  endfacet
  facet normal 0 0 1
    outer loop
      vertex 128.675 139.3 0.2
      vertex 127.8 138.65 0.2
      vertex 128.675 138.625 0.2
    endloop
  endfacet
  facet normal 0 0 1
    outer loop
      vertex 127.781 138.555 0.2
      vertex 128.675 138.625 0.2
      vertex 127.8 138.65 0.2
    endloop
  endfacet
  facet normal 0 0 1
    outer loop
      vertex 128.675 138.625 0.2
      vertex 127.781 138.555 0.2
      vertex 128.694 138.529 0.2
    endloop
  endfacet
  facet normal 0 0 1
    outer loop
      vertex 127.727 138.474 0.2
      vertex 128.694 138.529 0.2
      vertex 127.781 138.555 0.2
    endloop
  endfacet
  facet normal 0 0 1
    outer loop
      vertex 128.748 138.448 0.2
      vertex 127.727 138.474 0.2
      vertex 127.646 138.419 0.2
    endloop
  endfacet
  facet normal 0 0 1
    outer loop
      vertex 128.829 138.394 0.2
      vertex 127.646 138.419 0.2
      vertex 127.55 138.4 0.2
    endloop
  endfacet
  facet normal 0 0 1
    outer loop
      vertex 126.555 138.419 0.2
      vertex 135.85 128.25 0.2
      vertex 126.65 138.4 0.2
    endloop
  endfacet
  facet normal 0 0 1
    outer loop
      vertex 112.065 122.695 0.2
      vertex 135.85 128.25 0.2
      vertex 126.555 138.419 0.2
    endloop
  endfacet
  facet normal 0 0 1
    outer loop
      vertex 135.85 128.25 0.2
      vertex 112.065 122.695 0.2
      vertex 135.865 128.174 0.2
    endloop
  endfacet
  facet normal 0 0 1
    outer loop
      vertex 136.8 125.25 0.2
      vertex 112.065 122.695 0.2
      vertex 136.815 125.174 0.2
    endloop
  endfacet
  facet normal 0 0 1
    outer loop
      vertex 112.065 122.695 0.2
      vertex 126.555 138.419 0.2
      vertex 126.474 138.474 0.2
    endloop
  endfacet
  facet normal 0 0 1
    outer loop
      vertex 126.65 141.6 0.2
      vertex 125.677 143.333 0.2
      vertex 126.555 141.581 0.2
    endloop
  endfacet
  facet normal -0 0 1
    outer loop
      vertex 125.596 143.279 0.2
      vertex 126.555 141.581 0.2
      vertex 125.677 143.333 0.2
    endloop
  endfacet
  facet normal 0 0 1
    outer loop
      vertex 126.555 141.581 0.2
      vertex 125.596 143.279 0.2
      vertex 126.474 141.526 0.2
    endloop
  endfacet
  facet normal -0 0 1
    outer loop
      vertex 125.5 143.26 0.2
      vertex 126.474 141.526 0.2
      vertex 125.596 143.279 0.2
    endloop
  endfacet
  facet normal 0 0 1
    outer loop
      vertex 126.474 141.526 0.2
      vertex 125.5 143.26 0.2
      vertex 126.419 141.445 0.2
    endloop
  endfacet
  facet normal -0 0 1
    outer loop
      vertex 124.6 143.26 0.2
      vertex 126.419 141.445 0.2
      vertex 125.5 143.26 0.2
    endloop
  endfacet
  facet normal 0 0 1
    outer loop
      vertex 126.419 141.445 0.2
      vertex 124.6 143.26 0.2
      vertex 126.4 141.35 0.2
    endloop
  endfacet
  facet normal 0 0 1
    outer loop
      vertex 126.4 140.65 0.2
      vertex 124.6 143.26 0.2
      vertex 124.504 143.279 0.2
    endloop
  endfacet
  facet normal 0 0 1
    outer loop
      vertex 126.4 140.65 0.2
      vertex 124.504 143.279 0.2
      vertex 122.202 142.873 0.2
    endloop
  endfacet
  facet normal 0 0 1
    outer loop
      vertex 126.4 140.65 0.2
      vertex 122.202 142.873 0.2
      vertex 122.121 142.819 0.2
    endloop
  endfacet
  facet normal 0 0 1
    outer loop
      vertex 122.202 142.873 0.2
      vertex 124.504 143.279 0.2
      vertex 124.423 143.333 0.2
    endloop
  endfacet
  facet normal 0 0 1
    outer loop
      vertex 122.256 142.954 0.2
      vertex 124.423 143.333 0.2
      vertex 124.369 143.414 0.2
    endloop
  endfacet
  facet normal 0 0 1
    outer loop
      vertex 124.369 144.306 0.2
      vertex 122.275 143.975 0.2
      vertex 124.35 144.21 0.2
    endloop
  endfacet
  facet normal 0 0 1
    outer loop
      vertex 124.35 144.21 0.2
      vertex 122.275 143.975 0.2
      vertex 124.35 143.51 0.2
    endloop
  endfacet
  facet normal 0 0 1
    outer loop
      vertex 122.275 143.05 0.2
      vertex 124.35 143.51 0.2
      vertex 122.275 143.975 0.2
    endloop
  endfacet
  facet normal 0 0 1
    outer loop
      vertex 124.35 143.51 0.2
      vertex 122.275 143.05 0.2
      vertex 124.369 143.414 0.2
    endloop
  endfacet
  facet normal 0 0 1
    outer loop
      vertex 122.256 142.954 0.2
      vertex 124.369 143.414 0.2
      vertex 122.275 143.05 0.2
    endloop
  endfacet
  facet normal 0 0 1
    outer loop
      vertex 124.423 143.333 0.2
      vertex 122.256 142.954 0.2
      vertex 122.202 142.873 0.2
    endloop
  endfacet
  facet normal -0 0 1
    outer loop
      vertex 122.025 142.8 0.2
      vertex 126.4 139.35 0.2
      vertex 122.121 142.819 0.2
    endloop
  endfacet
  facet normal 0 0 1
    outer loop
      vertex 126.4 139.35 0.2
      vertex 122.025 142.8 0.2
      vertex 126.4 138.65 0.2
    endloop
  endfacet
  facet normal -0 0 1
    outer loop
      vertex 120.775 142.8 0.2
      vertex 126.4 138.65 0.2
      vertex 122.025 142.8 0.2
    endloop
  endfacet
  facet normal 0 0 1
    outer loop
      vertex 126.4 138.65 0.2
      vertex 120.775 142.8 0.2
      vertex 126.419 138.555 0.2
    endloop
  endfacet
  facet normal 0 0 1
    outer loop
      vertex 120.68 142.819 0.2
      vertex 126.419 138.555 0.2
      vertex 120.775 142.8 0.2
    endloop
  endfacet
  facet normal 0 0 1
    outer loop
      vertex 126.419 138.555 0.2
      vertex 120.68 142.819 0.2
      vertex 126.474 138.474 0.2
    endloop
  endfacet
  facet normal 0 0 1
    outer loop
      vertex 126.474 138.474 0.2
      vertex 120.68 142.819 0.2
      vertex 112.065 122.695 0.2
    endloop
  endfacet
  facet normal 0 0 1
    outer loop
      vertex 112.065 122.695 0.2
      vertex 120.68 142.819 0.2
      vertex 120.599 142.873 0.2
    endloop
  endfacet
  facet normal 0 0 1
    outer loop
      vertex 137.4 125.05 0.2
      vertex 112.065 122.695 0.2
      vertex 167.945 122.695 0.2
    endloop
  endfacet
  facet normal 0 0 1
    outer loop
      vertex 136.924 125.065 0.2
      vertex 112.065 122.695 0.2
      vertex 137 125.05 0.2
    endloop
  endfacet
  facet normal 0 0 1
    outer loop
      vertex 136.858 125.108 0.2
      vertex 112.065 122.695 0.2
      vertex 136.924 125.065 0.2
    endloop
  endfacet
  facet normal 0 0 1
    outer loop
      vertex 136.815 125.174 0.2
      vertex 112.065 122.695 0.2
      vertex 136.858 125.108 0.2
    endloop
  endfacet
  facet normal 0 0 1
    outer loop
      vertex 120.544 142.954 0.2
      vertex 112.065 122.695 0.2
      vertex 120.599 142.873 0.2
    endloop
  endfacet
  facet normal 0 0 1
    outer loop
      vertex 112.065 122.695 0.2
      vertex 120.544 142.954 0.2
      vertex 120.525 143.05 0.2
    endloop
  endfacet
  facet normal 0 0 1
    outer loop
      vertex 142.392 130.191 0.2
      vertex 142.085 131.174 0.2
      vertex 142.326 130.234 0.2
    endloop
  endfacet
  facet normal -0 0 1
    outer loop
      vertex 142.041 131.108 0.2
      vertex 142.326 130.234 0.2
      vertex 142.085 131.174 0.2
    endloop
  endfacet
  facet normal 0 0 1
    outer loop
      vertex 142.326 130.234 0.2
      vertex 142.041 131.108 0.2
      vertex 142.25 130.25 0.2
    endloop
  endfacet
  facet normal -0 0 1
    outer loop
      vertex 141.977 131.065 0.2
      vertex 142.25 130.25 0.2
      vertex 142.041 131.108 0.2
    endloop
  endfacet
  facet normal 0 0 1
    outer loop
      vertex 141.85 130.25 0.2
      vertex 141.977 131.065 0.2
      vertex 141.9 131.05 0.2
    endloop
  endfacet
  facet normal 0 0 1
    outer loop
      vertex 141.977 131.065 0.2
      vertex 141.85 130.25 0.2
      vertex 142.25 130.25 0.2
    endloop
  endfacet
  facet normal 0 0 1
    outer loop
      vertex 141.9 131.05 0.2
      vertex 141.773 130.234 0.2
      vertex 141.85 130.25 0.2
    endloop
  endfacet
  facet normal -0 0 1
    outer loop
      vertex 141.5 131.05 0.2
      vertex 141.773 130.234 0.2
      vertex 141.9 131.05 0.2
    endloop
  endfacet
  facet normal 0 0 1
    outer loop
      vertex 141.773 130.234 0.2
      vertex 141.5 131.05 0.2
      vertex 141.709 130.191 0.2
    endloop
  endfacet
  facet normal 0 0 1
    outer loop
      vertex 141.665 130.127 0.2
      vertex 140.55 130.05 0.2
      vertex 141.65 130.05 0.2
    endloop
  endfacet
  facet normal 0 0 1
    outer loop
      vertex 140.535 130.127 0.2
      vertex 141.665 130.127 0.2
      vertex 141.5 131.05 0.2
    endloop
  endfacet
  facet normal 0 0 1
    outer loop
      vertex 141.709 130.191 0.2
      vertex 141.5 131.05 0.2
      vertex 141.665 130.127 0.2
    endloop
  endfacet
  facet normal 0 0 1
    outer loop
      vertex 143 138.75 0.2
      vertex 141.7 139.35 0.2
      vertex 141.7 138.65 0.2
    endloop
  endfacet
  facet normal 0 0 1
    outer loop
      vertex 142.45 135.95 0.2
      vertex 141.546 138.419 0.2
      vertex 142.373 135.935 0.2
    endloop
  endfacet
  facet normal -0 0 1
    outer loop
      vertex 141.45 138.4 0.2
      vertex 142.373 135.935 0.2
      vertex 141.546 138.419 0.2
    endloop
  endfacet
  facet normal 0 0 1
    outer loop
      vertex 141.026 135.935 0.2
      vertex 142.373 135.935 0.2
      vertex 141.45 138.4 0.2
    endloop
  endfacet
  facet normal 0 -0 1
    outer loop
      vertex 141.092 135.892 0.2
      vertex 142.309 135.892 0.2
      vertex 141.026 135.935 0.2
    endloop
  endfacet
  facet normal 0 -0 1
    outer loop
      vertex 141.135 135.826 0.2
      vertex 142.266 135.826 0.2
      vertex 141.092 135.892 0.2
    endloop
  endfacet
  facet normal 0 0 1
    outer loop
      vertex 141.15 134.25 0.2
      vertex 142.25 134.25 0.2
      vertex 141.15 135.75 0.2
    endloop
  endfacet
  facet normal 0 0 1
    outer loop
      vertex 142.373 135.935 0.2
      vertex 141.026 135.935 0.2
      vertex 142.309 135.892 0.2
    endloop
  endfacet
  facet normal 0 0 1
    outer loop
      vertex 142.309 134.108 0.2
      vertex 141.5 132.95 0.2
      vertex 141.9 132.95 0.2
    endloop
  endfacet
  facet normal 0 0 1
    outer loop
      vertex 142.266 134.174 0.2
      vertex 141.135 134.174 0.2
      vertex 142.309 134.108 0.2
    endloop
  endfacet
  facet normal 0 0 1
    outer loop
      vertex 141.092 134.108 0.2
      vertex 142.309 134.108 0.2
      vertex 141.135 134.174 0.2
    endloop
  endfacet
  facet normal 0 0 1
    outer loop
      vertex 142.309 134.108 0.2
      vertex 141.092 134.108 0.2
      vertex 141.5 132.95 0.2
    endloop
  endfacet
  facet normal 0 0 1
    outer loop
      vertex 141.5 132.95 0.2
      vertex 141.026 134.065 0.2
      vertex 141.424 132.935 0.2
    endloop
  endfacet
  facet normal -0 0 1
    outer loop
      vertex 140.95 134.05 0.2
      vertex 141.424 132.935 0.2
      vertex 141.026 134.065 0.2
    endloop
  endfacet
  facet normal -0 0 1
    outer loop
      vertex 141.026 134.065 0.2
      vertex 141.5 132.95 0.2
      vertex 141.092 134.108 0.2
    endloop
  endfacet
  facet normal 0 0 1
    outer loop
      vertex 142.25 135.75 0.2
      vertex 141.135 135.826 0.2
      vertex 141.15 135.75 0.2
    endloop
  endfacet
  facet normal 0 0 1
    outer loop
      vertex 142.266 135.826 0.2
      vertex 141.135 135.826 0.2
      vertex 142.25 135.75 0.2
    endloop
  endfacet
  facet normal 0 0 1
    outer loop
      vertex 142.309 135.892 0.2
      vertex 141.092 135.892 0.2
      vertex 142.266 135.826 0.2
    endloop
  endfacet
  facet normal 0 0 1
    outer loop
      vertex 141.45 138.4 0.2
      vertex 140.95 135.95 0.2
      vertex 141.026 135.935 0.2
    endloop
  endfacet
  facet normal -0 0 1
    outer loop
      vertex 140.55 138.4 0.2
      vertex 140.95 135.95 0.2
      vertex 141.45 138.4 0.2
    endloop
  endfacet
  facet normal 0 0 1
    outer loop
      vertex 140.55 138.4 0.2
      vertex 140.55 135.95 0.2
      vertex 140.95 135.95 0.2
    endloop
  endfacet
  facet normal 0 0 1
    outer loop
      vertex 140.55 138.4 0.2
      vertex 140.474 135.935 0.2
      vertex 140.55 135.95 0.2
    endloop
  endfacet
  facet normal 0 0 1
    outer loop
      vertex 140.454 138.419 0.2
      vertex 140.474 135.935 0.2
      vertex 140.55 138.4 0.2
    endloop
  endfacet
  facet normal 0 0 1
    outer loop
      vertex 140.454 138.419 0.2
      vertex 140.408 135.892 0.2
      vertex 140.474 135.935 0.2
    endloop
  endfacet
  facet normal 0 0 1
    outer loop
      vertex 140.373 138.474 0.2
      vertex 140.408 135.892 0.2
      vertex 140.454 138.419 0.2
    endloop
  endfacet
  facet normal 0 0 1
    outer loop
      vertex 140.373 138.474 0.2
      vertex 140.365 135.826 0.2
      vertex 140.408 135.892 0.2
    endloop
  endfacet
  facet normal 0 0 1
    outer loop
      vertex 140.319 138.555 0.2
      vertex 140.365 135.826 0.2
      vertex 140.373 138.474 0.2
    endloop
  endfacet
  facet normal 0 0 1
    outer loop
      vertex 138.45 134.15 0.2
      vertex 140.35 134.25 0.2
      vertex 140.35 135.75 0.2
    endloop
  endfacet
  facet normal 0 0 1
    outer loop
      vertex 138.45 134.15 0.2
      vertex 140.365 135.826 0.2
      vertex 140.319 138.555 0.2
    endloop
  endfacet
  facet normal 0 0 1
    outer loop
      vertex 138.45 134.15 0.2
      vertex 140.319 138.555 0.2
      vertex 140.3 138.65 0.2
    endloop
  endfacet
  facet normal 0 0 1
    outer loop
      vertex 140.365 135.826 0.2
      vertex 138.45 134.15 0.2
      vertex 140.35 135.75 0.2
    endloop
  endfacet
  facet normal 0 0 1
    outer loop
      vertex 141.3 132.75 0.2
      vertex 139.95 130.25 0.2
      vertex 140.35 130.25 0.2
    endloop
  endfacet
  facet normal 0 -1 0
    outer loop
      vertex 110 150 0.2
      vertex 170 150 0.9
      vertex 110 150 0.9
    endloop
  endfacet
  facet normal 0 -1 -0
    outer loop
      vertex 170 150 0.9
      vertex 110 150 0.2
      vertex 170 150 0.2
    endloop
  endfacet
  facet normal 1 -0 0
    outer loop
      vertex 170 150 0.9
      vertex 170 158 0.2
      vertex 170 158 0.9
    endloop
  endfacet
  facet normal 1 0 0
    outer loop
      vertex 170 158 0.2
      vertex 170 150 0.9
      vertex 170 150 0.2
    endloop
  endfacet
  facet normal 0 -1 0
    outer loop
      vertex 170 158 0.2
      vertex 180 158 0.9
      vertex 170 158 0.9
    endloop
  endfacet
  facet normal 0 -1 -0
    outer loop
      vertex 180 158 0.9
      vertex 170 158 0.2
      vertex 180 158 0.2
    endloop
  endfacet
  facet normal -1 0 0
    outer loop
      vertex 180 134.76 0.2
      vertex 180 158 0.9
      vertex 180 158 0.2
    endloop
  endfacet
  facet normal -1 -0 0
    outer loop
      vertex 180 158 0.9
      vertex 180 134.76 0.2
      vertex 180 134.76 0.9
    endloop
  endfacet
  facet normal -0.7074 0.706814 0
    outer loop
      vertex 167.945 122.695 0.2
      vertex 180 134.76 0.9
      vertex 180 134.76 0.2
    endloop
  endfacet
  facet normal -0.7074 0.706814 0
    outer loop
      vertex 180 134.76 0.9
      vertex 167.945 122.695 0.2
      vertex 167.945 122.695 0.9
    endloop
  endfacet
  facet normal 0 1 -0
    outer loop
      vertex 167.945 122.695 0.2
      vertex 112.065 122.695 0.9
      vertex 167.945 122.695 0.9
    endloop
  endfacet
  facet normal 0 1 0
    outer loop
      vertex 112.065 122.695 0.9
      vertex 167.945 122.695 0.2
      vertex 112.065 122.695 0.2
    endloop
  endfacet
  facet normal 0.707107 0.707107 -0
    outer loop
      vertex 112.065 122.695 0.2
      vertex 100 134.76 0.9
      vertex 112.065 122.695 0.9
    endloop
  endfacet
  facet normal 0.707107 0.707107 0
    outer loop
      vertex 100 134.76 0.9
      vertex 112.065 122.695 0.2
      vertex 100 134.76 0.2
    endloop
  endfacet
  facet normal 1 -0 0
    outer loop
      vertex 100 134.76 0.9
      vertex 100 158 0.2
      vertex 100 158 0.9
    endloop
  endfacet
  facet normal 1 0 0
    outer loop
      vertex 100 158 0.2
      vertex 100 134.76 0.9
      vertex 100 134.76 0.2
    endloop
  endfacet
  facet normal 0 -1 0
    outer loop
      vertex 100 158 0.2
      vertex 110 158 0.9
      vertex 100 158 0.9
    endloop
  endfacet
  facet normal 0 -1 -0
    outer loop
      vertex 110 158 0.9
      vertex 100 158 0.2
      vertex 110 158 0.2
    endloop
  endfacet
  facet normal -1 0 0
    outer loop
      vertex 110 150 0.2
      vertex 110 158 0.9
      vertex 110 158 0.2
    endloop
  endfacet
  facet normal -1 -0 0
    outer loop
      vertex 110 158 0.9
      vertex 110 150 0.2
      vertex 110 150 0.9
    endloop
  endfacet
  facet normal -0.55769 -0.83005 0
    outer loop
      vertex 137.477 126.935 0
      vertex 137.541 126.892 0.2
      vertex 137.477 126.935 0.2
    endloop
  endfacet
  facet normal -0.55769 -0.83005 -0
    outer loop
      vertex 137.541 126.892 0.2
      vertex 137.477 126.935 0
      vertex 137.541 126.892 0
    endloop
  endfacet
  facet normal -0.83205 -0.5547 0
    outer loop
      vertex 137.585 126.826 0
      vertex 137.541 126.892 0.2
      vertex 137.541 126.892 0
    endloop
  endfacet
  facet normal -0.83205 -0.5547 0
    outer loop
      vertex 137.541 126.892 0.2
      vertex 137.585 126.826 0
      vertex 137.585 126.826 0.2
    endloop
  endfacet
  facet normal -0.981074 -0.193633 0
    outer loop
      vertex 137.6 126.75 0
      vertex 137.585 126.826 0.2
      vertex 137.585 126.826 0
    endloop
  endfacet
  facet normal -0.981074 -0.193633 0
    outer loop
      vertex 137.585 126.826 0.2
      vertex 137.6 126.75 0
      vertex 137.6 126.75 0.2
    endloop
  endfacet
  facet normal -1 0 0
    outer loop
      vertex 137.6 125.25 0
      vertex 137.6 126.75 0.2
      vertex 137.6 126.75 0
    endloop
  endfacet
  facet normal -1 -0 0
    outer loop
      vertex 137.6 126.75 0.2
      vertex 137.6 125.25 0
      vertex 137.6 125.25 0.2
    endloop
  endfacet
  facet normal -0.981074 0.193633 0
    outer loop
      vertex 137.585 125.174 0
      vertex 137.6 125.25 0.2
      vertex 137.6 125.25 0
    endloop
  endfacet
  facet normal -0.981074 0.193633 0
    outer loop
      vertex 137.6 125.25 0.2
      vertex 137.585 125.174 0
      vertex 137.585 125.174 0.2
    endloop
  endfacet
  facet normal -0.83205 0.5547 0
    outer loop
      vertex 137.541 125.108 0
      vertex 137.585 125.174 0.2
      vertex 137.585 125.174 0
    endloop
  endfacet
  facet normal -0.83205 0.5547 0
    outer loop
      vertex 137.585 125.174 0.2
      vertex 137.541 125.108 0
      vertex 137.541 125.108 0.2
    endloop
  endfacet
  facet normal -0.55769 0.83005 0
    outer loop
      vertex 137.541 125.108 0
      vertex 137.477 125.065 0.2
      vertex 137.541 125.108 0.2
    endloop
  endfacet
  facet normal -0.55769 0.83005 0
    outer loop
      vertex 137.477 125.065 0.2
      vertex 137.541 125.108 0
      vertex 137.477 125.065 0
    endloop
  endfacet
  facet normal -0.191211 0.981549 0
    outer loop
      vertex 137.477 125.065 0
      vertex 137.4 125.05 0.2
      vertex 137.477 125.065 0.2
    endloop
  endfacet
  facet normal -0.191211 0.981549 0
    outer loop
      vertex 137.4 125.05 0.2
      vertex 137.477 125.065 0
      vertex 137.4 125.05 0
    endloop
  endfacet
  facet normal 0 1 -0
    outer loop
      vertex 137.4 125.05 0
      vertex 137 125.05 0.2
      vertex 137.4 125.05 0.2
    endloop
  endfacet
  facet normal 0 1 0
    outer loop
      vertex 137 125.05 0.2
      vertex 137.4 125.05 0
      vertex 137 125.05 0
    endloop
  endfacet
  facet normal 0.193633 0.981074 -0
    outer loop
      vertex 137 125.05 0
      vertex 136.924 125.065 0.2
      vertex 137 125.05 0.2
    endloop
  endfacet
  facet normal 0.193633 0.981074 0
    outer loop
      vertex 136.924 125.065 0.2
      vertex 137 125.05 0
      vertex 136.924 125.065 0
    endloop
  endfacet
  facet normal 0.54588 0.837863 -0
    outer loop
      vertex 136.924 125.065 0
      vertex 136.858 125.108 0.2
      vertex 136.924 125.065 0.2
    endloop
  endfacet
  facet normal 0.54588 0.837863 0
    outer loop
      vertex 136.858 125.108 0.2
      vertex 136.924 125.065 0
      vertex 136.858 125.108 0
    endloop
  endfacet
  facet normal 0.837863 0.54588 0
    outer loop
      vertex 136.858 125.108 0.2
      vertex 136.815 125.174 0
      vertex 136.815 125.174 0.2
    endloop
  endfacet
  facet normal 0.837863 0.54588 0
    outer loop
      vertex 136.815 125.174 0
      vertex 136.858 125.108 0.2
      vertex 136.858 125.108 0
    endloop
  endfacet
  facet normal 0.981074 0.193633 0
    outer loop
      vertex 136.815 125.174 0.2
      vertex 136.8 125.25 0
      vertex 136.8 125.25 0.2
    endloop
  endfacet
  facet normal 0.981074 0.193633 0
    outer loop
      vertex 136.8 125.25 0
      vertex 136.815 125.174 0.2
      vertex 136.815 125.174 0
    endloop
  endfacet
  facet normal 1 -0 0
    outer loop
      vertex 136.8 125.25 0.2
      vertex 136.8 126.75 0
      vertex 136.8 126.75 0.2
    endloop
  endfacet
  facet normal 1 0 0
    outer loop
      vertex 136.8 126.75 0
      vertex 136.8 125.25 0.2
      vertex 136.8 125.25 0
    endloop
  endfacet
  facet normal 0.981074 -0.193633 0
    outer loop
      vertex 136.8 126.75 0.2
      vertex 136.815 126.826 0
      vertex 136.815 126.826 0.2
    endloop
  endfacet
  facet normal 0.981074 -0.193633 0
    outer loop
      vertex 136.815 126.826 0
      vertex 136.8 126.75 0.2
      vertex 136.8 126.75 0
    endloop
  endfacet
  facet normal 0.837863 -0.54588 0
    outer loop
      vertex 136.815 126.826 0.2
      vertex 136.858 126.892 0
      vertex 136.858 126.892 0.2
    endloop
  endfacet
  facet normal 0.837863 -0.54588 0
    outer loop
      vertex 136.858 126.892 0
      vertex 136.815 126.826 0.2
      vertex 136.815 126.826 0
    endloop
  endfacet
  facet normal 0.54588 -0.837863 0
    outer loop
      vertex 136.858 126.892 0
      vertex 136.924 126.935 0.2
      vertex 136.858 126.892 0.2
    endloop
  endfacet
  facet normal 0.54588 -0.837863 0
    outer loop
      vertex 136.924 126.935 0.2
      vertex 136.858 126.892 0
      vertex 136.924 126.935 0
    endloop
  endfacet
  facet normal 0.193633 -0.981074 0
    outer loop
      vertex 136.924 126.935 0
      vertex 137 126.95 0.2
      vertex 136.924 126.935 0.2
    endloop
  endfacet
  facet normal 0.193633 -0.981074 0
    outer loop
      vertex 137 126.95 0.2
      vertex 136.924 126.935 0
      vertex 137 126.95 0
    endloop
  endfacet
  facet normal 0 -1 0
    outer loop
      vertex 137 126.95 0
      vertex 137.4 126.95 0.2
      vertex 137 126.95 0.2
    endloop
  endfacet
  facet normal 0 -1 -0
    outer loop
      vertex 137.4 126.95 0.2
      vertex 137 126.95 0
      vertex 137.4 126.95 0
    endloop
  endfacet
  facet normal -0.191211 -0.981549 0
    outer loop
      vertex 137.4 126.95 0
      vertex 137.477 126.935 0.2
      vertex 137.4 126.95 0.2
    endloop
  endfacet
  facet normal -0.191211 -0.981549 -0
    outer loop
      vertex 137.477 126.935 0.2
      vertex 137.4 126.95 0
      vertex 137.477 126.935 0
    endloop
  endfacet
  facet normal -0.55769 -0.83005 0
    outer loop
      vertex 141.377 127.234 0
      vertex 141.441 127.191 0.2
      vertex 141.377 127.234 0.2
    endloop
  endfacet
  facet normal -0.55769 -0.83005 -0
    outer loop
      vertex 141.441 127.191 0.2
      vertex 141.377 127.234 0
      vertex 141.441 127.191 0
    endloop
  endfacet
  facet normal -0.83005 -0.55769 0
    outer loop
      vertex 141.484 127.127 0
      vertex 141.441 127.191 0.2
      vertex 141.441 127.191 0
    endloop
  endfacet
  facet normal -0.83005 -0.55769 0
    outer loop
      vertex 141.441 127.191 0.2
      vertex 141.484 127.127 0
      vertex 141.484 127.127 0.2
    endloop
  endfacet
  facet normal -0.979086 -0.203446 0
    outer loop
      vertex 141.5 127.05 0
      vertex 141.484 127.127 0.2
      vertex 141.484 127.127 0
    endloop
  endfacet
  facet normal -0.979086 -0.203446 0
    outer loop
      vertex 141.484 127.127 0.2
      vertex 141.5 127.05 0
      vertex 141.5 127.05 0.2
    endloop
  endfacet
  facet normal -1 0 0
    outer loop
      vertex 141.5 125.55 0
      vertex 141.5 127.05 0.2
      vertex 141.5 127.05 0
    endloop
  endfacet
  facet normal -1 -0 0
    outer loop
      vertex 141.5 127.05 0.2
      vertex 141.5 125.55 0
      vertex 141.5 125.55 0.2
    endloop
  endfacet
  facet normal -0.97855 0.20601 0
    outer loop
      vertex 141.484 125.474 0
      vertex 141.5 125.55 0.2
      vertex 141.5 125.55 0
    endloop
  endfacet
  facet normal -0.97855 0.20601 0
    outer loop
      vertex 141.5 125.55 0.2
      vertex 141.484 125.474 0
      vertex 141.484 125.474 0.2
    endloop
  endfacet
  facet normal -0.837863 0.54588 0
    outer loop
      vertex 141.441 125.408 0
      vertex 141.484 125.474 0.2
      vertex 141.484 125.474 0
    endloop
  endfacet
  facet normal -0.837863 0.54588 0
    outer loop
      vertex 141.484 125.474 0.2
      vertex 141.441 125.408 0
      vertex 141.441 125.408 0.2
    endloop
  endfacet
  facet normal -0.55769 0.83005 0
    outer loop
      vertex 141.441 125.408 0
      vertex 141.377 125.365 0.2
      vertex 141.441 125.408 0.2
    endloop
  endfacet
  facet normal -0.55769 0.83005 0
    outer loop
      vertex 141.377 125.365 0.2
      vertex 141.441 125.408 0
      vertex 141.377 125.365 0
    endloop
  endfacet
  facet normal -0.191211 0.981549 0
    outer loop
      vertex 141.377 125.365 0
      vertex 141.3 125.35 0.2
      vertex 141.377 125.365 0.2
    endloop
  endfacet
  facet normal -0.191211 0.981549 0
    outer loop
      vertex 141.3 125.35 0.2
      vertex 141.377 125.365 0
      vertex 141.3 125.35 0
    endloop
  endfacet
  facet normal 0 1 -0
    outer loop
      vertex 141.3 125.35 0
      vertex 140.9 125.35 0.2
      vertex 141.3 125.35 0.2
    endloop
  endfacet
  facet normal 0 1 0
    outer loop
      vertex 140.9 125.35 0.2
      vertex 141.3 125.35 0
      vertex 140.9 125.35 0
    endloop
  endfacet
  facet normal 0.191211 0.981549 -0
    outer loop
      vertex 140.9 125.35 0
      vertex 140.823 125.365 0.2
      vertex 140.9 125.35 0.2
    endloop
  endfacet
  facet normal 0.191211 0.981549 0
    outer loop
      vertex 140.823 125.365 0.2
      vertex 140.9 125.35 0
      vertex 140.823 125.365 0
    endloop
  endfacet
  facet normal 0.55769 0.83005 -0
    outer loop
      vertex 140.823 125.365 0
      vertex 140.759 125.408 0.2
      vertex 140.823 125.365 0.2
    endloop
  endfacet
  facet normal 0.55769 0.83005 0
    outer loop
      vertex 140.759 125.408 0.2
      vertex 140.823 125.365 0
      vertex 140.759 125.408 0
    endloop
  endfacet
  facet normal 0.83205 0.5547 0
    outer loop
      vertex 140.759 125.408 0.2
      vertex 140.715 125.474 0
      vertex 140.715 125.474 0.2
    endloop
  endfacet
  facet normal 0.83205 0.5547 0
    outer loop
      vertex 140.715 125.474 0
      vertex 140.759 125.408 0.2
      vertex 140.759 125.408 0
    endloop
  endfacet
  facet normal 0.981074 0.193633 0
    outer loop
      vertex 140.715 125.474 0.2
      vertex 140.7 125.55 0
      vertex 140.7 125.55 0.2
    endloop
  endfacet
  facet normal 0.981074 0.193633 0
    outer loop
      vertex 140.7 125.55 0
      vertex 140.715 125.474 0.2
      vertex 140.715 125.474 0
    endloop
  endfacet
  facet normal 1 -0 0
    outer loop
      vertex 140.7 125.55 0.2
      vertex 140.7 127.05 0
      vertex 140.7 127.05 0.2
    endloop
  endfacet
  facet normal 1 0 0
    outer loop
      vertex 140.7 127.05 0
      vertex 140.7 125.55 0.2
      vertex 140.7 125.55 0
    endloop
  endfacet
  facet normal 0.981549 -0.191211 0
    outer loop
      vertex 140.7 127.05 0.2
      vertex 140.715 127.127 0
      vertex 140.715 127.127 0.2
    endloop
  endfacet
  facet normal 0.981549 -0.191211 0
    outer loop
      vertex 140.715 127.127 0
      vertex 140.7 127.05 0.2
      vertex 140.7 127.05 0
    endloop
  endfacet
  facet normal 0.824042 -0.566529 0
    outer loop
      vertex 140.715 127.127 0.2
      vertex 140.759 127.191 0
      vertex 140.759 127.191 0.2
    endloop
  endfacet
  facet normal 0.824042 -0.566529 0
    outer loop
      vertex 140.759 127.191 0
      vertex 140.715 127.127 0.2
      vertex 140.715 127.127 0
    endloop
  endfacet
  facet normal 0.55769 -0.83005 0
    outer loop
      vertex 140.759 127.191 0
      vertex 140.823 127.234 0.2
      vertex 140.759 127.191 0.2
    endloop
  endfacet
  facet normal 0.55769 -0.83005 0
    outer loop
      vertex 140.823 127.234 0.2
      vertex 140.759 127.191 0
      vertex 140.823 127.234 0
    endloop
  endfacet
  facet normal 0.203446 -0.979086 0
    outer loop
      vertex 140.823 127.234 0
      vertex 140.9 127.25 0.2
      vertex 140.823 127.234 0.2
    endloop
  endfacet
  facet normal 0.203446 -0.979086 0
    outer loop
      vertex 140.9 127.25 0.2
      vertex 140.823 127.234 0
      vertex 140.9 127.25 0
    endloop
  endfacet
  facet normal 0 -1 0
    outer loop
      vertex 140.9 127.25 0
      vertex 141.3 127.25 0.2
      vertex 140.9 127.25 0.2
    endloop
  endfacet
  facet normal 0 -1 -0
    outer loop
      vertex 141.3 127.25 0.2
      vertex 140.9 127.25 0
      vertex 141.3 127.25 0
    endloop
  endfacet
  facet normal -0.203446 -0.979086 0
    outer loop
      vertex 141.3 127.25 0
      vertex 141.377 127.234 0.2
      vertex 141.3 127.25 0.2
    endloop
  endfacet
  facet normal -0.203446 -0.979086 -0
    outer loop
      vertex 141.377 127.234 0.2
      vertex 141.3 127.25 0
      vertex 141.377 127.234 0
    endloop
  endfacet
  facet normal -0.5547 -0.83205 0
    outer loop
      vertex 146.546 127.681 0
      vertex 146.627 127.627 0.2
      vertex 146.546 127.681 0.2
    endloop
  endfacet
  facet normal -0.5547 -0.83205 -0
    outer loop
      vertex 146.627 127.627 0.2
      vertex 146.546 127.681 0
      vertex 146.627 127.627 0
    endloop
  endfacet
  facet normal -0.83205 -0.5547 0
    outer loop
      vertex 146.681 127.546 0
      vertex 146.627 127.627 0.2
      vertex 146.627 127.627 0
    endloop
  endfacet
  facet normal -0.83205 -0.5547 0
    outer loop
      vertex 146.627 127.627 0.2
      vertex 146.681 127.546 0
      vertex 146.681 127.546 0.2
    endloop
  endfacet
  facet normal -0.980972 -0.194151 0
    outer loop
      vertex 146.7 127.45 0
      vertex 146.681 127.546 0.2
      vertex 146.681 127.546 0
    endloop
  endfacet
  facet normal -0.980972 -0.194151 0
    outer loop
      vertex 146.681 127.546 0.2
      vertex 146.7 127.45 0
      vertex 146.7 127.45 0.2
    endloop
  endfacet
  facet normal -1 0 0
    outer loop
      vertex 146.7 126.75 0
      vertex 146.7 127.45 0.2
      vertex 146.7 127.45 0
    endloop
  endfacet
  facet normal -1 -0 0
    outer loop
      vertex 146.7 127.45 0.2
      vertex 146.7 126.75 0
      vertex 146.7 126.75 0.2
    endloop
  endfacet
  facet normal -0.980972 0.194151 0
    outer loop
      vertex 146.681 126.654 0
      vertex 146.7 126.75 0.2
      vertex 146.7 126.75 0
    endloop
  endfacet
  facet normal -0.980972 0.194151 0
    outer loop
      vertex 146.7 126.75 0.2
      vertex 146.681 126.654 0
      vertex 146.681 126.654 0.2
    endloop
  endfacet
  facet normal -0.83205 0.5547 0
    outer loop
      vertex 146.627 126.573 0
      vertex 146.681 126.654 0.2
      vertex 146.681 126.654 0
    endloop
  endfacet
  facet normal -0.83205 0.5547 0
    outer loop
      vertex 146.681 126.654 0.2
      vertex 146.627 126.573 0
      vertex 146.627 126.573 0.2
    endloop
  endfacet
  facet normal -0.5547 0.83205 0
    outer loop
      vertex 146.627 126.573 0
      vertex 146.546 126.519 0.2
      vertex 146.627 126.573 0.2
    endloop
  endfacet
  facet normal -0.5547 0.83205 0
    outer loop
      vertex 146.546 126.519 0.2
      vertex 146.627 126.573 0
      vertex 146.546 126.519 0
    endloop
  endfacet
  facet normal -0.194151 0.980972 0
    outer loop
      vertex 146.546 126.519 0
      vertex 146.45 126.5 0.2
      vertex 146.546 126.519 0.2
    endloop
  endfacet
  facet normal -0.194151 0.980972 0
    outer loop
      vertex 146.45 126.5 0.2
      vertex 146.546 126.519 0
      vertex 146.45 126.5 0
    endloop
  endfacet
  facet normal 0 1 -0
    outer loop
      vertex 146.45 126.5 0
      vertex 145.55 126.5 0.2
      vertex 146.45 126.5 0.2
    endloop
  endfacet
  facet normal 0 1 0
    outer loop
      vertex 145.55 126.5 0.2
      vertex 146.45 126.5 0
      vertex 145.55 126.5 0
    endloop
  endfacet
  facet normal 0.194151 0.980972 -0
    outer loop
      vertex 145.55 126.5 0
      vertex 145.454 126.519 0.2
      vertex 145.55 126.5 0.2
    endloop
  endfacet
  facet normal 0.194151 0.980972 0
    outer loop
      vertex 145.454 126.519 0.2
      vertex 145.55 126.5 0
      vertex 145.454 126.519 0
    endloop
  endfacet
  facet normal 0.5547 0.83205 -0
    outer loop
      vertex 145.454 126.519 0
      vertex 145.373 126.573 0.2
      vertex 145.454 126.519 0.2
    endloop
  endfacet
  facet normal 0.5547 0.83205 0
    outer loop
      vertex 145.373 126.573 0.2
      vertex 145.454 126.519 0
      vertex 145.373 126.573 0
    endloop
  endfacet
  facet normal 0.83205 0.5547 0
    outer loop
      vertex 145.373 126.573 0.2
      vertex 145.319 126.654 0
      vertex 145.319 126.654 0.2
    endloop
  endfacet
  facet normal 0.83205 0.5547 0
    outer loop
      vertex 145.319 126.654 0
      vertex 145.373 126.573 0.2
      vertex 145.373 126.573 0
    endloop
  endfacet
  facet normal 0.980972 0.194151 0
    outer loop
      vertex 145.319 126.654 0.2
      vertex 145.3 126.75 0
      vertex 145.3 126.75 0.2
    endloop
  endfacet
  facet normal 0.980972 0.194151 0
    outer loop
      vertex 145.3 126.75 0
      vertex 145.319 126.654 0.2
      vertex 145.319 126.654 0
    endloop
  endfacet
  facet normal 1 -0 0
    outer loop
      vertex 145.3 126.75 0.2
      vertex 145.3 127.45 0
      vertex 145.3 127.45 0.2
    endloop
  endfacet
  facet normal 1 0 0
    outer loop
      vertex 145.3 127.45 0
      vertex 145.3 126.75 0.2
      vertex 145.3 126.75 0
    endloop
  endfacet
  facet normal 0.980972 -0.194151 0
    outer loop
      vertex 145.3 127.45 0.2
      vertex 145.319 127.546 0
      vertex 145.319 127.546 0.2
    endloop
  endfacet
  facet normal 0.980972 -0.194151 0
    outer loop
      vertex 145.319 127.546 0
      vertex 145.3 127.45 0.2
      vertex 145.3 127.45 0
    endloop
  endfacet
  facet normal 0.83205 -0.5547 0
    outer loop
      vertex 145.319 127.546 0.2
      vertex 145.373 127.627 0
      vertex 145.373 127.627 0.2
    endloop
  endfacet
  facet normal 0.83205 -0.5547 0
    outer loop
      vertex 145.373 127.627 0
      vertex 145.319 127.546 0.2
      vertex 145.319 127.546 0
    endloop
  endfacet
  facet normal 0.5547 -0.83205 0
    outer loop
      vertex 145.373 127.627 0
      vertex 145.454 127.681 0.2
      vertex 145.373 127.627 0.2
    endloop
  endfacet
  facet normal 0.5547 -0.83205 0
    outer loop
      vertex 145.454 127.681 0.2
      vertex 145.373 127.627 0
      vertex 145.454 127.681 0
    endloop
  endfacet
  facet normal 0.194151 -0.980972 0
    outer loop
      vertex 145.454 127.681 0
      vertex 145.55 127.7 0.2
      vertex 145.454 127.681 0.2
    endloop
  endfacet
  facet normal 0.194151 -0.980972 0
    outer loop
      vertex 145.55 127.7 0.2
      vertex 145.454 127.681 0
      vertex 145.55 127.7 0
    endloop
  endfacet
  facet normal 0 -1 0
    outer loop
      vertex 145.55 127.7 0
      vertex 146.45 127.7 0.2
      vertex 145.55 127.7 0.2
    endloop
  endfacet
  facet normal 0 -1 -0
    outer loop
      vertex 146.45 127.7 0.2
      vertex 145.55 127.7 0
      vertex 146.45 127.7 0
    endloop
  endfacet
  facet normal -0.194151 -0.980972 0
    outer loop
      vertex 146.45 127.7 0
      vertex 146.546 127.681 0.2
      vertex 146.45 127.7 0.2
    endloop
  endfacet
  facet normal -0.194151 -0.980972 -0
    outer loop
      vertex 146.546 127.681 0.2
      vertex 146.45 127.7 0
      vertex 146.546 127.681 0
    endloop
  endfacet
  facet normal -0.5547 -0.83205 0
    outer loop
      vertex 148.846 127.731 0
      vertex 148.927 127.677 0.2
      vertex 148.846 127.731 0.2
    endloop
  endfacet
  facet normal -0.5547 -0.83205 -0
    outer loop
      vertex 148.927 127.677 0.2
      vertex 148.846 127.731 0
      vertex 148.927 127.677 0
    endloop
  endfacet
  facet normal -0.83205 -0.5547 0
    outer loop
      vertex 148.981 127.596 0
      vertex 148.927 127.677 0.2
      vertex 148.927 127.677 0
    endloop
  endfacet
  facet normal -0.83205 -0.5547 0
    outer loop
      vertex 148.927 127.677 0.2
      vertex 148.981 127.596 0
      vertex 148.981 127.596 0.2
    endloop
  endfacet
  facet normal -0.980972 -0.194151 0
    outer loop
      vertex 149 127.5 0
      vertex 148.981 127.596 0.2
      vertex 148.981 127.596 0
    endloop
  endfacet
  facet normal -0.980972 -0.194151 0
    outer loop
      vertex 148.981 127.596 0.2
      vertex 149 127.5 0
      vertex 149 127.5 0.2
    endloop
  endfacet
  facet normal -1 0 0
    outer loop
      vertex 149 126.8 0
      vertex 149 127.5 0.2
      vertex 149 127.5 0
    endloop
  endfacet
  facet normal -1 -0 0
    outer loop
      vertex 149 127.5 0.2
      vertex 149 126.8 0
      vertex 149 126.8 0.2
    endloop
  endfacet
  facet normal -0.980972 0.194151 0
    outer loop
      vertex 148.981 126.704 0
      vertex 149 126.8 0.2
      vertex 149 126.8 0
    endloop
  endfacet
  facet normal -0.980972 0.194151 0
    outer loop
      vertex 149 126.8 0.2
      vertex 148.981 126.704 0
      vertex 148.981 126.704 0.2
    endloop
  endfacet
  facet normal -0.83205 0.5547 0
    outer loop
      vertex 148.927 126.623 0
      vertex 148.981 126.704 0.2
      vertex 148.981 126.704 0
    endloop
  endfacet
  facet normal -0.83205 0.5547 0
    outer loop
      vertex 148.981 126.704 0.2
      vertex 148.927 126.623 0
      vertex 148.927 126.623 0.2
    endloop
  endfacet
  facet normal -0.5547 0.83205 0
    outer loop
      vertex 148.927 126.623 0
      vertex 148.846 126.569 0.2
      vertex 148.927 126.623 0.2
    endloop
  endfacet
  facet normal -0.5547 0.83205 0
    outer loop
      vertex 148.846 126.569 0.2
      vertex 148.927 126.623 0
      vertex 148.846 126.569 0
    endloop
  endfacet
  facet normal -0.194151 0.980972 0
    outer loop
      vertex 148.846 126.569 0
      vertex 148.75 126.55 0.2
      vertex 148.846 126.569 0.2
    endloop
  endfacet
  facet normal -0.194151 0.980972 0
    outer loop
      vertex 148.75 126.55 0.2
      vertex 148.846 126.569 0
      vertex 148.75 126.55 0
    endloop
  endfacet
  facet normal 0 1 -0
    outer loop
      vertex 148.75 126.55 0
      vertex 147.85 126.55 0.2
      vertex 148.75 126.55 0.2
    endloop
  endfacet
  facet normal 0 1 0
    outer loop
      vertex 147.85 126.55 0.2
      vertex 148.75 126.55 0
      vertex 147.85 126.55 0
    endloop
  endfacet
  facet normal 0.194151 0.980972 -0
    outer loop
      vertex 147.85 126.55 0
      vertex 147.754 126.569 0.2
      vertex 147.85 126.55 0.2
    endloop
  endfacet
  facet normal 0.194151 0.980972 0
    outer loop
      vertex 147.754 126.569 0.2
      vertex 147.85 126.55 0
      vertex 147.754 126.569 0
    endloop
  endfacet
  facet normal 0.5547 0.83205 -0
    outer loop
      vertex 147.754 126.569 0
      vertex 147.673 126.623 0.2
      vertex 147.754 126.569 0.2
    endloop
  endfacet
  facet normal 0.5547 0.83205 0
    outer loop
      vertex 147.673 126.623 0.2
      vertex 147.754 126.569 0
      vertex 147.673 126.623 0
    endloop
  endfacet
  facet normal 0.83205 0.5547 0
    outer loop
      vertex 147.673 126.623 0.2
      vertex 147.619 126.704 0
      vertex 147.619 126.704 0.2
    endloop
  endfacet
  facet normal 0.83205 0.5547 0
    outer loop
      vertex 147.619 126.704 0
      vertex 147.673 126.623 0.2
      vertex 147.673 126.623 0
    endloop
  endfacet
  facet normal 0.980972 0.194151 0
    outer loop
      vertex 147.619 126.704 0.2
      vertex 147.6 126.8 0
      vertex 147.6 126.8 0.2
    endloop
  endfacet
  facet normal 0.980972 0.194151 0
    outer loop
      vertex 147.6 126.8 0
      vertex 147.619 126.704 0.2
      vertex 147.619 126.704 0
    endloop
  endfacet
  facet normal 1 -0 0
    outer loop
      vertex 147.6 126.8 0.2
      vertex 147.6 127.5 0
      vertex 147.6 127.5 0.2
    endloop
  endfacet
  facet normal 1 0 0
    outer loop
      vertex 147.6 127.5 0
      vertex 147.6 126.8 0.2
      vertex 147.6 126.8 0
    endloop
  endfacet
  facet normal 0.980972 -0.194151 0
    outer loop
      vertex 147.6 127.5 0.2
      vertex 147.619 127.596 0
      vertex 147.619 127.596 0.2
    endloop
  endfacet
  facet normal 0.980972 -0.194151 0
    outer loop
      vertex 147.619 127.596 0
      vertex 147.6 127.5 0.2
      vertex 147.6 127.5 0
    endloop
  endfacet
  facet normal 0.83205 -0.5547 0
    outer loop
      vertex 147.619 127.596 0.2
      vertex 147.673 127.677 0
      vertex 147.673 127.677 0.2
    endloop
  endfacet
  facet normal 0.83205 -0.5547 0
    outer loop
      vertex 147.673 127.677 0
      vertex 147.619 127.596 0.2
      vertex 147.619 127.596 0
    endloop
  endfacet
  facet normal 0.5547 -0.83205 0
    outer loop
      vertex 147.673 127.677 0
      vertex 147.754 127.731 0.2
      vertex 147.673 127.677 0.2
    endloop
  endfacet
  facet normal 0.5547 -0.83205 0
    outer loop
      vertex 147.754 127.731 0.2
      vertex 147.673 127.677 0
      vertex 147.754 127.731 0
    endloop
  endfacet
  facet normal 0.194151 -0.980972 0
    outer loop
      vertex 147.754 127.731 0
      vertex 147.85 127.75 0.2
      vertex 147.754 127.731 0.2
    endloop
  endfacet
  facet normal 0.194151 -0.980972 0
    outer loop
      vertex 147.85 127.75 0.2
      vertex 147.754 127.731 0
      vertex 147.85 127.75 0
    endloop
  endfacet
  facet normal 0 -1 0
    outer loop
      vertex 147.85 127.75 0
      vertex 148.75 127.75 0.2
      vertex 147.85 127.75 0.2
    endloop
  endfacet
  facet normal 0 -1 -0
    outer loop
      vertex 148.75 127.75 0.2
      vertex 147.85 127.75 0
      vertex 148.75 127.75 0
    endloop
  endfacet
  facet normal -0.194151 -0.980972 0
    outer loop
      vertex 148.75 127.75 0
      vertex 148.846 127.731 0.2
      vertex 148.75 127.75 0.2
    endloop
  endfacet
  facet normal -0.194151 -0.980972 -0
    outer loop
      vertex 148.846 127.731 0.2
      vertex 148.75 127.75 0
      vertex 148.846 127.731 0
    endloop
  endfacet
  facet normal -0.55769 -0.83005 0
    outer loop
      vertex 138.427 129.935 0
      vertex 138.491 129.892 0.2
      vertex 138.427 129.935 0.2
    endloop
  endfacet
  facet normal -0.55769 -0.83005 -0
    outer loop
      vertex 138.491 129.892 0.2
      vertex 138.427 129.935 0
      vertex 138.491 129.892 0
    endloop
  endfacet
  facet normal -0.83205 -0.5547 0
    outer loop
      vertex 138.535 129.826 0
      vertex 138.491 129.892 0.2
      vertex 138.491 129.892 0
    endloop
  endfacet
  facet normal -0.83205 -0.5547 0
    outer loop
      vertex 138.491 129.892 0.2
      vertex 138.535 129.826 0
      vertex 138.535 129.826 0.2
    endloop
  endfacet
  facet normal -0.981074 -0.193633 0
    outer loop
      vertex 138.55 129.75 0
      vertex 138.535 129.826 0.2
      vertex 138.535 129.826 0
    endloop
  endfacet
  facet normal -0.981074 -0.193633 0
    outer loop
      vertex 138.535 129.826 0.2
      vertex 138.55 129.75 0
      vertex 138.55 129.75 0.2
    endloop
  endfacet
  facet normal -1 0 0
    outer loop
      vertex 138.55 128.25 0
      vertex 138.55 129.75 0.2
      vertex 138.55 129.75 0
    endloop
  endfacet
  facet normal -1 -0 0
    outer loop
      vertex 138.55 129.75 0.2
      vertex 138.55 128.25 0
      vertex 138.55 128.25 0.2
    endloop
  endfacet
  facet normal -0.981074 0.193633 0
    outer loop
      vertex 138.535 128.174 0
      vertex 138.55 128.25 0.2
      vertex 138.55 128.25 0
    endloop
  endfacet
  facet normal -0.981074 0.193633 0
    outer loop
      vertex 138.55 128.25 0.2
      vertex 138.535 128.174 0
      vertex 138.535 128.174 0.2
    endloop
  endfacet
  facet normal -0.83205 0.5547 0
    outer loop
      vertex 138.491 128.108 0
      vertex 138.535 128.174 0.2
      vertex 138.535 128.174 0
    endloop
  endfacet
  facet normal -0.83205 0.5547 0
    outer loop
      vertex 138.535 128.174 0.2
      vertex 138.491 128.108 0
      vertex 138.491 128.108 0.2
    endloop
  endfacet
  facet normal -0.55769 0.83005 0
    outer loop
      vertex 138.491 128.108 0
      vertex 138.427 128.065 0.2
      vertex 138.491 128.108 0.2
    endloop
  endfacet
  facet normal -0.55769 0.83005 0
    outer loop
      vertex 138.427 128.065 0.2
      vertex 138.491 128.108 0
      vertex 138.427 128.065 0
    endloop
  endfacet
  facet normal -0.191211 0.981549 0
    outer loop
      vertex 138.427 128.065 0
      vertex 138.35 128.05 0.2
      vertex 138.427 128.065 0.2
    endloop
  endfacet
  facet normal -0.191211 0.981549 0
    outer loop
      vertex 138.35 128.05 0.2
      vertex 138.427 128.065 0
      vertex 138.35 128.05 0
    endloop
  endfacet
  facet normal 0 1 -0
    outer loop
      vertex 138.35 128.05 0
      vertex 137.95 128.05 0.2
      vertex 138.35 128.05 0.2
    endloop
  endfacet
  facet normal 0 1 0
    outer loop
      vertex 137.95 128.05 0.2
      vertex 138.35 128.05 0
      vertex 137.95 128.05 0
    endloop
  endfacet
  facet normal 0.191211 0.981549 -0
    outer loop
      vertex 137.95 128.05 0
      vertex 137.873 128.065 0.2
      vertex 137.95 128.05 0.2
    endloop
  endfacet
  facet normal 0.191211 0.981549 0
    outer loop
      vertex 137.873 128.065 0.2
      vertex 137.95 128.05 0
      vertex 137.873 128.065 0
    endloop
  endfacet
  facet normal 0.55769 0.83005 -0
    outer loop
      vertex 137.873 128.065 0
      vertex 137.809 128.108 0.2
      vertex 137.873 128.065 0.2
    endloop
  endfacet
  facet normal 0.55769 0.83005 0
    outer loop
      vertex 137.809 128.108 0.2
      vertex 137.873 128.065 0
      vertex 137.809 128.108 0
    endloop
  endfacet
  facet normal 0.837863 0.54588 0
    outer loop
      vertex 137.809 128.108 0.2
      vertex 137.766 128.174 0
      vertex 137.766 128.174 0.2
    endloop
  endfacet
  facet normal 0.837863 0.54588 0
    outer loop
      vertex 137.766 128.174 0
      vertex 137.809 128.108 0.2
      vertex 137.809 128.108 0
    endloop
  endfacet
  facet normal 0.97855 0.20601 0
    outer loop
      vertex 137.766 128.174 0.2
      vertex 137.75 128.25 0
      vertex 137.75 128.25 0.2
    endloop
  endfacet
  facet normal 0.97855 0.20601 0
    outer loop
      vertex 137.75 128.25 0
      vertex 137.766 128.174 0.2
      vertex 137.766 128.174 0
    endloop
  endfacet
  facet normal 1 -0 0
    outer loop
      vertex 137.75 128.25 0.2
      vertex 137.75 129.75 0
      vertex 137.75 129.75 0.2
    endloop
  endfacet
  facet normal 1 0 0
    outer loop
      vertex 137.75 129.75 0
      vertex 137.75 128.25 0.2
      vertex 137.75 128.25 0
    endloop
  endfacet
  facet normal 0.97855 -0.20601 0
    outer loop
      vertex 137.75 129.75 0.2
      vertex 137.766 129.826 0
      vertex 137.766 129.826 0.2
    endloop
  endfacet
  facet normal 0.97855 -0.20601 0
    outer loop
      vertex 137.766 129.826 0
      vertex 137.75 129.75 0.2
      vertex 137.75 129.75 0
    endloop
  endfacet
  facet normal 0.837863 -0.54588 0
    outer loop
      vertex 137.766 129.826 0.2
      vertex 137.809 129.892 0
      vertex 137.809 129.892 0.2
    endloop
  endfacet
  facet normal 0.837863 -0.54588 0
    outer loop
      vertex 137.809 129.892 0
      vertex 137.766 129.826 0.2
      vertex 137.766 129.826 0
    endloop
  endfacet
  facet normal 0.55769 -0.83005 0
    outer loop
      vertex 137.809 129.892 0
      vertex 137.873 129.935 0.2
      vertex 137.809 129.892 0.2
    endloop
  endfacet
  facet normal 0.55769 -0.83005 0
    outer loop
      vertex 137.873 129.935 0.2
      vertex 137.809 129.892 0
      vertex 137.873 129.935 0
    endloop
  endfacet
  facet normal 0.191211 -0.981549 0
    outer loop
      vertex 137.873 129.935 0
      vertex 137.95 129.95 0.2
      vertex 137.873 129.935 0.2
    endloop
  endfacet
  facet normal 0.191211 -0.981549 0
    outer loop
      vertex 137.95 129.95 0.2
      vertex 137.873 129.935 0
      vertex 137.95 129.95 0
    endloop
  endfacet
  facet normal 0 -1 0
    outer loop
      vertex 137.95 129.95 0
      vertex 138.35 129.95 0.2
      vertex 137.95 129.95 0.2
    endloop
  endfacet
  facet normal 0 -1 -0
    outer loop
      vertex 138.35 129.95 0.2
      vertex 137.95 129.95 0
      vertex 138.35 129.95 0
    endloop
  endfacet
  facet normal -0.191211 -0.981549 0
    outer loop
      vertex 138.35 129.95 0
      vertex 138.427 129.935 0.2
      vertex 138.35 129.95 0.2
    endloop
  endfacet
  facet normal -0.191211 -0.981549 -0
    outer loop
      vertex 138.427 129.935 0.2
      vertex 138.35 129.95 0
      vertex 138.427 129.935 0
    endloop
  endfacet
  facet normal -0.54588 -0.837863 0
    outer loop
      vertex 136.526 129.935 0
      vertex 136.592 129.892 0.2
      vertex 136.526 129.935 0.2
    endloop
  endfacet
  facet normal -0.54588 -0.837863 -0
    outer loop
      vertex 136.592 129.892 0.2
      vertex 136.526 129.935 0
      vertex 136.592 129.892 0
    endloop
  endfacet
  facet normal -0.837863 -0.54588 0
    outer loop
      vertex 136.635 129.826 0
      vertex 136.592 129.892 0.2
      vertex 136.592 129.892 0
    endloop
  endfacet
  facet normal -0.837863 -0.54588 0
    outer loop
      vertex 136.592 129.892 0.2
      vertex 136.635 129.826 0
      vertex 136.635 129.826 0.2
    endloop
  endfacet
  facet normal -0.981074 -0.193633 0
    outer loop
      vertex 136.65 129.75 0
      vertex 136.635 129.826 0.2
      vertex 136.635 129.826 0
    endloop
  endfacet
  facet normal -0.981074 -0.193633 0
    outer loop
      vertex 136.635 129.826 0.2
      vertex 136.65 129.75 0
      vertex 136.65 129.75 0.2
    endloop
  endfacet
  facet normal -1 0 0
    outer loop
      vertex 136.65 128.25 0
      vertex 136.65 129.75 0.2
      vertex 136.65 129.75 0
    endloop
  endfacet
  facet normal -1 -0 0
    outer loop
      vertex 136.65 129.75 0.2
      vertex 136.65 128.25 0
      vertex 136.65 128.25 0.2
    endloop
  endfacet
  facet normal -0.981074 0.193633 0
    outer loop
      vertex 136.635 128.174 0
      vertex 136.65 128.25 0.2
      vertex 136.65 128.25 0
    endloop
  endfacet
  facet normal -0.981074 0.193633 0
    outer loop
      vertex 136.65 128.25 0.2
      vertex 136.635 128.174 0
      vertex 136.635 128.174 0.2
    endloop
  endfacet
  facet normal -0.837863 0.54588 0
    outer loop
      vertex 136.592 128.108 0
      vertex 136.635 128.174 0.2
      vertex 136.635 128.174 0
    endloop
  endfacet
  facet normal -0.837863 0.54588 0
    outer loop
      vertex 136.635 128.174 0.2
      vertex 136.592 128.108 0
      vertex 136.592 128.108 0.2
    endloop
  endfacet
  facet normal -0.54588 0.837863 0
    outer loop
      vertex 136.592 128.108 0
      vertex 136.526 128.065 0.2
      vertex 136.592 128.108 0.2
    endloop
  endfacet
  facet normal -0.54588 0.837863 0
    outer loop
      vertex 136.526 128.065 0.2
      vertex 136.592 128.108 0
      vertex 136.526 128.065 0
    endloop
  endfacet
  facet normal -0.193633 0.981074 0
    outer loop
      vertex 136.526 128.065 0
      vertex 136.45 128.05 0.2
      vertex 136.526 128.065 0.2
    endloop
  endfacet
  facet normal -0.193633 0.981074 0
    outer loop
      vertex 136.45 128.05 0.2
      vertex 136.526 128.065 0
      vertex 136.45 128.05 0
    endloop
  endfacet
  facet normal 0 1 -0
    outer loop
      vertex 136.45 128.05 0
      vertex 136.05 128.05 0.2
      vertex 136.45 128.05 0.2
    endloop
  endfacet
  facet normal 0 1 0
    outer loop
      vertex 136.05 128.05 0.2
      vertex 136.45 128.05 0
      vertex 136.05 128.05 0
    endloop
  endfacet
  facet normal 0.193633 0.981074 -0
    outer loop
      vertex 136.05 128.05 0
      vertex 135.974 128.065 0.2
      vertex 136.05 128.05 0.2
    endloop
  endfacet
  facet normal 0.193633 0.981074 0
    outer loop
      vertex 135.974 128.065 0.2
      vertex 136.05 128.05 0
      vertex 135.974 128.065 0
    endloop
  endfacet
  facet normal 0.54588 0.837863 -0
    outer loop
      vertex 135.974 128.065 0
      vertex 135.908 128.108 0.2
      vertex 135.974 128.065 0.2
    endloop
  endfacet
  facet normal 0.54588 0.837863 0
    outer loop
      vertex 135.908 128.108 0.2
      vertex 135.974 128.065 0
      vertex 135.908 128.108 0
    endloop
  endfacet
  facet normal 0.837863 0.54588 0
    outer loop
      vertex 135.908 128.108 0.2
      vertex 135.865 128.174 0
      vertex 135.865 128.174 0.2
    endloop
  endfacet
  facet normal 0.837863 0.54588 0
    outer loop
      vertex 135.865 128.174 0
      vertex 135.908 128.108 0.2
      vertex 135.908 128.108 0
    endloop
  endfacet
  facet normal 0.981074 0.193633 0
    outer loop
      vertex 135.865 128.174 0.2
      vertex 135.85 128.25 0
      vertex 135.85 128.25 0.2
    endloop
  endfacet
  facet normal 0.981074 0.193633 0
    outer loop
      vertex 135.85 128.25 0
      vertex 135.865 128.174 0.2
      vertex 135.865 128.174 0
    endloop
  endfacet
  facet normal 1 -0 0
    outer loop
      vertex 135.85 128.25 0.2
      vertex 135.85 129.75 0
      vertex 135.85 129.75 0.2
    endloop
  endfacet
  facet normal 1 0 0
    outer loop
      vertex 135.85 129.75 0
      vertex 135.85 128.25 0.2
      vertex 135.85 128.25 0
    endloop
  endfacet
  facet normal 0.981074 -0.193633 0
    outer loop
      vertex 135.85 129.75 0.2
      vertex 135.865 129.826 0
      vertex 135.865 129.826 0.2
    endloop
  endfacet
  facet normal 0.981074 -0.193633 0
    outer loop
      vertex 135.865 129.826 0
      vertex 135.85 129.75 0.2
      vertex 135.85 129.75 0
    endloop
  endfacet
  facet normal 0.837863 -0.54588 0
    outer loop
      vertex 135.865 129.826 0.2
      vertex 135.908 129.892 0
      vertex 135.908 129.892 0.2
    endloop
  endfacet
  facet normal 0.837863 -0.54588 0
    outer loop
      vertex 135.908 129.892 0
      vertex 135.865 129.826 0.2
      vertex 135.865 129.826 0
    endloop
  endfacet
  facet normal 0.54588 -0.837863 0
    outer loop
      vertex 135.908 129.892 0
      vertex 135.974 129.935 0.2
      vertex 135.908 129.892 0.2
    endloop
  endfacet
  facet normal 0.54588 -0.837863 0
    outer loop
      vertex 135.974 129.935 0.2
      vertex 135.908 129.892 0
      vertex 135.974 129.935 0
    endloop
  endfacet
  facet normal 0.193633 -0.981074 0
    outer loop
      vertex 135.974 129.935 0
      vertex 136.05 129.95 0.2
      vertex 135.974 129.935 0.2
    endloop
  endfacet
  facet normal 0.193633 -0.981074 0
    outer loop
      vertex 136.05 129.95 0.2
      vertex 135.974 129.935 0
      vertex 136.05 129.95 0
    endloop
  endfacet
  facet normal 0 -1 0
    outer loop
      vertex 136.05 129.95 0
      vertex 136.45 129.95 0.2
      vertex 136.05 129.95 0.2
    endloop
  endfacet
  facet normal 0 -1 -0
    outer loop
      vertex 136.45 129.95 0.2
      vertex 136.05 129.95 0
      vertex 136.45 129.95 0
    endloop
  endfacet
  facet normal -0.193633 -0.981074 0
    outer loop
      vertex 136.45 129.95 0
      vertex 136.526 129.935 0.2
      vertex 136.45 129.95 0.2
    endloop
  endfacet
  facet normal -0.193633 -0.981074 -0
    outer loop
      vertex 136.526 129.935 0.2
      vertex 136.45 129.95 0
      vertex 136.526 129.935 0
    endloop
  endfacet
  facet normal -0.54588 -0.837863 0
    outer loop
      vertex 142.326 130.234 0
      vertex 142.392 130.191 0.2
      vertex 142.326 130.234 0.2
    endloop
  endfacet
  facet normal -0.54588 -0.837863 -0
    outer loop
      vertex 142.392 130.191 0.2
      vertex 142.326 130.234 0
      vertex 142.392 130.191 0
    endloop
  endfacet
  facet normal -0.83005 -0.55769 0
    outer loop
      vertex 142.435 130.127 0
      vertex 142.392 130.191 0.2
      vertex 142.392 130.191 0
    endloop
  endfacet
  facet normal -0.83005 -0.55769 0
    outer loop
      vertex 142.392 130.191 0.2
      vertex 142.435 130.127 0
      vertex 142.435 130.127 0.2
    endloop
  endfacet
  facet normal -0.981549 -0.191211 0
    outer loop
      vertex 142.45 130.05 0
      vertex 142.435 130.127 0.2
      vertex 142.435 130.127 0
    endloop
  endfacet
  facet normal -0.981549 -0.191211 0
    outer loop
      vertex 142.435 130.127 0.2
      vertex 142.45 130.05 0
      vertex 142.45 130.05 0.2
    endloop
  endfacet
  facet normal -1 0 0
    outer loop
      vertex 142.45 128.55 0
      vertex 142.45 130.05 0.2
      vertex 142.45 130.05 0
    endloop
  endfacet
  facet normal -1 -0 0
    outer loop
      vertex 142.45 130.05 0.2
      vertex 142.45 128.55 0
      vertex 142.45 128.55 0.2
    endloop
  endfacet
  facet normal -0.981074 0.193633 0
    outer loop
      vertex 142.435 128.474 0
      vertex 142.45 128.55 0.2
      vertex 142.45 128.55 0
    endloop
  endfacet
  facet normal -0.981074 0.193633 0
    outer loop
      vertex 142.45 128.55 0.2
      vertex 142.435 128.474 0
      vertex 142.435 128.474 0.2
    endloop
  endfacet
  facet normal -0.837863 0.54588 0
    outer loop
      vertex 142.392 128.408 0
      vertex 142.435 128.474 0.2
      vertex 142.435 128.474 0
    endloop
  endfacet
  facet normal -0.837863 0.54588 0
    outer loop
      vertex 142.435 128.474 0.2
      vertex 142.392 128.408 0
      vertex 142.392 128.408 0.2
    endloop
  endfacet
  facet normal -0.54588 0.837863 0
    outer loop
      vertex 142.392 128.408 0
      vertex 142.326 128.365 0.2
      vertex 142.392 128.408 0.2
    endloop
  endfacet
  facet normal -0.54588 0.837863 0
    outer loop
      vertex 142.326 128.365 0.2
      vertex 142.392 128.408 0
      vertex 142.326 128.365 0
    endloop
  endfacet
  facet normal -0.193633 0.981074 0
    outer loop
      vertex 142.326 128.365 0
      vertex 142.25 128.35 0.2
      vertex 142.326 128.365 0.2
    endloop
  endfacet
  facet normal -0.193633 0.981074 0
    outer loop
      vertex 142.25 128.35 0.2
      vertex 142.326 128.365 0
      vertex 142.25 128.35 0
    endloop
  endfacet
  facet normal 0 1 -0
    outer loop
      vertex 142.25 128.35 0
      vertex 141.85 128.35 0.2
      vertex 142.25 128.35 0.2
    endloop
  endfacet
  facet normal 0 1 0
    outer loop
      vertex 141.85 128.35 0.2
      vertex 142.25 128.35 0
      vertex 141.85 128.35 0
    endloop
  endfacet
  facet normal 0.191211 0.981549 -0
    outer loop
      vertex 141.85 128.35 0
      vertex 141.773 128.365 0.2
      vertex 141.85 128.35 0.2
    endloop
  endfacet
  facet normal 0.191211 0.981549 0
    outer loop
      vertex 141.773 128.365 0.2
      vertex 141.85 128.35 0
      vertex 141.773 128.365 0
    endloop
  endfacet
  facet normal 0.55769 0.83005 -0
    outer loop
      vertex 141.773 128.365 0
      vertex 141.709 128.408 0.2
      vertex 141.773 128.365 0.2
    endloop
  endfacet
  facet normal 0.55769 0.83005 0
    outer loop
      vertex 141.709 128.408 0.2
      vertex 141.773 128.365 0
      vertex 141.709 128.408 0
    endloop
  endfacet
  facet normal 0.83205 0.5547 0
    outer loop
      vertex 141.709 128.408 0.2
      vertex 141.665 128.474 0
      vertex 141.665 128.474 0.2
    endloop
  endfacet
  facet normal 0.83205 0.5547 0
    outer loop
      vertex 141.665 128.474 0
      vertex 141.709 128.408 0.2
      vertex 141.709 128.408 0
    endloop
  endfacet
  facet normal 0.981074 0.193633 0
    outer loop
      vertex 141.665 128.474 0.2
      vertex 141.65 128.55 0
      vertex 141.65 128.55 0.2
    endloop
  endfacet
  facet normal 0.981074 0.193633 0
    outer loop
      vertex 141.65 128.55 0
      vertex 141.665 128.474 0.2
      vertex 141.665 128.474 0
    endloop
  endfacet
  facet normal 1 -0 0
    outer loop
      vertex 141.65 128.55 0.2
      vertex 141.65 130.05 0
      vertex 141.65 130.05 0.2
    endloop
  endfacet
  facet normal 1 0 0
    outer loop
      vertex 141.65 130.05 0
      vertex 141.65 128.55 0.2
      vertex 141.65 128.55 0
    endloop
  endfacet
  facet normal 0.981549 -0.191211 0
    outer loop
      vertex 141.65 130.05 0.2
      vertex 141.665 130.127 0
      vertex 141.665 130.127 0.2
    endloop
  endfacet
  facet normal 0.981549 -0.191211 0
    outer loop
      vertex 141.665 130.127 0
      vertex 141.65 130.05 0.2
      vertex 141.65 130.05 0
    endloop
  endfacet
  facet normal 0.824042 -0.566529 0
    outer loop
      vertex 141.665 130.127 0.2
      vertex 141.709 130.191 0
      vertex 141.709 130.191 0.2
    endloop
  endfacet
  facet normal 0.824042 -0.566529 0
    outer loop
      vertex 141.709 130.191 0
      vertex 141.665 130.127 0.2
      vertex 141.665 130.127 0
    endloop
  endfacet
  facet normal 0.55769 -0.83005 0
    outer loop
      vertex 141.709 130.191 0
      vertex 141.773 130.234 0.2
      vertex 141.709 130.191 0.2
    endloop
  endfacet
  facet normal 0.55769 -0.83005 0
    outer loop
      vertex 141.773 130.234 0.2
      vertex 141.709 130.191 0
      vertex 141.773 130.234 0
    endloop
  endfacet
  facet normal 0.203446 -0.979086 0
    outer loop
      vertex 141.773 130.234 0
      vertex 141.85 130.25 0.2
      vertex 141.773 130.234 0.2
    endloop
  endfacet
  facet normal 0.203446 -0.979086 0
    outer loop
      vertex 141.85 130.25 0.2
      vertex 141.773 130.234 0
      vertex 141.85 130.25 0
    endloop
  endfacet
  facet normal 0 -1 0
    outer loop
      vertex 141.85 130.25 0
      vertex 142.25 130.25 0.2
      vertex 141.85 130.25 0.2
    endloop
  endfacet
  facet normal 0 -1 -0
    outer loop
      vertex 142.25 130.25 0.2
      vertex 141.85 130.25 0
      vertex 142.25 130.25 0
    endloop
  endfacet
  facet normal -0.20601 -0.97855 0
    outer loop
      vertex 142.25 130.25 0
      vertex 142.326 130.234 0.2
      vertex 142.25 130.25 0.2
    endloop
  endfacet
  facet normal -0.20601 -0.97855 -0
    outer loop
      vertex 142.326 130.234 0.2
      vertex 142.25 130.25 0
      vertex 142.326 130.234 0
    endloop
  endfacet
  facet normal -0.55769 -0.83005 0
    outer loop
      vertex 140.427 130.234 0
      vertex 140.491 130.191 0.2
      vertex 140.427 130.234 0.2
    endloop
  endfacet
  facet normal -0.55769 -0.83005 -0
    outer loop
      vertex 140.491 130.191 0.2
      vertex 140.427 130.234 0
      vertex 140.491 130.191 0
    endloop
  endfacet
  facet normal -0.824042 -0.566529 0
    outer loop
      vertex 140.535 130.127 0
      vertex 140.491 130.191 0.2
      vertex 140.491 130.191 0
    endloop
  endfacet
  facet normal -0.824042 -0.566529 0
    outer loop
      vertex 140.491 130.191 0.2
      vertex 140.535 130.127 0
      vertex 140.535 130.127 0.2
    endloop
  endfacet
  facet normal -0.981549 -0.191211 0
    outer loop
      vertex 140.55 130.05 0
      vertex 140.535 130.127 0.2
      vertex 140.535 130.127 0
    endloop
  endfacet
  facet normal -0.981549 -0.191211 0
    outer loop
      vertex 140.535 130.127 0.2
      vertex 140.55 130.05 0
      vertex 140.55 130.05 0.2
    endloop
  endfacet
  facet normal -1 0 0
    outer loop
      vertex 140.55 128.55 0
      vertex 140.55 130.05 0.2
      vertex 140.55 130.05 0
    endloop
  endfacet
  facet normal -1 -0 0
    outer loop
      vertex 140.55 130.05 0.2
      vertex 140.55 128.55 0
      vertex 140.55 128.55 0.2
    endloop
  endfacet
  facet normal -0.981074 0.193633 0
    outer loop
      vertex 140.535 128.474 0
      vertex 140.55 128.55 0.2
      vertex 140.55 128.55 0
    endloop
  endfacet
  facet normal -0.981074 0.193633 0
    outer loop
      vertex 140.55 128.55 0.2
      vertex 140.535 128.474 0
      vertex 140.535 128.474 0.2
    endloop
  endfacet
  facet normal -0.83205 0.5547 0
    outer loop
      vertex 140.491 128.408 0
      vertex 140.535 128.474 0.2
      vertex 140.535 128.474 0
    endloop
  endfacet
  facet normal -0.83205 0.5547 0
    outer loop
      vertex 140.535 128.474 0.2
      vertex 140.491 128.408 0
      vertex 140.491 128.408 0.2
    endloop
  endfacet
  facet normal -0.55769 0.83005 0
    outer loop
      vertex 140.491 128.408 0
      vertex 140.427 128.365 0.2
      vertex 140.491 128.408 0.2
    endloop
  endfacet
  facet normal -0.55769 0.83005 0
    outer loop
      vertex 140.427 128.365 0.2
      vertex 140.491 128.408 0
      vertex 140.427 128.365 0
    endloop
  endfacet
  facet normal -0.191211 0.981549 0
    outer loop
      vertex 140.427 128.365 0
      vertex 140.35 128.35 0.2
      vertex 140.427 128.365 0.2
    endloop
  endfacet
  facet normal -0.191211 0.981549 0
    outer loop
      vertex 140.35 128.35 0.2
      vertex 140.427 128.365 0
      vertex 140.35 128.35 0
    endloop
  endfacet
  facet normal 0 1 -0
    outer loop
      vertex 140.35 128.35 0
      vertex 139.95 128.35 0.2
      vertex 140.35 128.35 0.2
    endloop
  endfacet
  facet normal 0 1 0
    outer loop
      vertex 139.95 128.35 0.2
      vertex 140.35 128.35 0
      vertex 139.95 128.35 0
    endloop
  endfacet
  facet normal 0.191211 0.981549 -0
    outer loop
      vertex 139.95 128.35 0
      vertex 139.873 128.365 0.2
      vertex 139.95 128.35 0.2
    endloop
  endfacet
  facet normal 0.191211 0.981549 0
    outer loop
      vertex 139.873 128.365 0.2
      vertex 139.95 128.35 0
      vertex 139.873 128.365 0
    endloop
  endfacet
  facet normal 0.55769 0.83005 -0
    outer loop
      vertex 139.873 128.365 0
      vertex 139.809 128.408 0.2
      vertex 139.873 128.365 0.2
    endloop
  endfacet
  facet normal 0.55769 0.83005 0
    outer loop
      vertex 139.809 128.408 0.2
      vertex 139.873 128.365 0
      vertex 139.809 128.408 0
    endloop
  endfacet
  facet normal 0.837863 0.54588 0
    outer loop
      vertex 139.809 128.408 0.2
      vertex 139.766 128.474 0
      vertex 139.766 128.474 0.2
    endloop
  endfacet
  facet normal 0.837863 0.54588 0
    outer loop
      vertex 139.766 128.474 0
      vertex 139.809 128.408 0.2
      vertex 139.809 128.408 0
    endloop
  endfacet
  facet normal 0.97855 0.20601 0
    outer loop
      vertex 139.766 128.474 0.2
      vertex 139.75 128.55 0
      vertex 139.75 128.55 0.2
    endloop
  endfacet
  facet normal 0.97855 0.20601 0
    outer loop
      vertex 139.75 128.55 0
      vertex 139.766 128.474 0.2
      vertex 139.766 128.474 0
    endloop
  endfacet
  facet normal 1 -0 0
    outer loop
      vertex 139.75 128.55 0.2
      vertex 139.75 130.05 0
      vertex 139.75 130.05 0.2
    endloop
  endfacet
  facet normal 1 0 0
    outer loop
      vertex 139.75 130.05 0
      vertex 139.75 128.55 0.2
      vertex 139.75 128.55 0
    endloop
  endfacet
  facet normal 0.979086 -0.203446 0
    outer loop
      vertex 139.75 130.05 0.2
      vertex 139.766 130.127 0
      vertex 139.766 130.127 0.2
    endloop
  endfacet
  facet normal 0.979086 -0.203446 0
    outer loop
      vertex 139.766 130.127 0
      vertex 139.75 130.05 0.2
      vertex 139.75 130.05 0
    endloop
  endfacet
  facet normal 0.83005 -0.55769 0
    outer loop
      vertex 139.766 130.127 0.2
      vertex 139.809 130.191 0
      vertex 139.809 130.191 0.2
    endloop
  endfacet
  facet normal 0.83005 -0.55769 0
    outer loop
      vertex 139.809 130.191 0
      vertex 139.766 130.127 0.2
      vertex 139.766 130.127 0
    endloop
  endfacet
  facet normal 0.55769 -0.83005 0
    outer loop
      vertex 139.809 130.191 0
      vertex 139.873 130.234 0.2
      vertex 139.809 130.191 0.2
    endloop
  endfacet
  facet normal 0.55769 -0.83005 0
    outer loop
      vertex 139.873 130.234 0.2
      vertex 139.809 130.191 0
      vertex 139.873 130.234 0
    endloop
  endfacet
  facet normal 0.203446 -0.979086 0
    outer loop
      vertex 139.873 130.234 0
      vertex 139.95 130.25 0.2
      vertex 139.873 130.234 0.2
    endloop
  endfacet
  facet normal 0.203446 -0.979086 0
    outer loop
      vertex 139.95 130.25 0.2
      vertex 139.873 130.234 0
      vertex 139.95 130.25 0
    endloop
  endfacet
  facet normal 0 -1 0
    outer loop
      vertex 139.95 130.25 0
      vertex 140.35 130.25 0.2
      vertex 139.95 130.25 0.2
    endloop
  endfacet
  facet normal 0 -1 -0
    outer loop
      vertex 140.35 130.25 0.2
      vertex 139.95 130.25 0
      vertex 140.35 130.25 0
    endloop
  endfacet
  facet normal -0.203446 -0.979086 0
    outer loop
      vertex 140.35 130.25 0
      vertex 140.427 130.234 0.2
      vertex 140.35 130.25 0.2
    endloop
  endfacet
  facet normal -0.203446 -0.979086 -0
    outer loop
      vertex 140.427 130.234 0.2
      vertex 140.35 130.25 0
      vertex 140.427 130.234 0
    endloop
  endfacet
  facet normal -0.5547 -0.83205 0
    outer loop
      vertex 146.546 129.681 0
      vertex 146.627 129.627 0.2
      vertex 146.546 129.681 0.2
    endloop
  endfacet
  facet normal -0.5547 -0.83205 -0
    outer loop
      vertex 146.627 129.627 0.2
      vertex 146.546 129.681 0
      vertex 146.627 129.627 0
    endloop
  endfacet
  facet normal -0.83205 -0.5547 0
    outer loop
      vertex 146.681 129.546 0
      vertex 146.627 129.627 0.2
      vertex 146.627 129.627 0
    endloop
  endfacet
  facet normal -0.83205 -0.5547 0
    outer loop
      vertex 146.627 129.627 0.2
      vertex 146.681 129.546 0
      vertex 146.681 129.546 0.2
    endloop
  endfacet
  facet normal -0.980972 -0.194151 0
    outer loop
      vertex 146.7 129.45 0
      vertex 146.681 129.546 0.2
      vertex 146.681 129.546 0
    endloop
  endfacet
  facet normal -0.980972 -0.194151 0
    outer loop
      vertex 146.681 129.546 0.2
      vertex 146.7 129.45 0
      vertex 146.7 129.45 0.2
    endloop
  endfacet
  facet normal -1 0 0
    outer loop
      vertex 146.7 128.75 0
      vertex 146.7 129.45 0.2
      vertex 146.7 129.45 0
    endloop
  endfacet
  facet normal -1 -0 0
    outer loop
      vertex 146.7 129.45 0.2
      vertex 146.7 128.75 0
      vertex 146.7 128.75 0.2
    endloop
  endfacet
  facet normal -0.980972 0.194151 0
    outer loop
      vertex 146.681 128.654 0
      vertex 146.7 128.75 0.2
      vertex 146.7 128.75 0
    endloop
  endfacet
  facet normal -0.980972 0.194151 0
    outer loop
      vertex 146.7 128.75 0.2
      vertex 146.681 128.654 0
      vertex 146.681 128.654 0.2
    endloop
  endfacet
  facet normal -0.83205 0.5547 0
    outer loop
      vertex 146.627 128.573 0
      vertex 146.681 128.654 0.2
      vertex 146.681 128.654 0
    endloop
  endfacet
  facet normal -0.83205 0.5547 0
    outer loop
      vertex 146.681 128.654 0.2
      vertex 146.627 128.573 0
      vertex 146.627 128.573 0.2
    endloop
  endfacet
  facet normal -0.5547 0.83205 0
    outer loop
      vertex 146.627 128.573 0
      vertex 146.546 128.519 0.2
      vertex 146.627 128.573 0.2
    endloop
  endfacet
  facet normal -0.5547 0.83205 0
    outer loop
      vertex 146.546 128.519 0.2
      vertex 146.627 128.573 0
      vertex 146.546 128.519 0
    endloop
  endfacet
  facet normal -0.194151 0.980972 0
    outer loop
      vertex 146.546 128.519 0
      vertex 146.45 128.5 0.2
      vertex 146.546 128.519 0.2
    endloop
  endfacet
  facet normal -0.194151 0.980972 0
    outer loop
      vertex 146.45 128.5 0.2
      vertex 146.546 128.519 0
      vertex 146.45 128.5 0
    endloop
  endfacet
  facet normal 0 1 -0
    outer loop
      vertex 146.45 128.5 0
      vertex 145.55 128.5 0.2
      vertex 146.45 128.5 0.2
    endloop
  endfacet
  facet normal 0 1 0
    outer loop
      vertex 145.55 128.5 0.2
      vertex 146.45 128.5 0
      vertex 145.55 128.5 0
    endloop
  endfacet
  facet normal 0.194151 0.980972 -0
    outer loop
      vertex 145.55 128.5 0
      vertex 145.454 128.519 0.2
      vertex 145.55 128.5 0.2
    endloop
  endfacet
  facet normal 0.194151 0.980972 0
    outer loop
      vertex 145.454 128.519 0.2
      vertex 145.55 128.5 0
      vertex 145.454 128.519 0
    endloop
  endfacet
  facet normal 0.5547 0.83205 -0
    outer loop
      vertex 145.454 128.519 0
      vertex 145.373 128.573 0.2
      vertex 145.454 128.519 0.2
    endloop
  endfacet
  facet normal 0.5547 0.83205 0
    outer loop
      vertex 145.373 128.573 0.2
      vertex 145.454 128.519 0
      vertex 145.373 128.573 0
    endloop
  endfacet
  facet normal 0.83205 0.5547 0
    outer loop
      vertex 145.373 128.573 0.2
      vertex 145.319 128.654 0
      vertex 145.319 128.654 0.2
    endloop
  endfacet
  facet normal 0.83205 0.5547 0
    outer loop
      vertex 145.319 128.654 0
      vertex 145.373 128.573 0.2
      vertex 145.373 128.573 0
    endloop
  endfacet
  facet normal 0.980972 0.194151 0
    outer loop
      vertex 145.319 128.654 0.2
      vertex 145.3 128.75 0
      vertex 145.3 128.75 0.2
    endloop
  endfacet
  facet normal 0.980972 0.194151 0
    outer loop
      vertex 145.3 128.75 0
      vertex 145.319 128.654 0.2
      vertex 145.319 128.654 0
    endloop
  endfacet
  facet normal 1 -0 0
    outer loop
      vertex 145.3 128.75 0.2
      vertex 145.3 129.45 0
      vertex 145.3 129.45 0.2
    endloop
  endfacet
  facet normal 1 0 0
    outer loop
      vertex 145.3 129.45 0
      vertex 145.3 128.75 0.2
      vertex 145.3 128.75 0
    endloop
  endfacet
  facet normal 0.980972 -0.194151 0
    outer loop
      vertex 145.3 129.45 0.2
      vertex 145.319 129.546 0
      vertex 145.319 129.546 0.2
    endloop
  endfacet
  facet normal 0.980972 -0.194151 0
    outer loop
      vertex 145.319 129.546 0
      vertex 145.3 129.45 0.2
      vertex 145.3 129.45 0
    endloop
  endfacet
  facet normal 0.83205 -0.5547 0
    outer loop
      vertex 145.319 129.546 0.2
      vertex 145.373 129.627 0
      vertex 145.373 129.627 0.2
    endloop
  endfacet
  facet normal 0.83205 -0.5547 0
    outer loop
      vertex 145.373 129.627 0
      vertex 145.319 129.546 0.2
      vertex 145.319 129.546 0
    endloop
  endfacet
  facet normal 0.5547 -0.83205 0
    outer loop
      vertex 145.373 129.627 0
      vertex 145.454 129.681 0.2
      vertex 145.373 129.627 0.2
    endloop
  endfacet
  facet normal 0.5547 -0.83205 0
    outer loop
      vertex 145.454 129.681 0.2
      vertex 145.373 129.627 0
      vertex 145.454 129.681 0
    endloop
  endfacet
  facet normal 0.194151 -0.980972 0
    outer loop
      vertex 145.454 129.681 0
      vertex 145.55 129.7 0.2
      vertex 145.454 129.681 0.2
    endloop
  endfacet
  facet normal 0.194151 -0.980972 0
    outer loop
      vertex 145.55 129.7 0.2
      vertex 145.454 129.681 0
      vertex 145.55 129.7 0
    endloop
  endfacet
  facet normal 0 -1 0
    outer loop
      vertex 145.55 129.7 0
      vertex 146.45 129.7 0.2
      vertex 145.55 129.7 0.2
    endloop
  endfacet
  facet normal 0 -1 -0
    outer loop
      vertex 146.45 129.7 0.2
      vertex 145.55 129.7 0
      vertex 146.45 129.7 0
    endloop
  endfacet
  facet normal -0.194151 -0.980972 0
    outer loop
      vertex 146.45 129.7 0
      vertex 146.546 129.681 0.2
      vertex 146.45 129.7 0.2
    endloop
  endfacet
  facet normal -0.194151 -0.980972 -0
    outer loop
      vertex 146.546 129.681 0.2
      vertex 146.45 129.7 0
      vertex 146.546 129.681 0
    endloop
  endfacet
  facet normal -0.5547 -0.83205 0
    outer loop
      vertex 148.846 129.731 0
      vertex 148.927 129.677 0.2
      vertex 148.846 129.731 0.2
    endloop
  endfacet
  facet normal -0.5547 -0.83205 -0
    outer loop
      vertex 148.927 129.677 0.2
      vertex 148.846 129.731 0
      vertex 148.927 129.677 0
    endloop
  endfacet
  facet normal -0.83205 -0.5547 0
    outer loop
      vertex 148.981 129.596 0
      vertex 148.927 129.677 0.2
      vertex 148.927 129.677 0
    endloop
  endfacet
  facet normal -0.83205 -0.5547 0
    outer loop
      vertex 148.927 129.677 0.2
      vertex 148.981 129.596 0
      vertex 148.981 129.596 0.2
    endloop
  endfacet
  facet normal -0.980972 -0.194151 0
    outer loop
      vertex 149 129.5 0
      vertex 148.981 129.596 0.2
      vertex 148.981 129.596 0
    endloop
  endfacet
  facet normal -0.980972 -0.194151 0
    outer loop
      vertex 148.981 129.596 0.2
      vertex 149 129.5 0
      vertex 149 129.5 0.2
    endloop
  endfacet
  facet normal -1 0 0
    outer loop
      vertex 149 128.8 0
      vertex 149 129.5 0.2
      vertex 149 129.5 0
    endloop
  endfacet
  facet normal -1 -0 0
    outer loop
      vertex 149 129.5 0.2
      vertex 149 128.8 0
      vertex 149 128.8 0.2
    endloop
  endfacet
  facet normal -0.980972 0.194151 0
    outer loop
      vertex 148.981 128.704 0
      vertex 149 128.8 0.2
      vertex 149 128.8 0
    endloop
  endfacet
  facet normal -0.980972 0.194151 0
    outer loop
      vertex 149 128.8 0.2
      vertex 148.981 128.704 0
      vertex 148.981 128.704 0.2
    endloop
  endfacet
  facet normal -0.83205 0.5547 0
    outer loop
      vertex 148.927 128.623 0
      vertex 148.981 128.704 0.2
      vertex 148.981 128.704 0
    endloop
  endfacet
  facet normal -0.83205 0.5547 0
    outer loop
      vertex 148.981 128.704 0.2
      vertex 148.927 128.623 0
      vertex 148.927 128.623 0.2
    endloop
  endfacet
  facet normal -0.5547 0.83205 0
    outer loop
      vertex 148.927 128.623 0
      vertex 148.846 128.569 0.2
      vertex 148.927 128.623 0.2
    endloop
  endfacet
  facet normal -0.5547 0.83205 0
    outer loop
      vertex 148.846 128.569 0.2
      vertex 148.927 128.623 0
      vertex 148.846 128.569 0
    endloop
  endfacet
  facet normal -0.194151 0.980972 0
    outer loop
      vertex 148.846 128.569 0
      vertex 148.75 128.55 0.2
      vertex 148.846 128.569 0.2
    endloop
  endfacet
  facet normal -0.194151 0.980972 0
    outer loop
      vertex 148.75 128.55 0.2
      vertex 148.846 128.569 0
      vertex 148.75 128.55 0
    endloop
  endfacet
  facet normal 0 1 -0
    outer loop
      vertex 148.75 128.55 0
      vertex 147.85 128.55 0.2
      vertex 148.75 128.55 0.2
    endloop
  endfacet
  facet normal 0 1 0
    outer loop
      vertex 147.85 128.55 0.2
      vertex 148.75 128.55 0
      vertex 147.85 128.55 0
    endloop
  endfacet
  facet normal 0.194151 0.980972 -0
    outer loop
      vertex 147.85 128.55 0
      vertex 147.754 128.569 0.2
      vertex 147.85 128.55 0.2
    endloop
  endfacet
  facet normal 0.194151 0.980972 0
    outer loop
      vertex 147.754 128.569 0.2
      vertex 147.85 128.55 0
      vertex 147.754 128.569 0
    endloop
  endfacet
  facet normal 0.5547 0.83205 -0
    outer loop
      vertex 147.754 128.569 0
      vertex 147.673 128.623 0.2
      vertex 147.754 128.569 0.2
    endloop
  endfacet
  facet normal 0.5547 0.83205 0
    outer loop
      vertex 147.673 128.623 0.2
      vertex 147.754 128.569 0
      vertex 147.673 128.623 0
    endloop
  endfacet
  facet normal 0.83205 0.5547 0
    outer loop
      vertex 147.673 128.623 0.2
      vertex 147.619 128.704 0
      vertex 147.619 128.704 0.2
    endloop
  endfacet
  facet normal 0.83205 0.5547 0
    outer loop
      vertex 147.619 128.704 0
      vertex 147.673 128.623 0.2
      vertex 147.673 128.623 0
    endloop
  endfacet
  facet normal 0.980972 0.194151 0
    outer loop
      vertex 147.619 128.704 0.2
      vertex 147.6 128.8 0
      vertex 147.6 128.8 0.2
    endloop
  endfacet
  facet normal 0.980972 0.194151 0
    outer loop
      vertex 147.6 128.8 0
      vertex 147.619 128.704 0.2
      vertex 147.619 128.704 0
    endloop
  endfacet
  facet normal 1 -0 0
    outer loop
      vertex 147.6 128.8 0.2
      vertex 147.6 129.5 0
      vertex 147.6 129.5 0.2
    endloop
  endfacet
  facet normal 1 0 0
    outer loop
      vertex 147.6 129.5 0
      vertex 147.6 128.8 0.2
      vertex 147.6 128.8 0
    endloop
  endfacet
  facet normal 0.980972 -0.194151 0
    outer loop
      vertex 147.6 129.5 0.2
      vertex 147.619 129.596 0
      vertex 147.619 129.596 0.2
    endloop
  endfacet
  facet normal 0.980972 -0.194151 0
    outer loop
      vertex 147.619 129.596 0
      vertex 147.6 129.5 0.2
      vertex 147.6 129.5 0
    endloop
  endfacet
  facet normal 0.83205 -0.5547 0
    outer loop
      vertex 147.619 129.596 0.2
      vertex 147.673 129.677 0
      vertex 147.673 129.677 0.2
    endloop
  endfacet
  facet normal 0.83205 -0.5547 0
    outer loop
      vertex 147.673 129.677 0
      vertex 147.619 129.596 0.2
      vertex 147.619 129.596 0
    endloop
  endfacet
  facet normal 0.5547 -0.83205 0
    outer loop
      vertex 147.673 129.677 0
      vertex 147.754 129.731 0.2
      vertex 147.673 129.677 0.2
    endloop
  endfacet
  facet normal 0.5547 -0.83205 0
    outer loop
      vertex 147.754 129.731 0.2
      vertex 147.673 129.677 0
      vertex 147.754 129.731 0
    endloop
  endfacet
  facet normal 0.194151 -0.980972 0
    outer loop
      vertex 147.754 129.731 0
      vertex 147.85 129.75 0.2
      vertex 147.754 129.731 0.2
    endloop
  endfacet
  facet normal 0.194151 -0.980972 0
    outer loop
      vertex 147.85 129.75 0.2
      vertex 147.754 129.731 0
      vertex 147.85 129.75 0
    endloop
  endfacet
  facet normal 0 -1 0
    outer loop
      vertex 147.85 129.75 0
      vertex 148.75 129.75 0.2
      vertex 147.85 129.75 0.2
    endloop
  endfacet
  facet normal 0 -1 -0
    outer loop
      vertex 148.75 129.75 0.2
      vertex 147.85 129.75 0
      vertex 148.75 129.75 0
    endloop
  endfacet
  facet normal -0.194151 -0.980972 0
    outer loop
      vertex 148.75 129.75 0
      vertex 148.846 129.731 0.2
      vertex 148.75 129.75 0.2
    endloop
  endfacet
  facet normal -0.194151 -0.980972 -0
    outer loop
      vertex 148.846 129.731 0.2
      vertex 148.75 129.75 0
      vertex 148.846 129.731 0
    endloop
  endfacet
  facet normal -0.566529 -0.824042 0
    outer loop
      vertex 137.377 132.835 0
      vertex 137.441 132.791 0.2
      vertex 137.377 132.835 0.2
    endloop
  endfacet
  facet normal -0.566529 -0.824042 -0
    outer loop
      vertex 137.441 132.791 0.2
      vertex 137.377 132.835 0
      vertex 137.441 132.791 0
    endloop
  endfacet
  facet normal -0.83005 -0.55769 0
    outer loop
      vertex 137.484 132.727 0
      vertex 137.441 132.791 0.2
      vertex 137.441 132.791 0
    endloop
  endfacet
  facet normal -0.83005 -0.55769 0
    outer loop
      vertex 137.441 132.791 0.2
      vertex 137.484 132.727 0
      vertex 137.484 132.727 0.2
    endloop
  endfacet
  facet normal -0.979086 -0.203446 0
    outer loop
      vertex 137.5 132.65 0
      vertex 137.484 132.727 0.2
      vertex 137.484 132.727 0
    endloop
  endfacet
  facet normal -0.979086 -0.203446 0
    outer loop
      vertex 137.484 132.727 0.2
      vertex 137.5 132.65 0
      vertex 137.5 132.65 0.2
    endloop
  endfacet
  facet normal -1 0 0
    outer loop
      vertex 137.5 131.15 0
      vertex 137.5 132.65 0.2
      vertex 137.5 132.65 0
    endloop
  endfacet
  facet normal -1 -0 0
    outer loop
      vertex 137.5 132.65 0.2
      vertex 137.5 131.15 0
      vertex 137.5 131.15 0.2
    endloop
  endfacet
  facet normal -0.979086 0.203446 0
    outer loop
      vertex 137.484 131.073 0
      vertex 137.5 131.15 0.2
      vertex 137.5 131.15 0
    endloop
  endfacet
  facet normal -0.979086 0.203446 0
    outer loop
      vertex 137.5 131.15 0.2
      vertex 137.484 131.073 0
      vertex 137.484 131.073 0.2
    endloop
  endfacet
  facet normal -0.83005 0.55769 0
    outer loop
      vertex 137.441 131.009 0
      vertex 137.484 131.073 0.2
      vertex 137.484 131.073 0
    endloop
  endfacet
  facet normal -0.83005 0.55769 0
    outer loop
      vertex 137.484 131.073 0.2
      vertex 137.441 131.009 0
      vertex 137.441 131.009 0.2
    endloop
  endfacet
  facet normal -0.566529 0.824042 0
    outer loop
      vertex 137.441 131.009 0
      vertex 137.377 130.965 0.2
      vertex 137.441 131.009 0.2
    endloop
  endfacet
  facet normal -0.566529 0.824042 0
    outer loop
      vertex 137.377 130.965 0.2
      vertex 137.441 131.009 0
      vertex 137.377 130.965 0
    endloop
  endfacet
  facet normal -0.191211 0.981549 0
    outer loop
      vertex 137.377 130.965 0
      vertex 137.3 130.95 0.2
      vertex 137.377 130.965 0.2
    endloop
  endfacet
  facet normal -0.191211 0.981549 0
    outer loop
      vertex 137.3 130.95 0.2
      vertex 137.377 130.965 0
      vertex 137.3 130.95 0
    endloop
  endfacet
  facet normal 0 1 -0
    outer loop
      vertex 137.3 130.95 0
      vertex 136.9 130.95 0.2
      vertex 137.3 130.95 0.2
    endloop
  endfacet
  facet normal 0 1 0
    outer loop
      vertex 136.9 130.95 0.2
      vertex 137.3 130.95 0
      vertex 136.9 130.95 0
    endloop
  endfacet
  facet normal 0.191211 0.981549 -0
    outer loop
      vertex 136.9 130.95 0
      vertex 136.823 130.965 0.2
      vertex 136.9 130.95 0.2
    endloop
  endfacet
  facet normal 0.191211 0.981549 0
    outer loop
      vertex 136.823 130.965 0.2
      vertex 136.9 130.95 0
      vertex 136.823 130.965 0
    endloop
  endfacet
  facet normal 0.566529 0.824042 -0
    outer loop
      vertex 136.823 130.965 0
      vertex 136.759 131.009 0.2
      vertex 136.823 130.965 0.2
    endloop
  endfacet
  facet normal 0.566529 0.824042 0
    outer loop
      vertex 136.759 131.009 0.2
      vertex 136.823 130.965 0
      vertex 136.759 131.009 0
    endloop
  endfacet
  facet normal 0.824042 0.566529 0
    outer loop
      vertex 136.759 131.009 0.2
      vertex 136.715 131.073 0
      vertex 136.715 131.073 0.2
    endloop
  endfacet
  facet normal 0.824042 0.566529 0
    outer loop
      vertex 136.715 131.073 0
      vertex 136.759 131.009 0.2
      vertex 136.759 131.009 0
    endloop
  endfacet
  facet normal 0.981549 0.191211 0
    outer loop
      vertex 136.715 131.073 0.2
      vertex 136.7 131.15 0
      vertex 136.7 131.15 0.2
    endloop
  endfacet
  facet normal 0.981549 0.191211 0
    outer loop
      vertex 136.7 131.15 0
      vertex 136.715 131.073 0.2
      vertex 136.715 131.073 0
    endloop
  endfacet
  facet normal 1 -0 0
    outer loop
      vertex 136.7 131.15 0.2
      vertex 136.7 132.65 0
      vertex 136.7 132.65 0.2
    endloop
  endfacet
  facet normal 1 0 0
    outer loop
      vertex 136.7 132.65 0
      vertex 136.7 131.15 0.2
      vertex 136.7 131.15 0
    endloop
  endfacet
  facet normal 0.981549 -0.191211 0
    outer loop
      vertex 136.7 132.65 0.2
      vertex 136.715 132.727 0
      vertex 136.715 132.727 0.2
    endloop
  endfacet
  facet normal 0.981549 -0.191211 0
    outer loop
      vertex 136.715 132.727 0
      vertex 136.7 132.65 0.2
      vertex 136.7 132.65 0
    endloop
  endfacet
  facet normal 0.824042 -0.566529 0
    outer loop
      vertex 136.715 132.727 0.2
      vertex 136.759 132.791 0
      vertex 136.759 132.791 0.2
    endloop
  endfacet
  facet normal 0.824042 -0.566529 0
    outer loop
      vertex 136.759 132.791 0
      vertex 136.715 132.727 0.2
      vertex 136.715 132.727 0
    endloop
  endfacet
  facet normal 0.566529 -0.824042 0
    outer loop
      vertex 136.759 132.791 0
      vertex 136.823 132.835 0.2
      vertex 136.759 132.791 0.2
    endloop
  endfacet
  facet normal 0.566529 -0.824042 0
    outer loop
      vertex 136.823 132.835 0.2
      vertex 136.759 132.791 0
      vertex 136.823 132.835 0
    endloop
  endfacet
  facet normal 0.191211 -0.981549 0
    outer loop
      vertex 136.823 132.835 0
      vertex 136.9 132.85 0.2
      vertex 136.823 132.835 0.2
    endloop
  endfacet
  facet normal 0.191211 -0.981549 0
    outer loop
      vertex 136.9 132.85 0.2
      vertex 136.823 132.835 0
      vertex 136.9 132.85 0
    endloop
  endfacet
  facet normal 0 -1 0
    outer loop
      vertex 136.9 132.85 0
      vertex 137.3 132.85 0.2
      vertex 136.9 132.85 0.2
    endloop
  endfacet
  facet normal 0 -1 -0
    outer loop
      vertex 137.3 132.85 0.2
      vertex 136.9 132.85 0
      vertex 137.3 132.85 0
    endloop
  endfacet
  facet normal -0.191211 -0.981549 0
    outer loop
      vertex 137.3 132.85 0
      vertex 137.377 132.835 0.2
      vertex 137.3 132.85 0.2
    endloop
  endfacet
  facet normal -0.191211 -0.981549 -0
    outer loop
      vertex 137.377 132.835 0.2
      vertex 137.3 132.85 0
      vertex 137.377 132.835 0
    endloop
  endfacet
  facet normal -0.55769 -0.83005 0
    outer loop
      vertex 141.977 132.935 0
      vertex 142.041 132.892 0.2
      vertex 141.977 132.935 0.2
    endloop
  endfacet
  facet normal -0.55769 -0.83005 -0
    outer loop
      vertex 142.041 132.892 0.2
      vertex 141.977 132.935 0
      vertex 142.041 132.892 0
    endloop
  endfacet
  facet normal -0.83205 -0.5547 0
    outer loop
      vertex 142.085 132.826 0
      vertex 142.041 132.892 0.2
      vertex 142.041 132.892 0
    endloop
  endfacet
  facet normal -0.83205 -0.5547 0
    outer loop
      vertex 142.041 132.892 0.2
      vertex 142.085 132.826 0
      vertex 142.085 132.826 0.2
    endloop
  endfacet
  facet normal -0.981074 -0.193633 0
    outer loop
      vertex 142.1 132.75 0
      vertex 142.085 132.826 0.2
      vertex 142.085 132.826 0
    endloop
  endfacet
  facet normal -0.981074 -0.193633 0
    outer loop
      vertex 142.085 132.826 0.2
      vertex 142.1 132.75 0
      vertex 142.1 132.75 0.2
    endloop
  endfacet
  facet normal -1 0 0
    outer loop
      vertex 142.1 131.25 0
      vertex 142.1 132.75 0.2
      vertex 142.1 132.75 0
    endloop
  endfacet
  facet normal -1 -0 0
    outer loop
      vertex 142.1 132.75 0.2
      vertex 142.1 131.25 0
      vertex 142.1 131.25 0.2
    endloop
  endfacet
  facet normal -0.981074 0.193633 0
    outer loop
      vertex 142.085 131.174 0
      vertex 142.1 131.25 0.2
      vertex 142.1 131.25 0
    endloop
  endfacet
  facet normal -0.981074 0.193633 0
    outer loop
      vertex 142.1 131.25 0.2
      vertex 142.085 131.174 0
      vertex 142.085 131.174 0.2
    endloop
  endfacet
  facet normal -0.83205 0.5547 0
    outer loop
      vertex 142.041 131.108 0
      vertex 142.085 131.174 0.2
      vertex 142.085 131.174 0
    endloop
  endfacet
  facet normal -0.83205 0.5547 0
    outer loop
      vertex 142.085 131.174 0.2
      vertex 142.041 131.108 0
      vertex 142.041 131.108 0.2
    endloop
  endfacet
  facet normal -0.55769 0.83005 0
    outer loop
      vertex 142.041 131.108 0
      vertex 141.977 131.065 0.2
      vertex 142.041 131.108 0.2
    endloop
  endfacet
  facet normal -0.55769 0.83005 0
    outer loop
      vertex 141.977 131.065 0.2
      vertex 142.041 131.108 0
      vertex 141.977 131.065 0
    endloop
  endfacet
  facet normal -0.191211 0.981549 0
    outer loop
      vertex 141.977 131.065 0
      vertex 141.9 131.05 0.2
      vertex 141.977 131.065 0.2
    endloop
  endfacet
  facet normal -0.191211 0.981549 0
    outer loop
      vertex 141.9 131.05 0.2
      vertex 141.977 131.065 0
      vertex 141.9 131.05 0
    endloop
  endfacet
  facet normal 0 1 -0
    outer loop
      vertex 141.9 131.05 0
      vertex 141.5 131.05 0.2
      vertex 141.9 131.05 0.2
    endloop
  endfacet
  facet normal 0 1 0
    outer loop
      vertex 141.5 131.05 0.2
      vertex 141.9 131.05 0
      vertex 141.5 131.05 0
    endloop
  endfacet
  facet normal 0.193633 0.981074 -0
    outer loop
      vertex 141.5 131.05 0
      vertex 141.424 131.065 0.2
      vertex 141.5 131.05 0.2
    endloop
  endfacet
  facet normal 0.193633 0.981074 0
    outer loop
      vertex 141.424 131.065 0.2
      vertex 141.5 131.05 0
      vertex 141.424 131.065 0
    endloop
  endfacet
  facet normal 0.54588 0.837863 -0
    outer loop
      vertex 141.424 131.065 0
      vertex 141.358 131.108 0.2
      vertex 141.424 131.065 0.2
    endloop
  endfacet
  facet normal 0.54588 0.837863 0
    outer loop
      vertex 141.358 131.108 0.2
      vertex 141.424 131.065 0
      vertex 141.358 131.108 0
    endloop
  endfacet
  facet normal 0.837863 0.54588 0
    outer loop
      vertex 141.358 131.108 0.2
      vertex 141.315 131.174 0
      vertex 141.315 131.174 0.2
    endloop
  endfacet
  facet normal 0.837863 0.54588 0
    outer loop
      vertex 141.315 131.174 0
      vertex 141.358 131.108 0.2
      vertex 141.358 131.108 0
    endloop
  endfacet
  facet normal 0.981074 0.193633 0
    outer loop
      vertex 141.315 131.174 0.2
      vertex 141.3 131.25 0
      vertex 141.3 131.25 0.2
    endloop
  endfacet
  facet normal 0.981074 0.193633 0
    outer loop
      vertex 141.3 131.25 0
      vertex 141.315 131.174 0.2
      vertex 141.315 131.174 0
    endloop
  endfacet
  facet normal 1 -0 0
    outer loop
      vertex 141.3 131.25 0.2
      vertex 141.3 132.75 0
      vertex 141.3 132.75 0.2
    endloop
  endfacet
  facet normal 1 0 0
    outer loop
      vertex 141.3 132.75 0
      vertex 141.3 131.25 0.2
      vertex 141.3 131.25 0
    endloop
  endfacet
  facet normal 0.981074 -0.193633 0
    outer loop
      vertex 141.3 132.75 0.2
      vertex 141.315 132.826 0
      vertex 141.315 132.826 0.2
    endloop
  endfacet
  facet normal 0.981074 -0.193633 0
    outer loop
      vertex 141.315 132.826 0
      vertex 141.3 132.75 0.2
      vertex 141.3 132.75 0
    endloop
  endfacet
  facet normal 0.837863 -0.54588 0
    outer loop
      vertex 141.315 132.826 0.2
      vertex 141.358 132.892 0
      vertex 141.358 132.892 0.2
    endloop
  endfacet
  facet normal 0.837863 -0.54588 0
    outer loop
      vertex 141.358 132.892 0
      vertex 141.315 132.826 0.2
      vertex 141.315 132.826 0
    endloop
  endfacet
  facet normal 0.54588 -0.837863 0
    outer loop
      vertex 141.358 132.892 0
      vertex 141.424 132.935 0.2
      vertex 141.358 132.892 0.2
    endloop
  endfacet
  facet normal 0.54588 -0.837863 0
    outer loop
      vertex 141.424 132.935 0.2
      vertex 141.358 132.892 0
      vertex 141.424 132.935 0
    endloop
  endfacet
  facet normal 0.193633 -0.981074 0
    outer loop
      vertex 141.424 132.935 0
      vertex 141.5 132.95 0.2
      vertex 141.424 132.935 0.2
    endloop
  endfacet
  facet normal 0.193633 -0.981074 0
    outer loop
      vertex 141.5 132.95 0.2
      vertex 141.424 132.935 0
      vertex 141.5 132.95 0
    endloop
  endfacet
  facet normal 0 -1 0
    outer loop
      vertex 141.5 132.95 0
      vertex 141.9 132.95 0.2
      vertex 141.5 132.95 0.2
    endloop
  endfacet
  facet normal 0 -1 -0
    outer loop
      vertex 141.9 132.95 0.2
      vertex 141.5 132.95 0
      vertex 141.9 132.95 0
    endloop
  endfacet
  facet normal -0.191211 -0.981549 0
    outer loop
      vertex 141.9 132.95 0
      vertex 141.977 132.935 0.2
      vertex 141.9 132.95 0.2
    endloop
  endfacet
  facet normal -0.191211 -0.981549 -0
    outer loop
      vertex 141.977 132.935 0.2
      vertex 141.9 132.95 0
      vertex 141.977 132.935 0
    endloop
  endfacet
  facet normal -0.5547 -0.83205 0
    outer loop
      vertex 148.896 132.381 0
      vertex 148.977 132.327 0.2
      vertex 148.896 132.381 0.2
    endloop
  endfacet
  facet normal -0.5547 -0.83205 -0
    outer loop
      vertex 148.977 132.327 0.2
      vertex 148.896 132.381 0
      vertex 148.977 132.327 0
    endloop
  endfacet
  facet normal -0.83205 -0.5547 0
    outer loop
      vertex 149.031 132.246 0
      vertex 148.977 132.327 0.2
      vertex 148.977 132.327 0
    endloop
  endfacet
  facet normal -0.83205 -0.5547 0
    outer loop
      vertex 148.977 132.327 0.2
      vertex 149.031 132.246 0
      vertex 149.031 132.246 0.2
    endloop
  endfacet
  facet normal -0.980972 -0.194151 0
    outer loop
      vertex 149.05 132.15 0
      vertex 149.031 132.246 0.2
      vertex 149.031 132.246 0
    endloop
  endfacet
  facet normal -0.980972 -0.194151 0
    outer loop
      vertex 149.031 132.246 0.2
      vertex 149.05 132.15 0
      vertex 149.05 132.15 0.2
    endloop
  endfacet
  facet normal -1 0 0
    outer loop
      vertex 149.05 131.45 0
      vertex 149.05 132.15 0.2
      vertex 149.05 132.15 0
    endloop
  endfacet
  facet normal -1 -0 0
    outer loop
      vertex 149.05 132.15 0.2
      vertex 149.05 131.45 0
      vertex 149.05 131.45 0.2
    endloop
  endfacet
  facet normal -0.980972 0.194151 0
    outer loop
      vertex 149.031 131.354 0
      vertex 149.05 131.45 0.2
      vertex 149.05 131.45 0
    endloop
  endfacet
  facet normal -0.980972 0.194151 0
    outer loop
      vertex 149.05 131.45 0.2
      vertex 149.031 131.354 0
      vertex 149.031 131.354 0.2
    endloop
  endfacet
  facet normal -0.83205 0.5547 0
    outer loop
      vertex 148.977 131.273 0
      vertex 149.031 131.354 0.2
      vertex 149.031 131.354 0
    endloop
  endfacet
  facet normal -0.83205 0.5547 0
    outer loop
      vertex 149.031 131.354 0.2
      vertex 148.977 131.273 0
      vertex 148.977 131.273 0.2
    endloop
  endfacet
  facet normal -0.5547 0.83205 0
    outer loop
      vertex 148.977 131.273 0
      vertex 148.896 131.219 0.2
      vertex 148.977 131.273 0.2
    endloop
  endfacet
  facet normal -0.5547 0.83205 0
    outer loop
      vertex 148.896 131.219 0.2
      vertex 148.977 131.273 0
      vertex 148.896 131.219 0
    endloop
  endfacet
  facet normal -0.194151 0.980972 0
    outer loop
      vertex 148.896 131.219 0
      vertex 148.8 131.2 0.2
      vertex 148.896 131.219 0.2
    endloop
  endfacet
  facet normal -0.194151 0.980972 0
    outer loop
      vertex 148.8 131.2 0.2
      vertex 148.896 131.219 0
      vertex 148.8 131.2 0
    endloop
  endfacet
  facet normal 0 1 -0
    outer loop
      vertex 148.8 131.2 0
      vertex 147.9 131.2 0.2
      vertex 148.8 131.2 0.2
    endloop
  endfacet
  facet normal 0 1 0
    outer loop
      vertex 147.9 131.2 0.2
      vertex 148.8 131.2 0
      vertex 147.9 131.2 0
    endloop
  endfacet
  facet normal 0.196116 0.980581 -0
    outer loop
      vertex 147.9 131.2 0
      vertex 147.805 131.219 0.2
      vertex 147.9 131.2 0.2
    endloop
  endfacet
  facet normal 0.196116 0.980581 0
    outer loop
      vertex 147.805 131.219 0.2
      vertex 147.9 131.2 0
      vertex 147.805 131.219 0
    endloop
  endfacet
  facet normal 0.5547 0.83205 -0
    outer loop
      vertex 147.805 131.219 0
      vertex 147.724 131.273 0.2
      vertex 147.805 131.219 0.2
    endloop
  endfacet
  facet normal 0.5547 0.83205 0
    outer loop
      vertex 147.724 131.273 0.2
      vertex 147.805 131.219 0
      vertex 147.724 131.273 0
    endloop
  endfacet
  facet normal 0.827306 0.561751 0
    outer loop
      vertex 147.724 131.273 0.2
      vertex 147.669 131.354 0
      vertex 147.669 131.354 0.2
    endloop
  endfacet
  facet normal 0.827306 0.561751 0
    outer loop
      vertex 147.669 131.354 0
      vertex 147.724 131.273 0.2
      vertex 147.724 131.273 0
    endloop
  endfacet
  facet normal 0.980972 0.194151 0
    outer loop
      vertex 147.669 131.354 0.2
      vertex 147.65 131.45 0
      vertex 147.65 131.45 0.2
    endloop
  endfacet
  facet normal 0.980972 0.194151 0
    outer loop
      vertex 147.65 131.45 0
      vertex 147.669 131.354 0.2
      vertex 147.669 131.354 0
    endloop
  endfacet
  facet normal 1 -0 0
    outer loop
      vertex 147.65 131.45 0.2
      vertex 147.65 132.15 0
      vertex 147.65 132.15 0.2
    endloop
  endfacet
  facet normal 1 0 0
    outer loop
      vertex 147.65 132.15 0
      vertex 147.65 131.45 0.2
      vertex 147.65 131.45 0
    endloop
  endfacet
  facet normal 0.980972 -0.194151 0
    outer loop
      vertex 147.65 132.15 0.2
      vertex 147.669 132.246 0
      vertex 147.669 132.246 0.2
    endloop
  endfacet
  facet normal 0.980972 -0.194151 0
    outer loop
      vertex 147.669 132.246 0
      vertex 147.65 132.15 0.2
      vertex 147.65 132.15 0
    endloop
  endfacet
  facet normal 0.827306 -0.561751 0
    outer loop
      vertex 147.669 132.246 0.2
      vertex 147.724 132.327 0
      vertex 147.724 132.327 0.2
    endloop
  endfacet
  facet normal 0.827306 -0.561751 0
    outer loop
      vertex 147.724 132.327 0
      vertex 147.669 132.246 0.2
      vertex 147.669 132.246 0
    endloop
  endfacet
  facet normal 0.5547 -0.83205 0
    outer loop
      vertex 147.724 132.327 0
      vertex 147.805 132.381 0.2
      vertex 147.724 132.327 0.2
    endloop
  endfacet
  facet normal 0.5547 -0.83205 0
    outer loop
      vertex 147.805 132.381 0.2
      vertex 147.724 132.327 0
      vertex 147.805 132.381 0
    endloop
  endfacet
  facet normal 0.196116 -0.980581 0
    outer loop
      vertex 147.805 132.381 0
      vertex 147.9 132.4 0.2
      vertex 147.805 132.381 0.2
    endloop
  endfacet
  facet normal 0.196116 -0.980581 0
    outer loop
      vertex 147.9 132.4 0.2
      vertex 147.805 132.381 0
      vertex 147.9 132.4 0
    endloop
  endfacet
  facet normal 0 -1 0
    outer loop
      vertex 147.9 132.4 0
      vertex 148.8 132.4 0.2
      vertex 147.9 132.4 0.2
    endloop
  endfacet
  facet normal 0 -1 -0
    outer loop
      vertex 148.8 132.4 0.2
      vertex 147.9 132.4 0
      vertex 148.8 132.4 0
    endloop
  endfacet
  facet normal -0.194151 -0.980972 0
    outer loop
      vertex 148.8 132.4 0
      vertex 148.896 132.381 0.2
      vertex 148.8 132.4 0.2
    endloop
  endfacet
  facet normal -0.194151 -0.980972 -0
    outer loop
      vertex 148.896 132.381 0.2
      vertex 148.8 132.4 0
      vertex 148.896 132.381 0
    endloop
  endfacet
  facet normal -0.5547 -0.83205 0
    outer loop
      vertex 146.596 132.381 0
      vertex 146.677 132.327 0.2
      vertex 146.596 132.381 0.2
    endloop
  endfacet
  facet normal -0.5547 -0.83205 -0
    outer loop
      vertex 146.677 132.327 0.2
      vertex 146.596 132.381 0
      vertex 146.677 132.327 0
    endloop
  endfacet
  facet normal -0.83205 -0.5547 0
    outer loop
      vertex 146.731 132.246 0
      vertex 146.677 132.327 0.2
      vertex 146.677 132.327 0
    endloop
  endfacet
  facet normal -0.83205 -0.5547 0
    outer loop
      vertex 146.677 132.327 0.2
      vertex 146.731 132.246 0
      vertex 146.731 132.246 0.2
    endloop
  endfacet
  facet normal -0.980972 -0.194151 0
    outer loop
      vertex 146.75 132.15 0
      vertex 146.731 132.246 0.2
      vertex 146.731 132.246 0
    endloop
  endfacet
  facet normal -0.980972 -0.194151 0
    outer loop
      vertex 146.731 132.246 0.2
      vertex 146.75 132.15 0
      vertex 146.75 132.15 0.2
    endloop
  endfacet
  facet normal -1 0 0
    outer loop
      vertex 146.75 131.45 0
      vertex 146.75 132.15 0.2
      vertex 146.75 132.15 0
    endloop
  endfacet
  facet normal -1 -0 0
    outer loop
      vertex 146.75 132.15 0.2
      vertex 146.75 131.45 0
      vertex 146.75 131.45 0.2
    endloop
  endfacet
  facet normal -0.980972 0.194151 0
    outer loop
      vertex 146.731 131.354 0
      vertex 146.75 131.45 0.2
      vertex 146.75 131.45 0
    endloop
  endfacet
  facet normal -0.980972 0.194151 0
    outer loop
      vertex 146.75 131.45 0.2
      vertex 146.731 131.354 0
      vertex 146.731 131.354 0.2
    endloop
  endfacet
  facet normal -0.83205 0.5547 0
    outer loop
      vertex 146.677 131.273 0
      vertex 146.731 131.354 0.2
      vertex 146.731 131.354 0
    endloop
  endfacet
  facet normal -0.83205 0.5547 0
    outer loop
      vertex 146.731 131.354 0.2
      vertex 146.677 131.273 0
      vertex 146.677 131.273 0.2
    endloop
  endfacet
  facet normal -0.5547 0.83205 0
    outer loop
      vertex 146.677 131.273 0
      vertex 146.596 131.219 0.2
      vertex 146.677 131.273 0.2
    endloop
  endfacet
  facet normal -0.5547 0.83205 0
    outer loop
      vertex 146.596 131.219 0.2
      vertex 146.677 131.273 0
      vertex 146.596 131.219 0
    endloop
  endfacet
  facet normal -0.194151 0.980972 0
    outer loop
      vertex 146.596 131.219 0
      vertex 146.5 131.2 0.2
      vertex 146.596 131.219 0.2
    endloop
  endfacet
  facet normal -0.194151 0.980972 0
    outer loop
      vertex 146.5 131.2 0.2
      vertex 146.596 131.219 0
      vertex 146.5 131.2 0
    endloop
  endfacet
  facet normal 0 1 -0
    outer loop
      vertex 146.5 131.2 0
      vertex 145.6 131.2 0.2
      vertex 146.5 131.2 0.2
    endloop
  endfacet
  facet normal 0 1 0
    outer loop
      vertex 145.6 131.2 0.2
      vertex 146.5 131.2 0
      vertex 145.6 131.2 0
    endloop
  endfacet
  facet normal 0.194151 0.980972 -0
    outer loop
      vertex 145.6 131.2 0
      vertex 145.504 131.219 0.2
      vertex 145.6 131.2 0.2
    endloop
  endfacet
  facet normal 0.194151 0.980972 0
    outer loop
      vertex 145.504 131.219 0.2
      vertex 145.6 131.2 0
      vertex 145.504 131.219 0
    endloop
  endfacet
  facet normal 0.5547 0.83205 -0
    outer loop
      vertex 145.504 131.219 0
      vertex 145.423 131.273 0.2
      vertex 145.504 131.219 0.2
    endloop
  endfacet
  facet normal 0.5547 0.83205 0
    outer loop
      vertex 145.423 131.273 0.2
      vertex 145.504 131.219 0
      vertex 145.423 131.273 0
    endloop
  endfacet
  facet normal 0.83205 0.5547 0
    outer loop
      vertex 145.423 131.273 0.2
      vertex 145.369 131.354 0
      vertex 145.369 131.354 0.2
    endloop
  endfacet
  facet normal 0.83205 0.5547 0
    outer loop
      vertex 145.369 131.354 0
      vertex 145.423 131.273 0.2
      vertex 145.423 131.273 0
    endloop
  endfacet
  facet normal 0.980972 0.194151 0
    outer loop
      vertex 145.369 131.354 0.2
      vertex 145.35 131.45 0
      vertex 145.35 131.45 0.2
    endloop
  endfacet
  facet normal 0.980972 0.194151 0
    outer loop
      vertex 145.35 131.45 0
      vertex 145.369 131.354 0.2
      vertex 145.369 131.354 0
    endloop
  endfacet
  facet normal 1 -0 0
    outer loop
      vertex 145.35 131.45 0.2
      vertex 145.35 132.15 0
      vertex 145.35 132.15 0.2
    endloop
  endfacet
  facet normal 1 0 0
    outer loop
      vertex 145.35 132.15 0
      vertex 145.35 131.45 0.2
      vertex 145.35 131.45 0
    endloop
  endfacet
  facet normal 0.980972 -0.194151 0
    outer loop
      vertex 145.35 132.15 0.2
      vertex 145.369 132.246 0
      vertex 145.369 132.246 0.2
    endloop
  endfacet
  facet normal 0.980972 -0.194151 0
    outer loop
      vertex 145.369 132.246 0
      vertex 145.35 132.15 0.2
      vertex 145.35 132.15 0
    endloop
  endfacet
  facet normal 0.83205 -0.5547 0
    outer loop
      vertex 145.369 132.246 0.2
      vertex 145.423 132.327 0
      vertex 145.423 132.327 0.2
    endloop
  endfacet
  facet normal 0.83205 -0.5547 0
    outer loop
      vertex 145.423 132.327 0
      vertex 145.369 132.246 0.2
      vertex 145.369 132.246 0
    endloop
  endfacet
  facet normal 0.5547 -0.83205 0
    outer loop
      vertex 145.423 132.327 0
      vertex 145.504 132.381 0.2
      vertex 145.423 132.327 0.2
    endloop
  endfacet
  facet normal 0.5547 -0.83205 0
    outer loop
      vertex 145.504 132.381 0.2
      vertex 145.423 132.327 0
      vertex 145.504 132.381 0
    endloop
  endfacet
  facet normal 0.194151 -0.980972 0
    outer loop
      vertex 145.504 132.381 0
      vertex 145.6 132.4 0.2
      vertex 145.504 132.381 0.2
    endloop
  endfacet
  facet normal 0.194151 -0.980972 0
    outer loop
      vertex 145.6 132.4 0.2
      vertex 145.504 132.381 0
      vertex 145.6 132.4 0
    endloop
  endfacet
  facet normal 0 -1 0
    outer loop
      vertex 145.6 132.4 0
      vertex 146.5 132.4 0.2
      vertex 145.6 132.4 0.2
    endloop
  endfacet
  facet normal 0 -1 -0
    outer loop
      vertex 146.5 132.4 0.2
      vertex 145.6 132.4 0
      vertex 146.5 132.4 0
    endloop
  endfacet
  facet normal -0.194151 -0.980972 0
    outer loop
      vertex 146.5 132.4 0
      vertex 146.596 132.381 0.2
      vertex 146.5 132.4 0.2
    endloop
  endfacet
  facet normal -0.194151 -0.980972 -0
    outer loop
      vertex 146.596 132.381 0.2
      vertex 146.5 132.4 0
      vertex 146.596 132.381 0
    endloop
  endfacet
  facet normal -0.5547 -0.83205 0
    outer loop
      vertex 148.896 134.381 0
      vertex 148.977 134.327 0.2
      vertex 148.896 134.381 0.2
    endloop
  endfacet
  facet normal -0.5547 -0.83205 -0
    outer loop
      vertex 148.977 134.327 0.2
      vertex 148.896 134.381 0
      vertex 148.977 134.327 0
    endloop
  endfacet
  facet normal -0.83205 -0.5547 0
    outer loop
      vertex 149.031 134.246 0
      vertex 148.977 134.327 0.2
      vertex 148.977 134.327 0
    endloop
  endfacet
  facet normal -0.83205 -0.5547 0
    outer loop
      vertex 148.977 134.327 0.2
      vertex 149.031 134.246 0
      vertex 149.031 134.246 0.2
    endloop
  endfacet
  facet normal -0.980972 -0.194151 0
    outer loop
      vertex 149.05 134.15 0
      vertex 149.031 134.246 0.2
      vertex 149.031 134.246 0
    endloop
  endfacet
  facet normal -0.980972 -0.194151 0
    outer loop
      vertex 149.031 134.246 0.2
      vertex 149.05 134.15 0
      vertex 149.05 134.15 0.2
    endloop
  endfacet
  facet normal -1 0 0
    outer loop
      vertex 149.05 133.45 0
      vertex 149.05 134.15 0.2
      vertex 149.05 134.15 0
    endloop
  endfacet
  facet normal -1 -0 0
    outer loop
      vertex 149.05 134.15 0.2
      vertex 149.05 133.45 0
      vertex 149.05 133.45 0.2
    endloop
  endfacet
  facet normal -0.980972 0.194151 0
    outer loop
      vertex 149.031 133.354 0
      vertex 149.05 133.45 0.2
      vertex 149.05 133.45 0
    endloop
  endfacet
  facet normal -0.980972 0.194151 0
    outer loop
      vertex 149.05 133.45 0.2
      vertex 149.031 133.354 0
      vertex 149.031 133.354 0.2
    endloop
  endfacet
  facet normal -0.83205 0.5547 0
    outer loop
      vertex 148.977 133.273 0
      vertex 149.031 133.354 0.2
      vertex 149.031 133.354 0
    endloop
  endfacet
  facet normal -0.83205 0.5547 0
    outer loop
      vertex 149.031 133.354 0.2
      vertex 148.977 133.273 0
      vertex 148.977 133.273 0.2
    endloop
  endfacet
  facet normal -0.5547 0.83205 0
    outer loop
      vertex 148.977 133.273 0
      vertex 148.896 133.219 0.2
      vertex 148.977 133.273 0.2
    endloop
  endfacet
  facet normal -0.5547 0.83205 0
    outer loop
      vertex 148.896 133.219 0.2
      vertex 148.977 133.273 0
      vertex 148.896 133.219 0
    endloop
  endfacet
  facet normal -0.194151 0.980972 0
    outer loop
      vertex 148.896 133.219 0
      vertex 148.8 133.2 0.2
      vertex 148.896 133.219 0.2
    endloop
  endfacet
  facet normal -0.194151 0.980972 0
    outer loop
      vertex 148.8 133.2 0.2
      vertex 148.896 133.219 0
      vertex 148.8 133.2 0
    endloop
  endfacet
  facet normal 0 1 -0
    outer loop
      vertex 148.8 133.2 0
      vertex 147.9 133.2 0.2
      vertex 148.8 133.2 0.2
    endloop
  endfacet
  facet normal 0 1 0
    outer loop
      vertex 147.9 133.2 0.2
      vertex 148.8 133.2 0
      vertex 147.9 133.2 0
    endloop
  endfacet
  facet normal 0.196116 0.980581 -0
    outer loop
      vertex 147.9 133.2 0
      vertex 147.805 133.219 0.2
      vertex 147.9 133.2 0.2
    endloop
  endfacet
  facet normal 0.196116 0.980581 0
    outer loop
      vertex 147.805 133.219 0.2
      vertex 147.9 133.2 0
      vertex 147.805 133.219 0
    endloop
  endfacet
  facet normal 0.5547 0.83205 -0
    outer loop
      vertex 147.805 133.219 0
      vertex 147.724 133.273 0.2
      vertex 147.805 133.219 0.2
    endloop
  endfacet
  facet normal 0.5547 0.83205 0
    outer loop
      vertex 147.724 133.273 0.2
      vertex 147.805 133.219 0
      vertex 147.724 133.273 0
    endloop
  endfacet
  facet normal 0.827306 0.561751 0
    outer loop
      vertex 147.724 133.273 0.2
      vertex 147.669 133.354 0
      vertex 147.669 133.354 0.2
    endloop
  endfacet
  facet normal 0.827306 0.561751 0
    outer loop
      vertex 147.669 133.354 0
      vertex 147.724 133.273 0.2
      vertex 147.724 133.273 0
    endloop
  endfacet
  facet normal 0.980972 0.194151 0
    outer loop
      vertex 147.669 133.354 0.2
      vertex 147.65 133.45 0
      vertex 147.65 133.45 0.2
    endloop
  endfacet
  facet normal 0.980972 0.194151 0
    outer loop
      vertex 147.65 133.45 0
      vertex 147.669 133.354 0.2
      vertex 147.669 133.354 0
    endloop
  endfacet
  facet normal 1 -0 0
    outer loop
      vertex 147.65 133.45 0.2
      vertex 147.65 134.15 0
      vertex 147.65 134.15 0.2
    endloop
  endfacet
  facet normal 1 0 0
    outer loop
      vertex 147.65 134.15 0
      vertex 147.65 133.45 0.2
      vertex 147.65 133.45 0
    endloop
  endfacet
  facet normal 0.980972 -0.194151 0
    outer loop
      vertex 147.65 134.15 0.2
      vertex 147.669 134.246 0
      vertex 147.669 134.246 0.2
    endloop
  endfacet
  facet normal 0.980972 -0.194151 0
    outer loop
      vertex 147.669 134.246 0
      vertex 147.65 134.15 0.2
      vertex 147.65 134.15 0
    endloop
  endfacet
  facet normal 0.827306 -0.561751 0
    outer loop
      vertex 147.669 134.246 0.2
      vertex 147.724 134.327 0
      vertex 147.724 134.327 0.2
    endloop
  endfacet
  facet normal 0.827306 -0.561751 0
    outer loop
      vertex 147.724 134.327 0
      vertex 147.669 134.246 0.2
      vertex 147.669 134.246 0
    endloop
  endfacet
  facet normal 0.5547 -0.83205 0
    outer loop
      vertex 147.724 134.327 0
      vertex 147.805 134.381 0.2
      vertex 147.724 134.327 0.2
    endloop
  endfacet
  facet normal 0.5547 -0.83205 0
    outer loop
      vertex 147.805 134.381 0.2
      vertex 147.724 134.327 0
      vertex 147.805 134.381 0
    endloop
  endfacet
  facet normal 0.196116 -0.980581 0
    outer loop
      vertex 147.805 134.381 0
      vertex 147.9 134.4 0.2
      vertex 147.805 134.381 0.2
    endloop
  endfacet
  facet normal 0.196116 -0.980581 0
    outer loop
      vertex 147.9 134.4 0.2
      vertex 147.805 134.381 0
      vertex 147.9 134.4 0
    endloop
  endfacet
  facet normal 0 -1 0
    outer loop
      vertex 147.9 134.4 0
      vertex 148.8 134.4 0.2
      vertex 147.9 134.4 0.2
    endloop
  endfacet
  facet normal 0 -1 -0
    outer loop
      vertex 148.8 134.4 0.2
      vertex 147.9 134.4 0
      vertex 148.8 134.4 0
    endloop
  endfacet
  facet normal -0.194151 -0.980972 0
    outer loop
      vertex 148.8 134.4 0
      vertex 148.896 134.381 0.2
      vertex 148.8 134.4 0.2
    endloop
  endfacet
  facet normal -0.194151 -0.980972 -0
    outer loop
      vertex 148.896 134.381 0.2
      vertex 148.8 134.4 0
      vertex 148.896 134.381 0
    endloop
  endfacet
  facet normal -0.5547 -0.83205 0
    outer loop
      vertex 146.596 134.381 0
      vertex 146.677 134.327 0.2
      vertex 146.596 134.381 0.2
    endloop
  endfacet
  facet normal -0.5547 -0.83205 -0
    outer loop
      vertex 146.677 134.327 0.2
      vertex 146.596 134.381 0
      vertex 146.677 134.327 0
    endloop
  endfacet
  facet normal -0.83205 -0.5547 0
    outer loop
      vertex 146.731 134.246 0
      vertex 146.677 134.327 0.2
      vertex 146.677 134.327 0
    endloop
  endfacet
  facet normal -0.83205 -0.5547 0
    outer loop
      vertex 146.677 134.327 0.2
      vertex 146.731 134.246 0
      vertex 146.731 134.246 0.2
    endloop
  endfacet
  facet normal -0.980972 -0.194151 0
    outer loop
      vertex 146.75 134.15 0
      vertex 146.731 134.246 0.2
      vertex 146.731 134.246 0
    endloop
  endfacet
  facet normal -0.980972 -0.194151 0
    outer loop
      vertex 146.731 134.246 0.2
      vertex 146.75 134.15 0
      vertex 146.75 134.15 0.2
    endloop
  endfacet
  facet normal -1 0 0
    outer loop
      vertex 146.75 133.45 0
      vertex 146.75 134.15 0.2
      vertex 146.75 134.15 0
    endloop
  endfacet
  facet normal -1 -0 0
    outer loop
      vertex 146.75 134.15 0.2
      vertex 146.75 133.45 0
      vertex 146.75 133.45 0.2
    endloop
  endfacet
  facet normal -0.980972 0.194151 0
    outer loop
      vertex 146.731 133.354 0
      vertex 146.75 133.45 0.2
      vertex 146.75 133.45 0
    endloop
  endfacet
  facet normal -0.980972 0.194151 0
    outer loop
      vertex 146.75 133.45 0.2
      vertex 146.731 133.354 0
      vertex 146.731 133.354 0.2
    endloop
  endfacet
  facet normal -0.83205 0.5547 0
    outer loop
      vertex 146.677 133.273 0
      vertex 146.731 133.354 0.2
      vertex 146.731 133.354 0
    endloop
  endfacet
  facet normal -0.83205 0.5547 0
    outer loop
      vertex 146.731 133.354 0.2
      vertex 146.677 133.273 0
      vertex 146.677 133.273 0.2
    endloop
  endfacet
  facet normal -0.5547 0.83205 0
    outer loop
      vertex 146.677 133.273 0
      vertex 146.596 133.219 0.2
      vertex 146.677 133.273 0.2
    endloop
  endfacet
  facet normal -0.5547 0.83205 0
    outer loop
      vertex 146.596 133.219 0.2
      vertex 146.677 133.273 0
      vertex 146.596 133.219 0
    endloop
  endfacet
  facet normal -0.194151 0.980972 0
    outer loop
      vertex 146.596 133.219 0
      vertex 146.5 133.2 0.2
      vertex 146.596 133.219 0.2
    endloop
  endfacet
  facet normal -0.194151 0.980972 0
    outer loop
      vertex 146.5 133.2 0.2
      vertex 146.596 133.219 0
      vertex 146.5 133.2 0
    endloop
  endfacet
  facet normal 0 1 -0
    outer loop
      vertex 146.5 133.2 0
      vertex 145.6 133.2 0.2
      vertex 146.5 133.2 0.2
    endloop
  endfacet
  facet normal 0 1 0
    outer loop
      vertex 145.6 133.2 0.2
      vertex 146.5 133.2 0
      vertex 145.6 133.2 0
    endloop
  endfacet
  facet normal 0.194151 0.980972 -0
    outer loop
      vertex 145.6 133.2 0
      vertex 145.504 133.219 0.2
      vertex 145.6 133.2 0.2
    endloop
  endfacet
  facet normal 0.194151 0.980972 0
    outer loop
      vertex 145.504 133.219 0.2
      vertex 145.6 133.2 0
      vertex 145.504 133.219 0
    endloop
  endfacet
  facet normal 0.5547 0.83205 -0
    outer loop
      vertex 145.504 133.219 0
      vertex 145.423 133.273 0.2
      vertex 145.504 133.219 0.2
    endloop
  endfacet
  facet normal 0.5547 0.83205 0
    outer loop
      vertex 145.423 133.273 0.2
      vertex 145.504 133.219 0
      vertex 145.423 133.273 0
    endloop
  endfacet
  facet normal 0.83205 0.5547 0
    outer loop
      vertex 145.423 133.273 0.2
      vertex 145.369 133.354 0
      vertex 145.369 133.354 0.2
    endloop
  endfacet
  facet normal 0.83205 0.5547 0
    outer loop
      vertex 145.369 133.354 0
      vertex 145.423 133.273 0.2
      vertex 145.423 133.273 0
    endloop
  endfacet
  facet normal 0.980972 0.194151 0
    outer loop
      vertex 145.369 133.354 0.2
      vertex 145.35 133.45 0
      vertex 145.35 133.45 0.2
    endloop
  endfacet
  facet normal 0.980972 0.194151 0
    outer loop
      vertex 145.35 133.45 0
      vertex 145.369 133.354 0.2
      vertex 145.369 133.354 0
    endloop
  endfacet
  facet normal 1 -0 0
    outer loop
      vertex 145.35 133.45 0.2
      vertex 145.35 134.15 0
      vertex 145.35 134.15 0.2
    endloop
  endfacet
  facet normal 1 0 0
    outer loop
      vertex 145.35 134.15 0
      vertex 145.35 133.45 0.2
      vertex 145.35 133.45 0
    endloop
  endfacet
  facet normal 0.980972 -0.194151 0
    outer loop
      vertex 145.35 134.15 0.2
      vertex 145.369 134.246 0
      vertex 145.369 134.246 0.2
    endloop
  endfacet
  facet normal 0.980972 -0.194151 0
    outer loop
      vertex 145.369 134.246 0
      vertex 145.35 134.15 0.2
      vertex 145.35 134.15 0
    endloop
  endfacet
  facet normal 0.83205 -0.5547 0
    outer loop
      vertex 145.369 134.246 0.2
      vertex 145.423 134.327 0
      vertex 145.423 134.327 0.2
    endloop
  endfacet
  facet normal 0.83205 -0.5547 0
    outer loop
      vertex 145.423 134.327 0
      vertex 145.369 134.246 0.2
      vertex 145.369 134.246 0
    endloop
  endfacet
  facet normal 0.5547 -0.83205 0
    outer loop
      vertex 145.423 134.327 0
      vertex 145.504 134.381 0.2
      vertex 145.423 134.327 0.2
    endloop
  endfacet
  facet normal 0.5547 -0.83205 0
    outer loop
      vertex 145.504 134.381 0.2
      vertex 145.423 134.327 0
      vertex 145.504 134.381 0
    endloop
  endfacet
  facet normal 0.194151 -0.980972 0
    outer loop
      vertex 145.504 134.381 0
      vertex 145.6 134.4 0.2
      vertex 145.504 134.381 0.2
    endloop
  endfacet
  facet normal 0.194151 -0.980972 0
    outer loop
      vertex 145.6 134.4 0.2
      vertex 145.504 134.381 0
      vertex 145.6 134.4 0
    endloop
  endfacet
  facet normal 0 -1 0
    outer loop
      vertex 145.6 134.4 0
      vertex 146.5 134.4 0.2
      vertex 145.6 134.4 0.2
    endloop
  endfacet
  facet normal 0 -1 -0
    outer loop
      vertex 146.5 134.4 0.2
      vertex 145.6 134.4 0
      vertex 146.5 134.4 0
    endloop
  endfacet
  facet normal -0.194151 -0.980972 0
    outer loop
      vertex 146.5 134.4 0
      vertex 146.596 134.381 0.2
      vertex 146.5 134.4 0.2
    endloop
  endfacet
  facet normal -0.194151 -0.980972 -0
    outer loop
      vertex 146.596 134.381 0.2
      vertex 146.5 134.4 0
      vertex 146.596 134.381 0
    endloop
  endfacet
  facet normal -0.5547 -0.83205 0
    outer loop
      vertex 138.326 135.835 0
      vertex 138.392 135.791 0.2
      vertex 138.326 135.835 0.2
    endloop
  endfacet
  facet normal -0.5547 -0.83205 -0
    outer loop
      vertex 138.392 135.791 0.2
      vertex 138.326 135.835 0
      vertex 138.392 135.791 0
    endloop
  endfacet
  facet normal -0.83005 -0.55769 0
    outer loop
      vertex 138.435 135.727 0
      vertex 138.392 135.791 0.2
      vertex 138.392 135.791 0
    endloop
  endfacet
  facet normal -0.83005 -0.55769 0
    outer loop
      vertex 138.392 135.791 0.2
      vertex 138.435 135.727 0
      vertex 138.435 135.727 0.2
    endloop
  endfacet
  facet normal -0.981549 -0.191211 0
    outer loop
      vertex 138.45 135.65 0
      vertex 138.435 135.727 0.2
      vertex 138.435 135.727 0
    endloop
  endfacet
  facet normal -0.981549 -0.191211 0
    outer loop
      vertex 138.435 135.727 0.2
      vertex 138.45 135.65 0
      vertex 138.45 135.65 0.2
    endloop
  endfacet
  facet normal -1 0 0
    outer loop
      vertex 138.45 134.15 0
      vertex 138.45 135.65 0.2
      vertex 138.45 135.65 0
    endloop
  endfacet
  facet normal -1 -0 0
    outer loop
      vertex 138.45 135.65 0.2
      vertex 138.45 134.15 0
      vertex 138.45 134.15 0.2
    endloop
  endfacet
  facet normal -0.981549 0.191211 0
    outer loop
      vertex 138.435 134.073 0
      vertex 138.45 134.15 0.2
      vertex 138.45 134.15 0
    endloop
  endfacet
  facet normal -0.981549 0.191211 0
    outer loop
      vertex 138.45 134.15 0.2
      vertex 138.435 134.073 0
      vertex 138.435 134.073 0.2
    endloop
  endfacet
  facet normal -0.83005 0.55769 0
    outer loop
      vertex 138.392 134.009 0
      vertex 138.435 134.073 0.2
      vertex 138.435 134.073 0
    endloop
  endfacet
  facet normal -0.83005 0.55769 0
    outer loop
      vertex 138.435 134.073 0.2
      vertex 138.392 134.009 0
      vertex 138.392 134.009 0.2
    endloop
  endfacet
  facet normal -0.5547 0.83205 0
    outer loop
      vertex 138.392 134.009 0
      vertex 138.326 133.965 0.2
      vertex 138.392 134.009 0.2
    endloop
  endfacet
  facet normal -0.5547 0.83205 0
    outer loop
      vertex 138.326 133.965 0.2
      vertex 138.392 134.009 0
      vertex 138.326 133.965 0
    endloop
  endfacet
  facet normal -0.193633 0.981074 0
    outer loop
      vertex 138.326 133.965 0
      vertex 138.25 133.95 0.2
      vertex 138.326 133.965 0.2
    endloop
  endfacet
  facet normal -0.193633 0.981074 0
    outer loop
      vertex 138.25 133.95 0.2
      vertex 138.326 133.965 0
      vertex 138.25 133.95 0
    endloop
  endfacet
  facet normal 0 1 -0
    outer loop
      vertex 138.25 133.95 0
      vertex 137.85 133.95 0.2
      vertex 138.25 133.95 0.2
    endloop
  endfacet
  facet normal 0 1 0
    outer loop
      vertex 137.85 133.95 0.2
      vertex 138.25 133.95 0
      vertex 137.85 133.95 0
    endloop
  endfacet
  facet normal 0.191211 0.981549 -0
    outer loop
      vertex 137.85 133.95 0
      vertex 137.773 133.965 0.2
      vertex 137.85 133.95 0.2
    endloop
  endfacet
  facet normal 0.191211 0.981549 0
    outer loop
      vertex 137.773 133.965 0.2
      vertex 137.85 133.95 0
      vertex 137.773 133.965 0
    endloop
  endfacet
  facet normal 0.566529 0.824042 -0
    outer loop
      vertex 137.773 133.965 0
      vertex 137.709 134.009 0.2
      vertex 137.773 133.965 0.2
    endloop
  endfacet
  facet normal 0.566529 0.824042 0
    outer loop
      vertex 137.709 134.009 0.2
      vertex 137.773 133.965 0
      vertex 137.709 134.009 0
    endloop
  endfacet
  facet normal 0.824042 0.566529 0
    outer loop
      vertex 137.709 134.009 0.2
      vertex 137.665 134.073 0
      vertex 137.665 134.073 0.2
    endloop
  endfacet
  facet normal 0.824042 0.566529 0
    outer loop
      vertex 137.665 134.073 0
      vertex 137.709 134.009 0.2
      vertex 137.709 134.009 0
    endloop
  endfacet
  facet normal 0.981549 0.191211 0
    outer loop
      vertex 137.665 134.073 0.2
      vertex 137.65 134.15 0
      vertex 137.65 134.15 0.2
    endloop
  endfacet
  facet normal 0.981549 0.191211 0
    outer loop
      vertex 137.65 134.15 0
      vertex 137.665 134.073 0.2
      vertex 137.665 134.073 0
    endloop
  endfacet
  facet normal 1 -0 0
    outer loop
      vertex 137.65 134.15 0.2
      vertex 137.65 135.65 0
      vertex 137.65 135.65 0.2
    endloop
  endfacet
  facet normal 1 0 0
    outer loop
      vertex 137.65 135.65 0
      vertex 137.65 134.15 0.2
      vertex 137.65 134.15 0
    endloop
  endfacet
  facet normal 0.981549 -0.191211 0
    outer loop
      vertex 137.65 135.65 0.2
      vertex 137.665 135.727 0
      vertex 137.665 135.727 0.2
    endloop
  endfacet
  facet normal 0.981549 -0.191211 0
    outer loop
      vertex 137.665 135.727 0
      vertex 137.65 135.65 0.2
      vertex 137.65 135.65 0
    endloop
  endfacet
  facet normal 0.824042 -0.566529 0
    outer loop
      vertex 137.665 135.727 0.2
      vertex 137.709 135.791 0
      vertex 137.709 135.791 0.2
    endloop
  endfacet
  facet normal 0.824042 -0.566529 0
    outer loop
      vertex 137.709 135.791 0
      vertex 137.665 135.727 0.2
      vertex 137.665 135.727 0
    endloop
  endfacet
  facet normal 0.566529 -0.824042 0
    outer loop
      vertex 137.709 135.791 0
      vertex 137.773 135.835 0.2
      vertex 137.709 135.791 0.2
    endloop
  endfacet
  facet normal 0.566529 -0.824042 0
    outer loop
      vertex 137.773 135.835 0.2
      vertex 137.709 135.791 0
      vertex 137.773 135.835 0
    endloop
  endfacet
  facet normal 0.191211 -0.981549 0
    outer loop
      vertex 137.773 135.835 0
      vertex 137.85 135.85 0.2
      vertex 137.773 135.835 0.2
    endloop
  endfacet
  facet normal 0.191211 -0.981549 0
    outer loop
      vertex 137.85 135.85 0.2
      vertex 137.773 135.835 0
      vertex 137.85 135.85 0
    endloop
  endfacet
  facet normal 0 -1 0
    outer loop
      vertex 137.85 135.85 0
      vertex 138.25 135.85 0.2
      vertex 137.85 135.85 0.2
    endloop
  endfacet
  facet normal 0 -1 -0
    outer loop
      vertex 138.25 135.85 0.2
      vertex 137.85 135.85 0
      vertex 138.25 135.85 0
    endloop
  endfacet
  facet normal -0.193633 -0.981074 0
    outer loop
      vertex 138.25 135.85 0
      vertex 138.326 135.835 0.2
      vertex 138.25 135.85 0.2
    endloop
  endfacet
  facet normal -0.193633 -0.981074 -0
    outer loop
      vertex 138.326 135.835 0.2
      vertex 138.25 135.85 0
      vertex 138.326 135.835 0
    endloop
  endfacet
  facet normal -0.566529 -0.824042 0
    outer loop
      vertex 136.427 135.835 0
      vertex 136.491 135.791 0.2
      vertex 136.427 135.835 0.2
    endloop
  endfacet
  facet normal -0.566529 -0.824042 -0
    outer loop
      vertex 136.491 135.791 0.2
      vertex 136.427 135.835 0
      vertex 136.491 135.791 0
    endloop
  endfacet
  facet normal -0.824042 -0.566529 0
    outer loop
      vertex 136.535 135.727 0
      vertex 136.491 135.791 0.2
      vertex 136.491 135.791 0
    endloop
  endfacet
  facet normal -0.824042 -0.566529 0
    outer loop
      vertex 136.491 135.791 0.2
      vertex 136.535 135.727 0
      vertex 136.535 135.727 0.2
    endloop
  endfacet
  facet normal -0.981549 -0.191211 0
    outer loop
      vertex 136.55 135.65 0
      vertex 136.535 135.727 0.2
      vertex 136.535 135.727 0
    endloop
  endfacet
  facet normal -0.981549 -0.191211 0
    outer loop
      vertex 136.535 135.727 0.2
      vertex 136.55 135.65 0
      vertex 136.55 135.65 0.2
    endloop
  endfacet
  facet normal -1 0 0
    outer loop
      vertex 136.55 134.15 0
      vertex 136.55 135.65 0.2
      vertex 136.55 135.65 0
    endloop
  endfacet
  facet normal -1 -0 0
    outer loop
      vertex 136.55 135.65 0.2
      vertex 136.55 134.15 0
      vertex 136.55 134.15 0.2
    endloop
  endfacet
  facet normal -0.981549 0.191211 0
    outer loop
      vertex 136.535 134.073 0
      vertex 136.55 134.15 0.2
      vertex 136.55 134.15 0
    endloop
  endfacet
  facet normal -0.981549 0.191211 0
    outer loop
      vertex 136.55 134.15 0.2
      vertex 136.535 134.073 0
      vertex 136.535 134.073 0.2
    endloop
  endfacet
  facet normal -0.824042 0.566529 0
    outer loop
      vertex 136.491 134.009 0
      vertex 136.535 134.073 0.2
      vertex 136.535 134.073 0
    endloop
  endfacet
  facet normal -0.824042 0.566529 0
    outer loop
      vertex 136.535 134.073 0.2
      vertex 136.491 134.009 0
      vertex 136.491 134.009 0.2
    endloop
  endfacet
  facet normal -0.566529 0.824042 0
    outer loop
      vertex 136.491 134.009 0
      vertex 136.427 133.965 0.2
      vertex 136.491 134.009 0.2
    endloop
  endfacet
  facet normal -0.566529 0.824042 0
    outer loop
      vertex 136.427 133.965 0.2
      vertex 136.491 134.009 0
      vertex 136.427 133.965 0
    endloop
  endfacet
  facet normal -0.191211 0.981549 0
    outer loop
      vertex 136.427 133.965 0
      vertex 136.35 133.95 0.2
      vertex 136.427 133.965 0.2
    endloop
  endfacet
  facet normal -0.191211 0.981549 0
    outer loop
      vertex 136.35 133.95 0.2
      vertex 136.427 133.965 0
      vertex 136.35 133.95 0
    endloop
  endfacet
  facet normal 0 1 -0
    outer loop
      vertex 136.35 133.95 0
      vertex 135.95 133.95 0.2
      vertex 136.35 133.95 0.2
    endloop
  endfacet
  facet normal 0 1 0
    outer loop
      vertex 135.95 133.95 0.2
      vertex 136.35 133.95 0
      vertex 135.95 133.95 0
    endloop
  endfacet
  facet normal 0.191211 0.981549 -0
    outer loop
      vertex 135.95 133.95 0
      vertex 135.873 133.965 0.2
      vertex 135.95 133.95 0.2
    endloop
  endfacet
  facet normal 0.191211 0.981549 0
    outer loop
      vertex 135.873 133.965 0.2
      vertex 135.95 133.95 0
      vertex 135.873 133.965 0
    endloop
  endfacet
  facet normal 0.566529 0.824042 -0
    outer loop
      vertex 135.873 133.965 0
      vertex 135.809 134.009 0.2
      vertex 135.873 133.965 0.2
    endloop
  endfacet
  facet normal 0.566529 0.824042 0
    outer loop
      vertex 135.809 134.009 0.2
      vertex 135.873 133.965 0
      vertex 135.809 134.009 0
    endloop
  endfacet
  facet normal 0.83005 0.55769 0
    outer loop
      vertex 135.809 134.009 0.2
      vertex 135.766 134.073 0
      vertex 135.766 134.073 0.2
    endloop
  endfacet
  facet normal 0.83005 0.55769 0
    outer loop
      vertex 135.766 134.073 0
      vertex 135.809 134.009 0.2
      vertex 135.809 134.009 0
    endloop
  endfacet
  facet normal 0.979086 0.203446 0
    outer loop
      vertex 135.766 134.073 0.2
      vertex 135.75 134.15 0
      vertex 135.75 134.15 0.2
    endloop
  endfacet
  facet normal 0.979086 0.203446 0
    outer loop
      vertex 135.75 134.15 0
      vertex 135.766 134.073 0.2
      vertex 135.766 134.073 0
    endloop
  endfacet
  facet normal 1 -0 0
    outer loop
      vertex 135.75 134.15 0.2
      vertex 135.75 135.65 0
      vertex 135.75 135.65 0.2
    endloop
  endfacet
  facet normal 1 0 0
    outer loop
      vertex 135.75 135.65 0
      vertex 135.75 134.15 0.2
      vertex 135.75 134.15 0
    endloop
  endfacet
  facet normal 0.979086 -0.203446 0
    outer loop
      vertex 135.75 135.65 0.2
      vertex 135.766 135.727 0
      vertex 135.766 135.727 0.2
    endloop
  endfacet
  facet normal 0.979086 -0.203446 0
    outer loop
      vertex 135.766 135.727 0
      vertex 135.75 135.65 0.2
      vertex 135.75 135.65 0
    endloop
  endfacet
  facet normal 0.83005 -0.55769 0
    outer loop
      vertex 135.766 135.727 0.2
      vertex 135.809 135.791 0
      vertex 135.809 135.791 0.2
    endloop
  endfacet
  facet normal 0.83005 -0.55769 0
    outer loop
      vertex 135.809 135.791 0
      vertex 135.766 135.727 0.2
      vertex 135.766 135.727 0
    endloop
  endfacet
  facet normal 0.566529 -0.824042 0
    outer loop
      vertex 135.809 135.791 0
      vertex 135.873 135.835 0.2
      vertex 135.809 135.791 0.2
    endloop
  endfacet
  facet normal 0.566529 -0.824042 0
    outer loop
      vertex 135.873 135.835 0.2
      vertex 135.809 135.791 0
      vertex 135.873 135.835 0
    endloop
  endfacet
  facet normal 0.191211 -0.981549 0
    outer loop
      vertex 135.873 135.835 0
      vertex 135.95 135.85 0.2
      vertex 135.873 135.835 0.2
    endloop
  endfacet
  facet normal 0.191211 -0.981549 0
    outer loop
      vertex 135.95 135.85 0.2
      vertex 135.873 135.835 0
      vertex 135.95 135.85 0
    endloop
  endfacet
  facet normal 0 -1 0
    outer loop
      vertex 135.95 135.85 0
      vertex 136.35 135.85 0.2
      vertex 135.95 135.85 0.2
    endloop
  endfacet
  facet normal 0 -1 -0
    outer loop
      vertex 136.35 135.85 0.2
      vertex 135.95 135.85 0
      vertex 136.35 135.85 0
    endloop
  endfacet
  facet normal -0.191211 -0.981549 0
    outer loop
      vertex 136.35 135.85 0
      vertex 136.427 135.835 0.2
      vertex 136.35 135.85 0.2
    endloop
  endfacet
  facet normal -0.191211 -0.981549 -0
    outer loop
      vertex 136.427 135.835 0.2
      vertex 136.35 135.85 0
      vertex 136.427 135.835 0
    endloop
  endfacet
  facet normal -0.55769 -0.83005 0
    outer loop
      vertex 142.927 135.935 0
      vertex 142.991 135.892 0.2
      vertex 142.927 135.935 0.2
    endloop
  endfacet
  facet normal -0.55769 -0.83005 -0
    outer loop
      vertex 142.991 135.892 0.2
      vertex 142.927 135.935 0
      vertex 142.991 135.892 0
    endloop
  endfacet
  facet normal -0.83205 -0.5547 0
    outer loop
      vertex 143.035 135.826 0
      vertex 142.991 135.892 0.2
      vertex 142.991 135.892 0
    endloop
  endfacet
  facet normal -0.83205 -0.5547 0
    outer loop
      vertex 142.991 135.892 0.2
      vertex 143.035 135.826 0
      vertex 143.035 135.826 0.2
    endloop
  endfacet
  facet normal -0.981074 -0.193633 0
    outer loop
      vertex 143.05 135.75 0
      vertex 143.035 135.826 0.2
      vertex 143.035 135.826 0
    endloop
  endfacet
  facet normal -0.981074 -0.193633 0
    outer loop
      vertex 143.035 135.826 0.2
      vertex 143.05 135.75 0
      vertex 143.05 135.75 0.2
    endloop
  endfacet
  facet normal -1 0 0
    outer loop
      vertex 143.05 134.25 0
      vertex 143.05 135.75 0.2
      vertex 143.05 135.75 0
    endloop
  endfacet
  facet normal -1 -0 0
    outer loop
      vertex 143.05 135.75 0.2
      vertex 143.05 134.25 0
      vertex 143.05 134.25 0.2
    endloop
  endfacet
  facet normal -0.981074 0.193633 0
    outer loop
      vertex 143.035 134.174 0
      vertex 143.05 134.25 0.2
      vertex 143.05 134.25 0
    endloop
  endfacet
  facet normal -0.981074 0.193633 0
    outer loop
      vertex 143.05 134.25 0.2
      vertex 143.035 134.174 0
      vertex 143.035 134.174 0.2
    endloop
  endfacet
  facet normal -0.83205 0.5547 0
    outer loop
      vertex 142.991 134.108 0
      vertex 143.035 134.174 0.2
      vertex 143.035 134.174 0
    endloop
  endfacet
  facet normal -0.83205 0.5547 0
    outer loop
      vertex 143.035 134.174 0.2
      vertex 142.991 134.108 0
      vertex 142.991 134.108 0.2
    endloop
  endfacet
  facet normal -0.55769 0.83005 0
    outer loop
      vertex 142.991 134.108 0
      vertex 142.927 134.065 0.2
      vertex 142.991 134.108 0.2
    endloop
  endfacet
  facet normal -0.55769 0.83005 0
    outer loop
      vertex 142.927 134.065 0.2
      vertex 142.991 134.108 0
      vertex 142.927 134.065 0
    endloop
  endfacet
  facet normal -0.191211 0.981549 0
    outer loop
      vertex 142.927 134.065 0
      vertex 142.85 134.05 0.2
      vertex 142.927 134.065 0.2
    endloop
  endfacet
  facet normal -0.191211 0.981549 0
    outer loop
      vertex 142.85 134.05 0.2
      vertex 142.927 134.065 0
      vertex 142.85 134.05 0
    endloop
  endfacet
  facet normal 0 1 -0
    outer loop
      vertex 142.85 134.05 0
      vertex 142.45 134.05 0.2
      vertex 142.85 134.05 0.2
    endloop
  endfacet
  facet normal 0 1 0
    outer loop
      vertex 142.45 134.05 0.2
      vertex 142.85 134.05 0
      vertex 142.45 134.05 0
    endloop
  endfacet
  facet normal 0.191211 0.981549 -0
    outer loop
      vertex 142.45 134.05 0
      vertex 142.373 134.065 0.2
      vertex 142.45 134.05 0.2
    endloop
  endfacet
  facet normal 0.191211 0.981549 0
    outer loop
      vertex 142.373 134.065 0.2
      vertex 142.45 134.05 0
      vertex 142.373 134.065 0
    endloop
  endfacet
  facet normal 0.55769 0.83005 -0
    outer loop
      vertex 142.373 134.065 0
      vertex 142.309 134.108 0.2
      vertex 142.373 134.065 0.2
    endloop
  endfacet
  facet normal 0.55769 0.83005 0
    outer loop
      vertex 142.309 134.108 0.2
      vertex 142.373 134.065 0
      vertex 142.309 134.108 0
    endloop
  endfacet
  facet normal 0.837863 0.54588 0
    outer loop
      vertex 142.309 134.108 0.2
      vertex 142.266 134.174 0
      vertex 142.266 134.174 0.2
    endloop
  endfacet
  facet normal 0.837863 0.54588 0
    outer loop
      vertex 142.266 134.174 0
      vertex 142.309 134.108 0.2
      vertex 142.309 134.108 0
    endloop
  endfacet
  facet normal 0.97855 0.20601 0
    outer loop
      vertex 142.266 134.174 0.2
      vertex 142.25 134.25 0
      vertex 142.25 134.25 0.2
    endloop
  endfacet
  facet normal 0.97855 0.20601 0
    outer loop
      vertex 142.25 134.25 0
      vertex 142.266 134.174 0.2
      vertex 142.266 134.174 0
    endloop
  endfacet
  facet normal 1 -0 0
    outer loop
      vertex 142.25 134.25 0.2
      vertex 142.25 135.75 0
      vertex 142.25 135.75 0.2
    endloop
  endfacet
  facet normal 1 0 0
    outer loop
      vertex 142.25 135.75 0
      vertex 142.25 134.25 0.2
      vertex 142.25 134.25 0
    endloop
  endfacet
  facet normal 0.97855 -0.20601 0
    outer loop
      vertex 142.25 135.75 0.2
      vertex 142.266 135.826 0
      vertex 142.266 135.826 0.2
    endloop
  endfacet
  facet normal 0.97855 -0.20601 0
    outer loop
      vertex 142.266 135.826 0
      vertex 142.25 135.75 0.2
      vertex 142.25 135.75 0
    endloop
  endfacet
  facet normal 0.837863 -0.54588 0
    outer loop
      vertex 142.266 135.826 0.2
      vertex 142.309 135.892 0
      vertex 142.309 135.892 0.2
    endloop
  endfacet
  facet normal 0.837863 -0.54588 0
    outer loop
      vertex 142.309 135.892 0
      vertex 142.266 135.826 0.2
      vertex 142.266 135.826 0
    endloop
  endfacet
  facet normal 0.55769 -0.83005 0
    outer loop
      vertex 142.309 135.892 0
      vertex 142.373 135.935 0.2
      vertex 142.309 135.892 0.2
    endloop
  endfacet
  facet normal 0.55769 -0.83005 0
    outer loop
      vertex 142.373 135.935 0.2
      vertex 142.309 135.892 0
      vertex 142.373 135.935 0
    endloop
  endfacet
  facet normal 0.191211 -0.981549 0
    outer loop
      vertex 142.373 135.935 0
      vertex 142.45 135.95 0.2
      vertex 142.373 135.935 0.2
    endloop
  endfacet
  facet normal 0.191211 -0.981549 0
    outer loop
      vertex 142.45 135.95 0.2
      vertex 142.373 135.935 0
      vertex 142.45 135.95 0
    endloop
  endfacet
  facet normal 0 -1 0
    outer loop
      vertex 142.45 135.95 0
      vertex 142.85 135.95 0.2
      vertex 142.45 135.95 0.2
    endloop
  endfacet
  facet normal 0 -1 -0
    outer loop
      vertex 142.85 135.95 0.2
      vertex 142.45 135.95 0
      vertex 142.85 135.95 0
    endloop
  endfacet
  facet normal -0.191211 -0.981549 0
    outer loop
      vertex 142.85 135.95 0
      vertex 142.927 135.935 0.2
      vertex 142.85 135.95 0.2
    endloop
  endfacet
  facet normal -0.191211 -0.981549 -0
    outer loop
      vertex 142.927 135.935 0.2
      vertex 142.85 135.95 0
      vertex 142.927 135.935 0
    endloop
  endfacet
  facet normal -0.54588 -0.837863 0
    outer loop
      vertex 141.026 135.935 0
      vertex 141.092 135.892 0.2
      vertex 141.026 135.935 0.2
    endloop
  endfacet
  facet normal -0.54588 -0.837863 -0
    outer loop
      vertex 141.092 135.892 0.2
      vertex 141.026 135.935 0
      vertex 141.092 135.892 0
    endloop
  endfacet
  facet normal -0.837863 -0.54588 0
    outer loop
      vertex 141.135 135.826 0
      vertex 141.092 135.892 0.2
      vertex 141.092 135.892 0
    endloop
  endfacet
  facet normal -0.837863 -0.54588 0
    outer loop
      vertex 141.092 135.892 0.2
      vertex 141.135 135.826 0
      vertex 141.135 135.826 0.2
    endloop
  endfacet
  facet normal -0.981074 -0.193633 0
    outer loop
      vertex 141.15 135.75 0
      vertex 141.135 135.826 0.2
      vertex 141.135 135.826 0
    endloop
  endfacet
  facet normal -0.981074 -0.193633 0
    outer loop
      vertex 141.135 135.826 0.2
      vertex 141.15 135.75 0
      vertex 141.15 135.75 0.2
    endloop
  endfacet
  facet normal -1 0 0
    outer loop
      vertex 141.15 134.25 0
      vertex 141.15 135.75 0.2
      vertex 141.15 135.75 0
    endloop
  endfacet
  facet normal -1 -0 0
    outer loop
      vertex 141.15 135.75 0.2
      vertex 141.15 134.25 0
      vertex 141.15 134.25 0.2
    endloop
  endfacet
  facet normal -0.981074 0.193633 0
    outer loop
      vertex 141.135 134.174 0
      vertex 141.15 134.25 0.2
      vertex 141.15 134.25 0
    endloop
  endfacet
  facet normal -0.981074 0.193633 0
    outer loop
      vertex 141.15 134.25 0.2
      vertex 141.135 134.174 0
      vertex 141.135 134.174 0.2
    endloop
  endfacet
  facet normal -0.837863 0.54588 0
    outer loop
      vertex 141.092 134.108 0
      vertex 141.135 134.174 0.2
      vertex 141.135 134.174 0
    endloop
  endfacet
  facet normal -0.837863 0.54588 0
    outer loop
      vertex 141.135 134.174 0.2
      vertex 141.092 134.108 0
      vertex 141.092 134.108 0.2
    endloop
  endfacet
  facet normal -0.54588 0.837863 0
    outer loop
      vertex 141.092 134.108 0
      vertex 141.026 134.065 0.2
      vertex 141.092 134.108 0.2
    endloop
  endfacet
  facet normal -0.54588 0.837863 0
    outer loop
      vertex 141.026 134.065 0.2
      vertex 141.092 134.108 0
      vertex 141.026 134.065 0
    endloop
  endfacet
  facet normal -0.193633 0.981074 0
    outer loop
      vertex 141.026 134.065 0
      vertex 140.95 134.05 0.2
      vertex 141.026 134.065 0.2
    endloop
  endfacet
  facet normal -0.193633 0.981074 0
    outer loop
      vertex 140.95 134.05 0.2
      vertex 141.026 134.065 0
      vertex 140.95 134.05 0
    endloop
  endfacet
  facet normal 0 1 -0
    outer loop
      vertex 140.95 134.05 0
      vertex 140.55 134.05 0.2
      vertex 140.95 134.05 0.2
    endloop
  endfacet
  facet normal 0 1 0
    outer loop
      vertex 140.55 134.05 0.2
      vertex 140.95 134.05 0
      vertex 140.55 134.05 0
    endloop
  endfacet
  facet normal 0.193633 0.981074 -0
    outer loop
      vertex 140.55 134.05 0
      vertex 140.474 134.065 0.2
      vertex 140.55 134.05 0.2
    endloop
  endfacet
  facet normal 0.193633 0.981074 0
    outer loop
      vertex 140.474 134.065 0.2
      vertex 140.55 134.05 0
      vertex 140.474 134.065 0
    endloop
  endfacet
  facet normal 0.54588 0.837863 -0
    outer loop
      vertex 140.474 134.065 0
      vertex 140.408 134.108 0.2
      vertex 140.474 134.065 0.2
    endloop
  endfacet
  facet normal 0.54588 0.837863 0
    outer loop
      vertex 140.408 134.108 0.2
      vertex 140.474 134.065 0
      vertex 140.408 134.108 0
    endloop
  endfacet
  facet normal 0.837863 0.54588 0
    outer loop
      vertex 140.408 134.108 0.2
      vertex 140.365 134.174 0
      vertex 140.365 134.174 0.2
    endloop
  endfacet
  facet normal 0.837863 0.54588 0
    outer loop
      vertex 140.365 134.174 0
      vertex 140.408 134.108 0.2
      vertex 140.408 134.108 0
    endloop
  endfacet
  facet normal 0.981074 0.193633 0
    outer loop
      vertex 140.365 134.174 0.2
      vertex 140.35 134.25 0
      vertex 140.35 134.25 0.2
    endloop
  endfacet
  facet normal 0.981074 0.193633 0
    outer loop
      vertex 140.35 134.25 0
      vertex 140.365 134.174 0.2
      vertex 140.365 134.174 0
    endloop
  endfacet
  facet normal 1 -0 0
    outer loop
      vertex 140.35 134.25 0.2
      vertex 140.35 135.75 0
      vertex 140.35 135.75 0.2
    endloop
  endfacet
  facet normal 1 0 0
    outer loop
      vertex 140.35 135.75 0
      vertex 140.35 134.25 0.2
      vertex 140.35 134.25 0
    endloop
  endfacet
  facet normal 0.981074 -0.193633 0
    outer loop
      vertex 140.35 135.75 0.2
      vertex 140.365 135.826 0
      vertex 140.365 135.826 0.2
    endloop
  endfacet
  facet normal 0.981074 -0.193633 0
    outer loop
      vertex 140.365 135.826 0
      vertex 140.35 135.75 0.2
      vertex 140.35 135.75 0
    endloop
  endfacet
  facet normal 0.837863 -0.54588 0
    outer loop
      vertex 140.365 135.826 0.2
      vertex 140.408 135.892 0
      vertex 140.408 135.892 0.2
    endloop
  endfacet
  facet normal 0.837863 -0.54588 0
    outer loop
      vertex 140.408 135.892 0
      vertex 140.365 135.826 0.2
      vertex 140.365 135.826 0
    endloop
  endfacet
  facet normal 0.54588 -0.837863 0
    outer loop
      vertex 140.408 135.892 0
      vertex 140.474 135.935 0.2
      vertex 140.408 135.892 0.2
    endloop
  endfacet
  facet normal 0.54588 -0.837863 0
    outer loop
      vertex 140.474 135.935 0.2
      vertex 140.408 135.892 0
      vertex 140.474 135.935 0
    endloop
  endfacet
  facet normal 0.193633 -0.981074 0
    outer loop
      vertex 140.474 135.935 0
      vertex 140.55 135.95 0.2
      vertex 140.474 135.935 0.2
    endloop
  endfacet
  facet normal 0.193633 -0.981074 0
    outer loop
      vertex 140.55 135.95 0.2
      vertex 140.474 135.935 0
      vertex 140.55 135.95 0
    endloop
  endfacet
  facet normal 0 -1 0
    outer loop
      vertex 140.55 135.95 0
      vertex 140.95 135.95 0.2
      vertex 140.55 135.95 0.2
    endloop
  endfacet
  facet normal 0 -1 -0
    outer loop
      vertex 140.95 135.95 0.2
      vertex 140.55 135.95 0
      vertex 140.95 135.95 0
    endloop
  endfacet
  facet normal -0.193633 -0.981074 0
    outer loop
      vertex 140.95 135.95 0
      vertex 141.026 135.935 0.2
      vertex 140.95 135.95 0.2
    endloop
  endfacet
  facet normal -0.193633 -0.981074 -0
    outer loop
      vertex 141.026 135.935 0.2
      vertex 140.95 135.95 0
      vertex 141.026 135.935 0
    endloop
  endfacet
  facet normal -0.5547 -0.83205 0
    outer loop
      vertex 132.371 139.531 0
      vertex 132.452 139.477 0.2
      vertex 132.371 139.531 0.2
    endloop
  endfacet
  facet normal -0.5547 -0.83205 -0
    outer loop
      vertex 132.452 139.477 0.2
      vertex 132.371 139.531 0
      vertex 132.452 139.477 0
    endloop
  endfacet
  facet normal -0.83205 -0.5547 0
    outer loop
      vertex 132.506 139.396 0
      vertex 132.452 139.477 0.2
      vertex 132.452 139.477 0
    endloop
  endfacet
  facet normal -0.83205 -0.5547 0
    outer loop
      vertex 132.452 139.477 0.2
      vertex 132.506 139.396 0
      vertex 132.506 139.396 0.2
    endloop
  endfacet
  facet normal -0.980972 -0.194151 0
    outer loop
      vertex 132.525 139.3 0
      vertex 132.506 139.396 0.2
      vertex 132.506 139.396 0
    endloop
  endfacet
  facet normal -0.980972 -0.194151 0
    outer loop
      vertex 132.506 139.396 0.2
      vertex 132.525 139.3 0
      vertex 132.525 139.3 0.2
    endloop
  endfacet
  facet normal -1 0 0
    outer loop
      vertex 132.525 138.625 0
      vertex 132.525 139.3 0.2
      vertex 132.525 139.3 0
    endloop
  endfacet
  facet normal -1 -0 0
    outer loop
      vertex 132.525 139.3 0.2
      vertex 132.525 138.625 0
      vertex 132.525 138.625 0.2
    endloop
  endfacet
  facet normal -0.980972 0.194151 0
    outer loop
      vertex 132.506 138.529 0
      vertex 132.525 138.625 0.2
      vertex 132.525 138.625 0
    endloop
  endfacet
  facet normal -0.980972 0.194151 0
    outer loop
      vertex 132.525 138.625 0.2
      vertex 132.506 138.529 0
      vertex 132.506 138.529 0.2
    endloop
  endfacet
  facet normal -0.83205 0.5547 0
    outer loop
      vertex 132.452 138.448 0
      vertex 132.506 138.529 0.2
      vertex 132.506 138.529 0
    endloop
  endfacet
  facet normal -0.83205 0.5547 0
    outer loop
      vertex 132.506 138.529 0.2
      vertex 132.452 138.448 0
      vertex 132.452 138.448 0.2
    endloop
  endfacet
  facet normal -0.5547 0.83205 0
    outer loop
      vertex 132.452 138.448 0
      vertex 132.371 138.394 0.2
      vertex 132.452 138.448 0.2
    endloop
  endfacet
  facet normal -0.5547 0.83205 0
    outer loop
      vertex 132.371 138.394 0.2
      vertex 132.452 138.448 0
      vertex 132.371 138.394 0
    endloop
  endfacet
  facet normal -0.194151 0.980972 0
    outer loop
      vertex 132.371 138.394 0
      vertex 132.275 138.375 0.2
      vertex 132.371 138.394 0.2
    endloop
  endfacet
  facet normal -0.194151 0.980972 0
    outer loop
      vertex 132.275 138.375 0.2
      vertex 132.371 138.394 0
      vertex 132.275 138.375 0
    endloop
  endfacet
  facet normal 0 1 -0
    outer loop
      vertex 132.275 138.375 0
      vertex 131.325 138.375 0.2
      vertex 132.275 138.375 0.2
    endloop
  endfacet
  facet normal 0 1 0
    outer loop
      vertex 131.325 138.375 0.2
      vertex 132.275 138.375 0
      vertex 131.325 138.375 0
    endloop
  endfacet
  facet normal 0.194151 0.980972 -0
    outer loop
      vertex 131.325 138.375 0
      vertex 131.229 138.394 0.2
      vertex 131.325 138.375 0.2
    endloop
  endfacet
  facet normal 0.194151 0.980972 0
    outer loop
      vertex 131.229 138.394 0.2
      vertex 131.325 138.375 0
      vertex 131.229 138.394 0
    endloop
  endfacet
  facet normal 0.5547 0.83205 -0
    outer loop
      vertex 131.229 138.394 0
      vertex 131.148 138.448 0.2
      vertex 131.229 138.394 0.2
    endloop
  endfacet
  facet normal 0.5547 0.83205 0
    outer loop
      vertex 131.148 138.448 0.2
      vertex 131.229 138.394 0
      vertex 131.148 138.448 0
    endloop
  endfacet
  facet normal 0.83205 0.5547 0
    outer loop
      vertex 131.148 138.448 0.2
      vertex 131.094 138.529 0
      vertex 131.094 138.529 0.2
    endloop
  endfacet
  facet normal 0.83205 0.5547 0
    outer loop
      vertex 131.094 138.529 0
      vertex 131.148 138.448 0.2
      vertex 131.148 138.448 0
    endloop
  endfacet
  facet normal 0.980972 0.194151 0
    outer loop
      vertex 131.094 138.529 0.2
      vertex 131.075 138.625 0
      vertex 131.075 138.625 0.2
    endloop
  endfacet
  facet normal 0.980972 0.194151 0
    outer loop
      vertex 131.075 138.625 0
      vertex 131.094 138.529 0.2
      vertex 131.094 138.529 0
    endloop
  endfacet
  facet normal 1 -0 0
    outer loop
      vertex 131.075 138.625 0.2
      vertex 131.075 139.3 0
      vertex 131.075 139.3 0.2
    endloop
  endfacet
  facet normal 1 0 0
    outer loop
      vertex 131.075 139.3 0
      vertex 131.075 138.625 0.2
      vertex 131.075 138.625 0
    endloop
  endfacet
  facet normal 0.980972 -0.194151 0
    outer loop
      vertex 131.075 139.3 0.2
      vertex 131.094 139.396 0
      vertex 131.094 139.396 0.2
    endloop
  endfacet
  facet normal 0.980972 -0.194151 0
    outer loop
      vertex 131.094 139.396 0
      vertex 131.075 139.3 0.2
      vertex 131.075 139.3 0
    endloop
  endfacet
  facet normal 0.83205 -0.5547 0
    outer loop
      vertex 131.094 139.396 0.2
      vertex 131.148 139.477 0
      vertex 131.148 139.477 0.2
    endloop
  endfacet
  facet normal 0.83205 -0.5547 0
    outer loop
      vertex 131.148 139.477 0
      vertex 131.094 139.396 0.2
      vertex 131.094 139.396 0
    endloop
  endfacet
  facet normal 0.5547 -0.83205 0
    outer loop
      vertex 131.148 139.477 0
      vertex 131.229 139.531 0.2
      vertex 131.148 139.477 0.2
    endloop
  endfacet
  facet normal 0.5547 -0.83205 0
    outer loop
      vertex 131.229 139.531 0.2
      vertex 131.148 139.477 0
      vertex 131.229 139.531 0
    endloop
  endfacet
  facet normal 0.194151 -0.980972 0
    outer loop
      vertex 131.229 139.531 0
      vertex 131.325 139.55 0.2
      vertex 131.229 139.531 0.2
    endloop
  endfacet
  facet normal 0.194151 -0.980972 0
    outer loop
      vertex 131.325 139.55 0.2
      vertex 131.229 139.531 0
      vertex 131.325 139.55 0
    endloop
  endfacet
  facet normal 0 -1 0
    outer loop
      vertex 131.325 139.55 0
      vertex 132.275 139.55 0.2
      vertex 131.325 139.55 0.2
    endloop
  endfacet
  facet normal 0 -1 -0
    outer loop
      vertex 132.275 139.55 0.2
      vertex 131.325 139.55 0
      vertex 132.275 139.55 0
    endloop
  endfacet
  facet normal -0.194151 -0.980972 0
    outer loop
      vertex 132.275 139.55 0
      vertex 132.371 139.531 0.2
      vertex 132.275 139.55 0.2
    endloop
  endfacet
  facet normal -0.194151 -0.980972 -0
    outer loop
      vertex 132.371 139.531 0.2
      vertex 132.275 139.55 0
      vertex 132.371 139.531 0
    endloop
  endfacet
  facet normal -0.5547 -0.83205 0
    outer loop
      vertex 129.971 139.531 0
      vertex 130.052 139.477 0.2
      vertex 129.971 139.531 0.2
    endloop
  endfacet
  facet normal -0.5547 -0.83205 -0
    outer loop
      vertex 130.052 139.477 0.2
      vertex 129.971 139.531 0
      vertex 130.052 139.477 0
    endloop
  endfacet
  facet normal -0.83205 -0.5547 0
    outer loop
      vertex 130.106 139.396 0
      vertex 130.052 139.477 0.2
      vertex 130.052 139.477 0
    endloop
  endfacet
  facet normal -0.83205 -0.5547 0
    outer loop
      vertex 130.052 139.477 0.2
      vertex 130.106 139.396 0
      vertex 130.106 139.396 0.2
    endloop
  endfacet
  facet normal -0.980972 -0.194151 0
    outer loop
      vertex 130.125 139.3 0
      vertex 130.106 139.396 0.2
      vertex 130.106 139.396 0
    endloop
  endfacet
  facet normal -0.980972 -0.194151 0
    outer loop
      vertex 130.106 139.396 0.2
      vertex 130.125 139.3 0
      vertex 130.125 139.3 0.2
    endloop
  endfacet
  facet normal -1 0 0
    outer loop
      vertex 130.125 138.625 0
      vertex 130.125 139.3 0.2
      vertex 130.125 139.3 0
    endloop
  endfacet
  facet normal -1 -0 0
    outer loop
      vertex 130.125 139.3 0.2
      vertex 130.125 138.625 0
      vertex 130.125 138.625 0.2
    endloop
  endfacet
  facet normal -0.980972 0.194151 0
    outer loop
      vertex 130.106 138.529 0
      vertex 130.125 138.625 0.2
      vertex 130.125 138.625 0
    endloop
  endfacet
  facet normal -0.980972 0.194151 0
    outer loop
      vertex 130.125 138.625 0.2
      vertex 130.106 138.529 0
      vertex 130.106 138.529 0.2
    endloop
  endfacet
  facet normal -0.83205 0.5547 0
    outer loop
      vertex 130.052 138.448 0
      vertex 130.106 138.529 0.2
      vertex 130.106 138.529 0
    endloop
  endfacet
  facet normal -0.83205 0.5547 0
    outer loop
      vertex 130.106 138.529 0.2
      vertex 130.052 138.448 0
      vertex 130.052 138.448 0.2
    endloop
  endfacet
  facet normal -0.5547 0.83205 0
    outer loop
      vertex 130.052 138.448 0
      vertex 129.971 138.394 0.2
      vertex 130.052 138.448 0.2
    endloop
  endfacet
  facet normal -0.5547 0.83205 0
    outer loop
      vertex 129.971 138.394 0.2
      vertex 130.052 138.448 0
      vertex 129.971 138.394 0
    endloop
  endfacet
  facet normal -0.194151 0.980972 0
    outer loop
      vertex 129.971 138.394 0
      vertex 129.875 138.375 0.2
      vertex 129.971 138.394 0.2
    endloop
  endfacet
  facet normal -0.194151 0.980972 0
    outer loop
      vertex 129.875 138.375 0.2
      vertex 129.971 138.394 0
      vertex 129.875 138.375 0
    endloop
  endfacet
  facet normal 0 1 -0
    outer loop
      vertex 129.875 138.375 0
      vertex 128.925 138.375 0.2
      vertex 129.875 138.375 0.2
    endloop
  endfacet
  facet normal 0 1 0
    outer loop
      vertex 128.925 138.375 0.2
      vertex 129.875 138.375 0
      vertex 128.925 138.375 0
    endloop
  endfacet
  facet normal 0.194151 0.980972 -0
    outer loop
      vertex 128.925 138.375 0
      vertex 128.829 138.394 0.2
      vertex 128.925 138.375 0.2
    endloop
  endfacet
  facet normal 0.194151 0.980972 0
    outer loop
      vertex 128.829 138.394 0.2
      vertex 128.925 138.375 0
      vertex 128.829 138.394 0
    endloop
  endfacet
  facet normal 0.5547 0.83205 -0
    outer loop
      vertex 128.829 138.394 0
      vertex 128.748 138.448 0.2
      vertex 128.829 138.394 0.2
    endloop
  endfacet
  facet normal 0.5547 0.83205 0
    outer loop
      vertex 128.748 138.448 0.2
      vertex 128.829 138.394 0
      vertex 128.748 138.448 0
    endloop
  endfacet
  facet normal 0.83205 0.5547 0
    outer loop
      vertex 128.748 138.448 0.2
      vertex 128.694 138.529 0
      vertex 128.694 138.529 0.2
    endloop
  endfacet
  facet normal 0.83205 0.5547 0
    outer loop
      vertex 128.694 138.529 0
      vertex 128.748 138.448 0.2
      vertex 128.748 138.448 0
    endloop
  endfacet
  facet normal 0.980972 0.194151 0
    outer loop
      vertex 128.694 138.529 0.2
      vertex 128.675 138.625 0
      vertex 128.675 138.625 0.2
    endloop
  endfacet
  facet normal 0.980972 0.194151 0
    outer loop
      vertex 128.675 138.625 0
      vertex 128.694 138.529 0.2
      vertex 128.694 138.529 0
    endloop
  endfacet
  facet normal 1 -0 0
    outer loop
      vertex 128.675 138.625 0.2
      vertex 128.675 139.3 0
      vertex 128.675 139.3 0.2
    endloop
  endfacet
  facet normal 1 0 0
    outer loop
      vertex 128.675 139.3 0
      vertex 128.675 138.625 0.2
      vertex 128.675 138.625 0
    endloop
  endfacet
  facet normal 0.980972 -0.194151 0
    outer loop
      vertex 128.675 139.3 0.2
      vertex 128.694 139.396 0
      vertex 128.694 139.396 0.2
    endloop
  endfacet
  facet normal 0.980972 -0.194151 0
    outer loop
      vertex 128.694 139.396 0
      vertex 128.675 139.3 0.2
      vertex 128.675 139.3 0
    endloop
  endfacet
  facet normal 0.83205 -0.5547 0
    outer loop
      vertex 128.694 139.396 0.2
      vertex 128.748 139.477 0
      vertex 128.748 139.477 0.2
    endloop
  endfacet
  facet normal 0.83205 -0.5547 0
    outer loop
      vertex 128.748 139.477 0
      vertex 128.694 139.396 0.2
      vertex 128.694 139.396 0
    endloop
  endfacet
  facet normal 0.5547 -0.83205 0
    outer loop
      vertex 128.748 139.477 0
      vertex 128.829 139.531 0.2
      vertex 128.748 139.477 0.2
    endloop
  endfacet
  facet normal 0.5547 -0.83205 0
    outer loop
      vertex 128.829 139.531 0.2
      vertex 128.748 139.477 0
      vertex 128.829 139.531 0
    endloop
  endfacet
  facet normal 0.194151 -0.980972 0
    outer loop
      vertex 128.829 139.531 0
      vertex 128.925 139.55 0.2
      vertex 128.829 139.531 0.2
    endloop
  endfacet
  facet normal 0.194151 -0.980972 0
    outer loop
      vertex 128.925 139.55 0.2
      vertex 128.829 139.531 0
      vertex 128.925 139.55 0
    endloop
  endfacet
  facet normal 0 -1 0
    outer loop
      vertex 128.925 139.55 0
      vertex 129.875 139.55 0.2
      vertex 128.925 139.55 0.2
    endloop
  endfacet
  facet normal 0 -1 -0
    outer loop
      vertex 129.875 139.55 0.2
      vertex 128.925 139.55 0
      vertex 129.875 139.55 0
    endloop
  endfacet
  facet normal -0.194151 -0.980972 0
    outer loop
      vertex 129.875 139.55 0
      vertex 129.971 139.531 0.2
      vertex 129.875 139.55 0.2
    endloop
  endfacet
  facet normal -0.194151 -0.980972 -0
    outer loop
      vertex 129.971 139.531 0.2
      vertex 129.875 139.55 0
      vertex 129.971 139.531 0
    endloop
  endfacet
  facet normal -0.561751 -0.827306 0
    outer loop
      vertex 134.546 139.581 0
      vertex 134.627 139.526 0.2
      vertex 134.546 139.581 0.2
    endloop
  endfacet
  facet normal -0.561751 -0.827306 -0
    outer loop
      vertex 134.627 139.526 0.2
      vertex 134.546 139.581 0
      vertex 134.627 139.526 0
    endloop
  endfacet
  facet normal -0.83205 -0.5547 0
    outer loop
      vertex 134.681 139.445 0
      vertex 134.627 139.526 0.2
      vertex 134.627 139.526 0
    endloop
  endfacet
  facet normal -0.83205 -0.5547 0
    outer loop
      vertex 134.627 139.526 0.2
      vertex 134.681 139.445 0
      vertex 134.681 139.445 0.2
    endloop
  endfacet
  facet normal -0.980581 -0.196116 0
    outer loop
      vertex 134.7 139.35 0
      vertex 134.681 139.445 0.2
      vertex 134.681 139.445 0
    endloop
  endfacet
  facet normal -0.980581 -0.196116 0
    outer loop
      vertex 134.681 139.445 0.2
      vertex 134.7 139.35 0
      vertex 134.7 139.35 0.2
    endloop
  endfacet
  facet normal -1 0 0
    outer loop
      vertex 134.7 138.65 0
      vertex 134.7 139.35 0.2
      vertex 134.7 139.35 0
    endloop
  endfacet
  facet normal -1 -0 0
    outer loop
      vertex 134.7 139.35 0.2
      vertex 134.7 138.65 0
      vertex 134.7 138.65 0.2
    endloop
  endfacet
  facet normal -0.980581 0.196116 0
    outer loop
      vertex 134.681 138.555 0
      vertex 134.7 138.65 0.2
      vertex 134.7 138.65 0
    endloop
  endfacet
  facet normal -0.980581 0.196116 0
    outer loop
      vertex 134.7 138.65 0.2
      vertex 134.681 138.555 0
      vertex 134.681 138.555 0.2
    endloop
  endfacet
  facet normal -0.83205 0.5547 0
    outer loop
      vertex 134.627 138.474 0
      vertex 134.681 138.555 0.2
      vertex 134.681 138.555 0
    endloop
  endfacet
  facet normal -0.83205 0.5547 0
    outer loop
      vertex 134.681 138.555 0.2
      vertex 134.627 138.474 0
      vertex 134.627 138.474 0.2
    endloop
  endfacet
  facet normal -0.561751 0.827306 0
    outer loop
      vertex 134.627 138.474 0
      vertex 134.546 138.419 0.2
      vertex 134.627 138.474 0.2
    endloop
  endfacet
  facet normal -0.561751 0.827306 0
    outer loop
      vertex 134.546 138.419 0.2
      vertex 134.627 138.474 0
      vertex 134.546 138.419 0
    endloop
  endfacet
  facet normal -0.194151 0.980972 0
    outer loop
      vertex 134.546 138.419 0
      vertex 134.45 138.4 0.2
      vertex 134.546 138.419 0.2
    endloop
  endfacet
  facet normal -0.194151 0.980972 0
    outer loop
      vertex 134.45 138.4 0.2
      vertex 134.546 138.419 0
      vertex 134.45 138.4 0
    endloop
  endfacet
  facet normal 0 1 -0
    outer loop
      vertex 134.45 138.4 0
      vertex 133.55 138.4 0.2
      vertex 134.45 138.4 0.2
    endloop
  endfacet
  facet normal 0 1 0
    outer loop
      vertex 133.55 138.4 0.2
      vertex 134.45 138.4 0
      vertex 133.55 138.4 0
    endloop
  endfacet
  facet normal 0.194151 0.980972 -0
    outer loop
      vertex 133.55 138.4 0
      vertex 133.454 138.419 0.2
      vertex 133.55 138.4 0.2
    endloop
  endfacet
  facet normal 0.194151 0.980972 0
    outer loop
      vertex 133.454 138.419 0.2
      vertex 133.55 138.4 0
      vertex 133.454 138.419 0
    endloop
  endfacet
  facet normal 0.561751 0.827306 -0
    outer loop
      vertex 133.454 138.419 0
      vertex 133.373 138.474 0.2
      vertex 133.454 138.419 0.2
    endloop
  endfacet
  facet normal 0.561751 0.827306 0
    outer loop
      vertex 133.373 138.474 0.2
      vertex 133.454 138.419 0
      vertex 133.373 138.474 0
    endloop
  endfacet
  facet normal 0.83205 0.5547 0
    outer loop
      vertex 133.373 138.474 0.2
      vertex 133.319 138.555 0
      vertex 133.319 138.555 0.2
    endloop
  endfacet
  facet normal 0.83205 0.5547 0
    outer loop
      vertex 133.319 138.555 0
      vertex 133.373 138.474 0.2
      vertex 133.373 138.474 0
    endloop
  endfacet
  facet normal 0.980581 0.196116 0
    outer loop
      vertex 133.319 138.555 0.2
      vertex 133.3 138.65 0
      vertex 133.3 138.65 0.2
    endloop
  endfacet
  facet normal 0.980581 0.196116 0
    outer loop
      vertex 133.3 138.65 0
      vertex 133.319 138.555 0.2
      vertex 133.319 138.555 0
    endloop
  endfacet
  facet normal 1 -0 0
    outer loop
      vertex 133.3 138.65 0.2
      vertex 133.3 139.35 0
      vertex 133.3 139.35 0.2
    endloop
  endfacet
  facet normal 1 0 0
    outer loop
      vertex 133.3 139.35 0
      vertex 133.3 138.65 0.2
      vertex 133.3 138.65 0
    endloop
  endfacet
  facet normal 0.980581 -0.196116 0
    outer loop
      vertex 133.3 139.35 0.2
      vertex 133.319 139.445 0
      vertex 133.319 139.445 0.2
    endloop
  endfacet
  facet normal 0.980581 -0.196116 0
    outer loop
      vertex 133.319 139.445 0
      vertex 133.3 139.35 0.2
      vertex 133.3 139.35 0
    endloop
  endfacet
  facet normal 0.83205 -0.5547 0
    outer loop
      vertex 133.319 139.445 0.2
      vertex 133.373 139.526 0
      vertex 133.373 139.526 0.2
    endloop
  endfacet
  facet normal 0.83205 -0.5547 0
    outer loop
      vertex 133.373 139.526 0
      vertex 133.319 139.445 0.2
      vertex 133.319 139.445 0
    endloop
  endfacet
  facet normal 0.561751 -0.827306 0
    outer loop
      vertex 133.373 139.526 0
      vertex 133.454 139.581 0.2
      vertex 133.373 139.526 0.2
    endloop
  endfacet
  facet normal 0.561751 -0.827306 0
    outer loop
      vertex 133.454 139.581 0.2
      vertex 133.373 139.526 0
      vertex 133.454 139.581 0
    endloop
  endfacet
  facet normal 0.194151 -0.980972 0
    outer loop
      vertex 133.454 139.581 0
      vertex 133.55 139.6 0.2
      vertex 133.454 139.581 0.2
    endloop
  endfacet
  facet normal 0.194151 -0.980972 0
    outer loop
      vertex 133.55 139.6 0.2
      vertex 133.454 139.581 0
      vertex 133.55 139.6 0
    endloop
  endfacet
  facet normal 0 -1 0
    outer loop
      vertex 133.55 139.6 0
      vertex 134.45 139.6 0.2
      vertex 133.55 139.6 0.2
    endloop
  endfacet
  facet normal 0 -1 -0
    outer loop
      vertex 134.45 139.6 0.2
      vertex 133.55 139.6 0
      vertex 134.45 139.6 0
    endloop
  endfacet
  facet normal -0.194151 -0.980972 0
    outer loop
      vertex 134.45 139.6 0
      vertex 134.546 139.581 0.2
      vertex 134.45 139.6 0.2
    endloop
  endfacet
  facet normal -0.194151 -0.980972 -0
    outer loop
      vertex 134.546 139.581 0.2
      vertex 134.45 139.6 0
      vertex 134.546 139.581 0
    endloop
  endfacet
  facet normal -0.561751 -0.827306 0
    outer loop
      vertex 141.546 139.581 0
      vertex 141.627 139.526 0.2
      vertex 141.546 139.581 0.2
    endloop
  endfacet
  facet normal -0.561751 -0.827306 -0
    outer loop
      vertex 141.627 139.526 0.2
      vertex 141.546 139.581 0
      vertex 141.627 139.526 0
    endloop
  endfacet
  facet normal -0.83205 -0.5547 0
    outer loop
      vertex 141.681 139.445 0
      vertex 141.627 139.526 0.2
      vertex 141.627 139.526 0
    endloop
  endfacet
  facet normal -0.83205 -0.5547 0
    outer loop
      vertex 141.627 139.526 0.2
      vertex 141.681 139.445 0
      vertex 141.681 139.445 0.2
    endloop
  endfacet
  facet normal -0.980581 -0.196116 0
    outer loop
      vertex 141.7 139.35 0
      vertex 141.681 139.445 0.2
      vertex 141.681 139.445 0
    endloop
  endfacet
  facet normal -0.980581 -0.196116 0
    outer loop
      vertex 141.681 139.445 0.2
      vertex 141.7 139.35 0
      vertex 141.7 139.35 0.2
    endloop
  endfacet
  facet normal -1 0 0
    outer loop
      vertex 141.7 138.65 0
      vertex 141.7 139.35 0.2
      vertex 141.7 139.35 0
    endloop
  endfacet
  facet normal -1 -0 0
    outer loop
      vertex 141.7 139.35 0.2
      vertex 141.7 138.65 0
      vertex 141.7 138.65 0.2
    endloop
  endfacet
  facet normal -0.980581 0.196116 0
    outer loop
      vertex 141.681 138.555 0
      vertex 141.7 138.65 0.2
      vertex 141.7 138.65 0
    endloop
  endfacet
  facet normal -0.980581 0.196116 0
    outer loop
      vertex 141.7 138.65 0.2
      vertex 141.681 138.555 0
      vertex 141.681 138.555 0.2
    endloop
  endfacet
  facet normal -0.83205 0.5547 0
    outer loop
      vertex 141.627 138.474 0
      vertex 141.681 138.555 0.2
      vertex 141.681 138.555 0
    endloop
  endfacet
  facet normal -0.83205 0.5547 0
    outer loop
      vertex 141.681 138.555 0.2
      vertex 141.627 138.474 0
      vertex 141.627 138.474 0.2
    endloop
  endfacet
  facet normal -0.561751 0.827306 0
    outer loop
      vertex 141.627 138.474 0
      vertex 141.546 138.419 0.2
      vertex 141.627 138.474 0.2
    endloop
  endfacet
  facet normal -0.561751 0.827306 0
    outer loop
      vertex 141.546 138.419 0.2
      vertex 141.627 138.474 0
      vertex 141.546 138.419 0
    endloop
  endfacet
  facet normal -0.194151 0.980972 0
    outer loop
      vertex 141.546 138.419 0
      vertex 141.45 138.4 0.2
      vertex 141.546 138.419 0.2
    endloop
  endfacet
  facet normal -0.194151 0.980972 0
    outer loop
      vertex 141.45 138.4 0.2
      vertex 141.546 138.419 0
      vertex 141.45 138.4 0
    endloop
  endfacet
  facet normal 0 1 -0
    outer loop
      vertex 141.45 138.4 0
      vertex 140.55 138.4 0.2
      vertex 141.45 138.4 0.2
    endloop
  endfacet
  facet normal 0 1 0
    outer loop
      vertex 140.55 138.4 0.2
      vertex 141.45 138.4 0
      vertex 140.55 138.4 0
    endloop
  endfacet
  facet normal 0.194151 0.980972 -0
    outer loop
      vertex 140.55 138.4 0
      vertex 140.454 138.419 0.2
      vertex 140.55 138.4 0.2
    endloop
  endfacet
  facet normal 0.194151 0.980972 0
    outer loop
      vertex 140.454 138.419 0.2
      vertex 140.55 138.4 0
      vertex 140.454 138.419 0
    endloop
  endfacet
  facet normal 0.561751 0.827306 -0
    outer loop
      vertex 140.454 138.419 0
      vertex 140.373 138.474 0.2
      vertex 140.454 138.419 0.2
    endloop
  endfacet
  facet normal 0.561751 0.827306 0
    outer loop
      vertex 140.373 138.474 0.2
      vertex 140.454 138.419 0
      vertex 140.373 138.474 0
    endloop
  endfacet
  facet normal 0.83205 0.5547 0
    outer loop
      vertex 140.373 138.474 0.2
      vertex 140.319 138.555 0
      vertex 140.319 138.555 0.2
    endloop
  endfacet
  facet normal 0.83205 0.5547 0
    outer loop
      vertex 140.319 138.555 0
      vertex 140.373 138.474 0.2
      vertex 140.373 138.474 0
    endloop
  endfacet
  facet normal 0.980581 0.196116 0
    outer loop
      vertex 140.319 138.555 0.2
      vertex 140.3 138.65 0
      vertex 140.3 138.65 0.2
    endloop
  endfacet
  facet normal 0.980581 0.196116 0
    outer loop
      vertex 140.3 138.65 0
      vertex 140.319 138.555 0.2
      vertex 140.319 138.555 0
    endloop
  endfacet
  facet normal 1 -0 0
    outer loop
      vertex 140.3 138.65 0.2
      vertex 140.3 139.35 0
      vertex 140.3 139.35 0.2
    endloop
  endfacet
  facet normal 1 0 0
    outer loop
      vertex 140.3 139.35 0
      vertex 140.3 138.65 0.2
      vertex 140.3 138.65 0
    endloop
  endfacet
  facet normal 0.980581 -0.196116 0
    outer loop
      vertex 140.3 139.35 0.2
      vertex 140.319 139.445 0
      vertex 140.319 139.445 0.2
    endloop
  endfacet
  facet normal 0.980581 -0.196116 0
    outer loop
      vertex 140.319 139.445 0
      vertex 140.3 139.35 0.2
      vertex 140.3 139.35 0
    endloop
  endfacet
  facet normal 0.83205 -0.5547 0
    outer loop
      vertex 140.319 139.445 0.2
      vertex 140.373 139.526 0
      vertex 140.373 139.526 0.2
    endloop
  endfacet
  facet normal 0.83205 -0.5547 0
    outer loop
      vertex 140.373 139.526 0
      vertex 140.319 139.445 0.2
      vertex 140.319 139.445 0
    endloop
  endfacet
  facet normal 0.561751 -0.827306 0
    outer loop
      vertex 140.373 139.526 0
      vertex 140.454 139.581 0.2
      vertex 140.373 139.526 0.2
    endloop
  endfacet
  facet normal 0.561751 -0.827306 0
    outer loop
      vertex 140.454 139.581 0.2
      vertex 140.373 139.526 0
      vertex 140.454 139.581 0
    endloop
  endfacet
  facet normal 0.194151 -0.980972 0
    outer loop
      vertex 140.454 139.581 0
      vertex 140.55 139.6 0.2
      vertex 140.454 139.581 0.2
    endloop
  endfacet
  facet normal 0.194151 -0.980972 0
    outer loop
      vertex 140.55 139.6 0.2
      vertex 140.454 139.581 0
      vertex 140.55 139.6 0
    endloop
  endfacet
  facet normal 0 -1 0
    outer loop
      vertex 140.55 139.6 0
      vertex 141.45 139.6 0.2
      vertex 140.55 139.6 0.2
    endloop
  endfacet
  facet normal 0 -1 -0
    outer loop
      vertex 141.45 139.6 0.2
      vertex 140.55 139.6 0
      vertex 141.45 139.6 0
    endloop
  endfacet
  facet normal -0.194151 -0.980972 0
    outer loop
      vertex 141.45 139.6 0
      vertex 141.546 139.581 0.2
      vertex 141.45 139.6 0.2
    endloop
  endfacet
  facet normal -0.194151 -0.980972 -0
    outer loop
      vertex 141.546 139.581 0.2
      vertex 141.45 139.6 0
      vertex 141.546 139.581 0
    endloop
  endfacet
  facet normal -0.561751 -0.827306 0
    outer loop
      vertex 139.396 139.581 0
      vertex 139.477 139.526 0.2
      vertex 139.396 139.581 0.2
    endloop
  endfacet
  facet normal -0.561751 -0.827306 -0
    outer loop
      vertex 139.477 139.526 0.2
      vertex 139.396 139.581 0
      vertex 139.477 139.526 0
    endloop
  endfacet
  facet normal -0.83205 -0.5547 0
    outer loop
      vertex 139.531 139.445 0
      vertex 139.477 139.526 0.2
      vertex 139.477 139.526 0
    endloop
  endfacet
  facet normal -0.83205 -0.5547 0
    outer loop
      vertex 139.477 139.526 0.2
      vertex 139.531 139.445 0
      vertex 139.531 139.445 0.2
    endloop
  endfacet
  facet normal -0.980581 -0.196116 0
    outer loop
      vertex 139.55 139.35 0
      vertex 139.531 139.445 0.2
      vertex 139.531 139.445 0
    endloop
  endfacet
  facet normal -0.980581 -0.196116 0
    outer loop
      vertex 139.531 139.445 0.2
      vertex 139.55 139.35 0
      vertex 139.55 139.35 0.2
    endloop
  endfacet
  facet normal -1 0 0
    outer loop
      vertex 139.55 138.65 0
      vertex 139.55 139.35 0.2
      vertex 139.55 139.35 0
    endloop
  endfacet
  facet normal -1 -0 0
    outer loop
      vertex 139.55 139.35 0.2
      vertex 139.55 138.65 0
      vertex 139.55 138.65 0.2
    endloop
  endfacet
  facet normal -0.980581 0.196116 0
    outer loop
      vertex 139.531 138.555 0
      vertex 139.55 138.65 0.2
      vertex 139.55 138.65 0
    endloop
  endfacet
  facet normal -0.980581 0.196116 0
    outer loop
      vertex 139.55 138.65 0.2
      vertex 139.531 138.555 0
      vertex 139.531 138.555 0.2
    endloop
  endfacet
  facet normal -0.83205 0.5547 0
    outer loop
      vertex 139.477 138.474 0
      vertex 139.531 138.555 0.2
      vertex 139.531 138.555 0
    endloop
  endfacet
  facet normal -0.83205 0.5547 0
    outer loop
      vertex 139.531 138.555 0.2
      vertex 139.477 138.474 0
      vertex 139.477 138.474 0.2
    endloop
  endfacet
  facet normal -0.561751 0.827306 0
    outer loop
      vertex 139.477 138.474 0
      vertex 139.396 138.419 0.2
      vertex 139.477 138.474 0.2
    endloop
  endfacet
  facet normal -0.561751 0.827306 0
    outer loop
      vertex 139.396 138.419 0.2
      vertex 139.477 138.474 0
      vertex 139.396 138.419 0
    endloop
  endfacet
  facet normal -0.194151 0.980972 0
    outer loop
      vertex 139.396 138.419 0
      vertex 139.3 138.4 0.2
      vertex 139.396 138.419 0.2
    endloop
  endfacet
  facet normal -0.194151 0.980972 0
    outer loop
      vertex 139.3 138.4 0.2
      vertex 139.396 138.419 0
      vertex 139.3 138.4 0
    endloop
  endfacet
  facet normal 0 1 -0
    outer loop
      vertex 139.3 138.4 0
      vertex 138.4 138.4 0.2
      vertex 139.3 138.4 0.2
    endloop
  endfacet
  facet normal 0 1 0
    outer loop
      vertex 138.4 138.4 0.2
      vertex 139.3 138.4 0
      vertex 138.4 138.4 0
    endloop
  endfacet
  facet normal 0.196116 0.980581 -0
    outer loop
      vertex 138.4 138.4 0
      vertex 138.305 138.419 0.2
      vertex 138.4 138.4 0.2
    endloop
  endfacet
  facet normal 0.196116 0.980581 0
    outer loop
      vertex 138.305 138.419 0.2
      vertex 138.4 138.4 0
      vertex 138.305 138.419 0
    endloop
  endfacet
  facet normal 0.561751 0.827306 -0
    outer loop
      vertex 138.305 138.419 0
      vertex 138.224 138.474 0.2
      vertex 138.305 138.419 0.2
    endloop
  endfacet
  facet normal 0.561751 0.827306 0
    outer loop
      vertex 138.224 138.474 0.2
      vertex 138.305 138.419 0
      vertex 138.224 138.474 0
    endloop
  endfacet
  facet normal 0.827306 0.561751 0
    outer loop
      vertex 138.224 138.474 0.2
      vertex 138.169 138.555 0
      vertex 138.169 138.555 0.2
    endloop
  endfacet
  facet normal 0.827306 0.561751 0
    outer loop
      vertex 138.169 138.555 0
      vertex 138.224 138.474 0.2
      vertex 138.224 138.474 0
    endloop
  endfacet
  facet normal 0.980581 0.196116 0
    outer loop
      vertex 138.169 138.555 0.2
      vertex 138.15 138.65 0
      vertex 138.15 138.65 0.2
    endloop
  endfacet
  facet normal 0.980581 0.196116 0
    outer loop
      vertex 138.15 138.65 0
      vertex 138.169 138.555 0.2
      vertex 138.169 138.555 0
    endloop
  endfacet
  facet normal 1 -0 0
    outer loop
      vertex 138.15 138.65 0.2
      vertex 138.15 139.35 0
      vertex 138.15 139.35 0.2
    endloop
  endfacet
  facet normal 1 0 0
    outer loop
      vertex 138.15 139.35 0
      vertex 138.15 138.65 0.2
      vertex 138.15 138.65 0
    endloop
  endfacet
  facet normal 0.980581 -0.196116 0
    outer loop
      vertex 138.15 139.35 0.2
      vertex 138.169 139.445 0
      vertex 138.169 139.445 0.2
    endloop
  endfacet
  facet normal 0.980581 -0.196116 0
    outer loop
      vertex 138.169 139.445 0
      vertex 138.15 139.35 0.2
      vertex 138.15 139.35 0
    endloop
  endfacet
  facet normal 0.827306 -0.561751 0
    outer loop
      vertex 138.169 139.445 0.2
      vertex 138.224 139.526 0
      vertex 138.224 139.526 0.2
    endloop
  endfacet
  facet normal 0.827306 -0.561751 0
    outer loop
      vertex 138.224 139.526 0
      vertex 138.169 139.445 0.2
      vertex 138.169 139.445 0
    endloop
  endfacet
  facet normal 0.561751 -0.827306 0
    outer loop
      vertex 138.224 139.526 0
      vertex 138.305 139.581 0.2
      vertex 138.224 139.526 0.2
    endloop
  endfacet
  facet normal 0.561751 -0.827306 0
    outer loop
      vertex 138.305 139.581 0.2
      vertex 138.224 139.526 0
      vertex 138.305 139.581 0
    endloop
  endfacet
  facet normal 0.196116 -0.980581 0
    outer loop
      vertex 138.305 139.581 0
      vertex 138.4 139.6 0.2
      vertex 138.305 139.581 0.2
    endloop
  endfacet
  facet normal 0.196116 -0.980581 0
    outer loop
      vertex 138.4 139.6 0.2
      vertex 138.305 139.581 0
      vertex 138.4 139.6 0
    endloop
  endfacet
  facet normal 0 -1 0
    outer loop
      vertex 138.4 139.6 0
      vertex 139.3 139.6 0.2
      vertex 138.4 139.6 0.2
    endloop
  endfacet
  facet normal 0 -1 -0
    outer loop
      vertex 139.3 139.6 0.2
      vertex 138.4 139.6 0
      vertex 139.3 139.6 0
    endloop
  endfacet
  facet normal -0.194151 -0.980972 0
    outer loop
      vertex 139.3 139.6 0
      vertex 139.396 139.581 0.2
      vertex 139.3 139.6 0.2
    endloop
  endfacet
  facet normal -0.194151 -0.980972 -0
    outer loop
      vertex 139.396 139.581 0.2
      vertex 139.3 139.6 0
      vertex 139.396 139.581 0
    endloop
  endfacet
  facet normal -0.561751 -0.827306 0
    outer loop
      vertex 136.796 139.581 0
      vertex 136.877 139.526 0.2
      vertex 136.796 139.581 0.2
    endloop
  endfacet
  facet normal -0.561751 -0.827306 -0
    outer loop
      vertex 136.877 139.526 0.2
      vertex 136.796 139.581 0
      vertex 136.877 139.526 0
    endloop
  endfacet
  facet normal -0.83205 -0.5547 0
    outer loop
      vertex 136.931 139.445 0
      vertex 136.877 139.526 0.2
      vertex 136.877 139.526 0
    endloop
  endfacet
  facet normal -0.83205 -0.5547 0
    outer loop
      vertex 136.877 139.526 0.2
      vertex 136.931 139.445 0
      vertex 136.931 139.445 0.2
    endloop
  endfacet
  facet normal -0.980581 -0.196116 0
    outer loop
      vertex 136.95 139.35 0
      vertex 136.931 139.445 0.2
      vertex 136.931 139.445 0
    endloop
  endfacet
  facet normal -0.980581 -0.196116 0
    outer loop
      vertex 136.931 139.445 0.2
      vertex 136.95 139.35 0
      vertex 136.95 139.35 0.2
    endloop
  endfacet
  facet normal -1 0 0
    outer loop
      vertex 136.95 138.65 0
      vertex 136.95 139.35 0.2
      vertex 136.95 139.35 0
    endloop
  endfacet
  facet normal -1 -0 0
    outer loop
      vertex 136.95 139.35 0.2
      vertex 136.95 138.65 0
      vertex 136.95 138.65 0.2
    endloop
  endfacet
  facet normal -0.980581 0.196116 0
    outer loop
      vertex 136.931 138.555 0
      vertex 136.95 138.65 0.2
      vertex 136.95 138.65 0
    endloop
  endfacet
  facet normal -0.980581 0.196116 0
    outer loop
      vertex 136.95 138.65 0.2
      vertex 136.931 138.555 0
      vertex 136.931 138.555 0.2
    endloop
  endfacet
  facet normal -0.83205 0.5547 0
    outer loop
      vertex 136.877 138.474 0
      vertex 136.931 138.555 0.2
      vertex 136.931 138.555 0
    endloop
  endfacet
  facet normal -0.83205 0.5547 0
    outer loop
      vertex 136.931 138.555 0.2
      vertex 136.877 138.474 0
      vertex 136.877 138.474 0.2
    endloop
  endfacet
  facet normal -0.561751 0.827306 0
    outer loop
      vertex 136.877 138.474 0
      vertex 136.796 138.419 0.2
      vertex 136.877 138.474 0.2
    endloop
  endfacet
  facet normal -0.561751 0.827306 0
    outer loop
      vertex 136.796 138.419 0.2
      vertex 136.877 138.474 0
      vertex 136.796 138.419 0
    endloop
  endfacet
  facet normal -0.194151 0.980972 0
    outer loop
      vertex 136.796 138.419 0
      vertex 136.7 138.4 0.2
      vertex 136.796 138.419 0.2
    endloop
  endfacet
  facet normal -0.194151 0.980972 0
    outer loop
      vertex 136.7 138.4 0.2
      vertex 136.796 138.419 0
      vertex 136.7 138.4 0
    endloop
  endfacet
  facet normal 0 1 -0
    outer loop
      vertex 136.7 138.4 0
      vertex 135.8 138.4 0.2
      vertex 136.7 138.4 0.2
    endloop
  endfacet
  facet normal 0 1 0
    outer loop
      vertex 135.8 138.4 0.2
      vertex 136.7 138.4 0
      vertex 135.8 138.4 0
    endloop
  endfacet
  facet normal 0.194151 0.980972 -0
    outer loop
      vertex 135.8 138.4 0
      vertex 135.704 138.419 0.2
      vertex 135.8 138.4 0.2
    endloop
  endfacet
  facet normal 0.194151 0.980972 0
    outer loop
      vertex 135.704 138.419 0.2
      vertex 135.8 138.4 0
      vertex 135.704 138.419 0
    endloop
  endfacet
  facet normal 0.561751 0.827306 -0
    outer loop
      vertex 135.704 138.419 0
      vertex 135.623 138.474 0.2
      vertex 135.704 138.419 0.2
    endloop
  endfacet
  facet normal 0.561751 0.827306 0
    outer loop
      vertex 135.623 138.474 0.2
      vertex 135.704 138.419 0
      vertex 135.623 138.474 0
    endloop
  endfacet
  facet normal 0.83205 0.5547 0
    outer loop
      vertex 135.623 138.474 0.2
      vertex 135.569 138.555 0
      vertex 135.569 138.555 0.2
    endloop
  endfacet
  facet normal 0.83205 0.5547 0
    outer loop
      vertex 135.569 138.555 0
      vertex 135.623 138.474 0.2
      vertex 135.623 138.474 0
    endloop
  endfacet
  facet normal 0.980581 0.196116 0
    outer loop
      vertex 135.569 138.555 0.2
      vertex 135.55 138.65 0
      vertex 135.55 138.65 0.2
    endloop
  endfacet
  facet normal 0.980581 0.196116 0
    outer loop
      vertex 135.55 138.65 0
      vertex 135.569 138.555 0.2
      vertex 135.569 138.555 0
    endloop
  endfacet
  facet normal 1 -0 0
    outer loop
      vertex 135.55 138.65 0.2
      vertex 135.55 139.35 0
      vertex 135.55 139.35 0.2
    endloop
  endfacet
  facet normal 1 0 0
    outer loop
      vertex 135.55 139.35 0
      vertex 135.55 138.65 0.2
      vertex 135.55 138.65 0
    endloop
  endfacet
  facet normal 0.980581 -0.196116 0
    outer loop
      vertex 135.55 139.35 0.2
      vertex 135.569 139.445 0
      vertex 135.569 139.445 0.2
    endloop
  endfacet
  facet normal 0.980581 -0.196116 0
    outer loop
      vertex 135.569 139.445 0
      vertex 135.55 139.35 0.2
      vertex 135.55 139.35 0
    endloop
  endfacet
  facet normal 0.83205 -0.5547 0
    outer loop
      vertex 135.569 139.445 0.2
      vertex 135.623 139.526 0
      vertex 135.623 139.526 0.2
    endloop
  endfacet
  facet normal 0.83205 -0.5547 0
    outer loop
      vertex 135.623 139.526 0
      vertex 135.569 139.445 0.2
      vertex 135.569 139.445 0
    endloop
  endfacet
  facet normal 0.561751 -0.827306 0
    outer loop
      vertex 135.623 139.526 0
      vertex 135.704 139.581 0.2
      vertex 135.623 139.526 0.2
    endloop
  endfacet
  facet normal 0.561751 -0.827306 0
    outer loop
      vertex 135.704 139.581 0.2
      vertex 135.623 139.526 0
      vertex 135.704 139.581 0
    endloop
  endfacet
  facet normal 0.194151 -0.980972 0
    outer loop
      vertex 135.704 139.581 0
      vertex 135.8 139.6 0.2
      vertex 135.704 139.581 0.2
    endloop
  endfacet
  facet normal 0.194151 -0.980972 0
    outer loop
      vertex 135.8 139.6 0.2
      vertex 135.704 139.581 0
      vertex 135.8 139.6 0
    endloop
  endfacet
  facet normal 0 -1 0
    outer loop
      vertex 135.8 139.6 0
      vertex 136.7 139.6 0.2
      vertex 135.8 139.6 0.2
    endloop
  endfacet
  facet normal 0 -1 -0
    outer loop
      vertex 136.7 139.6 0.2
      vertex 135.8 139.6 0
      vertex 136.7 139.6 0
    endloop
  endfacet
  facet normal -0.194151 -0.980972 0
    outer loop
      vertex 136.7 139.6 0
      vertex 136.796 139.581 0.2
      vertex 136.7 139.6 0.2
    endloop
  endfacet
  facet normal -0.194151 -0.980972 -0
    outer loop
      vertex 136.796 139.581 0.2
      vertex 136.7 139.6 0
      vertex 136.796 139.581 0
    endloop
  endfacet
  facet normal -0.561751 -0.827306 0
    outer loop
      vertex 127.646 139.581 0
      vertex 127.727 139.526 0.2
      vertex 127.646 139.581 0.2
    endloop
  endfacet
  facet normal -0.561751 -0.827306 -0
    outer loop
      vertex 127.727 139.526 0.2
      vertex 127.646 139.581 0
      vertex 127.727 139.526 0
    endloop
  endfacet
  facet normal -0.83205 -0.5547 0
    outer loop
      vertex 127.781 139.445 0
      vertex 127.727 139.526 0.2
      vertex 127.727 139.526 0
    endloop
  endfacet
  facet normal -0.83205 -0.5547 0
    outer loop
      vertex 127.727 139.526 0.2
      vertex 127.781 139.445 0
      vertex 127.781 139.445 0.2
    endloop
  endfacet
  facet normal -0.980581 -0.196116 0
    outer loop
      vertex 127.8 139.35 0
      vertex 127.781 139.445 0.2
      vertex 127.781 139.445 0
    endloop
  endfacet
  facet normal -0.980581 -0.196116 0
    outer loop
      vertex 127.781 139.445 0.2
      vertex 127.8 139.35 0
      vertex 127.8 139.35 0.2
    endloop
  endfacet
  facet normal -1 0 0
    outer loop
      vertex 127.8 138.65 0
      vertex 127.8 139.35 0.2
      vertex 127.8 139.35 0
    endloop
  endfacet
  facet normal -1 -0 0
    outer loop
      vertex 127.8 139.35 0.2
      vertex 127.8 138.65 0
      vertex 127.8 138.65 0.2
    endloop
  endfacet
  facet normal -0.980581 0.196116 0
    outer loop
      vertex 127.781 138.555 0
      vertex 127.8 138.65 0.2
      vertex 127.8 138.65 0
    endloop
  endfacet
  facet normal -0.980581 0.196116 0
    outer loop
      vertex 127.8 138.65 0.2
      vertex 127.781 138.555 0
      vertex 127.781 138.555 0.2
    endloop
  endfacet
  facet normal -0.83205 0.5547 0
    outer loop
      vertex 127.727 138.474 0
      vertex 127.781 138.555 0.2
      vertex 127.781 138.555 0
    endloop
  endfacet
  facet normal -0.83205 0.5547 0
    outer loop
      vertex 127.781 138.555 0.2
      vertex 127.727 138.474 0
      vertex 127.727 138.474 0.2
    endloop
  endfacet
  facet normal -0.561751 0.827306 0
    outer loop
      vertex 127.727 138.474 0
      vertex 127.646 138.419 0.2
      vertex 127.727 138.474 0.2
    endloop
  endfacet
  facet normal -0.561751 0.827306 0
    outer loop
      vertex 127.646 138.419 0.2
      vertex 127.727 138.474 0
      vertex 127.646 138.419 0
    endloop
  endfacet
  facet normal -0.194151 0.980972 0
    outer loop
      vertex 127.646 138.419 0
      vertex 127.55 138.4 0.2
      vertex 127.646 138.419 0.2
    endloop
  endfacet
  facet normal -0.194151 0.980972 0
    outer loop
      vertex 127.55 138.4 0.2
      vertex 127.646 138.419 0
      vertex 127.55 138.4 0
    endloop
  endfacet
  facet normal 0 1 -0
    outer loop
      vertex 127.55 138.4 0
      vertex 126.65 138.4 0.2
      vertex 127.55 138.4 0.2
    endloop
  endfacet
  facet normal 0 1 0
    outer loop
      vertex 126.65 138.4 0.2
      vertex 127.55 138.4 0
      vertex 126.65 138.4 0
    endloop
  endfacet
  facet normal 0.196116 0.980581 -0
    outer loop
      vertex 126.65 138.4 0
      vertex 126.555 138.419 0.2
      vertex 126.65 138.4 0.2
    endloop
  endfacet
  facet normal 0.196116 0.980581 0
    outer loop
      vertex 126.555 138.419 0.2
      vertex 126.65 138.4 0
      vertex 126.555 138.419 0
    endloop
  endfacet
  facet normal 0.561751 0.827306 -0
    outer loop
      vertex 126.555 138.419 0
      vertex 126.474 138.474 0.2
      vertex 126.555 138.419 0.2
    endloop
  endfacet
  facet normal 0.561751 0.827306 0
    outer loop
      vertex 126.474 138.474 0.2
      vertex 126.555 138.419 0
      vertex 126.474 138.474 0
    endloop
  endfacet
  facet normal 0.827306 0.561751 0
    outer loop
      vertex 126.474 138.474 0.2
      vertex 126.419 138.555 0
      vertex 126.419 138.555 0.2
    endloop
  endfacet
  facet normal 0.827306 0.561751 0
    outer loop
      vertex 126.419 138.555 0
      vertex 126.474 138.474 0.2
      vertex 126.474 138.474 0
    endloop
  endfacet
  facet normal 0.980581 0.196116 0
    outer loop
      vertex 126.419 138.555 0.2
      vertex 126.4 138.65 0
      vertex 126.4 138.65 0.2
    endloop
  endfacet
  facet normal 0.980581 0.196116 0
    outer loop
      vertex 126.4 138.65 0
      vertex 126.419 138.555 0.2
      vertex 126.419 138.555 0
    endloop
  endfacet
  facet normal 1 -0 0
    outer loop
      vertex 126.4 138.65 0.2
      vertex 126.4 139.35 0
      vertex 126.4 139.35 0.2
    endloop
  endfacet
  facet normal 1 0 0
    outer loop
      vertex 126.4 139.35 0
      vertex 126.4 138.65 0.2
      vertex 126.4 138.65 0
    endloop
  endfacet
  facet normal 0.980581 -0.196116 0
    outer loop
      vertex 126.4 139.35 0.2
      vertex 126.419 139.445 0
      vertex 126.419 139.445 0.2
    endloop
  endfacet
  facet normal 0.980581 -0.196116 0
    outer loop
      vertex 126.419 139.445 0
      vertex 126.4 139.35 0.2
      vertex 126.4 139.35 0
    endloop
  endfacet
  facet normal 0.827306 -0.561751 0
    outer loop
      vertex 126.419 139.445 0.2
      vertex 126.474 139.526 0
      vertex 126.474 139.526 0.2
    endloop
  endfacet
  facet normal 0.827306 -0.561751 0
    outer loop
      vertex 126.474 139.526 0
      vertex 126.419 139.445 0.2
      vertex 126.419 139.445 0
    endloop
  endfacet
  facet normal 0.561751 -0.827306 0
    outer loop
      vertex 126.474 139.526 0
      vertex 126.555 139.581 0.2
      vertex 126.474 139.526 0.2
    endloop
  endfacet
  facet normal 0.561751 -0.827306 0
    outer loop
      vertex 126.555 139.581 0.2
      vertex 126.474 139.526 0
      vertex 126.555 139.581 0
    endloop
  endfacet
  facet normal 0.196116 -0.980581 0
    outer loop
      vertex 126.555 139.581 0
      vertex 126.65 139.6 0.2
      vertex 126.555 139.581 0.2
    endloop
  endfacet
  facet normal 0.196116 -0.980581 0
    outer loop
      vertex 126.65 139.6 0.2
      vertex 126.555 139.581 0
      vertex 126.65 139.6 0
    endloop
  endfacet
  facet normal 0 -1 0
    outer loop
      vertex 126.65 139.6 0
      vertex 127.55 139.6 0.2
      vertex 126.65 139.6 0.2
    endloop
  endfacet
  facet normal 0 -1 -0
    outer loop
      vertex 127.55 139.6 0.2
      vertex 126.65 139.6 0
      vertex 127.55 139.6 0
    endloop
  endfacet
  facet normal -0.194151 -0.980972 0
    outer loop
      vertex 127.55 139.6 0
      vertex 127.646 139.581 0.2
      vertex 127.55 139.6 0.2
    endloop
  endfacet
  facet normal -0.194151 -0.980972 -0
    outer loop
      vertex 127.646 139.581 0.2
      vertex 127.55 139.6 0
      vertex 127.646 139.581 0
    endloop
  endfacet
  facet normal -0.5547 -0.83205 0
    outer loop
      vertex 144.246 139.681 0
      vertex 144.327 139.627 0.2
      vertex 144.246 139.681 0.2
    endloop
  endfacet
  facet normal -0.5547 -0.83205 -0
    outer loop
      vertex 144.327 139.627 0.2
      vertex 144.246 139.681 0
      vertex 144.327 139.627 0
    endloop
  endfacet
  facet normal -0.83205 -0.5547 0
    outer loop
      vertex 144.381 139.546 0
      vertex 144.327 139.627 0.2
      vertex 144.327 139.627 0
    endloop
  endfacet
  facet normal -0.83205 -0.5547 0
    outer loop
      vertex 144.327 139.627 0.2
      vertex 144.381 139.546 0
      vertex 144.381 139.546 0.2
    endloop
  endfacet
  facet normal -0.980972 -0.194151 0
    outer loop
      vertex 144.4 139.45 0
      vertex 144.381 139.546 0.2
      vertex 144.381 139.546 0
    endloop
  endfacet
  facet normal -0.980972 -0.194151 0
    outer loop
      vertex 144.381 139.546 0.2
      vertex 144.4 139.45 0
      vertex 144.4 139.45 0.2
    endloop
  endfacet
  facet normal -1 0 0
    outer loop
      vertex 144.4 138.75 0
      vertex 144.4 139.45 0.2
      vertex 144.4 139.45 0
    endloop
  endfacet
  facet normal -1 -0 0
    outer loop
      vertex 144.4 139.45 0.2
      vertex 144.4 138.75 0
      vertex 144.4 138.75 0.2
    endloop
  endfacet
  facet normal -0.980972 0.194151 0
    outer loop
      vertex 144.381 138.654 0
      vertex 144.4 138.75 0.2
      vertex 144.4 138.75 0
    endloop
  endfacet
  facet normal -0.980972 0.194151 0
    outer loop
      vertex 144.4 138.75 0.2
      vertex 144.381 138.654 0
      vertex 144.381 138.654 0.2
    endloop
  endfacet
  facet normal -0.83205 0.5547 0
    outer loop
      vertex 144.327 138.573 0
      vertex 144.381 138.654 0.2
      vertex 144.381 138.654 0
    endloop
  endfacet
  facet normal -0.83205 0.5547 0
    outer loop
      vertex 144.381 138.654 0.2
      vertex 144.327 138.573 0
      vertex 144.327 138.573 0.2
    endloop
  endfacet
  facet normal -0.5547 0.83205 0
    outer loop
      vertex 144.327 138.573 0
      vertex 144.246 138.519 0.2
      vertex 144.327 138.573 0.2
    endloop
  endfacet
  facet normal -0.5547 0.83205 0
    outer loop
      vertex 144.246 138.519 0.2
      vertex 144.327 138.573 0
      vertex 144.246 138.519 0
    endloop
  endfacet
  facet normal -0.194151 0.980972 0
    outer loop
      vertex 144.246 138.519 0
      vertex 144.15 138.5 0.2
      vertex 144.246 138.519 0.2
    endloop
  endfacet
  facet normal -0.194151 0.980972 0
    outer loop
      vertex 144.15 138.5 0.2
      vertex 144.246 138.519 0
      vertex 144.15 138.5 0
    endloop
  endfacet
  facet normal 0 1 -0
    outer loop
      vertex 144.15 138.5 0
      vertex 143.25 138.5 0.2
      vertex 144.15 138.5 0.2
    endloop
  endfacet
  facet normal 0 1 0
    outer loop
      vertex 143.25 138.5 0.2
      vertex 144.15 138.5 0
      vertex 143.25 138.5 0
    endloop
  endfacet
  facet normal 0.194151 0.980972 -0
    outer loop
      vertex 143.25 138.5 0
      vertex 143.154 138.519 0.2
      vertex 143.25 138.5 0.2
    endloop
  endfacet
  facet normal 0.194151 0.980972 0
    outer loop
      vertex 143.154 138.519 0.2
      vertex 143.25 138.5 0
      vertex 143.154 138.519 0
    endloop
  endfacet
  facet normal 0.5547 0.83205 -0
    outer loop
      vertex 143.154 138.519 0
      vertex 143.073 138.573 0.2
      vertex 143.154 138.519 0.2
    endloop
  endfacet
  facet normal 0.5547 0.83205 0
    outer loop
      vertex 143.073 138.573 0.2
      vertex 143.154 138.519 0
      vertex 143.073 138.573 0
    endloop
  endfacet
  facet normal 0.83205 0.5547 0
    outer loop
      vertex 143.073 138.573 0.2
      vertex 143.019 138.654 0
      vertex 143.019 138.654 0.2
    endloop
  endfacet
  facet normal 0.83205 0.5547 0
    outer loop
      vertex 143.019 138.654 0
      vertex 143.073 138.573 0.2
      vertex 143.073 138.573 0
    endloop
  endfacet
  facet normal 0.980972 0.194151 0
    outer loop
      vertex 143.019 138.654 0.2
      vertex 143 138.75 0
      vertex 143 138.75 0.2
    endloop
  endfacet
  facet normal 0.980972 0.194151 0
    outer loop
      vertex 143 138.75 0
      vertex 143.019 138.654 0.2
      vertex 143.019 138.654 0
    endloop
  endfacet
  facet normal 1 -0 0
    outer loop
      vertex 143 138.75 0.2
      vertex 143 139.45 0
      vertex 143 139.45 0.2
    endloop
  endfacet
  facet normal 1 0 0
    outer loop
      vertex 143 139.45 0
      vertex 143 138.75 0.2
      vertex 143 138.75 0
    endloop
  endfacet
  facet normal 0.980972 -0.194151 0
    outer loop
      vertex 143 139.45 0.2
      vertex 143.019 139.546 0
      vertex 143.019 139.546 0.2
    endloop
  endfacet
  facet normal 0.980972 -0.194151 0
    outer loop
      vertex 143.019 139.546 0
      vertex 143 139.45 0.2
      vertex 143 139.45 0
    endloop
  endfacet
  facet normal 0.83205 -0.5547 0
    outer loop
      vertex 143.019 139.546 0.2
      vertex 143.073 139.627 0
      vertex 143.073 139.627 0.2
    endloop
  endfacet
  facet normal 0.83205 -0.5547 0
    outer loop
      vertex 143.073 139.627 0
      vertex 143.019 139.546 0.2
      vertex 143.019 139.546 0
    endloop
  endfacet
  facet normal 0.5547 -0.83205 0
    outer loop
      vertex 143.073 139.627 0
      vertex 143.154 139.681 0.2
      vertex 143.073 139.627 0.2
    endloop
  endfacet
  facet normal 0.5547 -0.83205 0
    outer loop
      vertex 143.154 139.681 0.2
      vertex 143.073 139.627 0
      vertex 143.154 139.681 0
    endloop
  endfacet
  facet normal 0.194151 -0.980972 0
    outer loop
      vertex 143.154 139.681 0
      vertex 143.25 139.7 0.2
      vertex 143.154 139.681 0.2
    endloop
  endfacet
  facet normal 0.194151 -0.980972 0
    outer loop
      vertex 143.25 139.7 0.2
      vertex 143.154 139.681 0
      vertex 143.25 139.7 0
    endloop
  endfacet
  facet normal 0 -1 0
    outer loop
      vertex 143.25 139.7 0
      vertex 144.15 139.7 0.2
      vertex 143.25 139.7 0.2
    endloop
  endfacet
  facet normal 0 -1 -0
    outer loop
      vertex 144.15 139.7 0.2
      vertex 143.25 139.7 0
      vertex 144.15 139.7 0
    endloop
  endfacet
  facet normal -0.194151 -0.980972 0
    outer loop
      vertex 144.15 139.7 0
      vertex 144.246 139.681 0.2
      vertex 144.15 139.7 0.2
    endloop
  endfacet
  facet normal -0.194151 -0.980972 -0
    outer loop
      vertex 144.246 139.681 0.2
      vertex 144.15 139.7 0
      vertex 144.246 139.681 0
    endloop
  endfacet
  facet normal -0.5547 -0.83205 0
    outer loop
      vertex 154.771 139.731 0
      vertex 154.852 139.677 0.2
      vertex 154.771 139.731 0.2
    endloop
  endfacet
  facet normal -0.5547 -0.83205 -0
    outer loop
      vertex 154.852 139.677 0.2
      vertex 154.771 139.731 0
      vertex 154.852 139.677 0
    endloop
  endfacet
  facet normal -0.83205 -0.5547 0
    outer loop
      vertex 154.906 139.596 0
      vertex 154.852 139.677 0.2
      vertex 154.852 139.677 0
    endloop
  endfacet
  facet normal -0.83205 -0.5547 0
    outer loop
      vertex 154.852 139.677 0.2
      vertex 154.906 139.596 0
      vertex 154.906 139.596 0.2
    endloop
  endfacet
  facet normal -0.980972 -0.194151 0
    outer loop
      vertex 154.925 139.5 0
      vertex 154.906 139.596 0.2
      vertex 154.906 139.596 0
    endloop
  endfacet
  facet normal -0.980972 -0.194151 0
    outer loop
      vertex 154.906 139.596 0.2
      vertex 154.925 139.5 0
      vertex 154.925 139.5 0.2
    endloop
  endfacet
  facet normal -1 0 0
    outer loop
      vertex 154.925 138.825 0
      vertex 154.925 139.5 0.2
      vertex 154.925 139.5 0
    endloop
  endfacet
  facet normal -1 -0 0
    outer loop
      vertex 154.925 139.5 0.2
      vertex 154.925 138.825 0
      vertex 154.925 138.825 0.2
    endloop
  endfacet
  facet normal -0.980972 0.194151 0
    outer loop
      vertex 154.906 138.729 0
      vertex 154.925 138.825 0.2
      vertex 154.925 138.825 0
    endloop
  endfacet
  facet normal -0.980972 0.194151 0
    outer loop
      vertex 154.925 138.825 0.2
      vertex 154.906 138.729 0
      vertex 154.906 138.729 0.2
    endloop
  endfacet
  facet normal -0.83205 0.5547 0
    outer loop
      vertex 154.852 138.648 0
      vertex 154.906 138.729 0.2
      vertex 154.906 138.729 0
    endloop
  endfacet
  facet normal -0.83205 0.5547 0
    outer loop
      vertex 154.906 138.729 0.2
      vertex 154.852 138.648 0
      vertex 154.852 138.648 0.2
    endloop
  endfacet
  facet normal -0.5547 0.83205 0
    outer loop
      vertex 154.852 138.648 0
      vertex 154.771 138.594 0.2
      vertex 154.852 138.648 0.2
    endloop
  endfacet
  facet normal -0.5547 0.83205 0
    outer loop
      vertex 154.771 138.594 0.2
      vertex 154.852 138.648 0
      vertex 154.771 138.594 0
    endloop
  endfacet
  facet normal -0.194151 0.980972 0
    outer loop
      vertex 154.771 138.594 0
      vertex 154.675 138.575 0.2
      vertex 154.771 138.594 0.2
    endloop
  endfacet
  facet normal -0.194151 0.980972 0
    outer loop
      vertex 154.675 138.575 0.2
      vertex 154.771 138.594 0
      vertex 154.675 138.575 0
    endloop
  endfacet
  facet normal 0 1 -0
    outer loop
      vertex 154.675 138.575 0
      vertex 153.725 138.575 0.2
      vertex 154.675 138.575 0.2
    endloop
  endfacet
  facet normal 0 1 0
    outer loop
      vertex 153.725 138.575 0.2
      vertex 154.675 138.575 0
      vertex 153.725 138.575 0
    endloop
  endfacet
  facet normal 0.194151 0.980972 -0
    outer loop
      vertex 153.725 138.575 0
      vertex 153.629 138.594 0.2
      vertex 153.725 138.575 0.2
    endloop
  endfacet
  facet normal 0.194151 0.980972 0
    outer loop
      vertex 153.629 138.594 0.2
      vertex 153.725 138.575 0
      vertex 153.629 138.594 0
    endloop
  endfacet
  facet normal 0.5547 0.83205 -0
    outer loop
      vertex 153.629 138.594 0
      vertex 153.548 138.648 0.2
      vertex 153.629 138.594 0.2
    endloop
  endfacet
  facet normal 0.5547 0.83205 0
    outer loop
      vertex 153.548 138.648 0.2
      vertex 153.629 138.594 0
      vertex 153.548 138.648 0
    endloop
  endfacet
  facet normal 0.83205 0.5547 0
    outer loop
      vertex 153.548 138.648 0.2
      vertex 153.494 138.729 0
      vertex 153.494 138.729 0.2
    endloop
  endfacet
  facet normal 0.83205 0.5547 0
    outer loop
      vertex 153.494 138.729 0
      vertex 153.548 138.648 0.2
      vertex 153.548 138.648 0
    endloop
  endfacet
  facet normal 0.980972 0.194151 0
    outer loop
      vertex 153.494 138.729 0.2
      vertex 153.475 138.825 0
      vertex 153.475 138.825 0.2
    endloop
  endfacet
  facet normal 0.980972 0.194151 0
    outer loop
      vertex 153.475 138.825 0
      vertex 153.494 138.729 0.2
      vertex 153.494 138.729 0
    endloop
  endfacet
  facet normal 1 -0 0
    outer loop
      vertex 153.475 138.825 0.2
      vertex 153.475 139.5 0
      vertex 153.475 139.5 0.2
    endloop
  endfacet
  facet normal 1 0 0
    outer loop
      vertex 153.475 139.5 0
      vertex 153.475 138.825 0.2
      vertex 153.475 138.825 0
    endloop
  endfacet
  facet normal 0.980972 -0.194151 0
    outer loop
      vertex 153.475 139.5 0.2
      vertex 153.494 139.596 0
      vertex 153.494 139.596 0.2
    endloop
  endfacet
  facet normal 0.980972 -0.194151 0
    outer loop
      vertex 153.494 139.596 0
      vertex 153.475 139.5 0.2
      vertex 153.475 139.5 0
    endloop
  endfacet
  facet normal 0.83205 -0.5547 0
    outer loop
      vertex 153.494 139.596 0.2
      vertex 153.548 139.677 0
      vertex 153.548 139.677 0.2
    endloop
  endfacet
  facet normal 0.83205 -0.5547 0
    outer loop
      vertex 153.548 139.677 0
      vertex 153.494 139.596 0.2
      vertex 153.494 139.596 0
    endloop
  endfacet
  facet normal 0.5547 -0.83205 0
    outer loop
      vertex 153.548 139.677 0
      vertex 153.629 139.731 0.2
      vertex 153.548 139.677 0.2
    endloop
  endfacet
  facet normal 0.5547 -0.83205 0
    outer loop
      vertex 153.629 139.731 0.2
      vertex 153.548 139.677 0
      vertex 153.629 139.731 0
    endloop
  endfacet
  facet normal 0.194151 -0.980972 0
    outer loop
      vertex 153.629 139.731 0
      vertex 153.725 139.75 0.2
      vertex 153.629 139.731 0.2
    endloop
  endfacet
  facet normal 0.194151 -0.980972 0
    outer loop
      vertex 153.725 139.75 0.2
      vertex 153.629 139.731 0
      vertex 153.725 139.75 0
    endloop
  endfacet
  facet normal 0 -1 0
    outer loop
      vertex 153.725 139.75 0
      vertex 154.675 139.75 0.2
      vertex 153.725 139.75 0.2
    endloop
  endfacet
  facet normal 0 -1 -0
    outer loop
      vertex 154.675 139.75 0.2
      vertex 153.725 139.75 0
      vertex 154.675 139.75 0
    endloop
  endfacet
  facet normal -0.194151 -0.980972 0
    outer loop
      vertex 154.675 139.75 0
      vertex 154.771 139.731 0.2
      vertex 154.675 139.75 0.2
    endloop
  endfacet
  facet normal -0.194151 -0.980972 -0
    outer loop
      vertex 154.771 139.731 0.2
      vertex 154.675 139.75 0
      vertex 154.771 139.731 0
    endloop
  endfacet
  facet normal -0.5547 -0.83205 0
    outer loop
      vertex 152.746 139.781 0
      vertex 152.827 139.727 0.2
      vertex 152.746 139.781 0.2
    endloop
  endfacet
  facet normal -0.5547 -0.83205 -0
    outer loop
      vertex 152.827 139.727 0.2
      vertex 152.746 139.781 0
      vertex 152.827 139.727 0
    endloop
  endfacet
  facet normal -0.83205 -0.5547 0
    outer loop
      vertex 152.881 139.646 0
      vertex 152.827 139.727 0.2
      vertex 152.827 139.727 0
    endloop
  endfacet
  facet normal -0.83205 -0.5547 0
    outer loop
      vertex 152.827 139.727 0.2
      vertex 152.881 139.646 0
      vertex 152.881 139.646 0.2
    endloop
  endfacet
  facet normal -0.980972 -0.194151 0
    outer loop
      vertex 152.9 139.55 0
      vertex 152.881 139.646 0.2
      vertex 152.881 139.646 0
    endloop
  endfacet
  facet normal -0.980972 -0.194151 0
    outer loop
      vertex 152.881 139.646 0.2
      vertex 152.9 139.55 0
      vertex 152.9 139.55 0.2
    endloop
  endfacet
  facet normal -1 0 0
    outer loop
      vertex 152.9 138.85 0
      vertex 152.9 139.55 0.2
      vertex 152.9 139.55 0
    endloop
  endfacet
  facet normal -1 -0 0
    outer loop
      vertex 152.9 139.55 0.2
      vertex 152.9 138.85 0
      vertex 152.9 138.85 0.2
    endloop
  endfacet
  facet normal -0.980972 0.194151 0
    outer loop
      vertex 152.881 138.754 0
      vertex 152.9 138.85 0.2
      vertex 152.9 138.85 0
    endloop
  endfacet
  facet normal -0.980972 0.194151 0
    outer loop
      vertex 152.9 138.85 0.2
      vertex 152.881 138.754 0
      vertex 152.881 138.754 0.2
    endloop
  endfacet
  facet normal -0.83205 0.5547 0
    outer loop
      vertex 152.827 138.673 0
      vertex 152.881 138.754 0.2
      vertex 152.881 138.754 0
    endloop
  endfacet
  facet normal -0.83205 0.5547 0
    outer loop
      vertex 152.881 138.754 0.2
      vertex 152.827 138.673 0
      vertex 152.827 138.673 0.2
    endloop
  endfacet
  facet normal -0.5547 0.83205 0
    outer loop
      vertex 152.827 138.673 0
      vertex 152.746 138.619 0.2
      vertex 152.827 138.673 0.2
    endloop
  endfacet
  facet normal -0.5547 0.83205 0
    outer loop
      vertex 152.746 138.619 0.2
      vertex 152.827 138.673 0
      vertex 152.746 138.619 0
    endloop
  endfacet
  facet normal -0.194151 0.980972 0
    outer loop
      vertex 152.746 138.619 0
      vertex 152.65 138.6 0.2
      vertex 152.746 138.619 0.2
    endloop
  endfacet
  facet normal -0.194151 0.980972 0
    outer loop
      vertex 152.65 138.6 0.2
      vertex 152.746 138.619 0
      vertex 152.65 138.6 0
    endloop
  endfacet
  facet normal 0 1 -0
    outer loop
      vertex 152.65 138.6 0
      vertex 151.75 138.6 0.2
      vertex 152.65 138.6 0.2
    endloop
  endfacet
  facet normal 0 1 0
    outer loop
      vertex 151.75 138.6 0.2
      vertex 152.65 138.6 0
      vertex 151.75 138.6 0
    endloop
  endfacet
  facet normal 0.194151 0.980972 -0
    outer loop
      vertex 151.75 138.6 0
      vertex 151.654 138.619 0.2
      vertex 151.75 138.6 0.2
    endloop
  endfacet
  facet normal 0.194151 0.980972 0
    outer loop
      vertex 151.654 138.619 0.2
      vertex 151.75 138.6 0
      vertex 151.654 138.619 0
    endloop
  endfacet
  facet normal 0.5547 0.83205 -0
    outer loop
      vertex 151.654 138.619 0
      vertex 151.573 138.673 0.2
      vertex 151.654 138.619 0.2
    endloop
  endfacet
  facet normal 0.5547 0.83205 0
    outer loop
      vertex 151.573 138.673 0.2
      vertex 151.654 138.619 0
      vertex 151.573 138.673 0
    endloop
  endfacet
  facet normal 0.83205 0.5547 0
    outer loop
      vertex 151.573 138.673 0.2
      vertex 151.519 138.754 0
      vertex 151.519 138.754 0.2
    endloop
  endfacet
  facet normal 0.83205 0.5547 0
    outer loop
      vertex 151.519 138.754 0
      vertex 151.573 138.673 0.2
      vertex 151.573 138.673 0
    endloop
  endfacet
  facet normal 0.980972 0.194151 0
    outer loop
      vertex 151.519 138.754 0.2
      vertex 151.5 138.85 0
      vertex 151.5 138.85 0.2
    endloop
  endfacet
  facet normal 0.980972 0.194151 0
    outer loop
      vertex 151.5 138.85 0
      vertex 151.519 138.754 0.2
      vertex 151.519 138.754 0
    endloop
  endfacet
  facet normal 1 -0 0
    outer loop
      vertex 151.5 138.85 0.2
      vertex 151.5 139.55 0
      vertex 151.5 139.55 0.2
    endloop
  endfacet
  facet normal 1 0 0
    outer loop
      vertex 151.5 139.55 0
      vertex 151.5 138.85 0.2
      vertex 151.5 138.85 0
    endloop
  endfacet
  facet normal 0.980972 -0.194151 0
    outer loop
      vertex 151.5 139.55 0.2
      vertex 151.519 139.646 0
      vertex 151.519 139.646 0.2
    endloop
  endfacet
  facet normal 0.980972 -0.194151 0
    outer loop
      vertex 151.519 139.646 0
      vertex 151.5 139.55 0.2
      vertex 151.5 139.55 0
    endloop
  endfacet
  facet normal 0.83205 -0.5547 0
    outer loop
      vertex 151.519 139.646 0.2
      vertex 151.573 139.727 0
      vertex 151.573 139.727 0.2
    endloop
  endfacet
  facet normal 0.83205 -0.5547 0
    outer loop
      vertex 151.573 139.727 0
      vertex 151.519 139.646 0.2
      vertex 151.519 139.646 0
    endloop
  endfacet
  facet normal 0.5547 -0.83205 0
    outer loop
      vertex 151.573 139.727 0
      vertex 151.654 139.781 0.2
      vertex 151.573 139.727 0.2
    endloop
  endfacet
  facet normal 0.5547 -0.83205 0
    outer loop
      vertex 151.654 139.781 0.2
      vertex 151.573 139.727 0
      vertex 151.654 139.781 0
    endloop
  endfacet
  facet normal 0.194151 -0.980972 0
    outer loop
      vertex 151.654 139.781 0
      vertex 151.75 139.8 0.2
      vertex 151.654 139.781 0.2
    endloop
  endfacet
  facet normal 0.194151 -0.980972 0
    outer loop
      vertex 151.75 139.8 0.2
      vertex 151.654 139.781 0
      vertex 151.75 139.8 0
    endloop
  endfacet
  facet normal 0 -1 0
    outer loop
      vertex 151.75 139.8 0
      vertex 152.65 139.8 0.2
      vertex 151.75 139.8 0.2
    endloop
  endfacet
  facet normal 0 -1 -0
    outer loop
      vertex 152.65 139.8 0.2
      vertex 151.75 139.8 0
      vertex 152.65 139.8 0
    endloop
  endfacet
  facet normal -0.194151 -0.980972 0
    outer loop
      vertex 152.65 139.8 0
      vertex 152.746 139.781 0.2
      vertex 152.65 139.8 0.2
    endloop
  endfacet
  facet normal -0.194151 -0.980972 -0
    outer loop
      vertex 152.746 139.781 0.2
      vertex 152.65 139.8 0
      vertex 152.746 139.781 0
    endloop
  endfacet
  facet normal -0.5547 -0.83205 0
    outer loop
      vertex 147.146 139.781 0
      vertex 147.227 139.727 0.2
      vertex 147.146 139.781 0.2
    endloop
  endfacet
  facet normal -0.5547 -0.83205 -0
    outer loop
      vertex 147.227 139.727 0.2
      vertex 147.146 139.781 0
      vertex 147.227 139.727 0
    endloop
  endfacet
  facet normal -0.83205 -0.5547 0
    outer loop
      vertex 147.281 139.646 0
      vertex 147.227 139.727 0.2
      vertex 147.227 139.727 0
    endloop
  endfacet
  facet normal -0.83205 -0.5547 0
    outer loop
      vertex 147.227 139.727 0.2
      vertex 147.281 139.646 0
      vertex 147.281 139.646 0.2
    endloop
  endfacet
  facet normal -0.980972 -0.194151 0
    outer loop
      vertex 147.3 139.55 0
      vertex 147.281 139.646 0.2
      vertex 147.281 139.646 0
    endloop
  endfacet
  facet normal -0.980972 -0.194151 0
    outer loop
      vertex 147.281 139.646 0.2
      vertex 147.3 139.55 0
      vertex 147.3 139.55 0.2
    endloop
  endfacet
  facet normal -1 0 0
    outer loop
      vertex 147.3 138.85 0
      vertex 147.3 139.55 0.2
      vertex 147.3 139.55 0
    endloop
  endfacet
  facet normal -1 -0 0
    outer loop
      vertex 147.3 139.55 0.2
      vertex 147.3 138.85 0
      vertex 147.3 138.85 0.2
    endloop
  endfacet
  facet normal -0.980972 0.194151 0
    outer loop
      vertex 147.281 138.754 0
      vertex 147.3 138.85 0.2
      vertex 147.3 138.85 0
    endloop
  endfacet
  facet normal -0.980972 0.194151 0
    outer loop
      vertex 147.3 138.85 0.2
      vertex 147.281 138.754 0
      vertex 147.281 138.754 0.2
    endloop
  endfacet
  facet normal -0.83205 0.5547 0
    outer loop
      vertex 147.227 138.673 0
      vertex 147.281 138.754 0.2
      vertex 147.281 138.754 0
    endloop
  endfacet
  facet normal -0.83205 0.5547 0
    outer loop
      vertex 147.281 138.754 0.2
      vertex 147.227 138.673 0
      vertex 147.227 138.673 0.2
    endloop
  endfacet
  facet normal -0.5547 0.83205 0
    outer loop
      vertex 147.227 138.673 0
      vertex 147.146 138.619 0.2
      vertex 147.227 138.673 0.2
    endloop
  endfacet
  facet normal -0.5547 0.83205 0
    outer loop
      vertex 147.146 138.619 0.2
      vertex 147.227 138.673 0
      vertex 147.146 138.619 0
    endloop
  endfacet
  facet normal -0.194151 0.980972 0
    outer loop
      vertex 147.146 138.619 0
      vertex 147.05 138.6 0.2
      vertex 147.146 138.619 0.2
    endloop
  endfacet
  facet normal -0.194151 0.980972 0
    outer loop
      vertex 147.05 138.6 0.2
      vertex 147.146 138.619 0
      vertex 147.05 138.6 0
    endloop
  endfacet
  facet normal 0 1 -0
    outer loop
      vertex 147.05 138.6 0
      vertex 146.15 138.6 0.2
      vertex 147.05 138.6 0.2
    endloop
  endfacet
  facet normal 0 1 0
    outer loop
      vertex 146.15 138.6 0.2
      vertex 147.05 138.6 0
      vertex 146.15 138.6 0
    endloop
  endfacet
  facet normal 0.196116 0.980581 -0
    outer loop
      vertex 146.15 138.6 0
      vertex 146.055 138.619 0.2
      vertex 146.15 138.6 0.2
    endloop
  endfacet
  facet normal 0.196116 0.980581 0
    outer loop
      vertex 146.055 138.619 0.2
      vertex 146.15 138.6 0
      vertex 146.055 138.619 0
    endloop
  endfacet
  facet normal 0.5547 0.83205 -0
    outer loop
      vertex 146.055 138.619 0
      vertex 145.974 138.673 0.2
      vertex 146.055 138.619 0.2
    endloop
  endfacet
  facet normal 0.5547 0.83205 0
    outer loop
      vertex 145.974 138.673 0.2
      vertex 146.055 138.619 0
      vertex 145.974 138.673 0
    endloop
  endfacet
  facet normal 0.827306 0.561751 0
    outer loop
      vertex 145.974 138.673 0.2
      vertex 145.919 138.754 0
      vertex 145.919 138.754 0.2
    endloop
  endfacet
  facet normal 0.827306 0.561751 0
    outer loop
      vertex 145.919 138.754 0
      vertex 145.974 138.673 0.2
      vertex 145.974 138.673 0
    endloop
  endfacet
  facet normal 0.980972 0.194151 0
    outer loop
      vertex 145.919 138.754 0.2
      vertex 145.9 138.85 0
      vertex 145.9 138.85 0.2
    endloop
  endfacet
  facet normal 0.980972 0.194151 0
    outer loop
      vertex 145.9 138.85 0
      vertex 145.919 138.754 0.2
      vertex 145.919 138.754 0
    endloop
  endfacet
  facet normal 1 -0 0
    outer loop
      vertex 145.9 138.85 0.2
      vertex 145.9 139.55 0
      vertex 145.9 139.55 0.2
    endloop
  endfacet
  facet normal 1 0 0
    outer loop
      vertex 145.9 139.55 0
      vertex 145.9 138.85 0.2
      vertex 145.9 138.85 0
    endloop
  endfacet
  facet normal 0.980972 -0.194151 0
    outer loop
      vertex 145.9 139.55 0.2
      vertex 145.919 139.646 0
      vertex 145.919 139.646 0.2
    endloop
  endfacet
  facet normal 0.980972 -0.194151 0
    outer loop
      vertex 145.919 139.646 0
      vertex 145.9 139.55 0.2
      vertex 145.9 139.55 0
    endloop
  endfacet
  facet normal 0.827306 -0.561751 0
    outer loop
      vertex 145.919 139.646 0.2
      vertex 145.974 139.727 0
      vertex 145.974 139.727 0.2
    endloop
  endfacet
  facet normal 0.827306 -0.561751 0
    outer loop
      vertex 145.974 139.727 0
      vertex 145.919 139.646 0.2
      vertex 145.919 139.646 0
    endloop
  endfacet
  facet normal 0.5547 -0.83205 0
    outer loop
      vertex 145.974 139.727 0
      vertex 146.055 139.781 0.2
      vertex 145.974 139.727 0.2
    endloop
  endfacet
  facet normal 0.5547 -0.83205 0
    outer loop
      vertex 146.055 139.781 0.2
      vertex 145.974 139.727 0
      vertex 146.055 139.781 0
    endloop
  endfacet
  facet normal 0.196116 -0.980581 0
    outer loop
      vertex 146.055 139.781 0
      vertex 146.15 139.8 0.2
      vertex 146.055 139.781 0.2
    endloop
  endfacet
  facet normal 0.196116 -0.980581 0
    outer loop
      vertex 146.15 139.8 0.2
      vertex 146.055 139.781 0
      vertex 146.15 139.8 0
    endloop
  endfacet
  facet normal 0 -1 0
    outer loop
      vertex 146.15 139.8 0
      vertex 147.05 139.8 0.2
      vertex 146.15 139.8 0.2
    endloop
  endfacet
  facet normal 0 -1 -0
    outer loop
      vertex 147.05 139.8 0.2
      vertex 146.15 139.8 0
      vertex 147.05 139.8 0
    endloop
  endfacet
  facet normal -0.194151 -0.980972 0
    outer loop
      vertex 147.05 139.8 0
      vertex 147.146 139.781 0.2
      vertex 147.05 139.8 0.2
    endloop
  endfacet
  facet normal -0.194151 -0.980972 -0
    outer loop
      vertex 147.146 139.781 0.2
      vertex 147.05 139.8 0
      vertex 147.146 139.781 0
    endloop
  endfacet
  facet normal -0.5547 -0.83205 0
    outer loop
      vertex 149.546 139.881 0
      vertex 149.627 139.827 0.2
      vertex 149.546 139.881 0.2
    endloop
  endfacet
  facet normal -0.5547 -0.83205 -0
    outer loop
      vertex 149.627 139.827 0.2
      vertex 149.546 139.881 0
      vertex 149.627 139.827 0
    endloop
  endfacet
  facet normal -0.83205 -0.5547 0
    outer loop
      vertex 149.681 139.746 0
      vertex 149.627 139.827 0.2
      vertex 149.627 139.827 0
    endloop
  endfacet
  facet normal -0.83205 -0.5547 0
    outer loop
      vertex 149.627 139.827 0.2
      vertex 149.681 139.746 0
      vertex 149.681 139.746 0.2
    endloop
  endfacet
  facet normal -0.980972 -0.194151 0
    outer loop
      vertex 149.7 139.65 0
      vertex 149.681 139.746 0.2
      vertex 149.681 139.746 0
    endloop
  endfacet
  facet normal -0.980972 -0.194151 0
    outer loop
      vertex 149.681 139.746 0.2
      vertex 149.7 139.65 0
      vertex 149.7 139.65 0.2
    endloop
  endfacet
  facet normal -1 0 0
    outer loop
      vertex 149.7 138.95 0
      vertex 149.7 139.65 0.2
      vertex 149.7 139.65 0
    endloop
  endfacet
  facet normal -1 -0 0
    outer loop
      vertex 149.7 139.65 0.2
      vertex 149.7 138.95 0
      vertex 149.7 138.95 0.2
    endloop
  endfacet
  facet normal -0.980972 0.194151 0
    outer loop
      vertex 149.681 138.854 0
      vertex 149.7 138.95 0.2
      vertex 149.7 138.95 0
    endloop
  endfacet
  facet normal -0.980972 0.194151 0
    outer loop
      vertex 149.7 138.95 0.2
      vertex 149.681 138.854 0
      vertex 149.681 138.854 0.2
    endloop
  endfacet
  facet normal -0.83205 0.5547 0
    outer loop
      vertex 149.627 138.773 0
      vertex 149.681 138.854 0.2
      vertex 149.681 138.854 0
    endloop
  endfacet
  facet normal -0.83205 0.5547 0
    outer loop
      vertex 149.681 138.854 0.2
      vertex 149.627 138.773 0
      vertex 149.627 138.773 0.2
    endloop
  endfacet
  facet normal -0.5547 0.83205 0
    outer loop
      vertex 149.627 138.773 0
      vertex 149.546 138.719 0.2
      vertex 149.627 138.773 0.2
    endloop
  endfacet
  facet normal -0.5547 0.83205 0
    outer loop
      vertex 149.546 138.719 0.2
      vertex 149.627 138.773 0
      vertex 149.546 138.719 0
    endloop
  endfacet
  facet normal -0.194151 0.980972 0
    outer loop
      vertex 149.546 138.719 0
      vertex 149.45 138.7 0.2
      vertex 149.546 138.719 0.2
    endloop
  endfacet
  facet normal -0.194151 0.980972 0
    outer loop
      vertex 149.45 138.7 0.2
      vertex 149.546 138.719 0
      vertex 149.45 138.7 0
    endloop
  endfacet
  facet normal 0 1 -0
    outer loop
      vertex 149.45 138.7 0
      vertex 148.55 138.7 0.2
      vertex 149.45 138.7 0.2
    endloop
  endfacet
  facet normal 0 1 0
    outer loop
      vertex 148.55 138.7 0.2
      vertex 149.45 138.7 0
      vertex 148.55 138.7 0
    endloop
  endfacet
  facet normal 0.194151 0.980972 -0
    outer loop
      vertex 148.55 138.7 0
      vertex 148.454 138.719 0.2
      vertex 148.55 138.7 0.2
    endloop
  endfacet
  facet normal 0.194151 0.980972 0
    outer loop
      vertex 148.454 138.719 0.2
      vertex 148.55 138.7 0
      vertex 148.454 138.719 0
    endloop
  endfacet
  facet normal 0.5547 0.83205 -0
    outer loop
      vertex 148.454 138.719 0
      vertex 148.373 138.773 0.2
      vertex 148.454 138.719 0.2
    endloop
  endfacet
  facet normal 0.5547 0.83205 0
    outer loop
      vertex 148.373 138.773 0.2
      vertex 148.454 138.719 0
      vertex 148.373 138.773 0
    endloop
  endfacet
  facet normal 0.83205 0.5547 0
    outer loop
      vertex 148.373 138.773 0.2
      vertex 148.319 138.854 0
      vertex 148.319 138.854 0.2
    endloop
  endfacet
  facet normal 0.83205 0.5547 0
    outer loop
      vertex 148.319 138.854 0
      vertex 148.373 138.773 0.2
      vertex 148.373 138.773 0
    endloop
  endfacet
  facet normal 0.980972 0.194151 0
    outer loop
      vertex 148.319 138.854 0.2
      vertex 148.3 138.95 0
      vertex 148.3 138.95 0.2
    endloop
  endfacet
  facet normal 0.980972 0.194151 0
    outer loop
      vertex 148.3 138.95 0
      vertex 148.319 138.854 0.2
      vertex 148.319 138.854 0
    endloop
  endfacet
  facet normal 1 -0 0
    outer loop
      vertex 148.3 138.95 0.2
      vertex 148.3 139.65 0
      vertex 148.3 139.65 0.2
    endloop
  endfacet
  facet normal 1 0 0
    outer loop
      vertex 148.3 139.65 0
      vertex 148.3 138.95 0.2
      vertex 148.3 138.95 0
    endloop
  endfacet
  facet normal 0.980972 -0.194151 0
    outer loop
      vertex 148.3 139.65 0.2
      vertex 148.319 139.746 0
      vertex 148.319 139.746 0.2
    endloop
  endfacet
  facet normal 0.980972 -0.194151 0
    outer loop
      vertex 148.319 139.746 0
      vertex 148.3 139.65 0.2
      vertex 148.3 139.65 0
    endloop
  endfacet
  facet normal 0.83205 -0.5547 0
    outer loop
      vertex 148.319 139.746 0.2
      vertex 148.373 139.827 0
      vertex 148.373 139.827 0.2
    endloop
  endfacet
  facet normal 0.83205 -0.5547 0
    outer loop
      vertex 148.373 139.827 0
      vertex 148.319 139.746 0.2
      vertex 148.319 139.746 0
    endloop
  endfacet
  facet normal 0.5547 -0.83205 0
    outer loop
      vertex 148.373 139.827 0
      vertex 148.454 139.881 0.2
      vertex 148.373 139.827 0.2
    endloop
  endfacet
  facet normal 0.5547 -0.83205 0
    outer loop
      vertex 148.454 139.881 0.2
      vertex 148.373 139.827 0
      vertex 148.454 139.881 0
    endloop
  endfacet
  facet normal 0.194151 -0.980972 0
    outer loop
      vertex 148.454 139.881 0
      vertex 148.55 139.9 0.2
      vertex 148.454 139.881 0.2
    endloop
  endfacet
  facet normal 0.194151 -0.980972 0
    outer loop
      vertex 148.55 139.9 0.2
      vertex 148.454 139.881 0
      vertex 148.55 139.9 0
    endloop
  endfacet
  facet normal 0 -1 0
    outer loop
      vertex 148.55 139.9 0
      vertex 149.45 139.9 0.2
      vertex 148.55 139.9 0.2
    endloop
  endfacet
  facet normal 0 -1 -0
    outer loop
      vertex 149.45 139.9 0.2
      vertex 148.55 139.9 0
      vertex 149.45 139.9 0
    endloop
  endfacet
  facet normal -0.194151 -0.980972 0
    outer loop
      vertex 149.45 139.9 0
      vertex 149.546 139.881 0.2
      vertex 149.45 139.9 0.2
    endloop
  endfacet
  facet normal -0.194151 -0.980972 -0
    outer loop
      vertex 149.546 139.881 0.2
      vertex 149.45 139.9 0
      vertex 149.546 139.881 0
    endloop
  endfacet
  facet normal -0.561751 -0.827306 0
    outer loop
      vertex 141.546 141.581 0
      vertex 141.627 141.526 0.2
      vertex 141.546 141.581 0.2
    endloop
  endfacet
  facet normal -0.561751 -0.827306 -0
    outer loop
      vertex 141.627 141.526 0.2
      vertex 141.546 141.581 0
      vertex 141.627 141.526 0
    endloop
  endfacet
  facet normal -0.83205 -0.5547 0
    outer loop
      vertex 141.681 141.445 0
      vertex 141.627 141.526 0.2
      vertex 141.627 141.526 0
    endloop
  endfacet
  facet normal -0.83205 -0.5547 0
    outer loop
      vertex 141.627 141.526 0.2
      vertex 141.681 141.445 0
      vertex 141.681 141.445 0.2
    endloop
  endfacet
  facet normal -0.980581 -0.196116 0
    outer loop
      vertex 141.7 141.35 0
      vertex 141.681 141.445 0.2
      vertex 141.681 141.445 0
    endloop
  endfacet
  facet normal -0.980581 -0.196116 0
    outer loop
      vertex 141.681 141.445 0.2
      vertex 141.7 141.35 0
      vertex 141.7 141.35 0.2
    endloop
  endfacet
  facet normal -1 0 0
    outer loop
      vertex 141.7 140.65 0
      vertex 141.7 141.35 0.2
      vertex 141.7 141.35 0
    endloop
  endfacet
  facet normal -1 -0 0
    outer loop
      vertex 141.7 141.35 0.2
      vertex 141.7 140.65 0
      vertex 141.7 140.65 0.2
    endloop
  endfacet
  facet normal -0.980581 0.196116 0
    outer loop
      vertex 141.681 140.555 0
      vertex 141.7 140.65 0.2
      vertex 141.7 140.65 0
    endloop
  endfacet
  facet normal -0.980581 0.196116 0
    outer loop
      vertex 141.7 140.65 0.2
      vertex 141.681 140.555 0
      vertex 141.681 140.555 0.2
    endloop
  endfacet
  facet normal -0.83205 0.5547 0
    outer loop
      vertex 141.627 140.474 0
      vertex 141.681 140.555 0.2
      vertex 141.681 140.555 0
    endloop
  endfacet
  facet normal -0.83205 0.5547 0
    outer loop
      vertex 141.681 140.555 0.2
      vertex 141.627 140.474 0
      vertex 141.627 140.474 0.2
    endloop
  endfacet
  facet normal -0.561751 0.827306 0
    outer loop
      vertex 141.627 140.474 0
      vertex 141.546 140.419 0.2
      vertex 141.627 140.474 0.2
    endloop
  endfacet
  facet normal -0.561751 0.827306 0
    outer loop
      vertex 141.546 140.419 0.2
      vertex 141.627 140.474 0
      vertex 141.546 140.419 0
    endloop
  endfacet
  facet normal -0.194151 0.980972 0
    outer loop
      vertex 141.546 140.419 0
      vertex 141.45 140.4 0.2
      vertex 141.546 140.419 0.2
    endloop
  endfacet
  facet normal -0.194151 0.980972 0
    outer loop
      vertex 141.45 140.4 0.2
      vertex 141.546 140.419 0
      vertex 141.45 140.4 0
    endloop
  endfacet
  facet normal 0 1 -0
    outer loop
      vertex 141.45 140.4 0
      vertex 140.55 140.4 0.2
      vertex 141.45 140.4 0.2
    endloop
  endfacet
  facet normal 0 1 0
    outer loop
      vertex 140.55 140.4 0.2
      vertex 141.45 140.4 0
      vertex 140.55 140.4 0
    endloop
  endfacet
  facet normal 0.194151 0.980972 -0
    outer loop
      vertex 140.55 140.4 0
      vertex 140.454 140.419 0.2
      vertex 140.55 140.4 0.2
    endloop
  endfacet
  facet normal 0.194151 0.980972 0
    outer loop
      vertex 140.454 140.419 0.2
      vertex 140.55 140.4 0
      vertex 140.454 140.419 0
    endloop
  endfacet
  facet normal 0.561751 0.827306 -0
    outer loop
      vertex 140.454 140.419 0
      vertex 140.373 140.474 0.2
      vertex 140.454 140.419 0.2
    endloop
  endfacet
  facet normal 0.561751 0.827306 0
    outer loop
      vertex 140.373 140.474 0.2
      vertex 140.454 140.419 0
      vertex 140.373 140.474 0
    endloop
  endfacet
  facet normal 0.83205 0.5547 0
    outer loop
      vertex 140.373 140.474 0.2
      vertex 140.319 140.555 0
      vertex 140.319 140.555 0.2
    endloop
  endfacet
  facet normal 0.83205 0.5547 0
    outer loop
      vertex 140.319 140.555 0
      vertex 140.373 140.474 0.2
      vertex 140.373 140.474 0
    endloop
  endfacet
  facet normal 0.980581 0.196116 0
    outer loop
      vertex 140.319 140.555 0.2
      vertex 140.3 140.65 0
      vertex 140.3 140.65 0.2
    endloop
  endfacet
  facet normal 0.980581 0.196116 0
    outer loop
      vertex 140.3 140.65 0
      vertex 140.319 140.555 0.2
      vertex 140.319 140.555 0
    endloop
  endfacet
  facet normal 1 -0 0
    outer loop
      vertex 140.3 140.65 0.2
      vertex 140.3 141.35 0
      vertex 140.3 141.35 0.2
    endloop
  endfacet
  facet normal 1 0 0
    outer loop
      vertex 140.3 141.35 0
      vertex 140.3 140.65 0.2
      vertex 140.3 140.65 0
    endloop
  endfacet
  facet normal 0.980581 -0.196116 0
    outer loop
      vertex 140.3 141.35 0.2
      vertex 140.319 141.445 0
      vertex 140.319 141.445 0.2
    endloop
  endfacet
  facet normal 0.980581 -0.196116 0
    outer loop
      vertex 140.319 141.445 0
      vertex 140.3 141.35 0.2
      vertex 140.3 141.35 0
    endloop
  endfacet
  facet normal 0.83205 -0.5547 0
    outer loop
      vertex 140.319 141.445 0.2
      vertex 140.373 141.526 0
      vertex 140.373 141.526 0.2
    endloop
  endfacet
  facet normal 0.83205 -0.5547 0
    outer loop
      vertex 140.373 141.526 0
      vertex 140.319 141.445 0.2
      vertex 140.319 141.445 0
    endloop
  endfacet
  facet normal 0.561751 -0.827306 0
    outer loop
      vertex 140.373 141.526 0
      vertex 140.454 141.581 0.2
      vertex 140.373 141.526 0.2
    endloop
  endfacet
  facet normal 0.561751 -0.827306 0
    outer loop
      vertex 140.454 141.581 0.2
      vertex 140.373 141.526 0
      vertex 140.454 141.581 0
    endloop
  endfacet
  facet normal 0.194151 -0.980972 0
    outer loop
      vertex 140.454 141.581 0
      vertex 140.55 141.6 0.2
      vertex 140.454 141.581 0.2
    endloop
  endfacet
  facet normal 0.194151 -0.980972 0
    outer loop
      vertex 140.55 141.6 0.2
      vertex 140.454 141.581 0
      vertex 140.55 141.6 0
    endloop
  endfacet
  facet normal 0 -1 0
    outer loop
      vertex 140.55 141.6 0
      vertex 141.45 141.6 0.2
      vertex 140.55 141.6 0.2
    endloop
  endfacet
  facet normal 0 -1 -0
    outer loop
      vertex 141.45 141.6 0.2
      vertex 140.55 141.6 0
      vertex 141.45 141.6 0
    endloop
  endfacet
  facet normal -0.194151 -0.980972 0
    outer loop
      vertex 141.45 141.6 0
      vertex 141.546 141.581 0.2
      vertex 141.45 141.6 0.2
    endloop
  endfacet
  facet normal -0.194151 -0.980972 -0
    outer loop
      vertex 141.546 141.581 0.2
      vertex 141.45 141.6 0
      vertex 141.546 141.581 0
    endloop
  endfacet
  facet normal -0.561751 -0.827306 0
    outer loop
      vertex 139.396 141.581 0
      vertex 139.477 141.526 0.2
      vertex 139.396 141.581 0.2
    endloop
  endfacet
  facet normal -0.561751 -0.827306 -0
    outer loop
      vertex 139.477 141.526 0.2
      vertex 139.396 141.581 0
      vertex 139.477 141.526 0
    endloop
  endfacet
  facet normal -0.83205 -0.5547 0
    outer loop
      vertex 139.531 141.445 0
      vertex 139.477 141.526 0.2
      vertex 139.477 141.526 0
    endloop
  endfacet
  facet normal -0.83205 -0.5547 0
    outer loop
      vertex 139.477 141.526 0.2
      vertex 139.531 141.445 0
      vertex 139.531 141.445 0.2
    endloop
  endfacet
  facet normal -0.980581 -0.196116 0
    outer loop
      vertex 139.55 141.35 0
      vertex 139.531 141.445 0.2
      vertex 139.531 141.445 0
    endloop
  endfacet
  facet normal -0.980581 -0.196116 0
    outer loop
      vertex 139.531 141.445 0.2
      vertex 139.55 141.35 0
      vertex 139.55 141.35 0.2
    endloop
  endfacet
  facet normal -1 0 0
    outer loop
      vertex 139.55 140.65 0
      vertex 139.55 141.35 0.2
      vertex 139.55 141.35 0
    endloop
  endfacet
  facet normal -1 -0 0
    outer loop
      vertex 139.55 141.35 0.2
      vertex 139.55 140.65 0
      vertex 139.55 140.65 0.2
    endloop
  endfacet
  facet normal -0.980581 0.196116 0
    outer loop
      vertex 139.531 140.555 0
      vertex 139.55 140.65 0.2
      vertex 139.55 140.65 0
    endloop
  endfacet
  facet normal -0.980581 0.196116 0
    outer loop
      vertex 139.55 140.65 0.2
      vertex 139.531 140.555 0
      vertex 139.531 140.555 0.2
    endloop
  endfacet
  facet normal -0.83205 0.5547 0
    outer loop
      vertex 139.477 140.474 0
      vertex 139.531 140.555 0.2
      vertex 139.531 140.555 0
    endloop
  endfacet
  facet normal -0.83205 0.5547 0
    outer loop
      vertex 139.531 140.555 0.2
      vertex 139.477 140.474 0
      vertex 139.477 140.474 0.2
    endloop
  endfacet
  facet normal -0.561751 0.827306 0
    outer loop
      vertex 139.477 140.474 0
      vertex 139.396 140.419 0.2
      vertex 139.477 140.474 0.2
    endloop
  endfacet
  facet normal -0.561751 0.827306 0
    outer loop
      vertex 139.396 140.419 0.2
      vertex 139.477 140.474 0
      vertex 139.396 140.419 0
    endloop
  endfacet
  facet normal -0.194151 0.980972 0
    outer loop
      vertex 139.396 140.419 0
      vertex 139.3 140.4 0.2
      vertex 139.396 140.419 0.2
    endloop
  endfacet
  facet normal -0.194151 0.980972 0
    outer loop
      vertex 139.3 140.4 0.2
      vertex 139.396 140.419 0
      vertex 139.3 140.4 0
    endloop
  endfacet
  facet normal 0 1 -0
    outer loop
      vertex 139.3 140.4 0
      vertex 138.4 140.4 0.2
      vertex 139.3 140.4 0.2
    endloop
  endfacet
  facet normal 0 1 0
    outer loop
      vertex 138.4 140.4 0.2
      vertex 139.3 140.4 0
      vertex 138.4 140.4 0
    endloop
  endfacet
  facet normal 0.196116 0.980581 -0
    outer loop
      vertex 138.4 140.4 0
      vertex 138.305 140.419 0.2
      vertex 138.4 140.4 0.2
    endloop
  endfacet
  facet normal 0.196116 0.980581 0
    outer loop
      vertex 138.305 140.419 0.2
      vertex 138.4 140.4 0
      vertex 138.305 140.419 0
    endloop
  endfacet
  facet normal 0.561751 0.827306 -0
    outer loop
      vertex 138.305 140.419 0
      vertex 138.224 140.474 0.2
      vertex 138.305 140.419 0.2
    endloop
  endfacet
  facet normal 0.561751 0.827306 0
    outer loop
      vertex 138.224 140.474 0.2
      vertex 138.305 140.419 0
      vertex 138.224 140.474 0
    endloop
  endfacet
  facet normal 0.827306 0.561751 0
    outer loop
      vertex 138.224 140.474 0.2
      vertex 138.169 140.555 0
      vertex 138.169 140.555 0.2
    endloop
  endfacet
  facet normal 0.827306 0.561751 0
    outer loop
      vertex 138.169 140.555 0
      vertex 138.224 140.474 0.2
      vertex 138.224 140.474 0
    endloop
  endfacet
  facet normal 0.980581 0.196116 0
    outer loop
      vertex 138.169 140.555 0.2
      vertex 138.15 140.65 0
      vertex 138.15 140.65 0.2
    endloop
  endfacet
  facet normal 0.980581 0.196116 0
    outer loop
      vertex 138.15 140.65 0
      vertex 138.169 140.555 0.2
      vertex 138.169 140.555 0
    endloop
  endfacet
  facet normal 1 -0 0
    outer loop
      vertex 138.15 140.65 0.2
      vertex 138.15 141.35 0
      vertex 138.15 141.35 0.2
    endloop
  endfacet
  facet normal 1 0 0
    outer loop
      vertex 138.15 141.35 0
      vertex 138.15 140.65 0.2
      vertex 138.15 140.65 0
    endloop
  endfacet
  facet normal 0.980581 -0.196116 0
    outer loop
      vertex 138.15 141.35 0.2
      vertex 138.169 141.445 0
      vertex 138.169 141.445 0.2
    endloop
  endfacet
  facet normal 0.980581 -0.196116 0
    outer loop
      vertex 138.169 141.445 0
      vertex 138.15 141.35 0.2
      vertex 138.15 141.35 0
    endloop
  endfacet
  facet normal 0.827306 -0.561751 0
    outer loop
      vertex 138.169 141.445 0.2
      vertex 138.224 141.526 0
      vertex 138.224 141.526 0.2
    endloop
  endfacet
  facet normal 0.827306 -0.561751 0
    outer loop
      vertex 138.224 141.526 0
      vertex 138.169 141.445 0.2
      vertex 138.169 141.445 0
    endloop
  endfacet
  facet normal 0.561751 -0.827306 0
    outer loop
      vertex 138.224 141.526 0
      vertex 138.305 141.581 0.2
      vertex 138.224 141.526 0.2
    endloop
  endfacet
  facet normal 0.561751 -0.827306 0
    outer loop
      vertex 138.305 141.581 0.2
      vertex 138.224 141.526 0
      vertex 138.305 141.581 0
    endloop
  endfacet
  facet normal 0.196116 -0.980581 0
    outer loop
      vertex 138.305 141.581 0
      vertex 138.4 141.6 0.2
      vertex 138.305 141.581 0.2
    endloop
  endfacet
  facet normal 0.196116 -0.980581 0
    outer loop
      vertex 138.4 141.6 0.2
      vertex 138.305 141.581 0
      vertex 138.4 141.6 0
    endloop
  endfacet
  facet normal 0 -1 0
    outer loop
      vertex 138.4 141.6 0
      vertex 139.3 141.6 0.2
      vertex 138.4 141.6 0.2
    endloop
  endfacet
  facet normal 0 -1 -0
    outer loop
      vertex 139.3 141.6 0.2
      vertex 138.4 141.6 0
      vertex 139.3 141.6 0
    endloop
  endfacet
  facet normal -0.194151 -0.980972 0
    outer loop
      vertex 139.3 141.6 0
      vertex 139.396 141.581 0.2
      vertex 139.3 141.6 0.2
    endloop
  endfacet
  facet normal -0.194151 -0.980972 -0
    outer loop
      vertex 139.396 141.581 0.2
      vertex 139.3 141.6 0
      vertex 139.396 141.581 0
    endloop
  endfacet
  facet normal -0.561751 -0.827306 0
    outer loop
      vertex 136.796 141.581 0
      vertex 136.877 141.526 0.2
      vertex 136.796 141.581 0.2
    endloop
  endfacet
  facet normal -0.561751 -0.827306 -0
    outer loop
      vertex 136.877 141.526 0.2
      vertex 136.796 141.581 0
      vertex 136.877 141.526 0
    endloop
  endfacet
  facet normal -0.83205 -0.5547 0
    outer loop
      vertex 136.931 141.445 0
      vertex 136.877 141.526 0.2
      vertex 136.877 141.526 0
    endloop
  endfacet
  facet normal -0.83205 -0.5547 0
    outer loop
      vertex 136.877 141.526 0.2
      vertex 136.931 141.445 0
      vertex 136.931 141.445 0.2
    endloop
  endfacet
  facet normal -0.980581 -0.196116 0
    outer loop
      vertex 136.95 141.35 0
      vertex 136.931 141.445 0.2
      vertex 136.931 141.445 0
    endloop
  endfacet
  facet normal -0.980581 -0.196116 0
    outer loop
      vertex 136.931 141.445 0.2
      vertex 136.95 141.35 0
      vertex 136.95 141.35 0.2
    endloop
  endfacet
  facet normal -1 0 0
    outer loop
      vertex 136.95 140.65 0
      vertex 136.95 141.35 0.2
      vertex 136.95 141.35 0
    endloop
  endfacet
  facet normal -1 -0 0
    outer loop
      vertex 136.95 141.35 0.2
      vertex 136.95 140.65 0
      vertex 136.95 140.65 0.2
    endloop
  endfacet
  facet normal -0.980581 0.196116 0
    outer loop
      vertex 136.931 140.555 0
      vertex 136.95 140.65 0.2
      vertex 136.95 140.65 0
    endloop
  endfacet
  facet normal -0.980581 0.196116 0
    outer loop
      vertex 136.95 140.65 0.2
      vertex 136.931 140.555 0
      vertex 136.931 140.555 0.2
    endloop
  endfacet
  facet normal -0.83205 0.5547 0
    outer loop
      vertex 136.877 140.474 0
      vertex 136.931 140.555 0.2
      vertex 136.931 140.555 0
    endloop
  endfacet
  facet normal -0.83205 0.5547 0
    outer loop
      vertex 136.931 140.555 0.2
      vertex 136.877 140.474 0
      vertex 136.877 140.474 0.2
    endloop
  endfacet
  facet normal -0.561751 0.827306 0
    outer loop
      vertex 136.877 140.474 0
      vertex 136.796 140.419 0.2
      vertex 136.877 140.474 0.2
    endloop
  endfacet
  facet normal -0.561751 0.827306 0
    outer loop
      vertex 136.796 140.419 0.2
      vertex 136.877 140.474 0
      vertex 136.796 140.419 0
    endloop
  endfacet
  facet normal -0.194151 0.980972 0
    outer loop
      vertex 136.796 140.419 0
      vertex 136.7 140.4 0.2
      vertex 136.796 140.419 0.2
    endloop
  endfacet
  facet normal -0.194151 0.980972 0
    outer loop
      vertex 136.7 140.4 0.2
      vertex 136.796 140.419 0
      vertex 136.7 140.4 0
    endloop
  endfacet
  facet normal 0 1 -0
    outer loop
      vertex 136.7 140.4 0
      vertex 135.8 140.4 0.2
      vertex 136.7 140.4 0.2
    endloop
  endfacet
  facet normal 0 1 0
    outer loop
      vertex 135.8 140.4 0.2
      vertex 136.7 140.4 0
      vertex 135.8 140.4 0
    endloop
  endfacet
  facet normal 0.194151 0.980972 -0
    outer loop
      vertex 135.8 140.4 0
      vertex 135.704 140.419 0.2
      vertex 135.8 140.4 0.2
    endloop
  endfacet
  facet normal 0.194151 0.980972 0
    outer loop
      vertex 135.704 140.419 0.2
      vertex 135.8 140.4 0
      vertex 135.704 140.419 0
    endloop
  endfacet
  facet normal 0.561751 0.827306 -0
    outer loop
      vertex 135.704 140.419 0
      vertex 135.623 140.474 0.2
      vertex 135.704 140.419 0.2
    endloop
  endfacet
  facet normal 0.561751 0.827306 0
    outer loop
      vertex 135.623 140.474 0.2
      vertex 135.704 140.419 0
      vertex 135.623 140.474 0
    endloop
  endfacet
  facet normal 0.83205 0.5547 0
    outer loop
      vertex 135.623 140.474 0.2
      vertex 135.569 140.555 0
      vertex 135.569 140.555 0.2
    endloop
  endfacet
  facet normal 0.83205 0.5547 0
    outer loop
      vertex 135.569 140.555 0
      vertex 135.623 140.474 0.2
      vertex 135.623 140.474 0
    endloop
  endfacet
  facet normal 0.980581 0.196116 0
    outer loop
      vertex 135.569 140.555 0.2
      vertex 135.55 140.65 0
      vertex 135.55 140.65 0.2
    endloop
  endfacet
  facet normal 0.980581 0.196116 0
    outer loop
      vertex 135.55 140.65 0
      vertex 135.569 140.555 0.2
      vertex 135.569 140.555 0
    endloop
  endfacet
  facet normal 1 -0 0
    outer loop
      vertex 135.55 140.65 0.2
      vertex 135.55 141.35 0
      vertex 135.55 141.35 0.2
    endloop
  endfacet
  facet normal 1 0 0
    outer loop
      vertex 135.55 141.35 0
      vertex 135.55 140.65 0.2
      vertex 135.55 140.65 0
    endloop
  endfacet
  facet normal 0.980581 -0.196116 0
    outer loop
      vertex 135.55 141.35 0.2
      vertex 135.569 141.445 0
      vertex 135.569 141.445 0.2
    endloop
  endfacet
  facet normal 0.980581 -0.196116 0
    outer loop
      vertex 135.569 141.445 0
      vertex 135.55 141.35 0.2
      vertex 135.55 141.35 0
    endloop
  endfacet
  facet normal 0.83205 -0.5547 0
    outer loop
      vertex 135.569 141.445 0.2
      vertex 135.623 141.526 0
      vertex 135.623 141.526 0.2
    endloop
  endfacet
  facet normal 0.83205 -0.5547 0
    outer loop
      vertex 135.623 141.526 0
      vertex 135.569 141.445 0.2
      vertex 135.569 141.445 0
    endloop
  endfacet
  facet normal 0.561751 -0.827306 0
    outer loop
      vertex 135.623 141.526 0
      vertex 135.704 141.581 0.2
      vertex 135.623 141.526 0.2
    endloop
  endfacet
  facet normal 0.561751 -0.827306 0
    outer loop
      vertex 135.704 141.581 0.2
      vertex 135.623 141.526 0
      vertex 135.704 141.581 0
    endloop
  endfacet
  facet normal 0.194151 -0.980972 0
    outer loop
      vertex 135.704 141.581 0
      vertex 135.8 141.6 0.2
      vertex 135.704 141.581 0.2
    endloop
  endfacet
  facet normal 0.194151 -0.980972 0
    outer loop
      vertex 135.8 141.6 0.2
      vertex 135.704 141.581 0
      vertex 135.8 141.6 0
    endloop
  endfacet
  facet normal 0 -1 0
    outer loop
      vertex 135.8 141.6 0
      vertex 136.7 141.6 0.2
      vertex 135.8 141.6 0.2
    endloop
  endfacet
  facet normal 0 -1 -0
    outer loop
      vertex 136.7 141.6 0.2
      vertex 135.8 141.6 0
      vertex 136.7 141.6 0
    endloop
  endfacet
  facet normal -0.194151 -0.980972 0
    outer loop
      vertex 136.7 141.6 0
      vertex 136.796 141.581 0.2
      vertex 136.7 141.6 0.2
    endloop
  endfacet
  facet normal -0.194151 -0.980972 -0
    outer loop
      vertex 136.796 141.581 0.2
      vertex 136.7 141.6 0
      vertex 136.796 141.581 0
    endloop
  endfacet
  facet normal -0.561751 -0.827306 0
    outer loop
      vertex 134.546 141.581 0
      vertex 134.627 141.526 0.2
      vertex 134.546 141.581 0.2
    endloop
  endfacet
  facet normal -0.561751 -0.827306 -0
    outer loop
      vertex 134.627 141.526 0.2
      vertex 134.546 141.581 0
      vertex 134.627 141.526 0
    endloop
  endfacet
  facet normal -0.83205 -0.5547 0
    outer loop
      vertex 134.681 141.445 0
      vertex 134.627 141.526 0.2
      vertex 134.627 141.526 0
    endloop
  endfacet
  facet normal -0.83205 -0.5547 0
    outer loop
      vertex 134.627 141.526 0.2
      vertex 134.681 141.445 0
      vertex 134.681 141.445 0.2
    endloop
  endfacet
  facet normal -0.980581 -0.196116 0
    outer loop
      vertex 134.7 141.35 0
      vertex 134.681 141.445 0.2
      vertex 134.681 141.445 0
    endloop
  endfacet
  facet normal -0.980581 -0.196116 0
    outer loop
      vertex 134.681 141.445 0.2
      vertex 134.7 141.35 0
      vertex 134.7 141.35 0.2
    endloop
  endfacet
  facet normal -1 0 0
    outer loop
      vertex 134.7 140.65 0
      vertex 134.7 141.35 0.2
      vertex 134.7 141.35 0
    endloop
  endfacet
  facet normal -1 -0 0
    outer loop
      vertex 134.7 141.35 0.2
      vertex 134.7 140.65 0
      vertex 134.7 140.65 0.2
    endloop
  endfacet
  facet normal -0.980581 0.196116 0
    outer loop
      vertex 134.681 140.555 0
      vertex 134.7 140.65 0.2
      vertex 134.7 140.65 0
    endloop
  endfacet
  facet normal -0.980581 0.196116 0
    outer loop
      vertex 134.7 140.65 0.2
      vertex 134.681 140.555 0
      vertex 134.681 140.555 0.2
    endloop
  endfacet
  facet normal -0.83205 0.5547 0
    outer loop
      vertex 134.627 140.474 0
      vertex 134.681 140.555 0.2
      vertex 134.681 140.555 0
    endloop
  endfacet
  facet normal -0.83205 0.5547 0
    outer loop
      vertex 134.681 140.555 0.2
      vertex 134.627 140.474 0
      vertex 134.627 140.474 0.2
    endloop
  endfacet
  facet normal -0.561751 0.827306 0
    outer loop
      vertex 134.627 140.474 0
      vertex 134.546 140.419 0.2
      vertex 134.627 140.474 0.2
    endloop
  endfacet
  facet normal -0.561751 0.827306 0
    outer loop
      vertex 134.546 140.419 0.2
      vertex 134.627 140.474 0
      vertex 134.546 140.419 0
    endloop
  endfacet
  facet normal -0.194151 0.980972 0
    outer loop
      vertex 134.546 140.419 0
      vertex 134.45 140.4 0.2
      vertex 134.546 140.419 0.2
    endloop
  endfacet
  facet normal -0.194151 0.980972 0
    outer loop
      vertex 134.45 140.4 0.2
      vertex 134.546 140.419 0
      vertex 134.45 140.4 0
    endloop
  endfacet
  facet normal 0 1 -0
    outer loop
      vertex 134.45 140.4 0
      vertex 133.55 140.4 0.2
      vertex 134.45 140.4 0.2
    endloop
  endfacet
  facet normal 0 1 0
    outer loop
      vertex 133.55 140.4 0.2
      vertex 134.45 140.4 0
      vertex 133.55 140.4 0
    endloop
  endfacet
  facet normal 0.194151 0.980972 -0
    outer loop
      vertex 133.55 140.4 0
      vertex 133.454 140.419 0.2
      vertex 133.55 140.4 0.2
    endloop
  endfacet
  facet normal 0.194151 0.980972 0
    outer loop
      vertex 133.454 140.419 0.2
      vertex 133.55 140.4 0
      vertex 133.454 140.419 0
    endloop
  endfacet
  facet normal 0.561751 0.827306 -0
    outer loop
      vertex 133.454 140.419 0
      vertex 133.373 140.474 0.2
      vertex 133.454 140.419 0.2
    endloop
  endfacet
  facet normal 0.561751 0.827306 0
    outer loop
      vertex 133.373 140.474 0.2
      vertex 133.454 140.419 0
      vertex 133.373 140.474 0
    endloop
  endfacet
  facet normal 0.83205 0.5547 0
    outer loop
      vertex 133.373 140.474 0.2
      vertex 133.319 140.555 0
      vertex 133.319 140.555 0.2
    endloop
  endfacet
  facet normal 0.83205 0.5547 0
    outer loop
      vertex 133.319 140.555 0
      vertex 133.373 140.474 0.2
      vertex 133.373 140.474 0
    endloop
  endfacet
  facet normal 0.980581 0.196116 0
    outer loop
      vertex 133.319 140.555 0.2
      vertex 133.3 140.65 0
      vertex 133.3 140.65 0.2
    endloop
  endfacet
  facet normal 0.980581 0.196116 0
    outer loop
      vertex 133.3 140.65 0
      vertex 133.319 140.555 0.2
      vertex 133.319 140.555 0
    endloop
  endfacet
  facet normal 1 -0 0
    outer loop
      vertex 133.3 140.65 0.2
      vertex 133.3 141.35 0
      vertex 133.3 141.35 0.2
    endloop
  endfacet
  facet normal 1 0 0
    outer loop
      vertex 133.3 141.35 0
      vertex 133.3 140.65 0.2
      vertex 133.3 140.65 0
    endloop
  endfacet
  facet normal 0.980581 -0.196116 0
    outer loop
      vertex 133.3 141.35 0.2
      vertex 133.319 141.445 0
      vertex 133.319 141.445 0.2
    endloop
  endfacet
  facet normal 0.980581 -0.196116 0
    outer loop
      vertex 133.319 141.445 0
      vertex 133.3 141.35 0.2
      vertex 133.3 141.35 0
    endloop
  endfacet
  facet normal 0.83205 -0.5547 0
    outer loop
      vertex 133.319 141.445 0.2
      vertex 133.373 141.526 0
      vertex 133.373 141.526 0.2
    endloop
  endfacet
  facet normal 0.83205 -0.5547 0
    outer loop
      vertex 133.373 141.526 0
      vertex 133.319 141.445 0.2
      vertex 133.319 141.445 0
    endloop
  endfacet
  facet normal 0.561751 -0.827306 0
    outer loop
      vertex 133.373 141.526 0
      vertex 133.454 141.581 0.2
      vertex 133.373 141.526 0.2
    endloop
  endfacet
  facet normal 0.561751 -0.827306 0
    outer loop
      vertex 133.454 141.581 0.2
      vertex 133.373 141.526 0
      vertex 133.454 141.581 0
    endloop
  endfacet
  facet normal 0.194151 -0.980972 0
    outer loop
      vertex 133.454 141.581 0
      vertex 133.55 141.6 0.2
      vertex 133.454 141.581 0.2
    endloop
  endfacet
  facet normal 0.194151 -0.980972 0
    outer loop
      vertex 133.55 141.6 0.2
      vertex 133.454 141.581 0
      vertex 133.55 141.6 0
    endloop
  endfacet
  facet normal 0 -1 0
    outer loop
      vertex 133.55 141.6 0
      vertex 134.45 141.6 0.2
      vertex 133.55 141.6 0.2
    endloop
  endfacet
  facet normal 0 -1 -0
    outer loop
      vertex 134.45 141.6 0.2
      vertex 133.55 141.6 0
      vertex 134.45 141.6 0
    endloop
  endfacet
  facet normal -0.194151 -0.980972 0
    outer loop
      vertex 134.45 141.6 0
      vertex 134.546 141.581 0.2
      vertex 134.45 141.6 0.2
    endloop
  endfacet
  facet normal -0.194151 -0.980972 -0
    outer loop
      vertex 134.546 141.581 0.2
      vertex 134.45 141.6 0
      vertex 134.546 141.581 0
    endloop
  endfacet
  facet normal -0.561751 -0.827306 0
    outer loop
      vertex 127.646 141.581 0
      vertex 127.727 141.526 0.2
      vertex 127.646 141.581 0.2
    endloop
  endfacet
  facet normal -0.561751 -0.827306 -0
    outer loop
      vertex 127.727 141.526 0.2
      vertex 127.646 141.581 0
      vertex 127.727 141.526 0
    endloop
  endfacet
  facet normal -0.83205 -0.5547 0
    outer loop
      vertex 127.781 141.445 0
      vertex 127.727 141.526 0.2
      vertex 127.727 141.526 0
    endloop
  endfacet
  facet normal -0.83205 -0.5547 0
    outer loop
      vertex 127.727 141.526 0.2
      vertex 127.781 141.445 0
      vertex 127.781 141.445 0.2
    endloop
  endfacet
  facet normal -0.980581 -0.196116 0
    outer loop
      vertex 127.8 141.35 0
      vertex 127.781 141.445 0.2
      vertex 127.781 141.445 0
    endloop
  endfacet
  facet normal -0.980581 -0.196116 0
    outer loop
      vertex 127.781 141.445 0.2
      vertex 127.8 141.35 0
      vertex 127.8 141.35 0.2
    endloop
  endfacet
  facet normal -1 0 0
    outer loop
      vertex 127.8 140.65 0
      vertex 127.8 141.35 0.2
      vertex 127.8 141.35 0
    endloop
  endfacet
  facet normal -1 -0 0
    outer loop
      vertex 127.8 141.35 0.2
      vertex 127.8 140.65 0
      vertex 127.8 140.65 0.2
    endloop
  endfacet
  facet normal -0.980581 0.196116 0
    outer loop
      vertex 127.781 140.555 0
      vertex 127.8 140.65 0.2
      vertex 127.8 140.65 0
    endloop
  endfacet
  facet normal -0.980581 0.196116 0
    outer loop
      vertex 127.8 140.65 0.2
      vertex 127.781 140.555 0
      vertex 127.781 140.555 0.2
    endloop
  endfacet
  facet normal -0.83205 0.5547 0
    outer loop
      vertex 127.727 140.474 0
      vertex 127.781 140.555 0.2
      vertex 127.781 140.555 0
    endloop
  endfacet
  facet normal -0.83205 0.5547 0
    outer loop
      vertex 127.781 140.555 0.2
      vertex 127.727 140.474 0
      vertex 127.727 140.474 0.2
    endloop
  endfacet
  facet normal -0.561751 0.827306 0
    outer loop
      vertex 127.727 140.474 0
      vertex 127.646 140.419 0.2
      vertex 127.727 140.474 0.2
    endloop
  endfacet
  facet normal -0.561751 0.827306 0
    outer loop
      vertex 127.646 140.419 0.2
      vertex 127.727 140.474 0
      vertex 127.646 140.419 0
    endloop
  endfacet
  facet normal -0.194151 0.980972 0
    outer loop
      vertex 127.646 140.419 0
      vertex 127.55 140.4 0.2
      vertex 127.646 140.419 0.2
    endloop
  endfacet
  facet normal -0.194151 0.980972 0
    outer loop
      vertex 127.55 140.4 0.2
      vertex 127.646 140.419 0
      vertex 127.55 140.4 0
    endloop
  endfacet
  facet normal 0 1 -0
    outer loop
      vertex 127.55 140.4 0
      vertex 126.65 140.4 0.2
      vertex 127.55 140.4 0.2
    endloop
  endfacet
  facet normal 0 1 0
    outer loop
      vertex 126.65 140.4 0.2
      vertex 127.55 140.4 0
      vertex 126.65 140.4 0
    endloop
  endfacet
  facet normal 0.196116 0.980581 -0
    outer loop
      vertex 126.65 140.4 0
      vertex 126.555 140.419 0.2
      vertex 126.65 140.4 0.2
    endloop
  endfacet
  facet normal 0.196116 0.980581 0
    outer loop
      vertex 126.555 140.419 0.2
      vertex 126.65 140.4 0
      vertex 126.555 140.419 0
    endloop
  endfacet
  facet normal 0.561751 0.827306 -0
    outer loop
      vertex 126.555 140.419 0
      vertex 126.474 140.474 0.2
      vertex 126.555 140.419 0.2
    endloop
  endfacet
  facet normal 0.561751 0.827306 0
    outer loop
      vertex 126.474 140.474 0.2
      vertex 126.555 140.419 0
      vertex 126.474 140.474 0
    endloop
  endfacet
  facet normal 0.827306 0.561751 0
    outer loop
      vertex 126.474 140.474 0.2
      vertex 126.419 140.555 0
      vertex 126.419 140.555 0.2
    endloop
  endfacet
  facet normal 0.827306 0.561751 0
    outer loop
      vertex 126.419 140.555 0
      vertex 126.474 140.474 0.2
      vertex 126.474 140.474 0
    endloop
  endfacet
  facet normal 0.980581 0.196116 0
    outer loop
      vertex 126.419 140.555 0.2
      vertex 126.4 140.65 0
      vertex 126.4 140.65 0.2
    endloop
  endfacet
  facet normal 0.980581 0.196116 0
    outer loop
      vertex 126.4 140.65 0
      vertex 126.419 140.555 0.2
      vertex 126.419 140.555 0
    endloop
  endfacet
  facet normal 1 -0 0
    outer loop
      vertex 126.4 140.65 0.2
      vertex 126.4 141.35 0
      vertex 126.4 141.35 0.2
    endloop
  endfacet
  facet normal 1 0 0
    outer loop
      vertex 126.4 141.35 0
      vertex 126.4 140.65 0.2
      vertex 126.4 140.65 0
    endloop
  endfacet
  facet normal 0.980581 -0.196116 0
    outer loop
      vertex 126.4 141.35 0.2
      vertex 126.419 141.445 0
      vertex 126.419 141.445 0.2
    endloop
  endfacet
  facet normal 0.980581 -0.196116 0
    outer loop
      vertex 126.419 141.445 0
      vertex 126.4 141.35 0.2
      vertex 126.4 141.35 0
    endloop
  endfacet
  facet normal 0.827306 -0.561751 0
    outer loop
      vertex 126.419 141.445 0.2
      vertex 126.474 141.526 0
      vertex 126.474 141.526 0.2
    endloop
  endfacet
  facet normal 0.827306 -0.561751 0
    outer loop
      vertex 126.474 141.526 0
      vertex 126.419 141.445 0.2
      vertex 126.419 141.445 0
    endloop
  endfacet
  facet normal 0.561751 -0.827306 0
    outer loop
      vertex 126.474 141.526 0
      vertex 126.555 141.581 0.2
      vertex 126.474 141.526 0.2
    endloop
  endfacet
  facet normal 0.561751 -0.827306 0
    outer loop
      vertex 126.555 141.581 0.2
      vertex 126.474 141.526 0
      vertex 126.555 141.581 0
    endloop
  endfacet
  facet normal 0.196116 -0.980581 0
    outer loop
      vertex 126.555 141.581 0
      vertex 126.65 141.6 0.2
      vertex 126.555 141.581 0.2
    endloop
  endfacet
  facet normal 0.196116 -0.980581 0
    outer loop
      vertex 126.65 141.6 0.2
      vertex 126.555 141.581 0
      vertex 126.65 141.6 0
    endloop
  endfacet
  facet normal 0 -1 0
    outer loop
      vertex 126.65 141.6 0
      vertex 127.55 141.6 0.2
      vertex 126.65 141.6 0.2
    endloop
  endfacet
  facet normal 0 -1 -0
    outer loop
      vertex 127.55 141.6 0.2
      vertex 126.65 141.6 0
      vertex 127.55 141.6 0
    endloop
  endfacet
  facet normal -0.194151 -0.980972 0
    outer loop
      vertex 127.55 141.6 0
      vertex 127.646 141.581 0.2
      vertex 127.55 141.6 0.2
    endloop
  endfacet
  facet normal -0.194151 -0.980972 -0
    outer loop
      vertex 127.646 141.581 0.2
      vertex 127.55 141.6 0
      vertex 127.646 141.581 0
    endloop
  endfacet
  facet normal -0.5547 -0.83205 0
    outer loop
      vertex 129.971 141.606 0
      vertex 130.052 141.552 0.2
      vertex 129.971 141.606 0.2
    endloop
  endfacet
  facet normal -0.5547 -0.83205 -0
    outer loop
      vertex 130.052 141.552 0.2
      vertex 129.971 141.606 0
      vertex 130.052 141.552 0
    endloop
  endfacet
  facet normal -0.83205 -0.5547 0
    outer loop
      vertex 130.106 141.471 0
      vertex 130.052 141.552 0.2
      vertex 130.052 141.552 0
    endloop
  endfacet
  facet normal -0.83205 -0.5547 0
    outer loop
      vertex 130.052 141.552 0.2
      vertex 130.106 141.471 0
      vertex 130.106 141.471 0.2
    endloop
  endfacet
  facet normal -0.980972 -0.194151 0
    outer loop
      vertex 130.125 141.375 0
      vertex 130.106 141.471 0.2
      vertex 130.106 141.471 0
    endloop
  endfacet
  facet normal -0.980972 -0.194151 0
    outer loop
      vertex 130.106 141.471 0.2
      vertex 130.125 141.375 0
      vertex 130.125 141.375 0.2
    endloop
  endfacet
  facet normal -1 0 0
    outer loop
      vertex 130.125 140.7 0
      vertex 130.125 141.375 0.2
      vertex 130.125 141.375 0
    endloop
  endfacet
  facet normal -1 -0 0
    outer loop
      vertex 130.125 141.375 0.2
      vertex 130.125 140.7 0
      vertex 130.125 140.7 0.2
    endloop
  endfacet
  facet normal -0.980972 0.194151 0
    outer loop
      vertex 130.106 140.604 0
      vertex 130.125 140.7 0.2
      vertex 130.125 140.7 0
    endloop
  endfacet
  facet normal -0.980972 0.194151 0
    outer loop
      vertex 130.125 140.7 0.2
      vertex 130.106 140.604 0
      vertex 130.106 140.604 0.2
    endloop
  endfacet
  facet normal -0.83205 0.5547 0
    outer loop
      vertex 130.052 140.523 0
      vertex 130.106 140.604 0.2
      vertex 130.106 140.604 0
    endloop
  endfacet
  facet normal -0.83205 0.5547 0
    outer loop
      vertex 130.106 140.604 0.2
      vertex 130.052 140.523 0
      vertex 130.052 140.523 0.2
    endloop
  endfacet
  facet normal -0.5547 0.83205 0
    outer loop
      vertex 130.052 140.523 0
      vertex 129.971 140.469 0.2
      vertex 130.052 140.523 0.2
    endloop
  endfacet
  facet normal -0.5547 0.83205 0
    outer loop
      vertex 129.971 140.469 0.2
      vertex 130.052 140.523 0
      vertex 129.971 140.469 0
    endloop
  endfacet
  facet normal -0.194151 0.980972 0
    outer loop
      vertex 129.971 140.469 0
      vertex 129.875 140.45 0.2
      vertex 129.971 140.469 0.2
    endloop
  endfacet
  facet normal -0.194151 0.980972 0
    outer loop
      vertex 129.875 140.45 0.2
      vertex 129.971 140.469 0
      vertex 129.875 140.45 0
    endloop
  endfacet
  facet normal 0 1 -0
    outer loop
      vertex 129.875 140.45 0
      vertex 128.925 140.45 0.2
      vertex 129.875 140.45 0.2
    endloop
  endfacet
  facet normal 0 1 0
    outer loop
      vertex 128.925 140.45 0.2
      vertex 129.875 140.45 0
      vertex 128.925 140.45 0
    endloop
  endfacet
  facet normal 0.194151 0.980972 -0
    outer loop
      vertex 128.925 140.45 0
      vertex 128.829 140.469 0.2
      vertex 128.925 140.45 0.2
    endloop
  endfacet
  facet normal 0.194151 0.980972 0
    outer loop
      vertex 128.829 140.469 0.2
      vertex 128.925 140.45 0
      vertex 128.829 140.469 0
    endloop
  endfacet
  facet normal 0.5547 0.83205 -0
    outer loop
      vertex 128.829 140.469 0
      vertex 128.748 140.523 0.2
      vertex 128.829 140.469 0.2
    endloop
  endfacet
  facet normal 0.5547 0.83205 0
    outer loop
      vertex 128.748 140.523 0.2
      vertex 128.829 140.469 0
      vertex 128.748 140.523 0
    endloop
  endfacet
  facet normal 0.83205 0.5547 0
    outer loop
      vertex 128.748 140.523 0.2
      vertex 128.694 140.604 0
      vertex 128.694 140.604 0.2
    endloop
  endfacet
  facet normal 0.83205 0.5547 0
    outer loop
      vertex 128.694 140.604 0
      vertex 128.748 140.523 0.2
      vertex 128.748 140.523 0
    endloop
  endfacet
  facet normal 0.980972 0.194151 0
    outer loop
      vertex 128.694 140.604 0.2
      vertex 128.675 140.7 0
      vertex 128.675 140.7 0.2
    endloop
  endfacet
  facet normal 0.980972 0.194151 0
    outer loop
      vertex 128.675 140.7 0
      vertex 128.694 140.604 0.2
      vertex 128.694 140.604 0
    endloop
  endfacet
  facet normal 1 -0 0
    outer loop
      vertex 128.675 140.7 0.2
      vertex 128.675 141.375 0
      vertex 128.675 141.375 0.2
    endloop
  endfacet
  facet normal 1 0 0
    outer loop
      vertex 128.675 141.375 0
      vertex 128.675 140.7 0.2
      vertex 128.675 140.7 0
    endloop
  endfacet
  facet normal 0.980972 -0.194151 0
    outer loop
      vertex 128.675 141.375 0.2
      vertex 128.694 141.471 0
      vertex 128.694 141.471 0.2
    endloop
  endfacet
  facet normal 0.980972 -0.194151 0
    outer loop
      vertex 128.694 141.471 0
      vertex 128.675 141.375 0.2
      vertex 128.675 141.375 0
    endloop
  endfacet
  facet normal 0.83205 -0.5547 0
    outer loop
      vertex 128.694 141.471 0.2
      vertex 128.748 141.552 0
      vertex 128.748 141.552 0.2
    endloop
  endfacet
  facet normal 0.83205 -0.5547 0
    outer loop
      vertex 128.748 141.552 0
      vertex 128.694 141.471 0.2
      vertex 128.694 141.471 0
    endloop
  endfacet
  facet normal 0.5547 -0.83205 0
    outer loop
      vertex 128.748 141.552 0
      vertex 128.829 141.606 0.2
      vertex 128.748 141.552 0.2
    endloop
  endfacet
  facet normal 0.5547 -0.83205 0
    outer loop
      vertex 128.829 141.606 0.2
      vertex 128.748 141.552 0
      vertex 128.829 141.606 0
    endloop
  endfacet
  facet normal 0.194151 -0.980972 0
    outer loop
      vertex 128.829 141.606 0
      vertex 128.925 141.625 0.2
      vertex 128.829 141.606 0.2
    endloop
  endfacet
  facet normal 0.194151 -0.980972 0
    outer loop
      vertex 128.925 141.625 0.2
      vertex 128.829 141.606 0
      vertex 128.925 141.625 0
    endloop
  endfacet
  facet normal 0 -1 0
    outer loop
      vertex 128.925 141.625 0
      vertex 129.875 141.625 0.2
      vertex 128.925 141.625 0.2
    endloop
  endfacet
  facet normal 0 -1 -0
    outer loop
      vertex 129.875 141.625 0.2
      vertex 128.925 141.625 0
      vertex 129.875 141.625 0
    endloop
  endfacet
  facet normal -0.194151 -0.980972 0
    outer loop
      vertex 129.875 141.625 0
      vertex 129.971 141.606 0.2
      vertex 129.875 141.625 0.2
    endloop
  endfacet
  facet normal -0.194151 -0.980972 -0
    outer loop
      vertex 129.971 141.606 0.2
      vertex 129.875 141.625 0
      vertex 129.971 141.606 0
    endloop
  endfacet
  facet normal -0.5547 -0.83205 0
    outer loop
      vertex 132.371 141.606 0
      vertex 132.452 141.552 0.2
      vertex 132.371 141.606 0.2
    endloop
  endfacet
  facet normal -0.5547 -0.83205 -0
    outer loop
      vertex 132.452 141.552 0.2
      vertex 132.371 141.606 0
      vertex 132.452 141.552 0
    endloop
  endfacet
  facet normal -0.83205 -0.5547 0
    outer loop
      vertex 132.506 141.471 0
      vertex 132.452 141.552 0.2
      vertex 132.452 141.552 0
    endloop
  endfacet
  facet normal -0.83205 -0.5547 0
    outer loop
      vertex 132.452 141.552 0.2
      vertex 132.506 141.471 0
      vertex 132.506 141.471 0.2
    endloop
  endfacet
  facet normal -0.980972 -0.194151 0
    outer loop
      vertex 132.525 141.375 0
      vertex 132.506 141.471 0.2
      vertex 132.506 141.471 0
    endloop
  endfacet
  facet normal -0.980972 -0.194151 0
    outer loop
      vertex 132.506 141.471 0.2
      vertex 132.525 141.375 0
      vertex 132.525 141.375 0.2
    endloop
  endfacet
  facet normal -1 0 0
    outer loop
      vertex 132.525 140.7 0
      vertex 132.525 141.375 0.2
      vertex 132.525 141.375 0
    endloop
  endfacet
  facet normal -1 -0 0
    outer loop
      vertex 132.525 141.375 0.2
      vertex 132.525 140.7 0
      vertex 132.525 140.7 0.2
    endloop
  endfacet
  facet normal -0.980972 0.194151 0
    outer loop
      vertex 132.506 140.604 0
      vertex 132.525 140.7 0.2
      vertex 132.525 140.7 0
    endloop
  endfacet
  facet normal -0.980972 0.194151 0
    outer loop
      vertex 132.525 140.7 0.2
      vertex 132.506 140.604 0
      vertex 132.506 140.604 0.2
    endloop
  endfacet
  facet normal -0.83205 0.5547 0
    outer loop
      vertex 132.452 140.523 0
      vertex 132.506 140.604 0.2
      vertex 132.506 140.604 0
    endloop
  endfacet
  facet normal -0.83205 0.5547 0
    outer loop
      vertex 132.506 140.604 0.2
      vertex 132.452 140.523 0
      vertex 132.452 140.523 0.2
    endloop
  endfacet
  facet normal -0.5547 0.83205 0
    outer loop
      vertex 132.452 140.523 0
      vertex 132.371 140.469 0.2
      vertex 132.452 140.523 0.2
    endloop
  endfacet
  facet normal -0.5547 0.83205 0
    outer loop
      vertex 132.371 140.469 0.2
      vertex 132.452 140.523 0
      vertex 132.371 140.469 0
    endloop
  endfacet
  facet normal -0.194151 0.980972 0
    outer loop
      vertex 132.371 140.469 0
      vertex 132.275 140.45 0.2
      vertex 132.371 140.469 0.2
    endloop
  endfacet
  facet normal -0.194151 0.980972 0
    outer loop
      vertex 132.275 140.45 0.2
      vertex 132.371 140.469 0
      vertex 132.275 140.45 0
    endloop
  endfacet
  facet normal 0 1 -0
    outer loop
      vertex 132.275 140.45 0
      vertex 131.325 140.45 0.2
      vertex 132.275 140.45 0.2
    endloop
  endfacet
  facet normal 0 1 0
    outer loop
      vertex 131.325 140.45 0.2
      vertex 132.275 140.45 0
      vertex 131.325 140.45 0
    endloop
  endfacet
  facet normal 0.194151 0.980972 -0
    outer loop
      vertex 131.325 140.45 0
      vertex 131.229 140.469 0.2
      vertex 131.325 140.45 0.2
    endloop
  endfacet
  facet normal 0.194151 0.980972 0
    outer loop
      vertex 131.229 140.469 0.2
      vertex 131.325 140.45 0
      vertex 131.229 140.469 0
    endloop
  endfacet
  facet normal 0.5547 0.83205 -0
    outer loop
      vertex 131.229 140.469 0
      vertex 131.148 140.523 0.2
      vertex 131.229 140.469 0.2
    endloop
  endfacet
  facet normal 0.5547 0.83205 0
    outer loop
      vertex 131.148 140.523 0.2
      vertex 131.229 140.469 0
      vertex 131.148 140.523 0
    endloop
  endfacet
  facet normal 0.83205 0.5547 0
    outer loop
      vertex 131.148 140.523 0.2
      vertex 131.094 140.604 0
      vertex 131.094 140.604 0.2
    endloop
  endfacet
  facet normal 0.83205 0.5547 0
    outer loop
      vertex 131.094 140.604 0
      vertex 131.148 140.523 0.2
      vertex 131.148 140.523 0
    endloop
  endfacet
  facet normal 0.980972 0.194151 0
    outer loop
      vertex 131.094 140.604 0.2
      vertex 131.075 140.7 0
      vertex 131.075 140.7 0.2
    endloop
  endfacet
  facet normal 0.980972 0.194151 0
    outer loop
      vertex 131.075 140.7 0
      vertex 131.094 140.604 0.2
      vertex 131.094 140.604 0
    endloop
  endfacet
  facet normal 1 -0 0
    outer loop
      vertex 131.075 140.7 0.2
      vertex 131.075 141.375 0
      vertex 131.075 141.375 0.2
    endloop
  endfacet
  facet normal 1 0 0
    outer loop
      vertex 131.075 141.375 0
      vertex 131.075 140.7 0.2
      vertex 131.075 140.7 0
    endloop
  endfacet
  facet normal 0.980972 -0.194151 0
    outer loop
      vertex 131.075 141.375 0.2
      vertex 131.094 141.471 0
      vertex 131.094 141.471 0.2
    endloop
  endfacet
  facet normal 0.980972 -0.194151 0
    outer loop
      vertex 131.094 141.471 0
      vertex 131.075 141.375 0.2
      vertex 131.075 141.375 0
    endloop
  endfacet
  facet normal 0.83205 -0.5547 0
    outer loop
      vertex 131.094 141.471 0.2
      vertex 131.148 141.552 0
      vertex 131.148 141.552 0.2
    endloop
  endfacet
  facet normal 0.83205 -0.5547 0
    outer loop
      vertex 131.148 141.552 0
      vertex 131.094 141.471 0.2
      vertex 131.094 141.471 0
    endloop
  endfacet
  facet normal 0.5547 -0.83205 0
    outer loop
      vertex 131.148 141.552 0
      vertex 131.229 141.606 0.2
      vertex 131.148 141.552 0.2
    endloop
  endfacet
  facet normal 0.5547 -0.83205 0
    outer loop
      vertex 131.229 141.606 0.2
      vertex 131.148 141.552 0
      vertex 131.229 141.606 0
    endloop
  endfacet
  facet normal 0.194151 -0.980972 0
    outer loop
      vertex 131.229 141.606 0
      vertex 131.325 141.625 0.2
      vertex 131.229 141.606 0.2
    endloop
  endfacet
  facet normal 0.194151 -0.980972 0
    outer loop
      vertex 131.325 141.625 0.2
      vertex 131.229 141.606 0
      vertex 131.325 141.625 0
    endloop
  endfacet
  facet normal 0 -1 0
    outer loop
      vertex 131.325 141.625 0
      vertex 132.275 141.625 0.2
      vertex 131.325 141.625 0.2
    endloop
  endfacet
  facet normal 0 -1 -0
    outer loop
      vertex 132.275 141.625 0.2
      vertex 131.325 141.625 0
      vertex 132.275 141.625 0
    endloop
  endfacet
  facet normal -0.194151 -0.980972 0
    outer loop
      vertex 132.275 141.625 0
      vertex 132.371 141.606 0.2
      vertex 132.275 141.625 0.2
    endloop
  endfacet
  facet normal -0.194151 -0.980972 -0
    outer loop
      vertex 132.371 141.606 0.2
      vertex 132.275 141.625 0
      vertex 132.371 141.606 0
    endloop
  endfacet
  facet normal -0.5547 -0.83205 0
    outer loop
      vertex 144.246 141.681 0
      vertex 144.327 141.627 0.2
      vertex 144.246 141.681 0.2
    endloop
  endfacet
  facet normal -0.5547 -0.83205 -0
    outer loop
      vertex 144.327 141.627 0.2
      vertex 144.246 141.681 0
      vertex 144.327 141.627 0
    endloop
  endfacet
  facet normal -0.83205 -0.5547 0
    outer loop
      vertex 144.381 141.546 0
      vertex 144.327 141.627 0.2
      vertex 144.327 141.627 0
    endloop
  endfacet
  facet normal -0.83205 -0.5547 0
    outer loop
      vertex 144.327 141.627 0.2
      vertex 144.381 141.546 0
      vertex 144.381 141.546 0.2
    endloop
  endfacet
  facet normal -0.980972 -0.194151 0
    outer loop
      vertex 144.4 141.45 0
      vertex 144.381 141.546 0.2
      vertex 144.381 141.546 0
    endloop
  endfacet
  facet normal -0.980972 -0.194151 0
    outer loop
      vertex 144.381 141.546 0.2
      vertex 144.4 141.45 0
      vertex 144.4 141.45 0.2
    endloop
  endfacet
  facet normal -1 0 0
    outer loop
      vertex 144.4 140.75 0
      vertex 144.4 141.45 0.2
      vertex 144.4 141.45 0
    endloop
  endfacet
  facet normal -1 -0 0
    outer loop
      vertex 144.4 141.45 0.2
      vertex 144.4 140.75 0
      vertex 144.4 140.75 0.2
    endloop
  endfacet
  facet normal -0.980972 0.194151 0
    outer loop
      vertex 144.381 140.654 0
      vertex 144.4 140.75 0.2
      vertex 144.4 140.75 0
    endloop
  endfacet
  facet normal -0.980972 0.194151 0
    outer loop
      vertex 144.4 140.75 0.2
      vertex 144.381 140.654 0
      vertex 144.381 140.654 0.2
    endloop
  endfacet
  facet normal -0.83205 0.5547 0
    outer loop
      vertex 144.327 140.573 0
      vertex 144.381 140.654 0.2
      vertex 144.381 140.654 0
    endloop
  endfacet
  facet normal -0.83205 0.5547 0
    outer loop
      vertex 144.381 140.654 0.2
      vertex 144.327 140.573 0
      vertex 144.327 140.573 0.2
    endloop
  endfacet
  facet normal -0.5547 0.83205 0
    outer loop
      vertex 144.327 140.573 0
      vertex 144.246 140.519 0.2
      vertex 144.327 140.573 0.2
    endloop
  endfacet
  facet normal -0.5547 0.83205 0
    outer loop
      vertex 144.246 140.519 0.2
      vertex 144.327 140.573 0
      vertex 144.246 140.519 0
    endloop
  endfacet
  facet normal -0.194151 0.980972 0
    outer loop
      vertex 144.246 140.519 0
      vertex 144.15 140.5 0.2
      vertex 144.246 140.519 0.2
    endloop
  endfacet
  facet normal -0.194151 0.980972 0
    outer loop
      vertex 144.15 140.5 0.2
      vertex 144.246 140.519 0
      vertex 144.15 140.5 0
    endloop
  endfacet
  facet normal 0 1 -0
    outer loop
      vertex 144.15 140.5 0
      vertex 143.25 140.5 0.2
      vertex 144.15 140.5 0.2
    endloop
  endfacet
  facet normal 0 1 0
    outer loop
      vertex 143.25 140.5 0.2
      vertex 144.15 140.5 0
      vertex 143.25 140.5 0
    endloop
  endfacet
  facet normal 0.194151 0.980972 -0
    outer loop
      vertex 143.25 140.5 0
      vertex 143.154 140.519 0.2
      vertex 143.25 140.5 0.2
    endloop
  endfacet
  facet normal 0.194151 0.980972 0
    outer loop
      vertex 143.154 140.519 0.2
      vertex 143.25 140.5 0
      vertex 143.154 140.519 0
    endloop
  endfacet
  facet normal 0.5547 0.83205 -0
    outer loop
      vertex 143.154 140.519 0
      vertex 143.073 140.573 0.2
      vertex 143.154 140.519 0.2
    endloop
  endfacet
  facet normal 0.5547 0.83205 0
    outer loop
      vertex 143.073 140.573 0.2
      vertex 143.154 140.519 0
      vertex 143.073 140.573 0
    endloop
  endfacet
  facet normal 0.83205 0.5547 0
    outer loop
      vertex 143.073 140.573 0.2
      vertex 143.019 140.654 0
      vertex 143.019 140.654 0.2
    endloop
  endfacet
  facet normal 0.83205 0.5547 0
    outer loop
      vertex 143.019 140.654 0
      vertex 143.073 140.573 0.2
      vertex 143.073 140.573 0
    endloop
  endfacet
  facet normal 0.980972 0.194151 0
    outer loop
      vertex 143.019 140.654 0.2
      vertex 143 140.75 0
      vertex 143 140.75 0.2
    endloop
  endfacet
  facet normal 0.980972 0.194151 0
    outer loop
      vertex 143 140.75 0
      vertex 143.019 140.654 0.2
      vertex 143.019 140.654 0
    endloop
  endfacet
  facet normal 1 -0 0
    outer loop
      vertex 143 140.75 0.2
      vertex 143 141.45 0
      vertex 143 141.45 0.2
    endloop
  endfacet
  facet normal 1 0 0
    outer loop
      vertex 143 141.45 0
      vertex 143 140.75 0.2
      vertex 143 140.75 0
    endloop
  endfacet
  facet normal 0.980972 -0.194151 0
    outer loop
      vertex 143 141.45 0.2
      vertex 143.019 141.546 0
      vertex 143.019 141.546 0.2
    endloop
  endfacet
  facet normal 0.980972 -0.194151 0
    outer loop
      vertex 143.019 141.546 0
      vertex 143 141.45 0.2
      vertex 143 141.45 0
    endloop
  endfacet
  facet normal 0.83205 -0.5547 0
    outer loop
      vertex 143.019 141.546 0.2
      vertex 143.073 141.627 0
      vertex 143.073 141.627 0.2
    endloop
  endfacet
  facet normal 0.83205 -0.5547 0
    outer loop
      vertex 143.073 141.627 0
      vertex 143.019 141.546 0.2
      vertex 143.019 141.546 0
    endloop
  endfacet
  facet normal 0.5547 -0.83205 0
    outer loop
      vertex 143.073 141.627 0
      vertex 143.154 141.681 0.2
      vertex 143.073 141.627 0.2
    endloop
  endfacet
  facet normal 0.5547 -0.83205 0
    outer loop
      vertex 143.154 141.681 0.2
      vertex 143.073 141.627 0
      vertex 143.154 141.681 0
    endloop
  endfacet
  facet normal 0.194151 -0.980972 0
    outer loop
      vertex 143.154 141.681 0
      vertex 143.25 141.7 0.2
      vertex 143.154 141.681 0.2
    endloop
  endfacet
  facet normal 0.194151 -0.980972 0
    outer loop
      vertex 143.25 141.7 0.2
      vertex 143.154 141.681 0
      vertex 143.25 141.7 0
    endloop
  endfacet
  facet normal 0 -1 0
    outer loop
      vertex 143.25 141.7 0
      vertex 144.15 141.7 0.2
      vertex 143.25 141.7 0.2
    endloop
  endfacet
  facet normal 0 -1 -0
    outer loop
      vertex 144.15 141.7 0.2
      vertex 143.25 141.7 0
      vertex 144.15 141.7 0
    endloop
  endfacet
  facet normal -0.194151 -0.980972 0
    outer loop
      vertex 144.15 141.7 0
      vertex 144.246 141.681 0.2
      vertex 144.15 141.7 0.2
    endloop
  endfacet
  facet normal -0.194151 -0.980972 -0
    outer loop
      vertex 144.246 141.681 0.2
      vertex 144.15 141.7 0
      vertex 144.246 141.681 0
    endloop
  endfacet
  facet normal -0.5547 -0.83205 0
    outer loop
      vertex 152.746 141.781 0
      vertex 152.827 141.727 0.2
      vertex 152.746 141.781 0.2
    endloop
  endfacet
  facet normal -0.5547 -0.83205 -0
    outer loop
      vertex 152.827 141.727 0.2
      vertex 152.746 141.781 0
      vertex 152.827 141.727 0
    endloop
  endfacet
  facet normal -0.83205 -0.5547 0
    outer loop
      vertex 152.881 141.646 0
      vertex 152.827 141.727 0.2
      vertex 152.827 141.727 0
    endloop
  endfacet
  facet normal -0.83205 -0.5547 0
    outer loop
      vertex 152.827 141.727 0.2
      vertex 152.881 141.646 0
      vertex 152.881 141.646 0.2
    endloop
  endfacet
  facet normal -0.980972 -0.194151 0
    outer loop
      vertex 152.9 141.55 0
      vertex 152.881 141.646 0.2
      vertex 152.881 141.646 0
    endloop
  endfacet
  facet normal -0.980972 -0.194151 0
    outer loop
      vertex 152.881 141.646 0.2
      vertex 152.9 141.55 0
      vertex 152.9 141.55 0.2
    endloop
  endfacet
  facet normal -1 0 0
    outer loop
      vertex 152.9 140.85 0
      vertex 152.9 141.55 0.2
      vertex 152.9 141.55 0
    endloop
  endfacet
  facet normal -1 -0 0
    outer loop
      vertex 152.9 141.55 0.2
      vertex 152.9 140.85 0
      vertex 152.9 140.85 0.2
    endloop
  endfacet
  facet normal -0.980972 0.194151 0
    outer loop
      vertex 152.881 140.754 0
      vertex 152.9 140.85 0.2
      vertex 152.9 140.85 0
    endloop
  endfacet
  facet normal -0.980972 0.194151 0
    outer loop
      vertex 152.9 140.85 0.2
      vertex 152.881 140.754 0
      vertex 152.881 140.754 0.2
    endloop
  endfacet
  facet normal -0.83205 0.5547 0
    outer loop
      vertex 152.827 140.673 0
      vertex 152.881 140.754 0.2
      vertex 152.881 140.754 0
    endloop
  endfacet
  facet normal -0.83205 0.5547 0
    outer loop
      vertex 152.881 140.754 0.2
      vertex 152.827 140.673 0
      vertex 152.827 140.673 0.2
    endloop
  endfacet
  facet normal -0.5547 0.83205 0
    outer loop
      vertex 152.827 140.673 0
      vertex 152.746 140.619 0.2
      vertex 152.827 140.673 0.2
    endloop
  endfacet
  facet normal -0.5547 0.83205 0
    outer loop
      vertex 152.746 140.619 0.2
      vertex 152.827 140.673 0
      vertex 152.746 140.619 0
    endloop
  endfacet
  facet normal -0.194151 0.980972 0
    outer loop
      vertex 152.746 140.619 0
      vertex 152.65 140.6 0.2
      vertex 152.746 140.619 0.2
    endloop
  endfacet
  facet normal -0.194151 0.980972 0
    outer loop
      vertex 152.65 140.6 0.2
      vertex 152.746 140.619 0
      vertex 152.65 140.6 0
    endloop
  endfacet
  facet normal 0 1 -0
    outer loop
      vertex 152.65 140.6 0
      vertex 151.75 140.6 0.2
      vertex 152.65 140.6 0.2
    endloop
  endfacet
  facet normal 0 1 0
    outer loop
      vertex 151.75 140.6 0.2
      vertex 152.65 140.6 0
      vertex 151.75 140.6 0
    endloop
  endfacet
  facet normal 0.194151 0.980972 -0
    outer loop
      vertex 151.75 140.6 0
      vertex 151.654 140.619 0.2
      vertex 151.75 140.6 0.2
    endloop
  endfacet
  facet normal 0.194151 0.980972 0
    outer loop
      vertex 151.654 140.619 0.2
      vertex 151.75 140.6 0
      vertex 151.654 140.619 0
    endloop
  endfacet
  facet normal 0.5547 0.83205 -0
    outer loop
      vertex 151.654 140.619 0
      vertex 151.573 140.673 0.2
      vertex 151.654 140.619 0.2
    endloop
  endfacet
  facet normal 0.5547 0.83205 0
    outer loop
      vertex 151.573 140.673 0.2
      vertex 151.654 140.619 0
      vertex 151.573 140.673 0
    endloop
  endfacet
  facet normal 0.83205 0.5547 0
    outer loop
      vertex 151.573 140.673 0.2
      vertex 151.519 140.754 0
      vertex 151.519 140.754 0.2
    endloop
  endfacet
  facet normal 0.83205 0.5547 0
    outer loop
      vertex 151.519 140.754 0
      vertex 151.573 140.673 0.2
      vertex 151.573 140.673 0
    endloop
  endfacet
  facet normal 0.980972 0.194151 0
    outer loop
      vertex 151.519 140.754 0.2
      vertex 151.5 140.85 0
      vertex 151.5 140.85 0.2
    endloop
  endfacet
  facet normal 0.980972 0.194151 0
    outer loop
      vertex 151.5 140.85 0
      vertex 151.519 140.754 0.2
      vertex 151.519 140.754 0
    endloop
  endfacet
  facet normal 1 -0 0
    outer loop
      vertex 151.5 140.85 0.2
      vertex 151.5 141.55 0
      vertex 151.5 141.55 0.2
    endloop
  endfacet
  facet normal 1 0 0
    outer loop
      vertex 151.5 141.55 0
      vertex 151.5 140.85 0.2
      vertex 151.5 140.85 0
    endloop
  endfacet
  facet normal 0.980972 -0.194151 0
    outer loop
      vertex 151.5 141.55 0.2
      vertex 151.519 141.646 0
      vertex 151.519 141.646 0.2
    endloop
  endfacet
  facet normal 0.980972 -0.194151 0
    outer loop
      vertex 151.519 141.646 0
      vertex 151.5 141.55 0.2
      vertex 151.5 141.55 0
    endloop
  endfacet
  facet normal 0.83205 -0.5547 0
    outer loop
      vertex 151.519 141.646 0.2
      vertex 151.573 141.727 0
      vertex 151.573 141.727 0.2
    endloop
  endfacet
  facet normal 0.83205 -0.5547 0
    outer loop
      vertex 151.573 141.727 0
      vertex 151.519 141.646 0.2
      vertex 151.519 141.646 0
    endloop
  endfacet
  facet normal 0.5547 -0.83205 0
    outer loop
      vertex 151.573 141.727 0
      vertex 151.654 141.781 0.2
      vertex 151.573 141.727 0.2
    endloop
  endfacet
  facet normal 0.5547 -0.83205 0
    outer loop
      vertex 151.654 141.781 0.2
      vertex 151.573 141.727 0
      vertex 151.654 141.781 0
    endloop
  endfacet
  facet normal 0.194151 -0.980972 0
    outer loop
      vertex 151.654 141.781 0
      vertex 151.75 141.8 0.2
      vertex 151.654 141.781 0.2
    endloop
  endfacet
  facet normal 0.194151 -0.980972 0
    outer loop
      vertex 151.75 141.8 0.2
      vertex 151.654 141.781 0
      vertex 151.75 141.8 0
    endloop
  endfacet
  facet normal 0 -1 0
    outer loop
      vertex 151.75 141.8 0
      vertex 152.65 141.8 0.2
      vertex 151.75 141.8 0.2
    endloop
  endfacet
  facet normal 0 -1 -0
    outer loop
      vertex 152.65 141.8 0.2
      vertex 151.75 141.8 0
      vertex 152.65 141.8 0
    endloop
  endfacet
  facet normal -0.194151 -0.980972 0
    outer loop
      vertex 152.65 141.8 0
      vertex 152.746 141.781 0.2
      vertex 152.65 141.8 0.2
    endloop
  endfacet
  facet normal -0.194151 -0.980972 -0
    outer loop
      vertex 152.746 141.781 0.2
      vertex 152.65 141.8 0
      vertex 152.746 141.781 0
    endloop
  endfacet
  facet normal -0.5547 -0.83205 0
    outer loop
      vertex 147.146 141.781 0
      vertex 147.227 141.727 0.2
      vertex 147.146 141.781 0.2
    endloop
  endfacet
  facet normal -0.5547 -0.83205 -0
    outer loop
      vertex 147.227 141.727 0.2
      vertex 147.146 141.781 0
      vertex 147.227 141.727 0
    endloop
  endfacet
  facet normal -0.83205 -0.5547 0
    outer loop
      vertex 147.281 141.646 0
      vertex 147.227 141.727 0.2
      vertex 147.227 141.727 0
    endloop
  endfacet
  facet normal -0.83205 -0.5547 0
    outer loop
      vertex 147.227 141.727 0.2
      vertex 147.281 141.646 0
      vertex 147.281 141.646 0.2
    endloop
  endfacet
  facet normal -0.980972 -0.194151 0
    outer loop
      vertex 147.3 141.55 0
      vertex 147.281 141.646 0.2
      vertex 147.281 141.646 0
    endloop
  endfacet
  facet normal -0.980972 -0.194151 0
    outer loop
      vertex 147.281 141.646 0.2
      vertex 147.3 141.55 0
      vertex 147.3 141.55 0.2
    endloop
  endfacet
  facet normal -1 0 0
    outer loop
      vertex 147.3 140.85 0
      vertex 147.3 141.55 0.2
      vertex 147.3 141.55 0
    endloop
  endfacet
  facet normal -1 -0 0
    outer loop
      vertex 147.3 141.55 0.2
      vertex 147.3 140.85 0
      vertex 147.3 140.85 0.2
    endloop
  endfacet
  facet normal -0.980972 0.194151 0
    outer loop
      vertex 147.281 140.754 0
      vertex 147.3 140.85 0.2
      vertex 147.3 140.85 0
    endloop
  endfacet
  facet normal -0.980972 0.194151 0
    outer loop
      vertex 147.3 140.85 0.2
      vertex 147.281 140.754 0
      vertex 147.281 140.754 0.2
    endloop
  endfacet
  facet normal -0.83205 0.5547 0
    outer loop
      vertex 147.227 140.673 0
      vertex 147.281 140.754 0.2
      vertex 147.281 140.754 0
    endloop
  endfacet
  facet normal -0.83205 0.5547 0
    outer loop
      vertex 147.281 140.754 0.2
      vertex 147.227 140.673 0
      vertex 147.227 140.673 0.2
    endloop
  endfacet
  facet normal -0.5547 0.83205 0
    outer loop
      vertex 147.227 140.673 0
      vertex 147.146 140.619 0.2
      vertex 147.227 140.673 0.2
    endloop
  endfacet
  facet normal -0.5547 0.83205 0
    outer loop
      vertex 147.146 140.619 0.2
      vertex 147.227 140.673 0
      vertex 147.146 140.619 0
    endloop
  endfacet
  facet normal -0.194151 0.980972 0
    outer loop
      vertex 147.146 140.619 0
      vertex 147.05 140.6 0.2
      vertex 147.146 140.619 0.2
    endloop
  endfacet
  facet normal -0.194151 0.980972 0
    outer loop
      vertex 147.05 140.6 0.2
      vertex 147.146 140.619 0
      vertex 147.05 140.6 0
    endloop
  endfacet
  facet normal 0 1 -0
    outer loop
      vertex 147.05 140.6 0
      vertex 146.15 140.6 0.2
      vertex 147.05 140.6 0.2
    endloop
  endfacet
  facet normal 0 1 0
    outer loop
      vertex 146.15 140.6 0.2
      vertex 147.05 140.6 0
      vertex 146.15 140.6 0
    endloop
  endfacet
  facet normal 0.196116 0.980581 -0
    outer loop
      vertex 146.15 140.6 0
      vertex 146.055 140.619 0.2
      vertex 146.15 140.6 0.2
    endloop
  endfacet
  facet normal 0.196116 0.980581 0
    outer loop
      vertex 146.055 140.619 0.2
      vertex 146.15 140.6 0
      vertex 146.055 140.619 0
    endloop
  endfacet
  facet normal 0.5547 0.83205 -0
    outer loop
      vertex 146.055 140.619 0
      vertex 145.974 140.673 0.2
      vertex 146.055 140.619 0.2
    endloop
  endfacet
  facet normal 0.5547 0.83205 0
    outer loop
      vertex 145.974 140.673 0.2
      vertex 146.055 140.619 0
      vertex 145.974 140.673 0
    endloop
  endfacet
  facet normal 0.827306 0.561751 0
    outer loop
      vertex 145.974 140.673 0.2
      vertex 145.919 140.754 0
      vertex 145.919 140.754 0.2
    endloop
  endfacet
  facet normal 0.827306 0.561751 0
    outer loop
      vertex 145.919 140.754 0
      vertex 145.974 140.673 0.2
      vertex 145.974 140.673 0
    endloop
  endfacet
  facet normal 0.980972 0.194151 0
    outer loop
      vertex 145.919 140.754 0.2
      vertex 145.9 140.85 0
      vertex 145.9 140.85 0.2
    endloop
  endfacet
  facet normal 0.980972 0.194151 0
    outer loop
      vertex 145.9 140.85 0
      vertex 145.919 140.754 0.2
      vertex 145.919 140.754 0
    endloop
  endfacet
  facet normal 1 -0 0
    outer loop
      vertex 145.9 140.85 0.2
      vertex 145.9 141.55 0
      vertex 145.9 141.55 0.2
    endloop
  endfacet
  facet normal 1 0 0
    outer loop
      vertex 145.9 141.55 0
      vertex 145.9 140.85 0.2
      vertex 145.9 140.85 0
    endloop
  endfacet
  facet normal 0.980972 -0.194151 0
    outer loop
      vertex 145.9 141.55 0.2
      vertex 145.919 141.646 0
      vertex 145.919 141.646 0.2
    endloop
  endfacet
  facet normal 0.980972 -0.194151 0
    outer loop
      vertex 145.919 141.646 0
      vertex 145.9 141.55 0.2
      vertex 145.9 141.55 0
    endloop
  endfacet
  facet normal 0.827306 -0.561751 0
    outer loop
      vertex 145.919 141.646 0.2
      vertex 145.974 141.727 0
      vertex 145.974 141.727 0.2
    endloop
  endfacet
  facet normal 0.827306 -0.561751 0
    outer loop
      vertex 145.974 141.727 0
      vertex 145.919 141.646 0.2
      vertex 145.919 141.646 0
    endloop
  endfacet
  facet normal 0.5547 -0.83205 0
    outer loop
      vertex 145.974 141.727 0
      vertex 146.055 141.781 0.2
      vertex 145.974 141.727 0.2
    endloop
  endfacet
  facet normal 0.5547 -0.83205 0
    outer loop
      vertex 146.055 141.781 0.2
      vertex 145.974 141.727 0
      vertex 146.055 141.781 0
    endloop
  endfacet
  facet normal 0.196116 -0.980581 0
    outer loop
      vertex 146.055 141.781 0
      vertex 146.15 141.8 0.2
      vertex 146.055 141.781 0.2
    endloop
  endfacet
  facet normal 0.196116 -0.980581 0
    outer loop
      vertex 146.15 141.8 0.2
      vertex 146.055 141.781 0
      vertex 146.15 141.8 0
    endloop
  endfacet
  facet normal 0 -1 0
    outer loop
      vertex 146.15 141.8 0
      vertex 147.05 141.8 0.2
      vertex 146.15 141.8 0.2
    endloop
  endfacet
  facet normal 0 -1 -0
    outer loop
      vertex 147.05 141.8 0.2
      vertex 146.15 141.8 0
      vertex 147.05 141.8 0
    endloop
  endfacet
  facet normal -0.194151 -0.980972 0
    outer loop
      vertex 147.05 141.8 0
      vertex 147.146 141.781 0.2
      vertex 147.05 141.8 0.2
    endloop
  endfacet
  facet normal -0.194151 -0.980972 -0
    outer loop
      vertex 147.146 141.781 0.2
      vertex 147.05 141.8 0
      vertex 147.146 141.781 0
    endloop
  endfacet
  facet normal -0.5547 -0.83205 0
    outer loop
      vertex 154.771 141.806 0
      vertex 154.852 141.752 0.2
      vertex 154.771 141.806 0.2
    endloop
  endfacet
  facet normal -0.5547 -0.83205 -0
    outer loop
      vertex 154.852 141.752 0.2
      vertex 154.771 141.806 0
      vertex 154.852 141.752 0
    endloop
  endfacet
  facet normal -0.83205 -0.5547 0
    outer loop
      vertex 154.906 141.671 0
      vertex 154.852 141.752 0.2
      vertex 154.852 141.752 0
    endloop
  endfacet
  facet normal -0.83205 -0.5547 0
    outer loop
      vertex 154.852 141.752 0.2
      vertex 154.906 141.671 0
      vertex 154.906 141.671 0.2
    endloop
  endfacet
  facet normal -0.980972 -0.194151 0
    outer loop
      vertex 154.925 141.575 0
      vertex 154.906 141.671 0.2
      vertex 154.906 141.671 0
    endloop
  endfacet
  facet normal -0.980972 -0.194151 0
    outer loop
      vertex 154.906 141.671 0.2
      vertex 154.925 141.575 0
      vertex 154.925 141.575 0.2
    endloop
  endfacet
  facet normal -1 0 0
    outer loop
      vertex 154.925 140.9 0
      vertex 154.925 141.575 0.2
      vertex 154.925 141.575 0
    endloop
  endfacet
  facet normal -1 -0 0
    outer loop
      vertex 154.925 141.575 0.2
      vertex 154.925 140.9 0
      vertex 154.925 140.9 0.2
    endloop
  endfacet
  facet normal -0.980581 0.196116 0
    outer loop
      vertex 154.906 140.805 0
      vertex 154.925 140.9 0.2
      vertex 154.925 140.9 0
    endloop
  endfacet
  facet normal -0.980581 0.196116 0
    outer loop
      vertex 154.925 140.9 0.2
      vertex 154.906 140.805 0
      vertex 154.906 140.805 0.2
    endloop
  endfacet
  facet normal -0.83205 0.5547 0
    outer loop
      vertex 154.852 140.724 0
      vertex 154.906 140.805 0.2
      vertex 154.906 140.805 0
    endloop
  endfacet
  facet normal -0.83205 0.5547 0
    outer loop
      vertex 154.906 140.805 0.2
      vertex 154.852 140.724 0
      vertex 154.852 140.724 0.2
    endloop
  endfacet
  facet normal -0.561751 0.827306 0
    outer loop
      vertex 154.852 140.724 0
      vertex 154.771 140.669 0.2
      vertex 154.852 140.724 0.2
    endloop
  endfacet
  facet normal -0.561751 0.827306 0
    outer loop
      vertex 154.771 140.669 0.2
      vertex 154.852 140.724 0
      vertex 154.771 140.669 0
    endloop
  endfacet
  facet normal -0.194151 0.980972 0
    outer loop
      vertex 154.771 140.669 0
      vertex 154.675 140.65 0.2
      vertex 154.771 140.669 0.2
    endloop
  endfacet
  facet normal -0.194151 0.980972 0
    outer loop
      vertex 154.675 140.65 0.2
      vertex 154.771 140.669 0
      vertex 154.675 140.65 0
    endloop
  endfacet
  facet normal 0 1 -0
    outer loop
      vertex 154.675 140.65 0
      vertex 153.725 140.65 0.2
      vertex 154.675 140.65 0.2
    endloop
  endfacet
  facet normal 0 1 0
    outer loop
      vertex 153.725 140.65 0.2
      vertex 154.675 140.65 0
      vertex 153.725 140.65 0
    endloop
  endfacet
  facet normal 0.194151 0.980972 -0
    outer loop
      vertex 153.725 140.65 0
      vertex 153.629 140.669 0.2
      vertex 153.725 140.65 0.2
    endloop
  endfacet
  facet normal 0.194151 0.980972 0
    outer loop
      vertex 153.629 140.669 0.2
      vertex 153.725 140.65 0
      vertex 153.629 140.669 0
    endloop
  endfacet
  facet normal 0.561751 0.827306 -0
    outer loop
      vertex 153.629 140.669 0
      vertex 153.548 140.724 0.2
      vertex 153.629 140.669 0.2
    endloop
  endfacet
  facet normal 0.561751 0.827306 0
    outer loop
      vertex 153.548 140.724 0.2
      vertex 153.629 140.669 0
      vertex 153.548 140.724 0
    endloop
  endfacet
  facet normal 0.83205 0.5547 0
    outer loop
      vertex 153.548 140.724 0.2
      vertex 153.494 140.805 0
      vertex 153.494 140.805 0.2
    endloop
  endfacet
  facet normal 0.83205 0.5547 0
    outer loop
      vertex 153.494 140.805 0
      vertex 153.548 140.724 0.2
      vertex 153.548 140.724 0
    endloop
  endfacet
  facet normal 0.980581 0.196116 0
    outer loop
      vertex 153.494 140.805 0.2
      vertex 153.475 140.9 0
      vertex 153.475 140.9 0.2
    endloop
  endfacet
  facet normal 0.980581 0.196116 0
    outer loop
      vertex 153.475 140.9 0
      vertex 153.494 140.805 0.2
      vertex 153.494 140.805 0
    endloop
  endfacet
  facet normal 1 -0 0
    outer loop
      vertex 153.475 140.9 0.2
      vertex 153.475 141.575 0
      vertex 153.475 141.575 0.2
    endloop
  endfacet
  facet normal 1 0 0
    outer loop
      vertex 153.475 141.575 0
      vertex 153.475 140.9 0.2
      vertex 153.475 140.9 0
    endloop
  endfacet
  facet normal 0.980972 -0.194151 0
    outer loop
      vertex 153.475 141.575 0.2
      vertex 153.494 141.671 0
      vertex 153.494 141.671 0.2
    endloop
  endfacet
  facet normal 0.980972 -0.194151 0
    outer loop
      vertex 153.494 141.671 0
      vertex 153.475 141.575 0.2
      vertex 153.475 141.575 0
    endloop
  endfacet
  facet normal 0.83205 -0.5547 0
    outer loop
      vertex 153.494 141.671 0.2
      vertex 153.548 141.752 0
      vertex 153.548 141.752 0.2
    endloop
  endfacet
  facet normal 0.83205 -0.5547 0
    outer loop
      vertex 153.548 141.752 0
      vertex 153.494 141.671 0.2
      vertex 153.494 141.671 0
    endloop
  endfacet
  facet normal 0.5547 -0.83205 0
    outer loop
      vertex 153.548 141.752 0
      vertex 153.629 141.806 0.2
      vertex 153.548 141.752 0.2
    endloop
  endfacet
  facet normal 0.5547 -0.83205 0
    outer loop
      vertex 153.629 141.806 0.2
      vertex 153.548 141.752 0
      vertex 153.629 141.806 0
    endloop
  endfacet
  facet normal 0.194151 -0.980972 0
    outer loop
      vertex 153.629 141.806 0
      vertex 153.725 141.825 0.2
      vertex 153.629 141.806 0.2
    endloop
  endfacet
  facet normal 0.194151 -0.980972 0
    outer loop
      vertex 153.725 141.825 0.2
      vertex 153.629 141.806 0
      vertex 153.725 141.825 0
    endloop
  endfacet
  facet normal 0 -1 0
    outer loop
      vertex 153.725 141.825 0
      vertex 154.675 141.825 0.2
      vertex 153.725 141.825 0.2
    endloop
  endfacet
  facet normal 0 -1 -0
    outer loop
      vertex 154.675 141.825 0.2
      vertex 153.725 141.825 0
      vertex 154.675 141.825 0
    endloop
  endfacet
  facet normal -0.194151 -0.980972 0
    outer loop
      vertex 154.675 141.825 0
      vertex 154.771 141.806 0.2
      vertex 154.675 141.825 0.2
    endloop
  endfacet
  facet normal -0.194151 -0.980972 -0
    outer loop
      vertex 154.771 141.806 0.2
      vertex 154.675 141.825 0
      vertex 154.771 141.806 0
    endloop
  endfacet
  facet normal -0.5547 -0.83205 0
    outer loop
      vertex 149.546 141.881 0
      vertex 149.627 141.827 0.2
      vertex 149.546 141.881 0.2
    endloop
  endfacet
  facet normal -0.5547 -0.83205 -0
    outer loop
      vertex 149.627 141.827 0.2
      vertex 149.546 141.881 0
      vertex 149.627 141.827 0
    endloop
  endfacet
  facet normal -0.83205 -0.5547 0
    outer loop
      vertex 149.681 141.746 0
      vertex 149.627 141.827 0.2
      vertex 149.627 141.827 0
    endloop
  endfacet
  facet normal -0.83205 -0.5547 0
    outer loop
      vertex 149.627 141.827 0.2
      vertex 149.681 141.746 0
      vertex 149.681 141.746 0.2
    endloop
  endfacet
  facet normal -0.980972 -0.194151 0
    outer loop
      vertex 149.7 141.65 0
      vertex 149.681 141.746 0.2
      vertex 149.681 141.746 0
    endloop
  endfacet
  facet normal -0.980972 -0.194151 0
    outer loop
      vertex 149.681 141.746 0.2
      vertex 149.7 141.65 0
      vertex 149.7 141.65 0.2
    endloop
  endfacet
  facet normal -1 0 0
    outer loop
      vertex 149.7 140.95 0
      vertex 149.7 141.65 0.2
      vertex 149.7 141.65 0
    endloop
  endfacet
  facet normal -1 -0 0
    outer loop
      vertex 149.7 141.65 0.2
      vertex 149.7 140.95 0
      vertex 149.7 140.95 0.2
    endloop
  endfacet
  facet normal -0.980972 0.194151 0
    outer loop
      vertex 149.681 140.854 0
      vertex 149.7 140.95 0.2
      vertex 149.7 140.95 0
    endloop
  endfacet
  facet normal -0.980972 0.194151 0
    outer loop
      vertex 149.7 140.95 0.2
      vertex 149.681 140.854 0
      vertex 149.681 140.854 0.2
    endloop
  endfacet
  facet normal -0.83205 0.5547 0
    outer loop
      vertex 149.627 140.773 0
      vertex 149.681 140.854 0.2
      vertex 149.681 140.854 0
    endloop
  endfacet
  facet normal -0.83205 0.5547 0
    outer loop
      vertex 149.681 140.854 0.2
      vertex 149.627 140.773 0
      vertex 149.627 140.773 0.2
    endloop
  endfacet
  facet normal -0.5547 0.83205 0
    outer loop
      vertex 149.627 140.773 0
      vertex 149.546 140.719 0.2
      vertex 149.627 140.773 0.2
    endloop
  endfacet
  facet normal -0.5547 0.83205 0
    outer loop
      vertex 149.546 140.719 0.2
      vertex 149.627 140.773 0
      vertex 149.546 140.719 0
    endloop
  endfacet
  facet normal -0.194151 0.980972 0
    outer loop
      vertex 149.546 140.719 0
      vertex 149.45 140.7 0.2
      vertex 149.546 140.719 0.2
    endloop
  endfacet
  facet normal -0.194151 0.980972 0
    outer loop
      vertex 149.45 140.7 0.2
      vertex 149.546 140.719 0
      vertex 149.45 140.7 0
    endloop
  endfacet
  facet normal 0 1 -0
    outer loop
      vertex 149.45 140.7 0
      vertex 148.55 140.7 0.2
      vertex 149.45 140.7 0.2
    endloop
  endfacet
  facet normal 0 1 0
    outer loop
      vertex 148.55 140.7 0.2
      vertex 149.45 140.7 0
      vertex 148.55 140.7 0
    endloop
  endfacet
  facet normal 0.194151 0.980972 -0
    outer loop
      vertex 148.55 140.7 0
      vertex 148.454 140.719 0.2
      vertex 148.55 140.7 0.2
    endloop
  endfacet
  facet normal 0.194151 0.980972 0
    outer loop
      vertex 148.454 140.719 0.2
      vertex 148.55 140.7 0
      vertex 148.454 140.719 0
    endloop
  endfacet
  facet normal 0.5547 0.83205 -0
    outer loop
      vertex 148.454 140.719 0
      vertex 148.373 140.773 0.2
      vertex 148.454 140.719 0.2
    endloop
  endfacet
  facet normal 0.5547 0.83205 0
    outer loop
      vertex 148.373 140.773 0.2
      vertex 148.454 140.719 0
      vertex 148.373 140.773 0
    endloop
  endfacet
  facet normal 0.83205 0.5547 0
    outer loop
      vertex 148.373 140.773 0.2
      vertex 148.319 140.854 0
      vertex 148.319 140.854 0.2
    endloop
  endfacet
  facet normal 0.83205 0.5547 0
    outer loop
      vertex 148.319 140.854 0
      vertex 148.373 140.773 0.2
      vertex 148.373 140.773 0
    endloop
  endfacet
  facet normal 0.980972 0.194151 0
    outer loop
      vertex 148.319 140.854 0.2
      vertex 148.3 140.95 0
      vertex 148.3 140.95 0.2
    endloop
  endfacet
  facet normal 0.980972 0.194151 0
    outer loop
      vertex 148.3 140.95 0
      vertex 148.319 140.854 0.2
      vertex 148.319 140.854 0
    endloop
  endfacet
  facet normal 1 -0 0
    outer loop
      vertex 148.3 140.95 0.2
      vertex 148.3 141.65 0
      vertex 148.3 141.65 0.2
    endloop
  endfacet
  facet normal 1 0 0
    outer loop
      vertex 148.3 141.65 0
      vertex 148.3 140.95 0.2
      vertex 148.3 140.95 0
    endloop
  endfacet
  facet normal 0.980972 -0.194151 0
    outer loop
      vertex 148.3 141.65 0.2
      vertex 148.319 141.746 0
      vertex 148.319 141.746 0.2
    endloop
  endfacet
  facet normal 0.980972 -0.194151 0
    outer loop
      vertex 148.319 141.746 0
      vertex 148.3 141.65 0.2
      vertex 148.3 141.65 0
    endloop
  endfacet
  facet normal 0.83205 -0.5547 0
    outer loop
      vertex 148.319 141.746 0.2
      vertex 148.373 141.827 0
      vertex 148.373 141.827 0.2
    endloop
  endfacet
  facet normal 0.83205 -0.5547 0
    outer loop
      vertex 148.373 141.827 0
      vertex 148.319 141.746 0.2
      vertex 148.319 141.746 0
    endloop
  endfacet
  facet normal 0.5547 -0.83205 0
    outer loop
      vertex 148.373 141.827 0
      vertex 148.454 141.881 0.2
      vertex 148.373 141.827 0.2
    endloop
  endfacet
  facet normal 0.5547 -0.83205 0
    outer loop
      vertex 148.454 141.881 0.2
      vertex 148.373 141.827 0
      vertex 148.454 141.881 0
    endloop
  endfacet
  facet normal 0.194151 -0.980972 0
    outer loop
      vertex 148.454 141.881 0
      vertex 148.55 141.9 0.2
      vertex 148.454 141.881 0.2
    endloop
  endfacet
  facet normal 0.194151 -0.980972 0
    outer loop
      vertex 148.55 141.9 0.2
      vertex 148.454 141.881 0
      vertex 148.55 141.9 0
    endloop
  endfacet
  facet normal 0 -1 0
    outer loop
      vertex 148.55 141.9 0
      vertex 149.45 141.9 0.2
      vertex 148.55 141.9 0.2
    endloop
  endfacet
  facet normal 0 -1 -0
    outer loop
      vertex 149.45 141.9 0.2
      vertex 148.55 141.9 0
      vertex 149.45 141.9 0
    endloop
  endfacet
  facet normal -0.194151 -0.980972 0
    outer loop
      vertex 149.45 141.9 0
      vertex 149.546 141.881 0.2
      vertex 149.45 141.9 0.2
    endloop
  endfacet
  facet normal -0.194151 -0.980972 -0
    outer loop
      vertex 149.546 141.881 0.2
      vertex 149.45 141.9 0
      vertex 149.546 141.881 0
    endloop
  endfacet
  facet normal -0.561751 -0.827306 0
    outer loop
      vertex 122.121 144.206 0
      vertex 122.202 144.151 0.2
      vertex 122.121 144.206 0.2
    endloop
  endfacet
  facet normal -0.561751 -0.827306 -0
    outer loop
      vertex 122.202 144.151 0.2
      vertex 122.121 144.206 0
      vertex 122.202 144.151 0
    endloop
  endfacet
  facet normal -0.83205 -0.5547 0
    outer loop
      vertex 122.256 144.07 0
      vertex 122.202 144.151 0.2
      vertex 122.202 144.151 0
    endloop
  endfacet
  facet normal -0.83205 -0.5547 0
    outer loop
      vertex 122.202 144.151 0.2
      vertex 122.256 144.07 0
      vertex 122.256 144.07 0.2
    endloop
  endfacet
  facet normal -0.980581 -0.196116 0
    outer loop
      vertex 122.275 143.975 0
      vertex 122.256 144.07 0.2
      vertex 122.256 144.07 0
    endloop
  endfacet
  facet normal -0.980581 -0.196116 0
    outer loop
      vertex 122.256 144.07 0.2
      vertex 122.275 143.975 0
      vertex 122.275 143.975 0.2
    endloop
  endfacet
  facet normal -1 0 0
    outer loop
      vertex 122.275 143.05 0
      vertex 122.275 143.975 0.2
      vertex 122.275 143.975 0
    endloop
  endfacet
  facet normal -1 -0 0
    outer loop
      vertex 122.275 143.975 0.2
      vertex 122.275 143.05 0
      vertex 122.275 143.05 0.2
    endloop
  endfacet
  facet normal -0.980972 0.194151 0
    outer loop
      vertex 122.256 142.954 0
      vertex 122.275 143.05 0.2
      vertex 122.275 143.05 0
    endloop
  endfacet
  facet normal -0.980972 0.194151 0
    outer loop
      vertex 122.275 143.05 0.2
      vertex 122.256 142.954 0
      vertex 122.256 142.954 0.2
    endloop
  endfacet
  facet normal -0.83205 0.5547 0
    outer loop
      vertex 122.202 142.873 0
      vertex 122.256 142.954 0.2
      vertex 122.256 142.954 0
    endloop
  endfacet
  facet normal -0.83205 0.5547 0
    outer loop
      vertex 122.256 142.954 0.2
      vertex 122.202 142.873 0
      vertex 122.202 142.873 0.2
    endloop
  endfacet
  facet normal -0.5547 0.83205 0
    outer loop
      vertex 122.202 142.873 0
      vertex 122.121 142.819 0.2
      vertex 122.202 142.873 0.2
    endloop
  endfacet
  facet normal -0.5547 0.83205 0
    outer loop
      vertex 122.121 142.819 0.2
      vertex 122.202 142.873 0
      vertex 122.121 142.819 0
    endloop
  endfacet
  facet normal -0.194151 0.980972 0
    outer loop
      vertex 122.121 142.819 0
      vertex 122.025 142.8 0.2
      vertex 122.121 142.819 0.2
    endloop
  endfacet
  facet normal -0.194151 0.980972 0
    outer loop
      vertex 122.025 142.8 0.2
      vertex 122.121 142.819 0
      vertex 122.025 142.8 0
    endloop
  endfacet
  facet normal 0 1 -0
    outer loop
      vertex 122.025 142.8 0
      vertex 120.775 142.8 0.2
      vertex 122.025 142.8 0.2
    endloop
  endfacet
  facet normal 0 1 0
    outer loop
      vertex 120.775 142.8 0.2
      vertex 122.025 142.8 0
      vertex 120.775 142.8 0
    endloop
  endfacet
  facet normal 0.196116 0.980581 -0
    outer loop
      vertex 120.775 142.8 0
      vertex 120.68 142.819 0.2
      vertex 120.775 142.8 0.2
    endloop
  endfacet
  facet normal 0.196116 0.980581 0
    outer loop
      vertex 120.68 142.819 0.2
      vertex 120.775 142.8 0
      vertex 120.68 142.819 0
    endloop
  endfacet
  facet normal 0.5547 0.83205 -0
    outer loop
      vertex 120.68 142.819 0
      vertex 120.599 142.873 0.2
      vertex 120.68 142.819 0.2
    endloop
  endfacet
  facet normal 0.5547 0.83205 0
    outer loop
      vertex 120.599 142.873 0.2
      vertex 120.68 142.819 0
      vertex 120.599 142.873 0
    endloop
  endfacet
  facet normal 0.827306 0.561751 0
    outer loop
      vertex 120.599 142.873 0.2
      vertex 120.544 142.954 0
      vertex 120.544 142.954 0.2
    endloop
  endfacet
  facet normal 0.827306 0.561751 0
    outer loop
      vertex 120.544 142.954 0
      vertex 120.599 142.873 0.2
      vertex 120.599 142.873 0
    endloop
  endfacet
  facet normal 0.980972 0.194151 0
    outer loop
      vertex 120.544 142.954 0.2
      vertex 120.525 143.05 0
      vertex 120.525 143.05 0.2
    endloop
  endfacet
  facet normal 0.980972 0.194151 0
    outer loop
      vertex 120.525 143.05 0
      vertex 120.544 142.954 0.2
      vertex 120.544 142.954 0
    endloop
  endfacet
  facet normal 1 -0 0
    outer loop
      vertex 120.525 143.05 0.2
      vertex 120.525 143.975 0
      vertex 120.525 143.975 0.2
    endloop
  endfacet
  facet normal 1 0 0
    outer loop
      vertex 120.525 143.975 0
      vertex 120.525 143.05 0.2
      vertex 120.525 143.05 0
    endloop
  endfacet
  facet normal 0.980581 -0.196116 0
    outer loop
      vertex 120.525 143.975 0.2
      vertex 120.544 144.07 0
      vertex 120.544 144.07 0.2
    endloop
  endfacet
  facet normal 0.980581 -0.196116 0
    outer loop
      vertex 120.544 144.07 0
      vertex 120.525 143.975 0.2
      vertex 120.525 143.975 0
    endloop
  endfacet
  facet normal 0.827306 -0.561751 0
    outer loop
      vertex 120.544 144.07 0.2
      vertex 120.599 144.151 0
      vertex 120.599 144.151 0.2
    endloop
  endfacet
  facet normal 0.827306 -0.561751 0
    outer loop
      vertex 120.599 144.151 0
      vertex 120.544 144.07 0.2
      vertex 120.544 144.07 0
    endloop
  endfacet
  facet normal 0.561751 -0.827306 0
    outer loop
      vertex 120.599 144.151 0
      vertex 120.68 144.206 0.2
      vertex 120.599 144.151 0.2
    endloop
  endfacet
  facet normal 0.561751 -0.827306 0
    outer loop
      vertex 120.68 144.206 0.2
      vertex 120.599 144.151 0
      vertex 120.68 144.206 0
    endloop
  endfacet
  facet normal 0.196116 -0.980581 0
    outer loop
      vertex 120.68 144.206 0
      vertex 120.775 144.225 0.2
      vertex 120.68 144.206 0.2
    endloop
  endfacet
  facet normal 0.196116 -0.980581 0
    outer loop
      vertex 120.775 144.225 0.2
      vertex 120.68 144.206 0
      vertex 120.775 144.225 0
    endloop
  endfacet
  facet normal 0 -1 0
    outer loop
      vertex 120.775 144.225 0
      vertex 122.025 144.225 0.2
      vertex 120.775 144.225 0.2
    endloop
  endfacet
  facet normal 0 -1 -0
    outer loop
      vertex 122.025 144.225 0.2
      vertex 120.775 144.225 0
      vertex 122.025 144.225 0
    endloop
  endfacet
  facet normal -0.194151 -0.980972 0
    outer loop
      vertex 122.025 144.225 0
      vertex 122.121 144.206 0.2
      vertex 122.025 144.225 0.2
    endloop
  endfacet
  facet normal -0.194151 -0.980972 -0
    outer loop
      vertex 122.121 144.206 0.2
      vertex 122.025 144.225 0
      vertex 122.121 144.206 0
    endloop
  endfacet
  facet normal -0.5547 -0.83205 0
    outer loop
      vertex 125.596 144.441 0
      vertex 125.677 144.387 0.2
      vertex 125.596 144.441 0.2
    endloop
  endfacet
  facet normal -0.5547 -0.83205 -0
    outer loop
      vertex 125.677 144.387 0.2
      vertex 125.596 144.441 0
      vertex 125.677 144.387 0
    endloop
  endfacet
  facet normal -0.83205 -0.5547 0
    outer loop
      vertex 125.731 144.306 0
      vertex 125.677 144.387 0.2
      vertex 125.677 144.387 0
    endloop
  endfacet
  facet normal -0.83205 -0.5547 0
    outer loop
      vertex 125.677 144.387 0.2
      vertex 125.731 144.306 0
      vertex 125.731 144.306 0.2
    endloop
  endfacet
  facet normal -0.980972 -0.194151 0
    outer loop
      vertex 125.75 144.21 0
      vertex 125.731 144.306 0.2
      vertex 125.731 144.306 0
    endloop
  endfacet
  facet normal -0.980972 -0.194151 0
    outer loop
      vertex 125.731 144.306 0.2
      vertex 125.75 144.21 0
      vertex 125.75 144.21 0.2
    endloop
  endfacet
  facet normal -1 0 0
    outer loop
      vertex 125.75 143.51 0
      vertex 125.75 144.21 0.2
      vertex 125.75 144.21 0
    endloop
  endfacet
  facet normal -1 -0 0
    outer loop
      vertex 125.75 144.21 0.2
      vertex 125.75 143.51 0
      vertex 125.75 143.51 0.2
    endloop
  endfacet
  facet normal -0.980972 0.194151 0
    outer loop
      vertex 125.731 143.414 0
      vertex 125.75 143.51 0.2
      vertex 125.75 143.51 0
    endloop
  endfacet
  facet normal -0.980972 0.194151 0
    outer loop
      vertex 125.75 143.51 0.2
      vertex 125.731 143.414 0
      vertex 125.731 143.414 0.2
    endloop
  endfacet
  facet normal -0.83205 0.5547 0
    outer loop
      vertex 125.677 143.333 0
      vertex 125.731 143.414 0.2
      vertex 125.731 143.414 0
    endloop
  endfacet
  facet normal -0.83205 0.5547 0
    outer loop
      vertex 125.731 143.414 0.2
      vertex 125.677 143.333 0
      vertex 125.677 143.333 0.2
    endloop
  endfacet
  facet normal -0.5547 0.83205 0
    outer loop
      vertex 125.677 143.333 0
      vertex 125.596 143.279 0.2
      vertex 125.677 143.333 0.2
    endloop
  endfacet
  facet normal -0.5547 0.83205 0
    outer loop
      vertex 125.596 143.279 0.2
      vertex 125.677 143.333 0
      vertex 125.596 143.279 0
    endloop
  endfacet
  facet normal -0.194151 0.980972 0
    outer loop
      vertex 125.596 143.279 0
      vertex 125.5 143.26 0.2
      vertex 125.596 143.279 0.2
    endloop
  endfacet
  facet normal -0.194151 0.980972 0
    outer loop
      vertex 125.5 143.26 0.2
      vertex 125.596 143.279 0
      vertex 125.5 143.26 0
    endloop
  endfacet
  facet normal 0 1 -0
    outer loop
      vertex 125.5 143.26 0
      vertex 124.6 143.26 0.2
      vertex 125.5 143.26 0.2
    endloop
  endfacet
  facet normal 0 1 0
    outer loop
      vertex 124.6 143.26 0.2
      vertex 125.5 143.26 0
      vertex 124.6 143.26 0
    endloop
  endfacet
  facet normal 0.194151 0.980972 -0
    outer loop
      vertex 124.6 143.26 0
      vertex 124.504 143.279 0.2
      vertex 124.6 143.26 0.2
    endloop
  endfacet
  facet normal 0.194151 0.980972 0
    outer loop
      vertex 124.504 143.279 0.2
      vertex 124.6 143.26 0
      vertex 124.504 143.279 0
    endloop
  endfacet
  facet normal 0.5547 0.83205 -0
    outer loop
      vertex 124.504 143.279 0
      vertex 124.423 143.333 0.2
      vertex 124.504 143.279 0.2
    endloop
  endfacet
  facet normal 0.5547 0.83205 0
    outer loop
      vertex 124.423 143.333 0.2
      vertex 124.504 143.279 0
      vertex 124.423 143.333 0
    endloop
  endfacet
  facet normal 0.83205 0.5547 0
    outer loop
      vertex 124.423 143.333 0.2
      vertex 124.369 143.414 0
      vertex 124.369 143.414 0.2
    endloop
  endfacet
  facet normal 0.83205 0.5547 0
    outer loop
      vertex 124.369 143.414 0
      vertex 124.423 143.333 0.2
      vertex 124.423 143.333 0
    endloop
  endfacet
  facet normal 0.980972 0.194151 0
    outer loop
      vertex 124.369 143.414 0.2
      vertex 124.35 143.51 0
      vertex 124.35 143.51 0.2
    endloop
  endfacet
  facet normal 0.980972 0.194151 0
    outer loop
      vertex 124.35 143.51 0
      vertex 124.369 143.414 0.2
      vertex 124.369 143.414 0
    endloop
  endfacet
  facet normal 1 -0 0
    outer loop
      vertex 124.35 143.51 0.2
      vertex 124.35 144.21 0
      vertex 124.35 144.21 0.2
    endloop
  endfacet
  facet normal 1 0 0
    outer loop
      vertex 124.35 144.21 0
      vertex 124.35 143.51 0.2
      vertex 124.35 143.51 0
    endloop
  endfacet
  facet normal 0.980972 -0.194151 0
    outer loop
      vertex 124.35 144.21 0.2
      vertex 124.369 144.306 0
      vertex 124.369 144.306 0.2
    endloop
  endfacet
  facet normal 0.980972 -0.194151 0
    outer loop
      vertex 124.369 144.306 0
      vertex 124.35 144.21 0.2
      vertex 124.35 144.21 0
    endloop
  endfacet
  facet normal 0.83205 -0.5547 0
    outer loop
      vertex 124.369 144.306 0.2
      vertex 124.423 144.387 0
      vertex 124.423 144.387 0.2
    endloop
  endfacet
  facet normal 0.83205 -0.5547 0
    outer loop
      vertex 124.423 144.387 0
      vertex 124.369 144.306 0.2
      vertex 124.369 144.306 0
    endloop
  endfacet
  facet normal 0.5547 -0.83205 0
    outer loop
      vertex 124.423 144.387 0
      vertex 124.504 144.441 0.2
      vertex 124.423 144.387 0.2
    endloop
  endfacet
  facet normal 0.5547 -0.83205 0
    outer loop
      vertex 124.504 144.441 0.2
      vertex 124.423 144.387 0
      vertex 124.504 144.441 0
    endloop
  endfacet
  facet normal 0.194151 -0.980972 0
    outer loop
      vertex 124.504 144.441 0
      vertex 124.6 144.46 0.2
      vertex 124.504 144.441 0.2
    endloop
  endfacet
  facet normal 0.194151 -0.980972 0
    outer loop
      vertex 124.6 144.46 0.2
      vertex 124.504 144.441 0
      vertex 124.6 144.46 0
    endloop
  endfacet
  facet normal 0 -1 0
    outer loop
      vertex 124.6 144.46 0
      vertex 125.5 144.46 0.2
      vertex 124.6 144.46 0.2
    endloop
  endfacet
  facet normal 0 -1 -0
    outer loop
      vertex 125.5 144.46 0.2
      vertex 124.6 144.46 0
      vertex 125.5 144.46 0
    endloop
  endfacet
  facet normal -0.194151 -0.980972 0
    outer loop
      vertex 125.5 144.46 0
      vertex 125.596 144.441 0.2
      vertex 125.5 144.46 0.2
    endloop
  endfacet
  facet normal -0.194151 -0.980972 -0
    outer loop
      vertex 125.596 144.441 0.2
      vertex 125.5 144.46 0
      vertex 125.596 144.441 0
    endloop
  endfacet
  facet normal -0.5547 -0.83205 0
    outer loop
      vertex 157.871 145.031 0
      vertex 157.952 144.977 0.2
      vertex 157.871 145.031 0.2
    endloop
  endfacet
  facet normal -0.5547 -0.83205 -0
    outer loop
      vertex 157.952 144.977 0.2
      vertex 157.871 145.031 0
      vertex 157.952 144.977 0
    endloop
  endfacet
  facet normal -0.83205 -0.5547 0
    outer loop
      vertex 158.006 144.896 0
      vertex 157.952 144.977 0.2
      vertex 157.952 144.977 0
    endloop
  endfacet
  facet normal -0.83205 -0.5547 0
    outer loop
      vertex 157.952 144.977 0.2
      vertex 158.006 144.896 0
      vertex 158.006 144.896 0.2
    endloop
  endfacet
  facet normal -0.980972 -0.194151 0
    outer loop
      vertex 158.025 144.8 0
      vertex 158.006 144.896 0.2
      vertex 158.006 144.896 0
    endloop
  endfacet
  facet normal -0.980972 -0.194151 0
    outer loop
      vertex 158.006 144.896 0.2
      vertex 158.025 144.8 0
      vertex 158.025 144.8 0.2
    endloop
  endfacet
  facet normal -1 0 0
    outer loop
      vertex 158.025 144.125 0
      vertex 158.025 144.8 0.2
      vertex 158.025 144.8 0
    endloop
  endfacet
  facet normal -1 -0 0
    outer loop
      vertex 158.025 144.8 0.2
      vertex 158.025 144.125 0
      vertex 158.025 144.125 0.2
    endloop
  endfacet
  facet normal -0.980972 0.194151 0
    outer loop
      vertex 158.006 144.029 0
      vertex 158.025 144.125 0.2
      vertex 158.025 144.125 0
    endloop
  endfacet
  facet normal -0.980972 0.194151 0
    outer loop
      vertex 158.025 144.125 0.2
      vertex 158.006 144.029 0
      vertex 158.006 144.029 0.2
    endloop
  endfacet
  facet normal -0.83205 0.5547 0
    outer loop
      vertex 157.952 143.948 0
      vertex 158.006 144.029 0.2
      vertex 158.006 144.029 0
    endloop
  endfacet
  facet normal -0.83205 0.5547 0
    outer loop
      vertex 158.006 144.029 0.2
      vertex 157.952 143.948 0
      vertex 157.952 143.948 0.2
    endloop
  endfacet
  facet normal -0.5547 0.83205 0
    outer loop
      vertex 157.952 143.948 0
      vertex 157.871 143.894 0.2
      vertex 157.952 143.948 0.2
    endloop
  endfacet
  facet normal -0.5547 0.83205 0
    outer loop
      vertex 157.871 143.894 0.2
      vertex 157.952 143.948 0
      vertex 157.871 143.894 0
    endloop
  endfacet
  facet normal -0.194151 0.980972 0
    outer loop
      vertex 157.871 143.894 0
      vertex 157.775 143.875 0.2
      vertex 157.871 143.894 0.2
    endloop
  endfacet
  facet normal -0.194151 0.980972 0
    outer loop
      vertex 157.775 143.875 0.2
      vertex 157.871 143.894 0
      vertex 157.775 143.875 0
    endloop
  endfacet
  facet normal 0 1 -0
    outer loop
      vertex 157.775 143.875 0
      vertex 156.825 143.875 0.2
      vertex 157.775 143.875 0.2
    endloop
  endfacet
  facet normal 0 1 0
    outer loop
      vertex 156.825 143.875 0.2
      vertex 157.775 143.875 0
      vertex 156.825 143.875 0
    endloop
  endfacet
  facet normal 0.194151 0.980972 -0
    outer loop
      vertex 156.825 143.875 0
      vertex 156.729 143.894 0.2
      vertex 156.825 143.875 0.2
    endloop
  endfacet
  facet normal 0.194151 0.980972 0
    outer loop
      vertex 156.729 143.894 0.2
      vertex 156.825 143.875 0
      vertex 156.729 143.894 0
    endloop
  endfacet
  facet normal 0.5547 0.83205 -0
    outer loop
      vertex 156.729 143.894 0
      vertex 156.648 143.948 0.2
      vertex 156.729 143.894 0.2
    endloop
  endfacet
  facet normal 0.5547 0.83205 0
    outer loop
      vertex 156.648 143.948 0.2
      vertex 156.729 143.894 0
      vertex 156.648 143.948 0
    endloop
  endfacet
  facet normal 0.83205 0.5547 0
    outer loop
      vertex 156.648 143.948 0.2
      vertex 156.594 144.029 0
      vertex 156.594 144.029 0.2
    endloop
  endfacet
  facet normal 0.83205 0.5547 0
    outer loop
      vertex 156.594 144.029 0
      vertex 156.648 143.948 0.2
      vertex 156.648 143.948 0
    endloop
  endfacet
  facet normal 0.980972 0.194151 0
    outer loop
      vertex 156.594 144.029 0.2
      vertex 156.575 144.125 0
      vertex 156.575 144.125 0.2
    endloop
  endfacet
  facet normal 0.980972 0.194151 0
    outer loop
      vertex 156.575 144.125 0
      vertex 156.594 144.029 0.2
      vertex 156.594 144.029 0
    endloop
  endfacet
  facet normal 1 -0 0
    outer loop
      vertex 156.575 144.125 0.2
      vertex 156.575 144.8 0
      vertex 156.575 144.8 0.2
    endloop
  endfacet
  facet normal 1 0 0
    outer loop
      vertex 156.575 144.8 0
      vertex 156.575 144.125 0.2
      vertex 156.575 144.125 0
    endloop
  endfacet
  facet normal 0.980972 -0.194151 0
    outer loop
      vertex 156.575 144.8 0.2
      vertex 156.594 144.896 0
      vertex 156.594 144.896 0.2
    endloop
  endfacet
  facet normal 0.980972 -0.194151 0
    outer loop
      vertex 156.594 144.896 0
      vertex 156.575 144.8 0.2
      vertex 156.575 144.8 0
    endloop
  endfacet
  facet normal 0.83205 -0.5547 0
    outer loop
      vertex 156.594 144.896 0.2
      vertex 156.648 144.977 0
      vertex 156.648 144.977 0.2
    endloop
  endfacet
  facet normal 0.83205 -0.5547 0
    outer loop
      vertex 156.648 144.977 0
      vertex 156.594 144.896 0.2
      vertex 156.594 144.896 0
    endloop
  endfacet
  facet normal 0.5547 -0.83205 0
    outer loop
      vertex 156.648 144.977 0
      vertex 156.729 145.031 0.2
      vertex 156.648 144.977 0.2
    endloop
  endfacet
  facet normal 0.5547 -0.83205 0
    outer loop
      vertex 156.729 145.031 0.2
      vertex 156.648 144.977 0
      vertex 156.729 145.031 0
    endloop
  endfacet
  facet normal 0.194151 -0.980972 0
    outer loop
      vertex 156.729 145.031 0
      vertex 156.825 145.05 0.2
      vertex 156.729 145.031 0.2
    endloop
  endfacet
  facet normal 0.194151 -0.980972 0
    outer loop
      vertex 156.825 145.05 0.2
      vertex 156.729 145.031 0
      vertex 156.825 145.05 0
    endloop
  endfacet
  facet normal 0 -1 0
    outer loop
      vertex 156.825 145.05 0
      vertex 157.775 145.05 0.2
      vertex 156.825 145.05 0.2
    endloop
  endfacet
  facet normal 0 -1 -0
    outer loop
      vertex 157.775 145.05 0.2
      vertex 156.825 145.05 0
      vertex 157.775 145.05 0
    endloop
  endfacet
  facet normal -0.194151 -0.980972 0
    outer loop
      vertex 157.775 145.05 0
      vertex 157.871 145.031 0.2
      vertex 157.775 145.05 0.2
    endloop
  endfacet
  facet normal -0.194151 -0.980972 -0
    outer loop
      vertex 157.871 145.031 0.2
      vertex 157.775 145.05 0
      vertex 157.871 145.031 0
    endloop
  endfacet
  facet normal -0.561751 -0.827306 0
    outer loop
      vertex 155.445 145.081 0
      vertex 155.526 145.026 0.2
      vertex 155.445 145.081 0.2
    endloop
  endfacet
  facet normal -0.561751 -0.827306 -0
    outer loop
      vertex 155.526 145.026 0.2
      vertex 155.445 145.081 0
      vertex 155.526 145.026 0
    endloop
  endfacet
  facet normal -0.827306 -0.561751 0
    outer loop
      vertex 155.581 144.945 0
      vertex 155.526 145.026 0.2
      vertex 155.526 145.026 0
    endloop
  endfacet
  facet normal -0.827306 -0.561751 0
    outer loop
      vertex 155.526 145.026 0.2
      vertex 155.581 144.945 0
      vertex 155.581 144.945 0.2
    endloop
  endfacet
  facet normal -0.980581 -0.196116 0
    outer loop
      vertex 155.6 144.85 0
      vertex 155.581 144.945 0.2
      vertex 155.581 144.945 0
    endloop
  endfacet
  facet normal -0.980581 -0.196116 0
    outer loop
      vertex 155.581 144.945 0.2
      vertex 155.6 144.85 0
      vertex 155.6 144.85 0.2
    endloop
  endfacet
  facet normal -1 0 0
    outer loop
      vertex 155.6 144.15 0
      vertex 155.6 144.85 0.2
      vertex 155.6 144.85 0
    endloop
  endfacet
  facet normal -1 -0 0
    outer loop
      vertex 155.6 144.85 0.2
      vertex 155.6 144.15 0
      vertex 155.6 144.15 0.2
    endloop
  endfacet
  facet normal -0.980581 0.196116 0
    outer loop
      vertex 155.581 144.055 0
      vertex 155.6 144.15 0.2
      vertex 155.6 144.15 0
    endloop
  endfacet
  facet normal -0.980581 0.196116 0
    outer loop
      vertex 155.6 144.15 0.2
      vertex 155.581 144.055 0
      vertex 155.581 144.055 0.2
    endloop
  endfacet
  facet normal -0.827306 0.561751 0
    outer loop
      vertex 155.526 143.974 0
      vertex 155.581 144.055 0.2
      vertex 155.581 144.055 0
    endloop
  endfacet
  facet normal -0.827306 0.561751 0
    outer loop
      vertex 155.581 144.055 0.2
      vertex 155.526 143.974 0
      vertex 155.526 143.974 0.2
    endloop
  endfacet
  facet normal -0.561751 0.827306 0
    outer loop
      vertex 155.526 143.974 0
      vertex 155.445 143.919 0.2
      vertex 155.526 143.974 0.2
    endloop
  endfacet
  facet normal -0.561751 0.827306 0
    outer loop
      vertex 155.445 143.919 0.2
      vertex 155.526 143.974 0
      vertex 155.445 143.919 0
    endloop
  endfacet
  facet normal -0.196116 0.980581 0
    outer loop
      vertex 155.445 143.919 0
      vertex 155.35 143.9 0.2
      vertex 155.445 143.919 0.2
    endloop
  endfacet
  facet normal -0.196116 0.980581 0
    outer loop
      vertex 155.35 143.9 0.2
      vertex 155.445 143.919 0
      vertex 155.35 143.9 0
    endloop
  endfacet
  facet normal 0 1 -0
    outer loop
      vertex 155.35 143.9 0
      vertex 154.45 143.9 0.2
      vertex 155.35 143.9 0.2
    endloop
  endfacet
  facet normal 0 1 0
    outer loop
      vertex 154.45 143.9 0.2
      vertex 155.35 143.9 0
      vertex 154.45 143.9 0
    endloop
  endfacet
  facet normal 0.194151 0.980972 -0
    outer loop
      vertex 154.45 143.9 0
      vertex 154.354 143.919 0.2
      vertex 154.45 143.9 0.2
    endloop
  endfacet
  facet normal 0.194151 0.980972 0
    outer loop
      vertex 154.354 143.919 0.2
      vertex 154.45 143.9 0
      vertex 154.354 143.919 0
    endloop
  endfacet
  facet normal 0.561751 0.827306 -0
    outer loop
      vertex 154.354 143.919 0
      vertex 154.273 143.974 0.2
      vertex 154.354 143.919 0.2
    endloop
  endfacet
  facet normal 0.561751 0.827306 0
    outer loop
      vertex 154.273 143.974 0.2
      vertex 154.354 143.919 0
      vertex 154.273 143.974 0
    endloop
  endfacet
  facet normal 0.83205 0.5547 0
    outer loop
      vertex 154.273 143.974 0.2
      vertex 154.219 144.055 0
      vertex 154.219 144.055 0.2
    endloop
  endfacet
  facet normal 0.83205 0.5547 0
    outer loop
      vertex 154.219 144.055 0
      vertex 154.273 143.974 0.2
      vertex 154.273 143.974 0
    endloop
  endfacet
  facet normal 0.980581 0.196116 0
    outer loop
      vertex 154.219 144.055 0.2
      vertex 154.2 144.15 0
      vertex 154.2 144.15 0.2
    endloop
  endfacet
  facet normal 0.980581 0.196116 0
    outer loop
      vertex 154.2 144.15 0
      vertex 154.219 144.055 0.2
      vertex 154.219 144.055 0
    endloop
  endfacet
  facet normal 1 -0 0
    outer loop
      vertex 154.2 144.15 0.2
      vertex 154.2 144.85 0
      vertex 154.2 144.85 0.2
    endloop
  endfacet
  facet normal 1 0 0
    outer loop
      vertex 154.2 144.85 0
      vertex 154.2 144.15 0.2
      vertex 154.2 144.15 0
    endloop
  endfacet
  facet normal 0.980581 -0.196116 0
    outer loop
      vertex 154.2 144.85 0.2
      vertex 154.219 144.945 0
      vertex 154.219 144.945 0.2
    endloop
  endfacet
  facet normal 0.980581 -0.196116 0
    outer loop
      vertex 154.219 144.945 0
      vertex 154.2 144.85 0.2
      vertex 154.2 144.85 0
    endloop
  endfacet
  facet normal 0.83205 -0.5547 0
    outer loop
      vertex 154.219 144.945 0.2
      vertex 154.273 145.026 0
      vertex 154.273 145.026 0.2
    endloop
  endfacet
  facet normal 0.83205 -0.5547 0
    outer loop
      vertex 154.273 145.026 0
      vertex 154.219 144.945 0.2
      vertex 154.219 144.945 0
    endloop
  endfacet
  facet normal 0.561751 -0.827306 0
    outer loop
      vertex 154.273 145.026 0
      vertex 154.354 145.081 0.2
      vertex 154.273 145.026 0.2
    endloop
  endfacet
  facet normal 0.561751 -0.827306 0
    outer loop
      vertex 154.354 145.081 0.2
      vertex 154.273 145.026 0
      vertex 154.354 145.081 0
    endloop
  endfacet
  facet normal 0.194151 -0.980972 0
    outer loop
      vertex 154.354 145.081 0
      vertex 154.45 145.1 0.2
      vertex 154.354 145.081 0.2
    endloop
  endfacet
  facet normal 0.194151 -0.980972 0
    outer loop
      vertex 154.45 145.1 0.2
      vertex 154.354 145.081 0
      vertex 154.45 145.1 0
    endloop
  endfacet
  facet normal 0 -1 0
    outer loop
      vertex 154.45 145.1 0
      vertex 155.35 145.1 0.2
      vertex 154.45 145.1 0.2
    endloop
  endfacet
  facet normal 0 -1 -0
    outer loop
      vertex 155.35 145.1 0.2
      vertex 154.45 145.1 0
      vertex 155.35 145.1 0
    endloop
  endfacet
  facet normal -0.196116 -0.980581 0
    outer loop
      vertex 155.35 145.1 0
      vertex 155.445 145.081 0.2
      vertex 155.35 145.1 0.2
    endloop
  endfacet
  facet normal -0.196116 -0.980581 -0
    outer loop
      vertex 155.445 145.081 0.2
      vertex 155.35 145.1 0
      vertex 155.445 145.081 0
    endloop
  endfacet
  facet normal -0.5547 -0.83205 0
    outer loop
      vertex 125.596 146.441 0
      vertex 125.677 146.387 0.2
      vertex 125.596 146.441 0.2
    endloop
  endfacet
  facet normal -0.5547 -0.83205 -0
    outer loop
      vertex 125.677 146.387 0.2
      vertex 125.596 146.441 0
      vertex 125.677 146.387 0
    endloop
  endfacet
  facet normal -0.83205 -0.5547 0
    outer loop
      vertex 125.731 146.306 0
      vertex 125.677 146.387 0.2
      vertex 125.677 146.387 0
    endloop
  endfacet
  facet normal -0.83205 -0.5547 0
    outer loop
      vertex 125.677 146.387 0.2
      vertex 125.731 146.306 0
      vertex 125.731 146.306 0.2
    endloop
  endfacet
  facet normal -0.980972 -0.194151 0
    outer loop
      vertex 125.75 146.21 0
      vertex 125.731 146.306 0.2
      vertex 125.731 146.306 0
    endloop
  endfacet
  facet normal -0.980972 -0.194151 0
    outer loop
      vertex 125.731 146.306 0.2
      vertex 125.75 146.21 0
      vertex 125.75 146.21 0.2
    endloop
  endfacet
  facet normal -1 0 0
    outer loop
      vertex 125.75 145.51 0
      vertex 125.75 146.21 0.2
      vertex 125.75 146.21 0
    endloop
  endfacet
  facet normal -1 -0 0
    outer loop
      vertex 125.75 146.21 0.2
      vertex 125.75 145.51 0
      vertex 125.75 145.51 0.2
    endloop
  endfacet
  facet normal -0.980972 0.194151 0
    outer loop
      vertex 125.731 145.414 0
      vertex 125.75 145.51 0.2
      vertex 125.75 145.51 0
    endloop
  endfacet
  facet normal -0.980972 0.194151 0
    outer loop
      vertex 125.75 145.51 0.2
      vertex 125.731 145.414 0
      vertex 125.731 145.414 0.2
    endloop
  endfacet
  facet normal -0.83205 0.5547 0
    outer loop
      vertex 125.677 145.333 0
      vertex 125.731 145.414 0.2
      vertex 125.731 145.414 0
    endloop
  endfacet
  facet normal -0.83205 0.5547 0
    outer loop
      vertex 125.731 145.414 0.2
      vertex 125.677 145.333 0
      vertex 125.677 145.333 0.2
    endloop
  endfacet
  facet normal -0.5547 0.83205 0
    outer loop
      vertex 125.677 145.333 0
      vertex 125.596 145.279 0.2
      vertex 125.677 145.333 0.2
    endloop
  endfacet
  facet normal -0.5547 0.83205 0
    outer loop
      vertex 125.596 145.279 0.2
      vertex 125.677 145.333 0
      vertex 125.596 145.279 0
    endloop
  endfacet
  facet normal -0.194151 0.980972 0
    outer loop
      vertex 125.596 145.279 0
      vertex 125.5 145.26 0.2
      vertex 125.596 145.279 0.2
    endloop
  endfacet
  facet normal -0.194151 0.980972 0
    outer loop
      vertex 125.5 145.26 0.2
      vertex 125.596 145.279 0
      vertex 125.5 145.26 0
    endloop
  endfacet
  facet normal 0 1 -0
    outer loop
      vertex 125.5 145.26 0
      vertex 124.6 145.26 0.2
      vertex 125.5 145.26 0.2
    endloop
  endfacet
  facet normal 0 1 0
    outer loop
      vertex 124.6 145.26 0.2
      vertex 125.5 145.26 0
      vertex 124.6 145.26 0
    endloop
  endfacet
  facet normal 0.194151 0.980972 -0
    outer loop
      vertex 124.6 145.26 0
      vertex 124.504 145.279 0.2
      vertex 124.6 145.26 0.2
    endloop
  endfacet
  facet normal 0.194151 0.980972 0
    outer loop
      vertex 124.504 145.279 0.2
      vertex 124.6 145.26 0
      vertex 124.504 145.279 0
    endloop
  endfacet
  facet normal 0.5547 0.83205 -0
    outer loop
      vertex 124.504 145.279 0
      vertex 124.423 145.333 0.2
      vertex 124.504 145.279 0.2
    endloop
  endfacet
  facet normal 0.5547 0.83205 0
    outer loop
      vertex 124.423 145.333 0.2
      vertex 124.504 145.279 0
      vertex 124.423 145.333 0
    endloop
  endfacet
  facet normal 0.83205 0.5547 0
    outer loop
      vertex 124.423 145.333 0.2
      vertex 124.369 145.414 0
      vertex 124.369 145.414 0.2
    endloop
  endfacet
  facet normal 0.83205 0.5547 0
    outer loop
      vertex 124.369 145.414 0
      vertex 124.423 145.333 0.2
      vertex 124.423 145.333 0
    endloop
  endfacet
  facet normal 0.980972 0.194151 0
    outer loop
      vertex 124.369 145.414 0.2
      vertex 124.35 145.51 0
      vertex 124.35 145.51 0.2
    endloop
  endfacet
  facet normal 0.980972 0.194151 0
    outer loop
      vertex 124.35 145.51 0
      vertex 124.369 145.414 0.2
      vertex 124.369 145.414 0
    endloop
  endfacet
  facet normal 1 -0 0
    outer loop
      vertex 124.35 145.51 0.2
      vertex 124.35 146.21 0
      vertex 124.35 146.21 0.2
    endloop
  endfacet
  facet normal 1 0 0
    outer loop
      vertex 124.35 146.21 0
      vertex 124.35 145.51 0.2
      vertex 124.35 145.51 0
    endloop
  endfacet
  facet normal 0.980972 -0.194151 0
    outer loop
      vertex 124.35 146.21 0.2
      vertex 124.369 146.306 0
      vertex 124.369 146.306 0.2
    endloop
  endfacet
  facet normal 0.980972 -0.194151 0
    outer loop
      vertex 124.369 146.306 0
      vertex 124.35 146.21 0.2
      vertex 124.35 146.21 0
    endloop
  endfacet
  facet normal 0.83205 -0.5547 0
    outer loop
      vertex 124.369 146.306 0.2
      vertex 124.423 146.387 0
      vertex 124.423 146.387 0.2
    endloop
  endfacet
  facet normal 0.83205 -0.5547 0
    outer loop
      vertex 124.423 146.387 0
      vertex 124.369 146.306 0.2
      vertex 124.369 146.306 0
    endloop
  endfacet
  facet normal 0.5547 -0.83205 0
    outer loop
      vertex 124.423 146.387 0
      vertex 124.504 146.441 0.2
      vertex 124.423 146.387 0.2
    endloop
  endfacet
  facet normal 0.5547 -0.83205 0
    outer loop
      vertex 124.504 146.441 0.2
      vertex 124.423 146.387 0
      vertex 124.504 146.441 0
    endloop
  endfacet
  facet normal 0.194151 -0.980972 0
    outer loop
      vertex 124.504 146.441 0
      vertex 124.6 146.46 0.2
      vertex 124.504 146.441 0.2
    endloop
  endfacet
  facet normal 0.194151 -0.980972 0
    outer loop
      vertex 124.6 146.46 0.2
      vertex 124.504 146.441 0
      vertex 124.6 146.46 0
    endloop
  endfacet
  facet normal 0 -1 0
    outer loop
      vertex 124.6 146.46 0
      vertex 125.5 146.46 0.2
      vertex 124.6 146.46 0.2
    endloop
  endfacet
  facet normal 0 -1 -0
    outer loop
      vertex 125.5 146.46 0.2
      vertex 124.6 146.46 0
      vertex 125.5 146.46 0
    endloop
  endfacet
  facet normal -0.194151 -0.980972 0
    outer loop
      vertex 125.5 146.46 0
      vertex 125.596 146.441 0.2
      vertex 125.5 146.46 0.2
    endloop
  endfacet
  facet normal -0.194151 -0.980972 -0
    outer loop
      vertex 125.596 146.441 0.2
      vertex 125.5 146.46 0
      vertex 125.596 146.441 0
    endloop
  endfacet
  facet normal -0.5547 -0.83205 0
    outer loop
      vertex 122.121 147.181 0
      vertex 122.202 147.127 0.2
      vertex 122.121 147.181 0.2
    endloop
  endfacet
  facet normal -0.5547 -0.83205 -0
    outer loop
      vertex 122.202 147.127 0.2
      vertex 122.121 147.181 0
      vertex 122.202 147.127 0
    endloop
  endfacet
  facet normal -0.83205 -0.5547 0
    outer loop
      vertex 122.256 147.046 0
      vertex 122.202 147.127 0.2
      vertex 122.202 147.127 0
    endloop
  endfacet
  facet normal -0.83205 -0.5547 0
    outer loop
      vertex 122.202 147.127 0.2
      vertex 122.256 147.046 0
      vertex 122.256 147.046 0.2
    endloop
  endfacet
  facet normal -0.980972 -0.194151 0
    outer loop
      vertex 122.275 146.95 0
      vertex 122.256 147.046 0.2
      vertex 122.256 147.046 0
    endloop
  endfacet
  facet normal -0.980972 -0.194151 0
    outer loop
      vertex 122.256 147.046 0.2
      vertex 122.275 146.95 0
      vertex 122.275 146.95 0.2
    endloop
  endfacet
  facet normal -1 0 0
    outer loop
      vertex 122.275 146.025 0
      vertex 122.275 146.95 0.2
      vertex 122.275 146.95 0
    endloop
  endfacet
  facet normal -1 -0 0
    outer loop
      vertex 122.275 146.95 0.2
      vertex 122.275 146.025 0
      vertex 122.275 146.025 0.2
    endloop
  endfacet
  facet normal -0.980581 0.196116 0
    outer loop
      vertex 122.256 145.93 0
      vertex 122.275 146.025 0.2
      vertex 122.275 146.025 0
    endloop
  endfacet
  facet normal -0.980581 0.196116 0
    outer loop
      vertex 122.275 146.025 0.2
      vertex 122.256 145.93 0
      vertex 122.256 145.93 0.2
    endloop
  endfacet
  facet normal -0.83205 0.5547 0
    outer loop
      vertex 122.202 145.849 0
      vertex 122.256 145.93 0.2
      vertex 122.256 145.93 0
    endloop
  endfacet
  facet normal -0.83205 0.5547 0
    outer loop
      vertex 122.256 145.93 0.2
      vertex 122.202 145.849 0
      vertex 122.202 145.849 0.2
    endloop
  endfacet
  facet normal -0.561751 0.827306 0
    outer loop
      vertex 122.202 145.849 0
      vertex 122.121 145.794 0.2
      vertex 122.202 145.849 0.2
    endloop
  endfacet
  facet normal -0.561751 0.827306 0
    outer loop
      vertex 122.121 145.794 0.2
      vertex 122.202 145.849 0
      vertex 122.121 145.794 0
    endloop
  endfacet
  facet normal -0.194151 0.980972 0
    outer loop
      vertex 122.121 145.794 0
      vertex 122.025 145.775 0.2
      vertex 122.121 145.794 0.2
    endloop
  endfacet
  facet normal -0.194151 0.980972 0
    outer loop
      vertex 122.025 145.775 0.2
      vertex 122.121 145.794 0
      vertex 122.025 145.775 0
    endloop
  endfacet
  facet normal 0 1 -0
    outer loop
      vertex 122.025 145.775 0
      vertex 120.775 145.775 0.2
      vertex 122.025 145.775 0.2
    endloop
  endfacet
  facet normal 0 1 0
    outer loop
      vertex 120.775 145.775 0.2
      vertex 122.025 145.775 0
      vertex 120.775 145.775 0
    endloop
  endfacet
  facet normal 0.196116 0.980581 -0
    outer loop
      vertex 120.775 145.775 0
      vertex 120.68 145.794 0.2
      vertex 120.775 145.775 0.2
    endloop
  endfacet
  facet normal 0.196116 0.980581 0
    outer loop
      vertex 120.68 145.794 0.2
      vertex 120.775 145.775 0
      vertex 120.68 145.794 0
    endloop
  endfacet
  facet normal 0.561751 0.827306 -0
    outer loop
      vertex 120.68 145.794 0
      vertex 120.599 145.849 0.2
      vertex 120.68 145.794 0.2
    endloop
  endfacet
  facet normal 0.561751 0.827306 0
    outer loop
      vertex 120.599 145.849 0.2
      vertex 120.68 145.794 0
      vertex 120.599 145.849 0
    endloop
  endfacet
  facet normal 0.827306 0.561751 0
    outer loop
      vertex 120.599 145.849 0.2
      vertex 120.544 145.93 0
      vertex 120.544 145.93 0.2
    endloop
  endfacet
  facet normal 0.827306 0.561751 0
    outer loop
      vertex 120.544 145.93 0
      vertex 120.599 145.849 0.2
      vertex 120.599 145.849 0
    endloop
  endfacet
  facet normal 0.980581 0.196116 0
    outer loop
      vertex 120.544 145.93 0.2
      vertex 120.525 146.025 0
      vertex 120.525 146.025 0.2
    endloop
  endfacet
  facet normal 0.980581 0.196116 0
    outer loop
      vertex 120.525 146.025 0
      vertex 120.544 145.93 0.2
      vertex 120.544 145.93 0
    endloop
  endfacet
  facet normal 1 -0 0
    outer loop
      vertex 120.525 146.025 0.2
      vertex 120.525 146.95 0
      vertex 120.525 146.95 0.2
    endloop
  endfacet
  facet normal 1 0 0
    outer loop
      vertex 120.525 146.95 0
      vertex 120.525 146.025 0.2
      vertex 120.525 146.025 0
    endloop
  endfacet
  facet normal 0.980972 -0.194151 0
    outer loop
      vertex 120.525 146.95 0.2
      vertex 120.544 147.046 0
      vertex 120.544 147.046 0.2
    endloop
  endfacet
  facet normal 0.980972 -0.194151 0
    outer loop
      vertex 120.544 147.046 0
      vertex 120.525 146.95 0.2
      vertex 120.525 146.95 0
    endloop
  endfacet
  facet normal 0.827306 -0.561751 0
    outer loop
      vertex 120.544 147.046 0.2
      vertex 120.599 147.127 0
      vertex 120.599 147.127 0.2
    endloop
  endfacet
  facet normal 0.827306 -0.561751 0
    outer loop
      vertex 120.599 147.127 0
      vertex 120.544 147.046 0.2
      vertex 120.544 147.046 0
    endloop
  endfacet
  facet normal 0.5547 -0.83205 0
    outer loop
      vertex 120.599 147.127 0
      vertex 120.68 147.181 0.2
      vertex 120.599 147.127 0.2
    endloop
  endfacet
  facet normal 0.5547 -0.83205 0
    outer loop
      vertex 120.68 147.181 0.2
      vertex 120.599 147.127 0
      vertex 120.68 147.181 0
    endloop
  endfacet
  facet normal 0.196116 -0.980581 0
    outer loop
      vertex 120.68 147.181 0
      vertex 120.775 147.2 0.2
      vertex 120.68 147.181 0.2
    endloop
  endfacet
  facet normal 0.196116 -0.980581 0
    outer loop
      vertex 120.775 147.2 0.2
      vertex 120.68 147.181 0
      vertex 120.775 147.2 0
    endloop
  endfacet
  facet normal 0 -1 0
    outer loop
      vertex 120.775 147.2 0
      vertex 122.025 147.2 0.2
      vertex 120.775 147.2 0.2
    endloop
  endfacet
  facet normal 0 -1 -0
    outer loop
      vertex 122.025 147.2 0.2
      vertex 120.775 147.2 0
      vertex 122.025 147.2 0
    endloop
  endfacet
  facet normal -0.194151 -0.980972 0
    outer loop
      vertex 122.025 147.2 0
      vertex 122.121 147.181 0.2
      vertex 122.025 147.2 0.2
    endloop
  endfacet
  facet normal -0.194151 -0.980972 -0
    outer loop
      vertex 122.121 147.181 0.2
      vertex 122.025 147.2 0
      vertex 122.121 147.181 0
    endloop
  endfacet
  facet normal -0.561751 -0.827306 0
    outer loop
      vertex 155.445 147.081 0
      vertex 155.526 147.026 0.2
      vertex 155.445 147.081 0.2
    endloop
  endfacet
  facet normal -0.561751 -0.827306 -0
    outer loop
      vertex 155.526 147.026 0.2
      vertex 155.445 147.081 0
      vertex 155.526 147.026 0
    endloop
  endfacet
  facet normal -0.827306 -0.561751 0
    outer loop
      vertex 155.581 146.945 0
      vertex 155.526 147.026 0.2
      vertex 155.526 147.026 0
    endloop
  endfacet
  facet normal -0.827306 -0.561751 0
    outer loop
      vertex 155.526 147.026 0.2
      vertex 155.581 146.945 0
      vertex 155.581 146.945 0.2
    endloop
  endfacet
  facet normal -0.980581 -0.196116 0
    outer loop
      vertex 155.6 146.85 0
      vertex 155.581 146.945 0.2
      vertex 155.581 146.945 0
    endloop
  endfacet
  facet normal -0.980581 -0.196116 0
    outer loop
      vertex 155.581 146.945 0.2
      vertex 155.6 146.85 0
      vertex 155.6 146.85 0.2
    endloop
  endfacet
  facet normal -1 0 0
    outer loop
      vertex 155.6 146.15 0
      vertex 155.6 146.85 0.2
      vertex 155.6 146.85 0
    endloop
  endfacet
  facet normal -1 -0 0
    outer loop
      vertex 155.6 146.85 0.2
      vertex 155.6 146.15 0
      vertex 155.6 146.15 0.2
    endloop
  endfacet
  facet normal -0.980581 0.196116 0
    outer loop
      vertex 155.581 146.055 0
      vertex 155.6 146.15 0.2
      vertex 155.6 146.15 0
    endloop
  endfacet
  facet normal -0.980581 0.196116 0
    outer loop
      vertex 155.6 146.15 0.2
      vertex 155.581 146.055 0
      vertex 155.581 146.055 0.2
    endloop
  endfacet
  facet normal -0.827306 0.561751 0
    outer loop
      vertex 155.526 145.974 0
      vertex 155.581 146.055 0.2
      vertex 155.581 146.055 0
    endloop
  endfacet
  facet normal -0.827306 0.561751 0
    outer loop
      vertex 155.581 146.055 0.2
      vertex 155.526 145.974 0
      vertex 155.526 145.974 0.2
    endloop
  endfacet
  facet normal -0.561751 0.827306 0
    outer loop
      vertex 155.526 145.974 0
      vertex 155.445 145.919 0.2
      vertex 155.526 145.974 0.2
    endloop
  endfacet
  facet normal -0.561751 0.827306 0
    outer loop
      vertex 155.445 145.919 0.2
      vertex 155.526 145.974 0
      vertex 155.445 145.919 0
    endloop
  endfacet
  facet normal -0.196116 0.980581 0
    outer loop
      vertex 155.445 145.919 0
      vertex 155.35 145.9 0.2
      vertex 155.445 145.919 0.2
    endloop
  endfacet
  facet normal -0.196116 0.980581 0
    outer loop
      vertex 155.35 145.9 0.2
      vertex 155.445 145.919 0
      vertex 155.35 145.9 0
    endloop
  endfacet
  facet normal 0 1 -0
    outer loop
      vertex 155.35 145.9 0
      vertex 154.45 145.9 0.2
      vertex 155.35 145.9 0.2
    endloop
  endfacet
  facet normal 0 1 0
    outer loop
      vertex 154.45 145.9 0.2
      vertex 155.35 145.9 0
      vertex 154.45 145.9 0
    endloop
  endfacet
  facet normal 0.194151 0.980972 -0
    outer loop
      vertex 154.45 145.9 0
      vertex 154.354 145.919 0.2
      vertex 154.45 145.9 0.2
    endloop
  endfacet
  facet normal 0.194151 0.980972 0
    outer loop
      vertex 154.354 145.919 0.2
      vertex 154.45 145.9 0
      vertex 154.354 145.919 0
    endloop
  endfacet
  facet normal 0.561751 0.827306 -0
    outer loop
      vertex 154.354 145.919 0
      vertex 154.273 145.974 0.2
      vertex 154.354 145.919 0.2
    endloop
  endfacet
  facet normal 0.561751 0.827306 0
    outer loop
      vertex 154.273 145.974 0.2
      vertex 154.354 145.919 0
      vertex 154.273 145.974 0
    endloop
  endfacet
  facet normal 0.83205 0.5547 0
    outer loop
      vertex 154.273 145.974 0.2
      vertex 154.219 146.055 0
      vertex 154.219 146.055 0.2
    endloop
  endfacet
  facet normal 0.83205 0.5547 0
    outer loop
      vertex 154.219 146.055 0
      vertex 154.273 145.974 0.2
      vertex 154.273 145.974 0
    endloop
  endfacet
  facet normal 0.980581 0.196116 0
    outer loop
      vertex 154.219 146.055 0.2
      vertex 154.2 146.15 0
      vertex 154.2 146.15 0.2
    endloop
  endfacet
  facet normal 0.980581 0.196116 0
    outer loop
      vertex 154.2 146.15 0
      vertex 154.219 146.055 0.2
      vertex 154.219 146.055 0
    endloop
  endfacet
  facet normal 1 -0 0
    outer loop
      vertex 154.2 146.15 0.2
      vertex 154.2 146.85 0
      vertex 154.2 146.85 0.2
    endloop
  endfacet
  facet normal 1 0 0
    outer loop
      vertex 154.2 146.85 0
      vertex 154.2 146.15 0.2
      vertex 154.2 146.15 0
    endloop
  endfacet
  facet normal 0.980581 -0.196116 0
    outer loop
      vertex 154.2 146.85 0.2
      vertex 154.219 146.945 0
      vertex 154.219 146.945 0.2
    endloop
  endfacet
  facet normal 0.980581 -0.196116 0
    outer loop
      vertex 154.219 146.945 0
      vertex 154.2 146.85 0.2
      vertex 154.2 146.85 0
    endloop
  endfacet
  facet normal 0.83205 -0.5547 0
    outer loop
      vertex 154.219 146.945 0.2
      vertex 154.273 147.026 0
      vertex 154.273 147.026 0.2
    endloop
  endfacet
  facet normal 0.83205 -0.5547 0
    outer loop
      vertex 154.273 147.026 0
      vertex 154.219 146.945 0.2
      vertex 154.219 146.945 0
    endloop
  endfacet
  facet normal 0.561751 -0.827306 0
    outer loop
      vertex 154.273 147.026 0
      vertex 154.354 147.081 0.2
      vertex 154.273 147.026 0.2
    endloop
  endfacet
  facet normal 0.561751 -0.827306 0
    outer loop
      vertex 154.354 147.081 0.2
      vertex 154.273 147.026 0
      vertex 154.354 147.081 0
    endloop
  endfacet
  facet normal 0.194151 -0.980972 0
    outer loop
      vertex 154.354 147.081 0
      vertex 154.45 147.1 0.2
      vertex 154.354 147.081 0.2
    endloop
  endfacet
  facet normal 0.194151 -0.980972 0
    outer loop
      vertex 154.45 147.1 0.2
      vertex 154.354 147.081 0
      vertex 154.45 147.1 0
    endloop
  endfacet
  facet normal 0 -1 0
    outer loop
      vertex 154.45 147.1 0
      vertex 155.35 147.1 0.2
      vertex 154.45 147.1 0.2
    endloop
  endfacet
  facet normal 0 -1 -0
    outer loop
      vertex 155.35 147.1 0.2
      vertex 154.45 147.1 0
      vertex 155.35 147.1 0
    endloop
  endfacet
  facet normal -0.196116 -0.980581 0
    outer loop
      vertex 155.35 147.1 0
      vertex 155.445 147.081 0.2
      vertex 155.35 147.1 0.2
    endloop
  endfacet
  facet normal -0.196116 -0.980581 -0
    outer loop
      vertex 155.445 147.081 0.2
      vertex 155.35 147.1 0
      vertex 155.445 147.081 0
    endloop
  endfacet
  facet normal -0.5547 -0.83205 0
    outer loop
      vertex 157.871 147.106 0
      vertex 157.952 147.052 0.2
      vertex 157.871 147.106 0.2
    endloop
  endfacet
  facet normal -0.5547 -0.83205 -0
    outer loop
      vertex 157.952 147.052 0.2
      vertex 157.871 147.106 0
      vertex 157.952 147.052 0
    endloop
  endfacet
  facet normal -0.83205 -0.5547 0
    outer loop
      vertex 158.006 146.971 0
      vertex 157.952 147.052 0.2
      vertex 157.952 147.052 0
    endloop
  endfacet
  facet normal -0.83205 -0.5547 0
    outer loop
      vertex 157.952 147.052 0.2
      vertex 158.006 146.971 0
      vertex 158.006 146.971 0.2
    endloop
  endfacet
  facet normal -0.980972 -0.194151 0
    outer loop
      vertex 158.025 146.875 0
      vertex 158.006 146.971 0.2
      vertex 158.006 146.971 0
    endloop
  endfacet
  facet normal -0.980972 -0.194151 0
    outer loop
      vertex 158.006 146.971 0.2
      vertex 158.025 146.875 0
      vertex 158.025 146.875 0.2
    endloop
  endfacet
  facet normal -1 0 0
    outer loop
      vertex 158.025 146.2 0
      vertex 158.025 146.875 0.2
      vertex 158.025 146.875 0
    endloop
  endfacet
  facet normal -1 -0 0
    outer loop
      vertex 158.025 146.875 0.2
      vertex 158.025 146.2 0
      vertex 158.025 146.2 0.2
    endloop
  endfacet
  facet normal -0.980972 0.194151 0
    outer loop
      vertex 158.006 146.104 0
      vertex 158.025 146.2 0.2
      vertex 158.025 146.2 0
    endloop
  endfacet
  facet normal -0.980972 0.194151 0
    outer loop
      vertex 158.025 146.2 0.2
      vertex 158.006 146.104 0
      vertex 158.006 146.104 0.2
    endloop
  endfacet
  facet normal -0.83205 0.5547 0
    outer loop
      vertex 157.952 146.023 0
      vertex 158.006 146.104 0.2
      vertex 158.006 146.104 0
    endloop
  endfacet
  facet normal -0.83205 0.5547 0
    outer loop
      vertex 158.006 146.104 0.2
      vertex 157.952 146.023 0
      vertex 157.952 146.023 0.2
    endloop
  endfacet
  facet normal -0.5547 0.83205 0
    outer loop
      vertex 157.952 146.023 0
      vertex 157.871 145.969 0.2
      vertex 157.952 146.023 0.2
    endloop
  endfacet
  facet normal -0.5547 0.83205 0
    outer loop
      vertex 157.871 145.969 0.2
      vertex 157.952 146.023 0
      vertex 157.871 145.969 0
    endloop
  endfacet
  facet normal -0.194151 0.980972 0
    outer loop
      vertex 157.871 145.969 0
      vertex 157.775 145.95 0.2
      vertex 157.871 145.969 0.2
    endloop
  endfacet
  facet normal -0.194151 0.980972 0
    outer loop
      vertex 157.775 145.95 0.2
      vertex 157.871 145.969 0
      vertex 157.775 145.95 0
    endloop
  endfacet
  facet normal 0 1 -0
    outer loop
      vertex 157.775 145.95 0
      vertex 156.825 145.95 0.2
      vertex 157.775 145.95 0.2
    endloop
  endfacet
  facet normal 0 1 0
    outer loop
      vertex 156.825 145.95 0.2
      vertex 157.775 145.95 0
      vertex 156.825 145.95 0
    endloop
  endfacet
  facet normal 0.194151 0.980972 -0
    outer loop
      vertex 156.825 145.95 0
      vertex 156.729 145.969 0.2
      vertex 156.825 145.95 0.2
    endloop
  endfacet
  facet normal 0.194151 0.980972 0
    outer loop
      vertex 156.729 145.969 0.2
      vertex 156.825 145.95 0
      vertex 156.729 145.969 0
    endloop
  endfacet
  facet normal 0.5547 0.83205 -0
    outer loop
      vertex 156.729 145.969 0
      vertex 156.648 146.023 0.2
      vertex 156.729 145.969 0.2
    endloop
  endfacet
  facet normal 0.5547 0.83205 0
    outer loop
      vertex 156.648 146.023 0.2
      vertex 156.729 145.969 0
      vertex 156.648 146.023 0
    endloop
  endfacet
  facet normal 0.83205 0.5547 0
    outer loop
      vertex 156.648 146.023 0.2
      vertex 156.594 146.104 0
      vertex 156.594 146.104 0.2
    endloop
  endfacet
  facet normal 0.83205 0.5547 0
    outer loop
      vertex 156.594 146.104 0
      vertex 156.648 146.023 0.2
      vertex 156.648 146.023 0
    endloop
  endfacet
  facet normal 0.980972 0.194151 0
    outer loop
      vertex 156.594 146.104 0.2
      vertex 156.575 146.2 0
      vertex 156.575 146.2 0.2
    endloop
  endfacet
  facet normal 0.980972 0.194151 0
    outer loop
      vertex 156.575 146.2 0
      vertex 156.594 146.104 0.2
      vertex 156.594 146.104 0
    endloop
  endfacet
  facet normal 1 -0 0
    outer loop
      vertex 156.575 146.2 0.2
      vertex 156.575 146.875 0
      vertex 156.575 146.875 0.2
    endloop
  endfacet
  facet normal 1 0 0
    outer loop
      vertex 156.575 146.875 0
      vertex 156.575 146.2 0.2
      vertex 156.575 146.2 0
    endloop
  endfacet
  facet normal 0.980972 -0.194151 0
    outer loop
      vertex 156.575 146.875 0.2
      vertex 156.594 146.971 0
      vertex 156.594 146.971 0.2
    endloop
  endfacet
  facet normal 0.980972 -0.194151 0
    outer loop
      vertex 156.594 146.971 0
      vertex 156.575 146.875 0.2
      vertex 156.575 146.875 0
    endloop
  endfacet
  facet normal 0.83205 -0.5547 0
    outer loop
      vertex 156.594 146.971 0.2
      vertex 156.648 147.052 0
      vertex 156.648 147.052 0.2
    endloop
  endfacet
  facet normal 0.83205 -0.5547 0
    outer loop
      vertex 156.648 147.052 0
      vertex 156.594 146.971 0.2
      vertex 156.594 146.971 0
    endloop
  endfacet
  facet normal 0.5547 -0.83205 0
    outer loop
      vertex 156.648 147.052 0
      vertex 156.729 147.106 0.2
      vertex 156.648 147.052 0.2
    endloop
  endfacet
  facet normal 0.5547 -0.83205 0
    outer loop
      vertex 156.729 147.106 0.2
      vertex 156.648 147.052 0
      vertex 156.729 147.106 0
    endloop
  endfacet
  facet normal 0.194151 -0.980972 0
    outer loop
      vertex 156.729 147.106 0
      vertex 156.825 147.125 0.2
      vertex 156.729 147.106 0.2
    endloop
  endfacet
  facet normal 0.194151 -0.980972 0
    outer loop
      vertex 156.825 147.125 0.2
      vertex 156.729 147.106 0
      vertex 156.825 147.125 0
    endloop
  endfacet
  facet normal 0 -1 0
    outer loop
      vertex 156.825 147.125 0
      vertex 157.775 147.125 0.2
      vertex 156.825 147.125 0.2
    endloop
  endfacet
  facet normal 0 -1 -0
    outer loop
      vertex 157.775 147.125 0.2
      vertex 156.825 147.125 0
      vertex 157.775 147.125 0
    endloop
  endfacet
  facet normal -0.194151 -0.980972 0
    outer loop
      vertex 157.775 147.125 0
      vertex 157.871 147.106 0.2
      vertex 157.775 147.125 0.2
    endloop
  endfacet
  facet normal -0.194151 -0.980972 -0
    outer loop
      vertex 157.871 147.106 0.2
      vertex 157.775 147.125 0
      vertex 157.871 147.106 0
    endloop
  endfacet
endsolid OpenSCAD_Model
