solid OpenSCAD_Model
  facet normal 0.830865 0.556474 0
    outer loop
      vertex 155.424 106.833 0.65
      vertex 155.207 107.157 0
      vertex 155.207 107.157 0.65
    endloop
  endfacet
  facet normal 0.830865 0.556474 0
    outer loop
      vertex 155.207 107.157 0
      vertex 155.424 106.833 0.65
      vertex 155.424 106.833 0
    endloop
  endfacet
  facet normal -0.55612 -0.831102 0
    outer loop
      vertex 130.793 72.7431 0
      vertex 131.117 72.5263 0.65
      vertex 130.793 72.7431 0.65
    endloop
  endfacet
  facet normal -0.55612 -0.831102 -0
    outer loop
      vertex 131.117 72.5263 0.65
      vertex 130.793 72.7431 0
      vertex 131.117 72.5263 0
    endloop
  endfacet
  facet normal 0.556474 0.830865 -0
    outer loop
      vertex 155.207 107.157 0
      vertex 154.883 107.374 0.65
      vertex 155.207 107.157 0.65
    endloop
  endfacet
  facet normal 0.556474 0.830865 0
    outer loop
      vertex 154.883 107.374 0.65
      vertex 155.207 107.157 0
      vertex 154.883 107.374 0
    endloop
  endfacet
  facet normal 0.831182 -0.556 0
    outer loop
      vertex 155.207 72.7431 0.65
      vertex 155.424 73.0675 0
      vertex 155.424 73.0675 0.65
    endloop
  endfacet
  facet normal 0.831182 -0.556 0
    outer loop
      vertex 155.424 73.0675 0
      vertex 155.207 72.7431 0.65
      vertex 155.207 72.7431 0
    endloop
  endfacet
  facet normal -0.980846 -0.194785 0
    outer loop
      vertex 130.576 73.0675 0
      vertex 130.5 73.4502 0.65
      vertex 130.5 73.4502 0
    endloop
  endfacet
  facet normal -0.980846 -0.194785 0
    outer loop
      vertex 130.5 73.4502 0.65
      vertex 130.576 73.0675 0
      vertex 130.576 73.0675 0.65
    endloop
  endfacet
  facet normal -0.831182 -0.556 0
    outer loop
      vertex 130.793 72.7431 0
      vertex 130.576 73.0675 0.65
      vertex 130.576 73.0675 0
    endloop
  endfacet
  facet normal -0.831182 -0.556 0
    outer loop
      vertex 130.576 73.0675 0.65
      vertex 130.793 72.7431 0
      vertex 130.793 72.7431 0.65
    endloop
  endfacet
  facet normal -0 0 1
    outer loop
      vertex 131.5 107.45 0.65
      vertex 154.5 106.45 0.65
      vertex 154.5 107.45 0.65
    endloop
  endfacet
  facet normal 0 0 1
    outer loop
      vertex 131.5 107.45 0.65
      vertex 131.5 106.45 0.65
      vertex 154.5 106.45 0.65
    endloop
  endfacet
  facet normal -0 0 1
    outer loop
      vertex 131.117 107.374 0.65
      vertex 131.5 106.45 0.65
      vertex 131.5 107.45 0.65
    endloop
  endfacet
  facet normal 0 0 1
    outer loop
      vertex 131.5 106.45 0.65
      vertex 130.5 106.45 0.65
      vertex 131.5 73.4502 0.65
    endloop
  endfacet
  facet normal -0 0 1
    outer loop
      vertex 130.793 107.157 0.65
      vertex 131.5 106.45 0.65
      vertex 131.117 107.374 0.65
    endloop
  endfacet
  facet normal 0 0 1
    outer loop
      vertex 130.5 73.4502 0.65
      vertex 131.5 73.4502 0.65
      vertex 130.5 106.45 0.65
    endloop
  endfacet
  facet normal -0 0 1
    outer loop
      vertex 130.576 106.833 0.65
      vertex 131.5 106.45 0.65
      vertex 130.793 107.157 0.65
    endloop
  endfacet
  facet normal 0 -0 1
    outer loop
      vertex 130.576 73.0675 0.65
      vertex 131.5 73.4502 0.65
      vertex 130.5 73.4502 0.65
    endloop
  endfacet
  facet normal 0 0 1
    outer loop
      vertex 131.5 106.45 0.65
      vertex 130.576 106.833 0.65
      vertex 130.5 106.45 0.65
    endloop
  endfacet
  facet normal 0 0 1
    outer loop
      vertex 131.5 73.4502 0.65
      vertex 131.117 72.5263 0.65
      vertex 131.5 72.4502 0.65
    endloop
  endfacet
  facet normal 0 0 1
    outer loop
      vertex 131.5 73.4502 0.65
      vertex 130.793 72.7431 0.65
      vertex 131.117 72.5263 0.65
    endloop
  endfacet
  facet normal 0 0 1
    outer loop
      vertex 131.5 73.4502 0.65
      vertex 130.576 73.0675 0.65
      vertex 130.793 72.7431 0.65
    endloop
  endfacet
  facet normal 0 0 1
    outer loop
      vertex 154.5 106.45 0.65
      vertex 155.5 106.45 0.65
      vertex 155.424 106.833 0.65
    endloop
  endfacet
  facet normal 0 0 1
    outer loop
      vertex 155.5 106.45 0.65
      vertex 154.5 106.45 0.65
      vertex 155.5 73.4502 0.65
    endloop
  endfacet
  facet normal 0 0 1
    outer loop
      vertex 154.5 106.45 0.65
      vertex 155.424 106.833 0.65
      vertex 155.207 107.157 0.65
    endloop
  endfacet
  facet normal 0 0 1
    outer loop
      vertex 154.5 73.4502 0.65
      vertex 155.5 73.4502 0.65
      vertex 154.5 106.45 0.65
    endloop
  endfacet
  facet normal 0 0 1
    outer loop
      vertex 154.5 106.45 0.65
      vertex 155.207 107.157 0.65
      vertex 154.883 107.374 0.65
    endloop
  endfacet
  facet normal 0 0 1
    outer loop
      vertex 155.5 73.4502 0.65
      vertex 154.5 73.4502 0.65
      vertex 155.424 73.0675 0.65
    endloop
  endfacet
  facet normal 0 0 1
    outer loop
      vertex 154.5 106.45 0.65
      vertex 154.883 107.374 0.65
      vertex 154.5 107.45 0.65
    endloop
  endfacet
  facet normal 0 0 1
    outer loop
      vertex 155.424 73.0675 0.65
      vertex 154.5 73.4502 0.65
      vertex 155.207 72.7431 0.65
    endloop
  endfacet
  facet normal 0 0 1
    outer loop
      vertex 155.207 72.7431 0.65
      vertex 154.5 73.4502 0.65
      vertex 154.883 72.5263 0.65
    endloop
  endfacet
  facet normal 0 0 1
    outer loop
      vertex 154.5 73.4502 0.65
      vertex 154.5 72.4502 0.65
      vertex 154.883 72.5263 0.65
    endloop
  endfacet
  facet normal -0 0 1
    outer loop
      vertex 131.5 73.4502 0.65
      vertex 154.5 72.4502 0.65
      vertex 154.5 73.4502 0.65
    endloop
  endfacet
  facet normal 0 0 1
    outer loop
      vertex 154.5 72.4502 0.65
      vertex 131.5 73.4502 0.65
      vertex 131.5 72.4502 0.65
    endloop
  endfacet
  facet normal 0 0 1
    outer loop
      vertex 134.579 98.916 0.65
      vertex 134.579 98.584 0.65
      vertex 134.7 98.75 0.65
    endloop
  endfacet
  facet normal -0 0 1
    outer loop
      vertex 134.384 98.8525 0.65
      vertex 134.579 98.584 0.65
      vertex 134.579 98.916 0.65
    endloop
  endfacet
  facet normal 0 0 1
    outer loop
      vertex 134.579 98.584 0.65
      vertex 134.384 98.8525 0.65
      vertex 134.384 98.6475 0.65
    endloop
  endfacet
  facet normal 0 0 1
    outer loop
      vertex 136.479 75.416 0.65
      vertex 136.479 75.084 0.65
      vertex 136.6 75.25 0.65
    endloop
  endfacet
  facet normal -0 0 1
    outer loop
      vertex 136.283 75.3525 0.65
      vertex 136.479 75.084 0.65
      vertex 136.479 75.416 0.65
    endloop
  endfacet
  facet normal 0 0 1
    outer loop
      vertex 136.479 75.084 0.65
      vertex 136.283 75.3525 0.65
      vertex 136.283 75.1475 0.65
    endloop
  endfacet
  facet normal 0 0 1
    outer loop
      vertex 137.119 98.916 0.65
      vertex 137.119 98.584 0.65
      vertex 137.24 98.75 0.65
    endloop
  endfacet
  facet normal -0 0 1
    outer loop
      vertex 136.924 98.8525 0.65
      vertex 137.119 98.584 0.65
      vertex 137.119 98.916 0.65
    endloop
  endfacet
  facet normal 0 0 1
    outer loop
      vertex 137.119 98.584 0.65
      vertex 136.924 98.8525 0.65
      vertex 136.924 98.6475 0.65
    endloop
  endfacet
  facet normal 0 0 1
    outer loop
      vertex 139.02 75.416 0.65
      vertex 139.02 75.084 0.65
      vertex 139.14 75.25 0.65
    endloop
  endfacet
  facet normal -0 0 1
    outer loop
      vertex 138.823 75.3525 0.65
      vertex 139.02 75.084 0.65
      vertex 139.02 75.416 0.65
    endloop
  endfacet
  facet normal 0 0 1
    outer loop
      vertex 139.02 75.084 0.65
      vertex 138.823 75.3525 0.65
      vertex 138.823 75.1475 0.65
    endloop
  endfacet
  facet normal 0 0 1
    outer loop
      vertex 139.659 98.916 0.65
      vertex 139.659 98.584 0.65
      vertex 139.78 98.75 0.65
    endloop
  endfacet
  facet normal -0 0 1
    outer loop
      vertex 139.464 98.8525 0.65
      vertex 139.659 98.584 0.65
      vertex 139.659 98.916 0.65
    endloop
  endfacet
  facet normal 0 0 1
    outer loop
      vertex 139.659 98.584 0.65
      vertex 139.464 98.8525 0.65
      vertex 139.464 98.6475 0.65
    endloop
  endfacet
  facet normal 0 0 1
    outer loop
      vertex 141.559 75.416 0.65
      vertex 141.559 75.084 0.65
      vertex 141.68 75.25 0.65
    endloop
  endfacet
  facet normal -0 0 1
    outer loop
      vertex 141.363 75.3525 0.65
      vertex 141.559 75.084 0.65
      vertex 141.559 75.416 0.65
    endloop
  endfacet
  facet normal 0 0 1
    outer loop
      vertex 141.559 75.084 0.65
      vertex 141.363 75.3525 0.65
      vertex 141.363 75.1475 0.65
    endloop
  endfacet
  facet normal 0 0 1
    outer loop
      vertex 142.199 98.916 0.65
      vertex 142.199 98.584 0.65
      vertex 142.32 98.75 0.65
    endloop
  endfacet
  facet normal -0 0 1
    outer loop
      vertex 142.004 98.8525 0.65
      vertex 142.199 98.584 0.65
      vertex 142.199 98.916 0.65
    endloop
  endfacet
  facet normal 0 0 1
    outer loop
      vertex 142.199 98.584 0.65
      vertex 142.004 98.8525 0.65
      vertex 142.004 98.6475 0.65
    endloop
  endfacet
  facet normal 0 0 1
    outer loop
      vertex 144.099 75.416 0.65
      vertex 144.099 75.084 0.65
      vertex 144.22 75.25 0.65
    endloop
  endfacet
  facet normal -0 0 1
    outer loop
      vertex 143.903 75.3525 0.65
      vertex 144.099 75.084 0.65
      vertex 144.099 75.416 0.65
    endloop
  endfacet
  facet normal 0 0 1
    outer loop
      vertex 144.099 75.084 0.65
      vertex 143.903 75.3525 0.65
      vertex 143.903 75.1475 0.65
    endloop
  endfacet
  facet normal 0 0 1
    outer loop
      vertex 144.739 98.916 0.65
      vertex 144.739 98.584 0.65
      vertex 144.86 98.75 0.65
    endloop
  endfacet
  facet normal -0 0 1
    outer loop
      vertex 144.543 98.8525 0.65
      vertex 144.739 98.584 0.65
      vertex 144.739 98.916 0.65
    endloop
  endfacet
  facet normal 0 0 1
    outer loop
      vertex 144.739 98.584 0.65
      vertex 144.543 98.8525 0.65
      vertex 144.543 98.6475 0.65
    endloop
  endfacet
  facet normal 0 0 1
    outer loop
      vertex 146.639 75.416 0.65
      vertex 146.639 75.084 0.65
      vertex 146.76 75.25 0.65
    endloop
  endfacet
  facet normal -0 0 1
    outer loop
      vertex 146.443 75.3525 0.65
      vertex 146.639 75.084 0.65
      vertex 146.639 75.416 0.65
    endloop
  endfacet
  facet normal 0 0 1
    outer loop
      vertex 146.639 75.084 0.65
      vertex 146.443 75.3525 0.65
      vertex 146.443 75.1475 0.65
    endloop
  endfacet
  facet normal 0 0 1
    outer loop
      vertex 147.279 98.916 0.65
      vertex 147.279 98.584 0.65
      vertex 147.4 98.75 0.65
    endloop
  endfacet
  facet normal -0 0 1
    outer loop
      vertex 147.083 98.8525 0.65
      vertex 147.279 98.584 0.65
      vertex 147.279 98.916 0.65
    endloop
  endfacet
  facet normal 0 0 1
    outer loop
      vertex 147.279 98.584 0.65
      vertex 147.083 98.8525 0.65
      vertex 147.083 98.6475 0.65
    endloop
  endfacet
  facet normal 0 0 1
    outer loop
      vertex 149.179 75.416 0.65
      vertex 149.179 75.084 0.65
      vertex 149.3 75.25 0.65
    endloop
  endfacet
  facet normal -0 0 1
    outer loop
      vertex 148.983 75.3525 0.65
      vertex 149.179 75.084 0.65
      vertex 149.179 75.416 0.65
    endloop
  endfacet
  facet normal 0 0 1
    outer loop
      vertex 149.179 75.084 0.65
      vertex 148.983 75.3525 0.65
      vertex 148.983 75.1475 0.65
    endloop
  endfacet
  facet normal 0 0 1
    outer loop
      vertex 149.819 98.916 0.65
      vertex 149.819 98.584 0.65
      vertex 149.94 98.75 0.65
    endloop
  endfacet
  facet normal -0 0 1
    outer loop
      vertex 149.623 98.8525 0.65
      vertex 149.819 98.584 0.65
      vertex 149.819 98.916 0.65
    endloop
  endfacet
  facet normal 0 0 1
    outer loop
      vertex 149.819 98.584 0.65
      vertex 149.623 98.8525 0.65
      vertex 149.623 98.6475 0.65
    endloop
  endfacet
  facet normal 0 0 1
    outer loop
      vertex 152.359 98.916 0.65
      vertex 152.359 98.584 0.65
      vertex 152.48 98.75 0.65
    endloop
  endfacet
  facet normal -0 0 1
    outer loop
      vertex 152.163 98.8525 0.65
      vertex 152.359 98.584 0.65
      vertex 152.359 98.916 0.65
    endloop
  endfacet
  facet normal 0 0 1
    outer loop
      vertex 152.359 98.584 0.65
      vertex 152.163 98.8525 0.65
      vertex 152.163 98.6475 0.65
    endloop
  endfacet
  facet normal -1 0 0
    outer loop
      vertex 130.5 73.4502 0
      vertex 130.5 106.45 0.65
      vertex 130.5 106.45 0
    endloop
  endfacet
  facet normal -1 -0 0
    outer loop
      vertex 130.5 106.45 0.65
      vertex 130.5 73.4502 0
      vertex 130.5 73.4502 0.65
    endloop
  endfacet
  facet normal 0 0 -1
    outer loop
      vertex 135.731 81.4043 0
      vertex 138.069 80.3457 0
      vertex 135.731 80.2959 0
    endloop
  endfacet
  facet normal 0 0 -1
    outer loop
      vertex 138.069 80.3457 0
      vertex 135.731 81.4043 0
      vertex 135.75 81.5 0
    endloop
  endfacet
  facet normal 0 0 -1
    outer loop
      vertex 135.677 80.377 0
      vertex 135.731 81.4043 0
      vertex 135.731 80.2959 0
    endloop
  endfacet
  facet normal 0 0 -1
    outer loop
      vertex 135.677 80.377 0
      vertex 135.677 81.3232 0
      vertex 135.731 81.4043 0
    endloop
  endfacet
  facet normal 0 0 -1
    outer loop
      vertex 135.596 80.4307 0
      vertex 135.677 81.3232 0
      vertex 135.677 80.377 0
    endloop
  endfacet
  facet normal 0 0 -1
    outer loop
      vertex 135.596 80.4307 0
      vertex 135.596 81.2686 0
      vertex 135.677 81.3232 0
    endloop
  endfacet
  facet normal 0 0 -1
    outer loop
      vertex 135.5 80.4502 0
      vertex 135.596 81.2686 0
      vertex 135.596 80.4307 0
    endloop
  endfacet
  facet normal 0 0 -1
    outer loop
      vertex 135.5 80.4502 0
      vertex 135.5 81.25 0
      vertex 135.596 81.2686 0
    endloop
  endfacet
  facet normal 0 0 -1
    outer loop
      vertex 134.6 80.4502 0
      vertex 135.5 81.25 0
      vertex 135.5 80.4502 0
    endloop
  endfacet
  facet normal 0 0 -1
    outer loop
      vertex 134.6 80.4502 0
      vertex 134.6 81.25 0
      vertex 135.5 81.25 0
    endloop
  endfacet
  facet normal 0 0 -1
    outer loop
      vertex 134.504 80.4307 0
      vertex 134.6 81.25 0
      vertex 134.6 80.4502 0
    endloop
  endfacet
  facet normal 0 0 -1
    outer loop
      vertex 134.504 80.4307 0
      vertex 134.504 81.2686 0
      vertex 134.6 81.25 0
    endloop
  endfacet
  facet normal 0 0 -1
    outer loop
      vertex 134.423 80.377 0
      vertex 134.504 81.2686 0
      vertex 134.504 80.4307 0
    endloop
  endfacet
  facet normal 0 0 -1
    outer loop
      vertex 134.423 80.377 0
      vertex 134.423 81.3232 0
      vertex 134.504 81.2686 0
    endloop
  endfacet
  facet normal 0 0 -1
    outer loop
      vertex 134.369 80.2959 0
      vertex 134.423 81.3232 0
      vertex 134.423 80.377 0
    endloop
  endfacet
  facet normal 0 0 -1
    outer loop
      vertex 134.369 80.2959 0
      vertex 134.369 81.4043 0
      vertex 134.423 81.3232 0
    endloop
  endfacet
  facet normal 0 0 -1
    outer loop
      vertex 134.35 80.2002 0
      vertex 134.369 81.4043 0
      vertex 134.369 80.2959 0
    endloop
  endfacet
  facet normal -0 0 -1
    outer loop
      vertex 134.369 81.4043 0
      vertex 134.35 80.2002 0
      vertex 134.35 81.5 0
    endloop
  endfacet
  facet normal 0 0 -1
    outer loop
      vertex 135.75 82.2002 0
      vertex 138.05 81.5498 0
      vertex 135.75 81.5 0
    endloop
  endfacet
  facet normal 0 0 -1
    outer loop
      vertex 138.05 81.5498 0
      vertex 135.75 82.2002 0
      vertex 138.05 82.25 0
    endloop
  endfacet
  facet normal 0 0 -1
    outer loop
      vertex 135.731 82.2959 0
      vertex 138.05 82.25 0
      vertex 135.75 82.2002 0
    endloop
  endfacet
  facet normal 0 0 -1
    outer loop
      vertex 135.677 82.377 0
      vertex 138.05 82.25 0
      vertex 135.731 82.2959 0
    endloop
  endfacet
  facet normal 0 0 -1
    outer loop
      vertex 138.05 82.25 0
      vertex 135.677 82.377 0
      vertex 135.758 85.1367 0
    endloop
  endfacet
  facet normal 0 0 -1
    outer loop
      vertex 135.596 82.4307 0
      vertex 135.758 85.1367 0
      vertex 135.677 82.377 0
    endloop
  endfacet
  facet normal 0 0 -1
    outer loop
      vertex 135.758 85.1367 0
      vertex 135.596 82.4307 0
      vertex 135.7 85.125 0
    endloop
  endfacet
  facet normal 0 0 -1
    outer loop
      vertex 135.5 82.4502 0
      vertex 135.7 85.125 0
      vertex 135.596 82.4307 0
    endloop
  endfacet
  facet normal 0 0 -1
    outer loop
      vertex 135.5 82.4502 0
      vertex 135.4 85.125 0
      vertex 135.7 85.125 0
    endloop
  endfacet
  facet normal 0 0 -1
    outer loop
      vertex 135.5 82.4502 0
      vertex 135.343 85.1367 0
      vertex 135.4 85.125 0
    endloop
  endfacet
  facet normal 0 0 -1
    outer loop
      vertex 134.6 82.4502 0
      vertex 135.343 85.1367 0
      vertex 135.5 82.4502 0
    endloop
  endfacet
  facet normal -0 0 -1
    outer loop
      vertex 135.343 85.1367 0
      vertex 134.6 82.4502 0
      vertex 135.294 85.1689 0
    endloop
  endfacet
  facet normal 0 0 -1
    outer loop
      vertex 134.504 82.4307 0
      vertex 135.294 85.1689 0
      vertex 134.6 82.4502 0
    endloop
  endfacet
  facet normal 0 0 -1
    outer loop
      vertex 134.45 87 0
      vertex 135.25 86.4502 0
      vertex 135.25 85.2754 0
    endloop
  endfacet
  facet normal -0 0 -1
    outer loop
      vertex 135.294 85.1689 0
      vertex 134.504 82.4307 0
      vertex 135.262 85.2178 0
    endloop
  endfacet
  facet normal 0 0 -1
    outer loop
      vertex 135.25 86.4502 0
      vertex 134.889 87.0928 0
      vertex 134.9 87.1504 0
    endloop
  endfacet
  facet normal 0 0 -1
    outer loop
      vertex 135.25 86.4502 0
      vertex 134.856 87.0439 0
      vertex 134.889 87.0928 0
    endloop
  endfacet
  facet normal 0 0 -1
    outer loop
      vertex 135.25 86.4502 0
      vertex 134.808 87.0117 0
      vertex 134.856 87.0439 0
    endloop
  endfacet
  facet normal 0 0 -1
    outer loop
      vertex 135.25 86.4502 0
      vertex 134.75 87 0
      vertex 134.808 87.0117 0
    endloop
  endfacet
  facet normal 0 0 -1
    outer loop
      vertex 134.423 82.377 0
      vertex 135.262 85.2178 0
      vertex 134.504 82.4307 0
    endloop
  endfacet
  facet normal -0 0 -1
    outer loop
      vertex 135.262 85.2178 0
      vertex 134.423 82.377 0
      vertex 135.25 85.2754 0
    endloop
  endfacet
  facet normal 0 0 -1
    outer loop
      vertex 135.25 86.4502 0
      vertex 134.45 87 0
      vertex 134.75 87 0
    endloop
  endfacet
  facet normal 0 0 -1
    outer loop
      vertex 134.344 87.0439 0
      vertex 135.25 85.2754 0
      vertex 134.423 82.377 0
    endloop
  endfacet
  facet normal 0 0 -1
    outer loop
      vertex 135.25 85.2754 0
      vertex 134.393 87.0117 0
      vertex 134.45 87 0
    endloop
  endfacet
  facet normal 0 0 -1
    outer loop
      vertex 134.344 87.0439 0
      vertex 134.423 82.377 0
      vertex 134.369 82.2959 0
    endloop
  endfacet
  facet normal 0 0 -1
    outer loop
      vertex 134.312 87.0928 0
      vertex 134.369 82.2959 0
      vertex 134.35 82.2002 0
    endloop
  endfacet
  facet normal 0 0 -1
    outer loop
      vertex 135.25 85.2754 0
      vertex 134.344 87.0439 0
      vertex 134.393 87.0117 0
    endloop
  endfacet
  facet normal 0 0 -1
    outer loop
      vertex 139.431 81.4541 0
      vertex 141.819 80.3955 0
      vertex 139.431 80.3457 0
    endloop
  endfacet
  facet normal 0 0 -1
    outer loop
      vertex 141.819 80.3955 0
      vertex 139.431 81.4541 0
      vertex 139.45 81.5498 0
    endloop
  endfacet
  facet normal 0 0 -1
    outer loop
      vertex 139.377 80.4268 0
      vertex 139.431 81.4541 0
      vertex 139.431 80.3457 0
    endloop
  endfacet
  facet normal 0 0 -1
    outer loop
      vertex 139.377 80.4268 0
      vertex 139.377 81.373 0
      vertex 139.431 81.4541 0
    endloop
  endfacet
  facet normal 0 0 -1
    outer loop
      vertex 139.296 80.4814 0
      vertex 139.377 81.373 0
      vertex 139.377 80.4268 0
    endloop
  endfacet
  facet normal 0 0 -1
    outer loop
      vertex 139.296 80.4814 0
      vertex 139.296 81.3193 0
      vertex 139.377 81.373 0
    endloop
  endfacet
  facet normal 0 0 -1
    outer loop
      vertex 139.2 80.5 0
      vertex 139.296 81.3193 0
      vertex 139.296 80.4814 0
    endloop
  endfacet
  facet normal 0 0 -1
    outer loop
      vertex 139.2 80.5 0
      vertex 139.2 81.2998 0
      vertex 139.296 81.3193 0
    endloop
  endfacet
  facet normal 0 0 -1
    outer loop
      vertex 138.3 80.5 0
      vertex 139.2 81.2998 0
      vertex 139.2 80.5 0
    endloop
  endfacet
  facet normal 0 0 -1
    outer loop
      vertex 138.3 80.5 0
      vertex 138.3 81.2998 0
      vertex 139.2 81.2998 0
    endloop
  endfacet
  facet normal 0 0 -1
    outer loop
      vertex 138.204 80.4814 0
      vertex 138.3 81.2998 0
      vertex 138.3 80.5 0
    endloop
  endfacet
  facet normal 0 0 -1
    outer loop
      vertex 138.204 80.4814 0
      vertex 138.204 81.3193 0
      vertex 138.3 81.2998 0
    endloop
  endfacet
  facet normal 0 0 -1
    outer loop
      vertex 138.123 80.4268 0
      vertex 138.204 81.3193 0
      vertex 138.204 80.4814 0
    endloop
  endfacet
  facet normal 0 0 -1
    outer loop
      vertex 138.123 80.4268 0
      vertex 138.123 81.373 0
      vertex 138.204 81.3193 0
    endloop
  endfacet
  facet normal 0 0 -1
    outer loop
      vertex 138.069 80.3457 0
      vertex 138.123 81.373 0
      vertex 138.123 80.4268 0
    endloop
  endfacet
  facet normal 0 0 -1
    outer loop
      vertex 138.069 80.3457 0
      vertex 138.069 81.4541 0
      vertex 138.123 81.373 0
    endloop
  endfacet
  facet normal 0 0 -1
    outer loop
      vertex 138.05 79.5498 0
      vertex 135.75 80.2002 0
      vertex 138.05 80.25 0
    endloop
  endfacet
  facet normal 0 0 -1
    outer loop
      vertex 135.731 80.2959 0
      vertex 138.05 80.25 0
      vertex 135.75 80.2002 0
    endloop
  endfacet
  facet normal 0 0 -1
    outer loop
      vertex 139.45 82.25 0
      vertex 141.8 81.5996 0
      vertex 139.45 81.5498 0
    endloop
  endfacet
  facet normal 0 0 -1
    outer loop
      vertex 141.8 81.5996 0
      vertex 139.45 82.25 0
      vertex 141.8 82.2998 0
    endloop
  endfacet
  facet normal 0 0 -1
    outer loop
      vertex 139.431 82.3457 0
      vertex 141.8 82.2998 0
      vertex 139.45 82.25 0
    endloop
  endfacet
  facet normal 0 0 -1
    outer loop
      vertex 139.377 82.4268 0
      vertex 141.8 82.2998 0
      vertex 139.431 82.3457 0
    endloop
  endfacet
  facet normal 0 0 -1
    outer loop
      vertex 141.8 82.2998 0
      vertex 139.377 82.4268 0
      vertex 139.55 85.1748 0
    endloop
  endfacet
  facet normal 0 0 -1
    outer loop
      vertex 139.296 82.4814 0
      vertex 139.55 85.1748 0
      vertex 139.377 82.4268 0
    endloop
  endfacet
  facet normal 0 0 -1
    outer loop
      vertex 139.2 82.5 0
      vertex 139.55 85.1748 0
      vertex 139.296 82.4814 0
    endloop
  endfacet
  facet normal -0 0 -1
    outer loop
      vertex 139.55 85.1748 0
      vertex 139.2 82.5 0
      vertex 139.25 85.1748 0
    endloop
  endfacet
  facet normal 0 0 -1
    outer loop
      vertex 139.2 82.5 0
      vertex 139.192 85.1865 0
      vertex 139.25 85.1748 0
    endloop
  endfacet
  facet normal 0 0 -1
    outer loop
      vertex 138.3 82.5 0
      vertex 139.192 85.1865 0
      vertex 139.2 82.5 0
    endloop
  endfacet
  facet normal -0 0 -1
    outer loop
      vertex 139.192 85.1865 0
      vertex 138.3 82.5 0
      vertex 139.144 85.2188 0
    endloop
  endfacet
  facet normal 0 0 -1
    outer loop
      vertex 138.204 82.4814 0
      vertex 139.144 85.2188 0
      vertex 138.3 82.5 0
    endloop
  endfacet
  facet normal 0 0 -1
    outer loop
      vertex 138.3 87.0498 0
      vertex 139.1 86.5 0
      vertex 139.1 85.3252 0
    endloop
  endfacet
  facet normal -0 0 -1
    outer loop
      vertex 139.144 85.2188 0
      vertex 138.204 82.4814 0
      vertex 139.111 85.2676 0
    endloop
  endfacet
  facet normal 0 0 -1
    outer loop
      vertex 139.1 86.5 0
      vertex 138.738 87.1426 0
      vertex 138.75 87.2002 0
    endloop
  endfacet
  facet normal 0 0 -1
    outer loop
      vertex 139.1 86.5 0
      vertex 138.706 87.0938 0
      vertex 138.738 87.1426 0
    endloop
  endfacet
  facet normal 0 0 -1
    outer loop
      vertex 139.1 86.5 0
      vertex 138.657 87.0615 0
      vertex 138.706 87.0938 0
    endloop
  endfacet
  facet normal 0 0 -1
    outer loop
      vertex 139.1 86.5 0
      vertex 138.6 87.0498 0
      vertex 138.657 87.0615 0
    endloop
  endfacet
  facet normal 0 0 -1
    outer loop
      vertex 138.123 82.4268 0
      vertex 139.111 85.2676 0
      vertex 138.204 82.4814 0
    endloop
  endfacet
  facet normal 0 0 -1
    outer loop
      vertex 139.1 86.5 0
      vertex 138.3 87.0498 0
      vertex 138.6 87.0498 0
    endloop
  endfacet
  facet normal 0 0 -1
    outer loop
      vertex 139.1 85.3252 0
      vertex 138.242 87.0615 0
      vertex 138.3 87.0498 0
    endloop
  endfacet
  facet normal 0 0 -1
    outer loop
      vertex 136.8 87.1504 0
      vertex 139.111 85.2676 0
      vertex 138.123 82.4268 0
    endloop
  endfacet
  facet normal 0 0 -1
    outer loop
      vertex 139.1 85.3252 0
      vertex 136.8 87.1504 0
      vertex 138.242 87.0615 0
    endloop
  endfacet
  facet normal 0 0 -1
    outer loop
      vertex 138.242 87.0615 0
      vertex 136.8 87.1504 0
      vertex 138.194 87.0938 0
    endloop
  endfacet
  facet normal 0 0 -1
    outer loop
      vertex 138.194 87.0938 0
      vertex 136.8 87.1504 0
      vertex 138.161 87.1426 0
    endloop
  endfacet
  facet normal 0 0 -1
    outer loop
      vertex 138.161 87.1426 0
      vertex 136.8 87.1504 0
      vertex 138.15 87.2002 0
    endloop
  endfacet
  facet normal 0 0 -1
    outer loop
      vertex 139.111 85.2676 0
      vertex 136.8 87.1504 0
      vertex 139.1 85.3252 0
    endloop
  endfacet
  facet normal 0 0 -1
    outer loop
      vertex 143.181 81.5039 0
      vertex 145.394 81.5547 0
      vertex 143.181 80.3955 0
    endloop
  endfacet
  facet normal -0 0 -1
    outer loop
      vertex 145.394 81.5547 0
      vertex 143.181 81.5039 0
      vertex 143.2 81.5996 0
    endloop
  endfacet
  facet normal 0 0 -1
    outer loop
      vertex 143.127 80.4766 0
      vertex 143.181 81.5039 0
      vertex 143.181 80.3955 0
    endloop
  endfacet
  facet normal 0 0 -1
    outer loop
      vertex 143.127 80.4766 0
      vertex 143.127 81.4229 0
      vertex 143.181 81.5039 0
    endloop
  endfacet
  facet normal 0 0 -1
    outer loop
      vertex 143.046 80.5312 0
      vertex 143.127 81.4229 0
      vertex 143.127 80.4766 0
    endloop
  endfacet
  facet normal 0 0 -1
    outer loop
      vertex 143.046 80.5312 0
      vertex 143.046 81.3691 0
      vertex 143.127 81.4229 0
    endloop
  endfacet
  facet normal 0 0 -1
    outer loop
      vertex 142.95 80.5498 0
      vertex 143.046 81.3691 0
      vertex 143.046 80.5312 0
    endloop
  endfacet
  facet normal 0 0 -1
    outer loop
      vertex 142.95 80.5498 0
      vertex 142.95 81.3496 0
      vertex 143.046 81.3691 0
    endloop
  endfacet
  facet normal 0 0 -1
    outer loop
      vertex 142.05 80.5498 0
      vertex 142.95 81.3496 0
      vertex 142.95 80.5498 0
    endloop
  endfacet
  facet normal 0 0 -1
    outer loop
      vertex 142.05 80.5498 0
      vertex 142.05 81.3496 0
      vertex 142.95 81.3496 0
    endloop
  endfacet
  facet normal 0 0 -1
    outer loop
      vertex 141.954 80.5312 0
      vertex 142.05 81.3496 0
      vertex 142.05 80.5498 0
    endloop
  endfacet
  facet normal 0 0 -1
    outer loop
      vertex 141.954 80.5312 0
      vertex 141.954 81.3691 0
      vertex 142.05 81.3496 0
    endloop
  endfacet
  facet normal 0 0 -1
    outer loop
      vertex 141.873 80.4766 0
      vertex 141.954 81.3691 0
      vertex 141.954 80.5312 0
    endloop
  endfacet
  facet normal 0 0 -1
    outer loop
      vertex 141.873 80.4766 0
      vertex 141.873 81.4229 0
      vertex 141.954 81.3691 0
    endloop
  endfacet
  facet normal 0 0 -1
    outer loop
      vertex 141.819 80.3955 0
      vertex 141.873 81.4229 0
      vertex 141.873 80.4766 0
    endloop
  endfacet
  facet normal 0 0 -1
    outer loop
      vertex 141.819 80.3955 0
      vertex 141.819 81.5039 0
      vertex 141.873 81.4229 0
    endloop
  endfacet
  facet normal 0 0 -1
    outer loop
      vertex 141.8 79.5996 0
      vertex 139.45 80.25 0
      vertex 141.8 80.2998 0
    endloop
  endfacet
  facet normal 0 0 -1
    outer loop
      vertex 139.431 80.3457 0
      vertex 141.8 80.2998 0
      vertex 139.45 80.25 0
    endloop
  endfacet
  facet normal 0 0 -1
    outer loop
      vertex 143.331 87.5664 0
      vertex 148.125 87.0996 0
      vertex 143.331 86.458 0
    endloop
  endfacet
  facet normal 0 0 -1
    outer loop
      vertex 148.125 87.0996 0
      vertex 143.331 87.5664 0
      vertex 143.35 87.6621 0
    endloop
  endfacet
  facet normal 0 0 -1
    outer loop
      vertex 143.276 86.5391 0
      vertex 143.331 87.5664 0
      vertex 143.331 86.458 0
    endloop
  endfacet
  facet normal 0 0 -1
    outer loop
      vertex 143.276 86.5391 0
      vertex 143.276 87.4854 0
      vertex 143.331 87.5664 0
    endloop
  endfacet
  facet normal 0 0 -1
    outer loop
      vertex 143.195 86.5938 0
      vertex 143.276 87.4854 0
      vertex 143.276 86.5391 0
    endloop
  endfacet
  facet normal 0 0 -1
    outer loop
      vertex 143.195 86.5938 0
      vertex 143.195 87.4316 0
      vertex 143.276 87.4854 0
    endloop
  endfacet
  facet normal 0 0 -1
    outer loop
      vertex 143.1 86.6123 0
      vertex 143.195 87.4316 0
      vertex 143.195 86.5938 0
    endloop
  endfacet
  facet normal 0 0 -1
    outer loop
      vertex 143.1 86.6123 0
      vertex 143.1 87.4121 0
      vertex 143.195 87.4316 0
    endloop
  endfacet
  facet normal 0 0 -1
    outer loop
      vertex 142.2 86.6123 0
      vertex 143.1 87.4121 0
      vertex 143.1 86.6123 0
    endloop
  endfacet
  facet normal 0 0 -1
    outer loop
      vertex 142.2 86.6123 0
      vertex 142.2 87.4121 0
      vertex 143.1 87.4121 0
    endloop
  endfacet
  facet normal 0 0 -1
    outer loop
      vertex 142.104 86.5938 0
      vertex 142.2 87.4121 0
      vertex 142.2 86.6123 0
    endloop
  endfacet
  facet normal 0 0 -1
    outer loop
      vertex 142.104 86.5938 0
      vertex 142.104 87.4316 0
      vertex 142.2 87.4121 0
    endloop
  endfacet
  facet normal 0 0 -1
    outer loop
      vertex 142.023 86.5391 0
      vertex 142.104 87.4316 0
      vertex 142.104 86.5938 0
    endloop
  endfacet
  facet normal 0 0 -1
    outer loop
      vertex 142.023 86.5391 0
      vertex 142.023 87.4854 0
      vertex 142.104 87.4316 0
    endloop
  endfacet
  facet normal 0 0 -1
    outer loop
      vertex 140.65 87.2002 0
      vertex 142.023 86.5391 0
      vertex 141.969 86.458 0
    endloop
  endfacet
  facet normal 0 0 -1
    outer loop
      vertex 142.023 86.5391 0
      vertex 140.65 87.2002 0
      vertex 142.023 87.4854 0
    endloop
  endfacet
  facet normal 0 0 -1
    outer loop
      vertex 140.65 87.2002 0
      vertex 141.969 86.458 0
      vertex 141.95 86.3623 0
    endloop
  endfacet
  facet normal -0 0 -1
    outer loop
      vertex 142.023 87.4854 0
      vertex 140.65 87.2002 0
      vertex 141.969 87.5664 0
    endloop
  endfacet
  facet normal -0 0 -1
    outer loop
      vertex 148.224 81.373 0
      vertex 146.752 80.4268 0
      vertex 148.169 81.4541 0
    endloop
  endfacet
  facet normal 0 0 -1
    outer loop
      vertex 148.169 81.4541 0
      vertex 146.806 81.5547 0
      vertex 146.825 81.6504 0
    endloop
  endfacet
  facet normal 0 0 -1
    outer loop
      vertex 146.752 81.4736 0
      vertex 148.169 81.4541 0
      vertex 146.752 80.4268 0
    endloop
  endfacet
  facet normal 0 0 -1
    outer loop
      vertex 148.169 81.4541 0
      vertex 146.752 81.4736 0
      vertex 146.806 81.5547 0
    endloop
  endfacet
  facet normal 0 0 -1
    outer loop
      vertex 146.671 80.4814 0
      vertex 146.752 81.4736 0
      vertex 146.752 80.4268 0
    endloop
  endfacet
  facet normal 0 0 -1
    outer loop
      vertex 146.671 80.4814 0
      vertex 146.671 81.4189 0
      vertex 146.752 81.4736 0
    endloop
  endfacet
  facet normal 0 0 -1
    outer loop
      vertex 146.575 80.5 0
      vertex 146.671 81.4189 0
      vertex 146.671 80.4814 0
    endloop
  endfacet
  facet normal 0 0 -1
    outer loop
      vertex 146.575 80.5 0
      vertex 146.575 81.4004 0
      vertex 146.671 81.4189 0
    endloop
  endfacet
  facet normal 0 0 -1
    outer loop
      vertex 145.625 80.5 0
      vertex 146.575 81.4004 0
      vertex 146.575 80.5 0
    endloop
  endfacet
  facet normal 0 0 -1
    outer loop
      vertex 145.625 80.5 0
      vertex 145.625 81.4004 0
      vertex 146.575 81.4004 0
    endloop
  endfacet
  facet normal 0 0 -1
    outer loop
      vertex 145.529 80.4814 0
      vertex 145.625 81.4004 0
      vertex 145.625 80.5 0
    endloop
  endfacet
  facet normal 0 0 -1
    outer loop
      vertex 145.529 80.4814 0
      vertex 145.529 81.4189 0
      vertex 145.625 81.4004 0
    endloop
  endfacet
  facet normal 0 0 -1
    outer loop
      vertex 145.448 80.4268 0
      vertex 145.529 81.4189 0
      vertex 145.529 80.4814 0
    endloop
  endfacet
  facet normal 0 0 -1
    outer loop
      vertex 145.448 80.4268 0
      vertex 145.448 81.4736 0
      vertex 145.529 81.4189 0
    endloop
  endfacet
  facet normal 0 0 -1
    outer loop
      vertex 145.394 80.3457 0
      vertex 145.448 81.4736 0
      vertex 145.448 80.4268 0
    endloop
  endfacet
  facet normal 0 0 -1
    outer loop
      vertex 145.394 80.3457 0
      vertex 145.394 81.5547 0
      vertex 145.448 81.4736 0
    endloop
  endfacet
  facet normal 0 0 -1
    outer loop
      vertex 143.2 80.2998 0
      vertex 145.394 80.3457 0
      vertex 145.375 80.25 0
    endloop
  endfacet
  facet normal 0 0 -1
    outer loop
      vertex 143.181 80.3955 0
      vertex 145.394 80.3457 0
      vertex 143.2 80.2998 0
    endloop
  endfacet
  facet normal 0 0 -1
    outer loop
      vertex 143.2 82.2998 0
      vertex 145.375 81.6504 0
      vertex 143.2 81.5996 0
    endloop
  endfacet
  facet normal 0 0 -1
    outer loop
      vertex 145.375 81.6504 0
      vertex 143.2 82.2998 0
      vertex 145.375 82.3252 0
    endloop
  endfacet
  facet normal 0 0 -1
    outer loop
      vertex 143.181 82.3955 0
      vertex 145.375 82.3252 0
      vertex 143.2 82.2998 0
    endloop
  endfacet
  facet normal 0 0 -1
    outer loop
      vertex 143.127 82.4766 0
      vertex 145.375 82.3252 0
      vertex 143.181 82.3955 0
    endloop
  endfacet
  facet normal 0 0 -1
    outer loop
      vertex 145.375 82.3252 0
      vertex 143.127 82.4766 0
      vertex 143.276 85.4854 0
    endloop
  endfacet
  facet normal 0 0 -1
    outer loop
      vertex 143.276 85.4854 0
      vertex 143.127 82.4766 0
      vertex 143.195 85.4316 0
    endloop
  endfacet
  facet normal 0 0 -1
    outer loop
      vertex 143.046 82.5312 0
      vertex 143.195 85.4316 0
      vertex 143.127 82.4766 0
    endloop
  endfacet
  facet normal 0 0 -1
    outer loop
      vertex 143.195 85.4316 0
      vertex 143.046 82.5312 0
      vertex 143.1 85.4121 0
    endloop
  endfacet
  facet normal 0 0 -1
    outer loop
      vertex 142.95 82.5498 0
      vertex 143.1 85.4121 0
      vertex 143.046 82.5312 0
    endloop
  endfacet
  facet normal 0 0 -1
    outer loop
      vertex 142.95 82.5498 0
      vertex 142.2 85.4121 0
      vertex 143.1 85.4121 0
    endloop
  endfacet
  facet normal 0 0 -1
    outer loop
      vertex 142.05 82.5498 0
      vertex 142.2 85.4121 0
      vertex 142.95 82.5498 0
    endloop
  endfacet
  facet normal -0 0 -1
    outer loop
      vertex 142.2 85.4121 0
      vertex 142.05 82.5498 0
      vertex 142.104 85.4316 0
    endloop
  endfacet
  facet normal 0 0 -1
    outer loop
      vertex 141.954 82.5312 0
      vertex 142.104 85.4316 0
      vertex 142.05 82.5498 0
    endloop
  endfacet
  facet normal -0 0 -1
    outer loop
      vertex 142.104 85.4316 0
      vertex 141.954 82.5312 0
      vertex 142.023 85.4854 0
    endloop
  endfacet
  facet normal 0 0 -1
    outer loop
      vertex 141.873 82.4766 0
      vertex 142.023 85.4854 0
      vertex 141.954 82.5312 0
    endloop
  endfacet
  facet normal -0 0 -1
    outer loop
      vertex 142.023 85.4854 0
      vertex 141.873 82.4766 0
      vertex 141.969 85.5664 0
    endloop
  endfacet
  facet normal 0 0 -1
    outer loop
      vertex 140.65 87.2002 0
      vertex 141.95 86.3623 0
      vertex 141.95 85.6621 0
    endloop
  endfacet
  facet normal -0 0 -1
    outer loop
      vertex 141.969 87.5664 0
      vertex 140.65 87.2002 0
      vertex 141.95 87.6621 0
    endloop
  endfacet
  facet normal 0 0 -1
    outer loop
      vertex 140.65 87.2002 0
      vertex 141.969 85.5664 0
      vertex 141.819 82.3955 0
    endloop
  endfacet
  facet normal 0 0 -1
    outer loop
      vertex 141.819 82.3955 0
      vertex 141.969 85.5664 0
      vertex 141.873 82.4766 0
    endloop
  endfacet
  facet normal 0 0 -1
    outer loop
      vertex 149.531 80.3457 0
      vertex 149.55 81.5498 0
      vertex 149.55 80.25 0
    endloop
  endfacet
  facet normal 0 0 -1
    outer loop
      vertex 149.531 80.3457 0
      vertex 149.531 81.4541 0
      vertex 149.55 81.5498 0
    endloop
  endfacet
  facet normal 0 0 -1
    outer loop
      vertex 149.477 80.4268 0
      vertex 149.531 81.4541 0
      vertex 149.531 80.3457 0
    endloop
  endfacet
  facet normal 0 0 -1
    outer loop
      vertex 149.477 80.4268 0
      vertex 149.477 81.373 0
      vertex 149.531 81.4541 0
    endloop
  endfacet
  facet normal 0 0 -1
    outer loop
      vertex 149.396 80.4814 0
      vertex 149.477 81.373 0
      vertex 149.477 80.4268 0
    endloop
  endfacet
  facet normal 0 0 -1
    outer loop
      vertex 149.396 80.4814 0
      vertex 149.396 81.3193 0
      vertex 149.477 81.373 0
    endloop
  endfacet
  facet normal 0 0 -1
    outer loop
      vertex 149.3 80.5 0
      vertex 149.396 81.3193 0
      vertex 149.396 80.4814 0
    endloop
  endfacet
  facet normal 0 0 -1
    outer loop
      vertex 149.3 80.5 0
      vertex 149.3 81.2998 0
      vertex 149.396 81.3193 0
    endloop
  endfacet
  facet normal 0 0 -1
    outer loop
      vertex 148.4 80.5 0
      vertex 149.3 81.2998 0
      vertex 149.3 80.5 0
    endloop
  endfacet
  facet normal 0 0 -1
    outer loop
      vertex 148.4 80.5 0
      vertex 148.4 81.2998 0
      vertex 149.3 81.2998 0
    endloop
  endfacet
  facet normal 0 0 -1
    outer loop
      vertex 148.305 80.4814 0
      vertex 148.4 81.2998 0
      vertex 148.4 80.5 0
    endloop
  endfacet
  facet normal 0 0 -1
    outer loop
      vertex 148.305 80.4814 0
      vertex 148.305 81.3193 0
      vertex 148.4 81.2998 0
    endloop
  endfacet
  facet normal 0 0 -1
    outer loop
      vertex 148.224 80.4268 0
      vertex 148.305 81.3193 0
      vertex 148.305 80.4814 0
    endloop
  endfacet
  facet normal 0 0 -1
    outer loop
      vertex 148.224 80.4268 0
      vertex 148.224 81.373 0
      vertex 148.305 81.3193 0
    endloop
  endfacet
  facet normal 0 0 -1
    outer loop
      vertex 146.806 80.3457 0
      vertex 148.169 80.3457 0
      vertex 146.825 80.25 0
    endloop
  endfacet
  facet normal 0 0 -1
    outer loop
      vertex 148.169 80.3457 0
      vertex 146.806 80.3457 0
      vertex 148.224 80.4268 0
    endloop
  endfacet
  facet normal 0 0 -1
    outer loop
      vertex 146.825 80.25 0
      vertex 148.169 80.3457 0
      vertex 148.15 80.25 0
    endloop
  endfacet
  facet normal 0 0 -1
    outer loop
      vertex 146.752 80.4268 0
      vertex 148.224 80.4268 0
      vertex 146.806 80.3457 0
    endloop
  endfacet
  facet normal 0 0 -1
    outer loop
      vertex 149.556 85.7959 0
      vertex 149.575 87.0996 0
      vertex 149.575 85.7002 0
    endloop
  endfacet
  facet normal 0 0 -1
    outer loop
      vertex 149.556 85.7959 0
      vertex 149.556 87.0039 0
      vertex 149.575 87.0996 0
    endloop
  endfacet
  facet normal 0 0 -1
    outer loop
      vertex 149.502 85.877 0
      vertex 149.556 87.0039 0
      vertex 149.556 85.7959 0
    endloop
  endfacet
  facet normal 0 0 -1
    outer loop
      vertex 149.502 85.877 0
      vertex 149.502 86.9229 0
      vertex 149.556 87.0039 0
    endloop
  endfacet
  facet normal 0 0 -1
    outer loop
      vertex 149.421 85.9307 0
      vertex 149.502 86.9229 0
      vertex 149.502 85.877 0
    endloop
  endfacet
  facet normal 0 0 -1
    outer loop
      vertex 149.421 85.9307 0
      vertex 149.421 86.8691 0
      vertex 149.502 86.9229 0
    endloop
  endfacet
  facet normal 0 0 -1
    outer loop
      vertex 149.325 85.9502 0
      vertex 149.421 86.8691 0
      vertex 149.421 85.9307 0
    endloop
  endfacet
  facet normal 0 0 -1
    outer loop
      vertex 149.325 85.9502 0
      vertex 149.325 86.8496 0
      vertex 149.421 86.8691 0
    endloop
  endfacet
  facet normal 0 0 -1
    outer loop
      vertex 148.375 85.9502 0
      vertex 149.325 86.8496 0
      vertex 149.325 85.9502 0
    endloop
  endfacet
  facet normal 0 0 -1
    outer loop
      vertex 148.375 85.9502 0
      vertex 148.375 86.8496 0
      vertex 149.325 86.8496 0
    endloop
  endfacet
  facet normal 0 0 -1
    outer loop
      vertex 148.279 85.9307 0
      vertex 148.375 86.8496 0
      vertex 148.375 85.9502 0
    endloop
  endfacet
  facet normal 0 0 -1
    outer loop
      vertex 148.279 85.9307 0
      vertex 148.279 86.8691 0
      vertex 148.375 86.8496 0
    endloop
  endfacet
  facet normal 0 0 -1
    outer loop
      vertex 148.198 85.877 0
      vertex 148.279 86.8691 0
      vertex 148.279 85.9307 0
    endloop
  endfacet
  facet normal 0 0 -1
    outer loop
      vertex 148.198 85.877 0
      vertex 148.198 86.9229 0
      vertex 148.279 86.8691 0
    endloop
  endfacet
  facet normal 0 0 -1
    outer loop
      vertex 148.144 85.7959 0
      vertex 148.198 86.9229 0
      vertex 148.198 85.877 0
    endloop
  endfacet
  facet normal 0 0 -1
    outer loop
      vertex 148.144 85.7959 0
      vertex 148.144 87.0039 0
      vertex 148.198 86.9229 0
    endloop
  endfacet
  facet normal 0 0 -1
    outer loop
      vertex 143.35 86.3623 0
      vertex 148.144 85.7959 0
      vertex 148.125 85.7002 0
    endloop
  endfacet
  facet normal 0 0 -1
    outer loop
      vertex 148.144 85.7959 0
      vertex 143.35 86.3623 0
      vertex 148.144 87.0039 0
    endloop
  endfacet
  facet normal 0 0 -1
    outer loop
      vertex 149.631 92.9541 0
      vertex 151.819 92.9541 0
      vertex 149.631 91.8457 0
    endloop
  endfacet
  facet normal 0 0 -1
    outer loop
      vertex 151.819 92.9541 0
      vertex 149.631 92.9541 0
      vertex 149.65 93.0498 0
    endloop
  endfacet
  facet normal 0 0 -1
    outer loop
      vertex 149.577 91.9268 0
      vertex 149.631 92.9541 0
      vertex 149.631 91.8457 0
    endloop
  endfacet
  facet normal 0 0 -1
    outer loop
      vertex 149.577 91.9268 0
      vertex 149.577 92.873 0
      vertex 149.631 92.9541 0
    endloop
  endfacet
  facet normal 0 0 -1
    outer loop
      vertex 149.496 91.9814 0
      vertex 149.577 92.873 0
      vertex 149.577 91.9268 0
    endloop
  endfacet
  facet normal 0 0 -1
    outer loop
      vertex 149.496 91.9814 0
      vertex 149.496 92.8193 0
      vertex 149.577 92.873 0
    endloop
  endfacet
  facet normal 0 0 -1
    outer loop
      vertex 149.4 92 0
      vertex 149.496 92.8193 0
      vertex 149.496 91.9814 0
    endloop
  endfacet
  facet normal 0 0 -1
    outer loop
      vertex 149.4 92 0
      vertex 149.4 92.7998 0
      vertex 149.496 92.8193 0
    endloop
  endfacet
  facet normal 0 0 -1
    outer loop
      vertex 148.5 92 0
      vertex 149.4 92.7998 0
      vertex 149.4 92 0
    endloop
  endfacet
  facet normal 0 0 -1
    outer loop
      vertex 148.5 92 0
      vertex 148.5 92.7998 0
      vertex 149.4 92.7998 0
    endloop
  endfacet
  facet normal 0 0 -1
    outer loop
      vertex 148.404 91.9814 0
      vertex 148.5 92.7998 0
      vertex 148.5 92 0
    endloop
  endfacet
  facet normal 0 0 -1
    outer loop
      vertex 148.404 91.9814 0
      vertex 148.404 92.8193 0
      vertex 148.5 92.7998 0
    endloop
  endfacet
  facet normal 0 0 -1
    outer loop
      vertex 148.323 91.9268 0
      vertex 148.404 92.8193 0
      vertex 148.404 91.9814 0
    endloop
  endfacet
  facet normal 0 0 -1
    outer loop
      vertex 148.323 91.9268 0
      vertex 148.323 92.873 0
      vertex 148.404 92.8193 0
    endloop
  endfacet
  facet normal 0 0 -1
    outer loop
      vertex 148.269 91.8457 0
      vertex 148.323 92.873 0
      vertex 148.323 91.9268 0
    endloop
  endfacet
  facet normal 0 0 -1
    outer loop
      vertex 148.269 91.8457 0
      vertex 148.269 92.9541 0
      vertex 148.323 92.873 0
    endloop
  endfacet
  facet normal 0 0 -1
    outer loop
      vertex 148.25 91.75 0
      vertex 148.269 92.9541 0
      vertex 148.269 91.8457 0
    endloop
  endfacet
  facet normal -0 0 -1
    outer loop
      vertex 148.269 92.9541 0
      vertex 148.25 91.75 0
      vertex 148.25 93.0498 0
    endloop
  endfacet
  facet normal 0 0 -1
    outer loop
      vertex 153.181 91.8457 0
      vertex 153.2 93.0498 0
      vertex 153.2 91.75 0
    endloop
  endfacet
  facet normal 0 0 -1
    outer loop
      vertex 153.181 91.8457 0
      vertex 153.181 92.9541 0
      vertex 153.2 93.0498 0
    endloop
  endfacet
  facet normal 0 0 -1
    outer loop
      vertex 153.127 91.9268 0
      vertex 153.181 92.9541 0
      vertex 153.181 91.8457 0
    endloop
  endfacet
  facet normal 0 0 -1
    outer loop
      vertex 153.127 91.9268 0
      vertex 153.127 92.873 0
      vertex 153.181 92.9541 0
    endloop
  endfacet
  facet normal 0 0 -1
    outer loop
      vertex 153.046 91.9814 0
      vertex 153.127 92.873 0
      vertex 153.127 91.9268 0
    endloop
  endfacet
  facet normal 0 0 -1
    outer loop
      vertex 153.046 91.9814 0
      vertex 153.046 92.8193 0
      vertex 153.127 92.873 0
    endloop
  endfacet
  facet normal 0 0 -1
    outer loop
      vertex 152.95 92 0
      vertex 153.046 92.8193 0
      vertex 153.046 91.9814 0
    endloop
  endfacet
  facet normal 0 0 -1
    outer loop
      vertex 152.95 92 0
      vertex 152.95 92.7998 0
      vertex 153.046 92.8193 0
    endloop
  endfacet
  facet normal 0 0 -1
    outer loop
      vertex 152.05 92 0
      vertex 152.95 92.7998 0
      vertex 152.95 92 0
    endloop
  endfacet
  facet normal 0 0 -1
    outer loop
      vertex 152.05 92 0
      vertex 152.05 92.7998 0
      vertex 152.95 92.7998 0
    endloop
  endfacet
  facet normal 0 0 -1
    outer loop
      vertex 151.954 91.9814 0
      vertex 152.05 92.7998 0
      vertex 152.05 92 0
    endloop
  endfacet
  facet normal 0 0 -1
    outer loop
      vertex 151.954 91.9814 0
      vertex 151.954 92.8193 0
      vertex 152.05 92.7998 0
    endloop
  endfacet
  facet normal 0 0 -1
    outer loop
      vertex 151.873 91.9268 0
      vertex 151.954 92.8193 0
      vertex 151.954 91.9814 0
    endloop
  endfacet
  facet normal 0 0 -1
    outer loop
      vertex 151.873 91.9268 0
      vertex 151.873 92.873 0
      vertex 151.954 92.8193 0
    endloop
  endfacet
  facet normal 0 0 -1
    outer loop
      vertex 151.819 91.8457 0
      vertex 151.873 92.873 0
      vertex 151.873 91.9268 0
    endloop
  endfacet
  facet normal 0 0 -1
    outer loop
      vertex 151.819 91.8457 0
      vertex 151.819 92.9541 0
      vertex 151.873 92.873 0
    endloop
  endfacet
  facet normal 0 0 -1
    outer loop
      vertex 149.65 91.75 0
      vertex 151.819 91.8457 0
      vertex 151.8 91.75 0
    endloop
  endfacet
  facet normal 0 0 -1
    outer loop
      vertex 149.631 91.8457 0
      vertex 151.819 91.8457 0
      vertex 149.65 91.75 0
    endloop
  endfacet
  facet normal 0 0 -1
    outer loop
      vertex 154.5 72.4502 0
      vertex 155.5 73.4502 0
      vertex 155.424 73.0675 0
    endloop
  endfacet
  facet normal 0 0 -1
    outer loop
      vertex 155.5 73.4502 0
      vertex 153.2 91.0498 0
      vertex 155.5 106.45 0
    endloop
  endfacet
  facet normal 0 0 -1
    outer loop
      vertex 154.5 72.4502 0
      vertex 155.424 73.0675 0
      vertex 155.207 72.7431 0
    endloop
  endfacet
  facet normal 0 0 -1
    outer loop
      vertex 153.2 91.75 0
      vertex 155.5 106.45 0
      vertex 153.2 91.0498 0
    endloop
  endfacet
  facet normal 0 0 -1
    outer loop
      vertex 154.5 72.4502 0
      vertex 155.207 72.7431 0
      vertex 154.883 72.5263 0
    endloop
  endfacet
  facet normal 0 0 -1
    outer loop
      vertex 153.2 93.0498 0
      vertex 155.5 106.45 0
      vertex 153.2 91.75 0
    endloop
  endfacet
  facet normal -0 0 -1
    outer loop
      vertex 155.5 73.4502 0
      vertex 154.5 72.4502 0
      vertex 149.477 79.373 0
    endloop
  endfacet
  facet normal 0 0 -1
    outer loop
      vertex 153.2 93.75 0
      vertex 155.5 106.45 0
      vertex 153.2 93.0498 0
    endloop
  endfacet
  facet normal 0 0 -1
    outer loop
      vertex 153.181 93.8457 0
      vertex 155.5 106.45 0
      vertex 153.2 93.75 0
    endloop
  endfacet
  facet normal 0 0 -1
    outer loop
      vertex 155.5 73.4502 0
      vertex 153.181 90.9541 0
      vertex 153.2 91.0498 0
    endloop
  endfacet
  facet normal 0 0 -1
    outer loop
      vertex 155.5 73.4502 0
      vertex 153.127 90.873 0
      vertex 153.181 90.9541 0
    endloop
  endfacet
  facet normal 0 0 -1
    outer loop
      vertex 155.5 73.4502 0
      vertex 149.55 82.25 0
      vertex 153.127 90.873 0
    endloop
  endfacet
  facet normal 0 -0 -1
    outer loop
      vertex 149.575 85.0254 0
      vertex 153.127 90.873 0
      vertex 149.55 82.25 0
    endloop
  endfacet
  facet normal 0 0 -1
    outer loop
      vertex 153.127 90.873 0
      vertex 149.575 85.0254 0
      vertex 153.046 90.8193 0
    endloop
  endfacet
  facet normal 0 0 -1
    outer loop
      vertex 149.575 85.7002 0
      vertex 153.046 90.8193 0
      vertex 149.575 85.0254 0
    endloop
  endfacet
  facet normal 0 0 -1
    outer loop
      vertex 149.575 87.0996 0
      vertex 153.046 90.8193 0
      vertex 149.575 85.7002 0
    endloop
  endfacet
  facet normal 0 0 -1
    outer loop
      vertex 153.046 90.8193 0
      vertex 149.575 87.0996 0
      vertex 152.95 90.7998 0
    endloop
  endfacet
  facet normal 0 0 -1
    outer loop
      vertex 149.575 87.7754 0
      vertex 152.95 90.7998 0
      vertex 149.575 87.0996 0
    endloop
  endfacet
  facet normal 0 0 -1
    outer loop
      vertex 149.65 91.75 0
      vertex 151.8 91.75 0
      vertex 151.8 91.0498 0
    endloop
  endfacet
  facet normal 0 0 -1
    outer loop
      vertex 151.819 91.8457 0
      vertex 149.631 91.8457 0
      vertex 151.819 92.9541 0
    endloop
  endfacet
  facet normal 0 0 -1
    outer loop
      vertex 149.65 91.75 0
      vertex 151.8 91.0498 0
      vertex 149.65 91.0498 0
    endloop
  endfacet
  facet normal -0 0 -1
    outer loop
      vertex 152.95 90.7998 0
      vertex 149.575 87.7754 0
      vertex 152.05 90.7998 0
    endloop
  endfacet
  facet normal 0 -0 -1
    outer loop
      vertex 149.577 90.873 0
      vertex 151.873 90.873 0
      vertex 149.502 87.9521 0
    endloop
  endfacet
  facet normal -0 0 -1
    outer loop
      vertex 151.8 91.0498 0
      vertex 149.631 90.9541 0
      vertex 149.65 91.0498 0
    endloop
  endfacet
  facet normal -0 0 -1
    outer loop
      vertex 152.05 90.7998 0
      vertex 149.556 87.8711 0
      vertex 151.954 90.8193 0
    endloop
  endfacet
  facet normal 0 0 -1
    outer loop
      vertex 149.556 87.8711 0
      vertex 152.05 90.7998 0
      vertex 149.575 87.7754 0
    endloop
  endfacet
  facet normal 0 0 -1
    outer loop
      vertex 155.5 73.4502 0
      vertex 149.55 79.5498 0
      vertex 149.55 80.25 0
    endloop
  endfacet
  facet normal 0 0 -1
    outer loop
      vertex 155.5 73.4502 0
      vertex 149.531 79.4541 0
      vertex 149.55 79.5498 0
    endloop
  endfacet
  facet normal 0 0 -1
    outer loop
      vertex 155.5 73.4502 0
      vertex 149.477 79.373 0
      vertex 149.531 79.4541 0
    endloop
  endfacet
  facet normal 0 0 -1
    outer loop
      vertex 154.5 72.4502 0
      vertex 149.396 79.3193 0
      vertex 149.477 79.373 0
    endloop
  endfacet
  facet normal 0 0 -1
    outer loop
      vertex 154.5 72.4502 0
      vertex 149.3 79.2998 0
      vertex 149.396 79.3193 0
    endloop
  endfacet
  facet normal 0 0 -1
    outer loop
      vertex 154.5 72.4502 0
      vertex 148.4 79.2998 0
      vertex 149.3 79.2998 0
    endloop
  endfacet
  facet normal 0 0 -1
    outer loop
      vertex 146.575 79.3252 0
      vertex 148.4 79.2998 0
      vertex 154.5 72.4502 0
    endloop
  endfacet
  facet normal 0 0 -1
    outer loop
      vertex 148.4 79.2998 0
      vertex 146.575 79.3252 0
      vertex 148.305 79.3193 0
    endloop
  endfacet
  facet normal 0 0 -1
    outer loop
      vertex 146.825 79.5752 0
      vertex 148.15 80.25 0
      vertex 148.15 79.5498 0
    endloop
  endfacet
  facet normal 0 0 -1
    outer loop
      vertex 148.224 80.4268 0
      vertex 146.752 80.4268 0
      vertex 148.224 81.373 0
    endloop
  endfacet
  facet normal 0 0 -1
    outer loop
      vertex 148.169 81.4541 0
      vertex 146.825 81.6504 0
      vertex 148.15 81.5498 0
    endloop
  endfacet
  facet normal 0 0 -1
    outer loop
      vertex 146.806 82.4209 0
      vertex 148.15 82.25 0
      vertex 146.825 82.3252 0
    endloop
  endfacet
  facet normal 0 0 -1
    outer loop
      vertex 143.35 85.6621 0
      vertex 148.125 85.7002 0
      vertex 148.125 85.0254 0
    endloop
  endfacet
  facet normal -0 0 -1
    outer loop
      vertex 148.144 87.0039 0
      vertex 143.35 86.3623 0
      vertex 148.125 87.0996 0
    endloop
  endfacet
  facet normal 0 0 -1
    outer loop
      vertex 148.15 81.5498 0
      vertex 146.825 81.6504 0
      vertex 148.15 82.25 0
    endloop
  endfacet
  facet normal -0 0 -1
    outer loop
      vertex 148.15 80.25 0
      vertex 146.825 79.5752 0
      vertex 146.825 80.25 0
    endloop
  endfacet
  facet normal 0 0 -1
    outer loop
      vertex 146.806 79.4795 0
      vertex 148.15 79.5498 0
      vertex 148.169 79.4541 0
    endloop
  endfacet
  facet normal 0 0 -1
    outer loop
      vertex 146.752 79.3984 0
      vertex 148.169 79.4541 0
      vertex 148.224 79.373 0
    endloop
  endfacet
  facet normal 0 -0 -1
    outer loop
      vertex 146.671 79.3438 0
      vertex 148.305 79.3193 0
      vertex 146.575 79.3252 0
    endloop
  endfacet
  facet normal -0 0 -1
    outer loop
      vertex 148.15 79.5498 0
      vertex 146.806 79.4795 0
      vertex 146.825 79.5752 0
    endloop
  endfacet
  facet normal -0 0 -1
    outer loop
      vertex 148.169 79.4541 0
      vertex 146.752 79.3984 0
      vertex 146.806 79.4795 0
    endloop
  endfacet
  facet normal -0 0 -1
    outer loop
      vertex 148.224 79.373 0
      vertex 146.671 79.3438 0
      vertex 146.752 79.3984 0
    endloop
  endfacet
  facet normal 0 0 -1
    outer loop
      vertex 148.305 79.3193 0
      vertex 146.671 79.3438 0
      vertex 148.224 79.373 0
    endloop
  endfacet
  facet normal 0 0 -1
    outer loop
      vertex 154.5 72.4502 0
      vertex 145.625 79.3252 0
      vertex 146.575 79.3252 0
    endloop
  endfacet
  facet normal 0 0 -1
    outer loop
      vertex 142.95 79.3496 0
      vertex 145.625 79.3252 0
      vertex 154.5 72.4502 0
    endloop
  endfacet
  facet normal 0 0 -1
    outer loop
      vertex 145.625 79.3252 0
      vertex 142.95 79.3496 0
      vertex 145.529 79.3438 0
    endloop
  endfacet
  facet normal 0 0 -1
    outer loop
      vertex 143.2 79.5996 0
      vertex 145.375 80.25 0
      vertex 145.375 79.5752 0
    endloop
  endfacet
  facet normal 0 0 -1
    outer loop
      vertex 143.2 80.2998 0
      vertex 145.375 80.25 0
      vertex 143.2 79.5996 0
    endloop
  endfacet
  facet normal 0 0 -1
    outer loop
      vertex 145.394 80.3457 0
      vertex 143.181 80.3955 0
      vertex 145.394 81.5547 0
    endloop
  endfacet
  facet normal 0 0 -1
    outer loop
      vertex 143.181 79.5039 0
      vertex 145.375 79.5752 0
      vertex 145.394 79.4795 0
    endloop
  endfacet
  facet normal 0 0 -1
    outer loop
      vertex 145.375 82.3252 0
      vertex 143.331 85.5664 0
      vertex 143.35 85.6621 0
    endloop
  endfacet
  facet normal 0 0 -1
    outer loop
      vertex 145.375 82.3252 0
      vertex 143.276 85.4854 0
      vertex 143.331 85.5664 0
    endloop
  endfacet
  facet normal 0 0 -1
    outer loop
      vertex 145.394 81.5547 0
      vertex 143.2 81.5996 0
      vertex 145.375 81.6504 0
    endloop
  endfacet
  facet normal 0 0 -1
    outer loop
      vertex 143.127 79.4229 0
      vertex 145.394 79.4795 0
      vertex 145.448 79.3984 0
    endloop
  endfacet
  facet normal 0 -0 -1
    outer loop
      vertex 143.046 79.3691 0
      vertex 145.529 79.3438 0
      vertex 142.95 79.3496 0
    endloop
  endfacet
  facet normal -0 0 -1
    outer loop
      vertex 145.375 79.5752 0
      vertex 143.181 79.5039 0
      vertex 143.2 79.5996 0
    endloop
  endfacet
  facet normal -0 0 -1
    outer loop
      vertex 145.394 79.4795 0
      vertex 143.127 79.4229 0
      vertex 143.181 79.5039 0
    endloop
  endfacet
  facet normal -0 0 -1
    outer loop
      vertex 145.448 79.3984 0
      vertex 143.046 79.3691 0
      vertex 143.127 79.4229 0
    endloop
  endfacet
  facet normal 0 0 -1
    outer loop
      vertex 145.529 79.3438 0
      vertex 143.046 79.3691 0
      vertex 145.448 79.3984 0
    endloop
  endfacet
  facet normal 0 0 -1
    outer loop
      vertex 131.5 72.4502 0
      vertex 142.95 79.3496 0
      vertex 154.5 72.4502 0
    endloop
  endfacet
  facet normal -0 0 -1
    outer loop
      vertex 142.95 79.3496 0
      vertex 131.5 72.4502 0
      vertex 142.05 79.3496 0
    endloop
  endfacet
  facet normal 0 0 -1
    outer loop
      vertex 139.45 80.25 0
      vertex 141.8 79.5996 0
      vertex 139.45 79.5498 0
    endloop
  endfacet
  facet normal 0 0 -1
    outer loop
      vertex 141.8 80.2998 0
      vertex 139.431 80.3457 0
      vertex 141.819 80.3955 0
    endloop
  endfacet
  facet normal 0 0 -1
    outer loop
      vertex 141.819 80.3955 0
      vertex 139.45 81.5498 0
      vertex 141.819 81.5039 0
    endloop
  endfacet
  facet normal 0 0 -1
    outer loop
      vertex 141.8 82.2998 0
      vertex 140.639 87.1426 0
      vertex 140.65 87.2002 0
    endloop
  endfacet
  facet normal 0 0 -1
    outer loop
      vertex 141.8 82.2998 0
      vertex 140.606 87.0938 0
      vertex 140.639 87.1426 0
    endloop
  endfacet
  facet normal 0 -0 -1
    outer loop
      vertex 139.7 85.3252 0
      vertex 141.8 82.2998 0
      vertex 139.688 85.2676 0
    endloop
  endfacet
  facet normal 0 0 -1
    outer loop
      vertex 141.8 82.2998 0
      vertex 139.7 85.3252 0
      vertex 140.606 87.0938 0
    endloop
  endfacet
  facet normal 0 0 -1
    outer loop
      vertex 140.606 87.0938 0
      vertex 139.7 85.3252 0
      vertex 140.558 87.0615 0
    endloop
  endfacet
  facet normal 0 0 -1
    outer loop
      vertex 139.45 79.5498 0
      vertex 141.8 79.5996 0
      vertex 141.819 79.5039 0
    endloop
  endfacet
  facet normal 0 0 -1
    outer loop
      vertex 139.7 86.5 0
      vertex 140.5 87.0498 0
      vertex 139.7 85.3252 0
    endloop
  endfacet
  facet normal -0 0 -1
    outer loop
      vertex 140.5 87.0498 0
      vertex 139.7 86.5 0
      vertex 140.2 87.0498 0
    endloop
  endfacet
  facet normal 0 0 -1
    outer loop
      vertex 139.688 86.5576 0
      vertex 140.2 87.0498 0
      vertex 139.7 86.5 0
    endloop
  endfacet
  facet normal -0 0 -1
    outer loop
      vertex 140.143 87.0615 0
      vertex 139.656 86.6064 0
      vertex 140.094 87.0938 0
    endloop
  endfacet
  facet normal 0 0 -1
    outer loop
      vertex 139.656 86.6064 0
      vertex 140.143 87.0615 0
      vertex 139.688 86.5576 0
    endloop
  endfacet
  facet normal -0 0 -1
    outer loop
      vertex 140.2 87.0498 0
      vertex 139.688 86.5576 0
      vertex 140.143 87.0615 0
    endloop
  endfacet
  facet normal 0 0 -1
    outer loop
      vertex 140.558 87.0615 0
      vertex 139.7 85.3252 0
      vertex 140.5 87.0498 0
    endloop
  endfacet
  facet normal 0 0 -1
    outer loop
      vertex 141.8 82.2998 0
      vertex 139.656 85.2188 0
      vertex 139.688 85.2676 0
    endloop
  endfacet
  facet normal 0 0 -1
    outer loop
      vertex 141.8 82.2998 0
      vertex 139.607 85.1865 0
      vertex 139.656 85.2188 0
    endloop
  endfacet
  facet normal 0 0 -1
    outer loop
      vertex 141.819 81.5039 0
      vertex 139.45 81.5498 0
      vertex 141.8 81.5996 0
    endloop
  endfacet
  facet normal 0 0 -1
    outer loop
      vertex 141.8 82.2998 0
      vertex 139.55 85.1748 0
      vertex 139.607 85.1865 0
    endloop
  endfacet
  facet normal 0 0 -1
    outer loop
      vertex 139.431 79.4541 0
      vertex 141.819 79.5039 0
      vertex 141.873 79.4229 0
    endloop
  endfacet
  facet normal 0 0 -1
    outer loop
      vertex 139.377 79.373 0
      vertex 141.873 79.4229 0
      vertex 141.954 79.3691 0
    endloop
  endfacet
  facet normal 0 -0 -1
    outer loop
      vertex 139.2 79.2998 0
      vertex 142.05 79.3496 0
      vertex 131.5 72.4502 0
    endloop
  endfacet
  facet normal -0 0 -1
    outer loop
      vertex 141.819 79.5039 0
      vertex 139.431 79.4541 0
      vertex 139.45 79.5498 0
    endloop
  endfacet
  facet normal -0 0 -1
    outer loop
      vertex 141.873 79.4229 0
      vertex 139.377 79.373 0
      vertex 139.431 79.4541 0
    endloop
  endfacet
  facet normal -0 0 -1
    outer loop
      vertex 141.954 79.3691 0
      vertex 139.296 79.3193 0
      vertex 139.377 79.373 0
    endloop
  endfacet
  facet normal 0 -0 -1
    outer loop
      vertex 139.296 79.3193 0
      vertex 142.05 79.3496 0
      vertex 139.2 79.2998 0
    endloop
  endfacet
  facet normal -0 0 -1
    outer loop
      vertex 142.05 79.3496 0
      vertex 139.296 79.3193 0
      vertex 141.954 79.3691 0
    endloop
  endfacet
  facet normal -0 0 -1
    outer loop
      vertex 139.2 79.2998 0
      vertex 131.5 72.4502 0
      vertex 138.3 79.2998 0
    endloop
  endfacet
  facet normal 0 0 -1
    outer loop
      vertex 135.75 80.2002 0
      vertex 138.05 79.5498 0
      vertex 135.75 79.5 0
    endloop
  endfacet
  facet normal 0 0 -1
    outer loop
      vertex 138.05 80.25 0
      vertex 135.731 80.2959 0
      vertex 138.069 80.3457 0
    endloop
  endfacet
  facet normal 0 0 -1
    outer loop
      vertex 138.069 80.3457 0
      vertex 135.75 81.5 0
      vertex 138.069 81.4541 0
    endloop
  endfacet
  facet normal 0 0 -1
    outer loop
      vertex 138.05 82.25 0
      vertex 136.789 87.0928 0
      vertex 136.8 87.1504 0
    endloop
  endfacet
  facet normal 0 0 -1
    outer loop
      vertex 138.05 82.25 0
      vertex 136.756 87.0439 0
      vertex 136.789 87.0928 0
    endloop
  endfacet
  facet normal 0 -0 -1
    outer loop
      vertex 135.85 85.2754 0
      vertex 138.05 82.25 0
      vertex 135.839 85.2178 0
    endloop
  endfacet
  facet normal 0 0 -1
    outer loop
      vertex 138.05 82.25 0
      vertex 135.85 85.2754 0
      vertex 136.756 87.0439 0
    endloop
  endfacet
  facet normal 0 0 -1
    outer loop
      vertex 136.756 87.0439 0
      vertex 135.85 85.2754 0
      vertex 136.707 87.0117 0
    endloop
  endfacet
  facet normal 0 0 -1
    outer loop
      vertex 135.75 79.5 0
      vertex 138.05 79.5498 0
      vertex 138.069 79.4541 0
    endloop
  endfacet
  facet normal 0 0 -1
    outer loop
      vertex 135.85 86.4502 0
      vertex 136.65 87 0
      vertex 135.85 85.2754 0
    endloop
  endfacet
  facet normal -0 0 -1
    outer loop
      vertex 136.65 87 0
      vertex 135.85 86.4502 0
      vertex 136.35 87 0
    endloop
  endfacet
  facet normal 0 0 -1
    outer loop
      vertex 135.839 86.5078 0
      vertex 136.35 87 0
      vertex 135.85 86.4502 0
    endloop
  endfacet
  facet normal -0 0 -1
    outer loop
      vertex 136.293 87.0117 0
      vertex 135.806 86.5557 0
      vertex 136.244 87.0439 0
    endloop
  endfacet
  facet normal 0 0 -1
    outer loop
      vertex 135.806 86.5557 0
      vertex 136.293 87.0117 0
      vertex 135.839 86.5078 0
    endloop
  endfacet
  facet normal -0 0 -1
    outer loop
      vertex 136.35 87 0
      vertex 135.839 86.5078 0
      vertex 136.293 87.0117 0
    endloop
  endfacet
  facet normal 0 0 -1
    outer loop
      vertex 136.707 87.0117 0
      vertex 135.85 85.2754 0
      vertex 136.65 87 0
    endloop
  endfacet
  facet normal 0 0 -1
    outer loop
      vertex 138.05 82.25 0
      vertex 135.806 85.1689 0
      vertex 135.839 85.2178 0
    endloop
  endfacet
  facet normal 0 0 -1
    outer loop
      vertex 138.05 82.25 0
      vertex 135.758 85.1367 0
      vertex 135.806 85.1689 0
    endloop
  endfacet
  facet normal 0 0 -1
    outer loop
      vertex 138.069 81.4541 0
      vertex 135.75 81.5 0
      vertex 138.05 81.5498 0
    endloop
  endfacet
  facet normal 0 0 -1
    outer loop
      vertex 135.731 79.4043 0
      vertex 138.069 79.4541 0
      vertex 138.123 79.373 0
    endloop
  endfacet
  facet normal 0 0 -1
    outer loop
      vertex 135.677 79.3232 0
      vertex 138.123 79.373 0
      vertex 138.204 79.3193 0
    endloop
  endfacet
  facet normal -0 0 -1
    outer loop
      vertex 138.3 79.2998 0
      vertex 131.5 72.4502 0
      vertex 138.204 79.3193 0
    endloop
  endfacet
  facet normal -0 0 -1
    outer loop
      vertex 138.069 79.4541 0
      vertex 135.731 79.4043 0
      vertex 135.75 79.5 0
    endloop
  endfacet
  facet normal -0 0 -1
    outer loop
      vertex 138.123 79.373 0
      vertex 135.677 79.3232 0
      vertex 135.731 79.4043 0
    endloop
  endfacet
  facet normal 0 -0 -1
    outer loop
      vertex 135.596 79.2686 0
      vertex 138.204 79.3193 0
      vertex 131.5 72.4502 0
    endloop
  endfacet
  facet normal -0 0 -1
    outer loop
      vertex 138.204 79.3193 0
      vertex 135.596 79.2686 0
      vertex 135.677 79.3232 0
    endloop
  endfacet
  facet normal 0 0 -1
    outer loop
      vertex 135.596 79.2686 0
      vertex 131.5 72.4502 0
      vertex 135.5 79.25 0
    endloop
  endfacet
  facet normal -0 0 -1
    outer loop
      vertex 135.5 79.25 0
      vertex 131.5 72.4502 0
      vertex 134.6 79.25 0
    endloop
  endfacet
  facet normal 0 0 -1
    outer loop
      vertex 130.5 73.4502 0
      vertex 134.35 80.2002 0
      vertex 134.35 79.5 0
    endloop
  endfacet
  facet normal -0 0 -1
    outer loop
      vertex 134.35 80.2002 0
      vertex 130.5 73.4502 0
      vertex 134.35 81.5 0
    endloop
  endfacet
  facet normal -0 0 -1
    outer loop
      vertex 134.35 81.5 0
      vertex 130.5 73.4502 0
      vertex 134.35 82.2002 0
    endloop
  endfacet
  facet normal 0 0 -1
    outer loop
      vertex 134.369 82.2959 0
      vertex 134.312 87.0928 0
      vertex 134.344 87.0439 0
    endloop
  endfacet
  facet normal 0 -0 -1
    outer loop
      vertex 134.3 87.1504 0
      vertex 134.35 82.2002 0
      vertex 130.5 73.4502 0
    endloop
  endfacet
  facet normal 0 0 -1
    outer loop
      vertex 134.35 82.2002 0
      vertex 134.3 87.1504 0
      vertex 134.312 87.0928 0
    endloop
  endfacet
  facet normal -0 0 -1
    outer loop
      vertex 134.369 79.4043 0
      vertex 130.5 73.4502 0
      vertex 134.35 79.5 0
    endloop
  endfacet
  facet normal -0 0 -1
    outer loop
      vertex 134.423 79.3232 0
      vertex 130.5 73.4502 0
      vertex 134.369 79.4043 0
    endloop
  endfacet
  facet normal -0 0 -1
    outer loop
      vertex 134.504 79.2686 0
      vertex 130.5 73.4502 0
      vertex 134.423 79.3232 0
    endloop
  endfacet
  facet normal 0 0 -1
    outer loop
      vertex 130.5 73.4502 0
      vertex 134.504 79.2686 0
      vertex 131.5 72.4502 0
    endloop
  endfacet
  facet normal -0 0 -1
    outer loop
      vertex 134.6 79.25 0
      vertex 131.5 72.4502 0
      vertex 134.504 79.2686 0
    endloop
  endfacet
  facet normal 0 0 -1
    outer loop
      vertex 153.127 93.9268 0
      vertex 155.5 106.45 0
      vertex 153.181 93.8457 0
    endloop
  endfacet
  facet normal 0 0 -1
    outer loop
      vertex 153.046 93.9814 0
      vertex 155.5 106.45 0
      vertex 153.127 93.9268 0
    endloop
  endfacet
  facet normal 0 0 -1
    outer loop
      vertex 152.95 94 0
      vertex 155.5 106.45 0
      vertex 153.046 93.9814 0
    endloop
  endfacet
  facet normal 0 0 -1
    outer loop
      vertex 152.05 94 0
      vertex 155.5 106.45 0
      vertex 152.95 94 0
    endloop
  endfacet
  facet normal 0 0 -1
    outer loop
      vertex 149.4 94 0
      vertex 155.5 106.45 0
      vertex 152.05 94 0
    endloop
  endfacet
  facet normal 0 0 -1
    outer loop
      vertex 155.5 106.45 0
      vertex 154.5 107.45 0
      vertex 155.424 106.833 0
    endloop
  endfacet
  facet normal 0 0 -1
    outer loop
      vertex 155.207 107.157 0
      vertex 154.5 107.45 0
      vertex 154.883 107.374 0
    endloop
  endfacet
  facet normal 0 0 -1
    outer loop
      vertex 155.424 106.833 0
      vertex 154.5 107.45 0
      vertex 155.207 107.157 0
    endloop
  endfacet
  facet normal 0 0 -1
    outer loop
      vertex 149.4 94 0
      vertex 152.05 94 0
      vertex 151.954 93.9814 0
    endloop
  endfacet
  facet normal 0 0 -1
    outer loop
      vertex 149.496 93.9814 0
      vertex 151.954 93.9814 0
      vertex 151.873 93.9268 0
    endloop
  endfacet
  facet normal 0 0 -1
    outer loop
      vertex 149.577 93.9268 0
      vertex 151.873 93.9268 0
      vertex 151.819 93.8457 0
    endloop
  endfacet
  facet normal 0 0 -1
    outer loop
      vertex 149.631 93.8457 0
      vertex 151.819 93.8457 0
      vertex 151.8 93.75 0
    endloop
  endfacet
  facet normal 0 0 -1
    outer loop
      vertex 151.819 92.9541 0
      vertex 149.65 93.0498 0
      vertex 151.8 93.0498 0
    endloop
  endfacet
  facet normal 0 0 -1
    outer loop
      vertex 151.8 93.0498 0
      vertex 149.65 93.0498 0
      vertex 151.8 93.75 0
    endloop
  endfacet
  facet normal 0 0 -1
    outer loop
      vertex 149.65 93.75 0
      vertex 151.8 93.75 0
      vertex 149.65 93.0498 0
    endloop
  endfacet
  facet normal 0 0 -1
    outer loop
      vertex 149.631 93.8457 0
      vertex 151.8 93.75 0
      vertex 149.65 93.75 0
    endloop
  endfacet
  facet normal 0 0 -1
    outer loop
      vertex 151.819 93.8457 0
      vertex 149.631 93.8457 0
      vertex 149.577 93.9268 0
    endloop
  endfacet
  facet normal 0 0 -1
    outer loop
      vertex 151.873 93.9268 0
      vertex 149.577 93.9268 0
      vertex 149.496 93.9814 0
    endloop
  endfacet
  facet normal 0 0 -1
    outer loop
      vertex 149.4 94 0
      vertex 151.954 93.9814 0
      vertex 149.496 93.9814 0
    endloop
  endfacet
  facet normal -0 0 -1
    outer loop
      vertex 155.5 106.45 0
      vertex 149.4 94 0
      vertex 154.5 107.45 0
    endloop
  endfacet
  facet normal 0 0 -1
    outer loop
      vertex 148.5 94 0
      vertex 154.5 107.45 0
      vertex 149.4 94 0
    endloop
  endfacet
  facet normal 0 0 -1
    outer loop
      vertex 148.404 93.9814 0
      vertex 154.5 107.45 0
      vertex 148.5 94 0
    endloop
  endfacet
  facet normal 0 0 -1
    outer loop
      vertex 131.5 107.45 0
      vertex 148.404 93.9814 0
      vertex 148.323 93.9268 0
    endloop
  endfacet
  facet normal 0 0 -1
    outer loop
      vertex 131.5 107.45 0
      vertex 148.323 93.9268 0
      vertex 148.269 93.8457 0
    endloop
  endfacet
  facet normal -0 0 -1
    outer loop
      vertex 148.25 91.0498 0
      vertex 143.195 88.5938 0
      vertex 148.25 91.75 0
    endloop
  endfacet
  facet normal 0 0 -1
    outer loop
      vertex 143.35 88.3623 0
      vertex 148.144 87.8711 0
      vertex 148.125 87.7754 0
    endloop
  endfacet
  facet normal -0 0 -1
    outer loop
      vertex 148.15 82.25 0
      vertex 146.825 81.6504 0
      vertex 146.825 82.3252 0
    endloop
  endfacet
  facet normal 0 0 -1
    outer loop
      vertex 146.752 82.502 0
      vertex 148.15 82.25 0
      vertex 146.806 82.4209 0
    endloop
  endfacet
  facet normal 0 0 -1
    outer loop
      vertex 148.15 82.25 0
      vertex 146.752 82.502 0
      vertex 148.144 84.9297 0
    endloop
  endfacet
  facet normal 0 0 -1
    outer loop
      vertex 146.671 82.5557 0
      vertex 148.144 84.9297 0
      vertex 146.752 82.502 0
    endloop
  endfacet
  facet normal 0 0 -1
    outer loop
      vertex 146.575 82.5752 0
      vertex 148.144 84.9297 0
      vertex 146.671 82.5557 0
    endloop
  endfacet
  facet normal -0 0 -1
    outer loop
      vertex 148.144 84.9297 0
      vertex 146.575 82.5752 0
      vertex 148.125 85.0254 0
    endloop
  endfacet
  facet normal 0 0 -1
    outer loop
      vertex 145.625 82.5752 0
      vertex 148.125 85.0254 0
      vertex 146.575 82.5752 0
    endloop
  endfacet
  facet normal -0 0 -1
    outer loop
      vertex 148.125 85.7002 0
      vertex 143.35 85.6621 0
      vertex 143.35 86.3623 0
    endloop
  endfacet
  facet normal -0 0 -1
    outer loop
      vertex 148.125 85.0254 0
      vertex 145.625 82.5752 0
      vertex 143.35 85.6621 0
    endloop
  endfacet
  facet normal 0 0 -1
    outer loop
      vertex 143.35 88.3623 0
      vertex 148.125 87.7754 0
      vertex 143.35 87.6621 0
    endloop
  endfacet
  facet normal 0 0 -1
    outer loop
      vertex 143.35 85.6621 0
      vertex 145.625 82.5752 0
      vertex 145.529 82.5557 0
    endloop
  endfacet
  facet normal 0 0 -1
    outer loop
      vertex 143.35 85.6621 0
      vertex 145.529 82.5557 0
      vertex 145.448 82.502 0
    endloop
  endfacet
  facet normal 0 0 -1
    outer loop
      vertex 143.35 85.6621 0
      vertex 145.448 82.502 0
      vertex 145.394 82.4209 0
    endloop
  endfacet
  facet normal 0 0 -1
    outer loop
      vertex 143.35 85.6621 0
      vertex 145.394 82.4209 0
      vertex 145.375 82.3252 0
    endloop
  endfacet
  facet normal 0 0 -1
    outer loop
      vertex 143.331 86.458 0
      vertex 148.125 87.0996 0
      vertex 143.35 86.3623 0
    endloop
  endfacet
  facet normal 0 0 -1
    outer loop
      vertex 148.125 87.0996 0
      vertex 143.35 87.6621 0
      vertex 148.125 87.7754 0
    endloop
  endfacet
  facet normal 0 0 -1
    outer loop
      vertex 148.144 87.8711 0
      vertex 143.35 88.3623 0
      vertex 143.331 88.458 0
    endloop
  endfacet
  facet normal 0 0 -1
    outer loop
      vertex 148.144 87.8711 0
      vertex 143.331 88.458 0
      vertex 143.276 88.5391 0
    endloop
  endfacet
  facet normal -0 0 -1
    outer loop
      vertex 148.25 91.75 0
      vertex 143.195 88.5938 0
      vertex 148.25 93.0498 0
    endloop
  endfacet
  facet normal 0 0 -1
    outer loop
      vertex 143.1 88.6123 0
      vertex 148.25 93.0498 0
      vertex 143.195 88.5938 0
    endloop
  endfacet
  facet normal -0 0 -1
    outer loop
      vertex 148.25 93.0498 0
      vertex 143.1 88.6123 0
      vertex 148.25 93.75 0
    endloop
  endfacet
  facet normal 0 0 -1
    outer loop
      vertex 142.2 88.6123 0
      vertex 148.25 93.75 0
      vertex 143.1 88.6123 0
    endloop
  endfacet
  facet normal -0 0 -1
    outer loop
      vertex 148.25 93.75 0
      vertex 142.2 88.6123 0
      vertex 148.269 93.8457 0
    endloop
  endfacet
  facet normal 0 0 -1
    outer loop
      vertex 140.5 88.5254 0
      vertex 148.269 93.8457 0
      vertex 142.2 88.6123 0
    endloop
  endfacet
  facet normal 0 0 -1
    outer loop
      vertex 140.5 88.5254 0
      vertex 142.2 88.6123 0
      vertex 142.104 88.5938 0
    endloop
  endfacet
  facet normal 0 0 -1
    outer loop
      vertex 140.558 88.5137 0
      vertex 142.104 88.5938 0
      vertex 142.023 88.5391 0
    endloop
  endfacet
  facet normal 0 0 -1
    outer loop
      vertex 140.606 88.4814 0
      vertex 142.023 88.5391 0
      vertex 141.969 88.458 0
    endloop
  endfacet
  facet normal 0 0 -1
    outer loop
      vertex 141.969 85.5664 0
      vertex 140.65 87.2002 0
      vertex 141.95 85.6621 0
    endloop
  endfacet
  facet normal 0 0 -1
    outer loop
      vertex 140.65 87.2002 0
      vertex 141.819 82.3955 0
      vertex 141.8 82.2998 0
    endloop
  endfacet
  facet normal 0 0 -1
    outer loop
      vertex 140.65 88.375 0
      vertex 141.95 87.6621 0
      vertex 140.65 87.2002 0
    endloop
  endfacet
  facet normal 0 0 -1
    outer loop
      vertex 141.95 87.6621 0
      vertex 140.65 88.375 0
      vertex 141.95 88.3623 0
    endloop
  endfacet
  facet normal 0 0 -1
    outer loop
      vertex 141.95 88.3623 0
      vertex 140.65 88.375 0
      vertex 141.969 88.458 0
    endloop
  endfacet
  facet normal 0 0 -1
    outer loop
      vertex 140.639 88.4326 0
      vertex 141.969 88.458 0
      vertex 140.65 88.375 0
    endloop
  endfacet
  facet normal 0 0 -1
    outer loop
      vertex 140.606 88.4814 0
      vertex 141.969 88.458 0
      vertex 140.639 88.4326 0
    endloop
  endfacet
  facet normal 0 0 -1
    outer loop
      vertex 142.023 88.5391 0
      vertex 140.606 88.4814 0
      vertex 140.558 88.5137 0
    endloop
  endfacet
  facet normal 0 0 -1
    outer loop
      vertex 142.104 88.5938 0
      vertex 140.558 88.5137 0
      vertex 140.5 88.5254 0
    endloop
  endfacet
  facet normal 0 0 -1
    outer loop
      vertex 140.2 88.5254 0
      vertex 148.269 93.8457 0
      vertex 140.5 88.5254 0
    endloop
  endfacet
  facet normal 0 0 -1
    outer loop
      vertex 138.6 88.5254 0
      vertex 148.269 93.8457 0
      vertex 140.2 88.5254 0
    endloop
  endfacet
  facet normal 0 0 -1
    outer loop
      vertex 138.6 88.5254 0
      vertex 140.2 88.5254 0
      vertex 140.143 88.5137 0
    endloop
  endfacet
  facet normal 0 0 -1
    outer loop
      vertex 138.657 88.5137 0
      vertex 140.143 88.5137 0
      vertex 140.094 88.4814 0
    endloop
  endfacet
  facet normal 0 0 -1
    outer loop
      vertex 139.607 86.6387 0
      vertex 140.094 87.0938 0
      vertex 139.656 86.6064 0
    endloop
  endfacet
  facet normal -0 0 -1
    outer loop
      vertex 140.094 87.0938 0
      vertex 139.607 86.6387 0
      vertex 140.062 87.1426 0
    endloop
  endfacet
  facet normal 0 0 -1
    outer loop
      vertex 139.55 86.6504 0
      vertex 140.062 87.1426 0
      vertex 139.607 86.6387 0
    endloop
  endfacet
  facet normal -0 0 -1
    outer loop
      vertex 140.062 87.1426 0
      vertex 139.55 86.6504 0
      vertex 140.05 87.2002 0
    endloop
  endfacet
  facet normal 0 0 -1
    outer loop
      vertex 138.75 87.2002 0
      vertex 140.05 87.2002 0
      vertex 139.55 86.6504 0
    endloop
  endfacet
  facet normal 0 0 -1
    outer loop
      vertex 140.05 87.2002 0
      vertex 138.75 87.2002 0
      vertex 140.05 88.375 0
    endloop
  endfacet
  facet normal 0 0 -1
    outer loop
      vertex 138.75 87.2002 0
      vertex 139.55 86.6504 0
      vertex 139.25 86.6504 0
    endloop
  endfacet
  facet normal 0 0 -1
    outer loop
      vertex 138.75 87.2002 0
      vertex 139.25 86.6504 0
      vertex 139.192 86.6387 0
    endloop
  endfacet
  facet normal 0 0 -1
    outer loop
      vertex 138.75 87.2002 0
      vertex 139.192 86.6387 0
      vertex 139.144 86.6064 0
    endloop
  endfacet
  facet normal 0 0 -1
    outer loop
      vertex 138.75 87.2002 0
      vertex 139.144 86.6064 0
      vertex 139.111 86.5576 0
    endloop
  endfacet
  facet normal 0 0 -1
    outer loop
      vertex 138.75 87.2002 0
      vertex 139.111 86.5576 0
      vertex 139.1 86.5 0
    endloop
  endfacet
  facet normal 0 0 -1
    outer loop
      vertex 138.75 88.375 0
      vertex 140.05 88.375 0
      vertex 138.75 87.2002 0
    endloop
  endfacet
  facet normal 0 0 -1
    outer loop
      vertex 140.05 88.375 0
      vertex 138.75 88.375 0
      vertex 140.062 88.4326 0
    endloop
  endfacet
  facet normal 0 0 -1
    outer loop
      vertex 138.738 88.4326 0
      vertex 140.062 88.4326 0
      vertex 138.75 88.375 0
    endloop
  endfacet
  facet normal 0 0 -1
    outer loop
      vertex 140.062 88.4326 0
      vertex 138.738 88.4326 0
      vertex 140.094 88.4814 0
    endloop
  endfacet
  facet normal 0 0 -1
    outer loop
      vertex 138.706 88.4814 0
      vertex 140.094 88.4814 0
      vertex 138.738 88.4326 0
    endloop
  endfacet
  facet normal 0 0 -1
    outer loop
      vertex 138.657 88.5137 0
      vertex 140.094 88.4814 0
      vertex 138.706 88.4814 0
    endloop
  endfacet
  facet normal 0 0 -1
    outer loop
      vertex 140.143 88.5137 0
      vertex 138.657 88.5137 0
      vertex 138.6 88.5254 0
    endloop
  endfacet
  facet normal -0 0 -1
    outer loop
      vertex 148.269 93.8457 0
      vertex 138.6 88.5254 0
      vertex 131.5 107.45 0
    endloop
  endfacet
  facet normal 0 0 -1
    outer loop
      vertex 130.5 106.45 0
      vertex 138.6 88.5254 0
      vertex 138.3 88.5254 0
    endloop
  endfacet
  facet normal 0 0 -1
    outer loop
      vertex 136.65 88.4746 0
      vertex 138.3 88.5254 0
      vertex 138.242 88.5137 0
    endloop
  endfacet
  facet normal 0 0 -1
    outer loop
      vertex 136.707 88.4639 0
      vertex 138.242 88.5137 0
      vertex 138.194 88.4814 0
    endloop
  endfacet
  facet normal 0 0 -1
    outer loop
      vertex 136.8 87.1504 0
      vertex 138.123 82.4268 0
      vertex 138.069 82.3457 0
    endloop
  endfacet
  facet normal 0 0 -1
    outer loop
      vertex 136.8 87.1504 0
      vertex 138.069 82.3457 0
      vertex 138.05 82.25 0
    endloop
  endfacet
  facet normal 0 0 -1
    outer loop
      vertex 136.8 88.3252 0
      vertex 138.15 87.2002 0
      vertex 136.8 87.1504 0
    endloop
  endfacet
  facet normal 0 0 -1
    outer loop
      vertex 138.15 87.2002 0
      vertex 136.8 88.3252 0
      vertex 138.15 88.375 0
    endloop
  endfacet
  facet normal 0 0 -1
    outer loop
      vertex 136.789 88.3828 0
      vertex 138.15 88.375 0
      vertex 136.8 88.3252 0
    endloop
  endfacet
  facet normal 0 0 -1
    outer loop
      vertex 138.15 88.375 0
      vertex 136.789 88.3828 0
      vertex 138.161 88.4326 0
    endloop
  endfacet
  facet normal 0 0 -1
    outer loop
      vertex 136.756 88.4307 0
      vertex 138.161 88.4326 0
      vertex 136.789 88.3828 0
    endloop
  endfacet
  facet normal -0 0 -1
    outer loop
      vertex 138.161 88.4326 0
      vertex 136.756 88.4307 0
      vertex 138.194 88.4814 0
    endloop
  endfacet
  facet normal 0 0 -1
    outer loop
      vertex 136.707 88.4639 0
      vertex 138.194 88.4814 0
      vertex 136.756 88.4307 0
    endloop
  endfacet
  facet normal 0 0 -1
    outer loop
      vertex 138.242 88.5137 0
      vertex 136.707 88.4639 0
      vertex 136.65 88.4746 0
    endloop
  endfacet
  facet normal -0 0 -1
    outer loop
      vertex 138.3 88.5254 0
      vertex 136.65 88.4746 0
      vertex 130.5 106.45 0
    endloop
  endfacet
  facet normal 0 0 -1
    outer loop
      vertex 130.5 106.45 0
      vertex 136.65 88.4746 0
      vertex 136.35 88.4746 0
    endloop
  endfacet
  facet normal 0 0 -1
    outer loop
      vertex 134.75 88.4746 0
      vertex 136.35 88.4746 0
      vertex 136.293 88.4639 0
    endloop
  endfacet
  facet normal 0 0 -1
    outer loop
      vertex 134.808 88.4639 0
      vertex 136.293 88.4639 0
      vertex 136.244 88.4307 0
    endloop
  endfacet
  facet normal 0 0 -1
    outer loop
      vertex 135.758 86.5889 0
      vertex 136.244 87.0439 0
      vertex 135.806 86.5557 0
    endloop
  endfacet
  facet normal -0 0 -1
    outer loop
      vertex 136.244 87.0439 0
      vertex 135.758 86.5889 0
      vertex 136.211 87.0928 0
    endloop
  endfacet
  facet normal 0 0 -1
    outer loop
      vertex 135.7 86.5996 0
      vertex 136.211 87.0928 0
      vertex 135.758 86.5889 0
    endloop
  endfacet
  facet normal -0 0 -1
    outer loop
      vertex 136.211 87.0928 0
      vertex 135.7 86.5996 0
      vertex 136.2 87.1504 0
    endloop
  endfacet
  facet normal 0 0 -1
    outer loop
      vertex 134.9 87.1504 0
      vertex 136.2 87.1504 0
      vertex 135.7 86.5996 0
    endloop
  endfacet
  facet normal 0 0 -1
    outer loop
      vertex 136.2 87.1504 0
      vertex 134.9 87.1504 0
      vertex 136.2 88.3252 0
    endloop
  endfacet
  facet normal 0 0 -1
    outer loop
      vertex 134.9 87.1504 0
      vertex 135.7 86.5996 0
      vertex 135.4 86.5996 0
    endloop
  endfacet
  facet normal 0 0 -1
    outer loop
      vertex 134.9 87.1504 0
      vertex 135.4 86.5996 0
      vertex 135.343 86.5889 0
    endloop
  endfacet
  facet normal 0 0 -1
    outer loop
      vertex 134.9 87.1504 0
      vertex 135.343 86.5889 0
      vertex 135.294 86.5557 0
    endloop
  endfacet
  facet normal 0 0 -1
    outer loop
      vertex 134.9 87.1504 0
      vertex 135.294 86.5557 0
      vertex 135.262 86.5078 0
    endloop
  endfacet
  facet normal 0 0 -1
    outer loop
      vertex 134.9 87.1504 0
      vertex 135.262 86.5078 0
      vertex 135.25 86.4502 0
    endloop
  endfacet
  facet normal 0 0 -1
    outer loop
      vertex 134.9 88.3252 0
      vertex 136.2 88.3252 0
      vertex 134.9 87.1504 0
    endloop
  endfacet
  facet normal 0 0 -1
    outer loop
      vertex 136.2 88.3252 0
      vertex 134.9 88.3252 0
      vertex 136.211 88.3828 0
    endloop
  endfacet
  facet normal 0 0 -1
    outer loop
      vertex 134.889 88.3828 0
      vertex 136.211 88.3828 0
      vertex 134.9 88.3252 0
    endloop
  endfacet
  facet normal 0 0 -1
    outer loop
      vertex 134.856 88.4307 0
      vertex 136.211 88.3828 0
      vertex 134.889 88.3828 0
    endloop
  endfacet
  facet normal 0 0 -1
    outer loop
      vertex 136.211 88.3828 0
      vertex 134.856 88.4307 0
      vertex 136.244 88.4307 0
    endloop
  endfacet
  facet normal 0 0 -1
    outer loop
      vertex 134.808 88.4639 0
      vertex 136.244 88.4307 0
      vertex 134.856 88.4307 0
    endloop
  endfacet
  facet normal 0 0 -1
    outer loop
      vertex 136.293 88.4639 0
      vertex 134.808 88.4639 0
      vertex 134.75 88.4746 0
    endloop
  endfacet
  facet normal 0 0 -1
    outer loop
      vertex 136.35 88.4746 0
      vertex 134.75 88.4746 0
      vertex 130.5 106.45 0
    endloop
  endfacet
  facet normal 0 0 -1
    outer loop
      vertex 130.5 106.45 0
      vertex 134.75 88.4746 0
      vertex 134.45 88.4746 0
    endloop
  endfacet
  facet normal 0 0 -1
    outer loop
      vertex 130.5 106.45 0
      vertex 134.45 88.4746 0
      vertex 134.393 88.4639 0
    endloop
  endfacet
  facet normal 0 0 -1
    outer loop
      vertex 130.5 106.45 0
      vertex 134.393 88.4639 0
      vertex 134.344 88.4307 0
    endloop
  endfacet
  facet normal 0 0 -1
    outer loop
      vertex 148.404 93.9814 0
      vertex 131.5 107.45 0
      vertex 154.5 107.45 0
    endloop
  endfacet
  facet normal 0 0 -1
    outer loop
      vertex 130.5 106.45 0
      vertex 134.344 88.4307 0
      vertex 134.312 88.3828 0
    endloop
  endfacet
  facet normal 0 0 -1
    outer loop
      vertex 130.5 106.45 0
      vertex 134.312 88.3828 0
      vertex 134.3 88.3252 0
    endloop
  endfacet
  facet normal -0 0 -1
    outer loop
      vertex 134.3 87.1504 0
      vertex 130.5 73.4502 0
      vertex 134.3 88.3252 0
    endloop
  endfacet
  facet normal 0 0 -1
    outer loop
      vertex 130.5 73.4502 0
      vertex 131.5 72.4502 0
      vertex 131.117 72.5263 0
    endloop
  endfacet
  facet normal 0 0 -1
    outer loop
      vertex 130.5 106.45 0
      vertex 134.3 88.3252 0
      vertex 130.5 73.4502 0
    endloop
  endfacet
  facet normal 0 0 -1
    outer loop
      vertex 130.5 73.4502 0
      vertex 131.117 72.5263 0
      vertex 130.793 72.7431 0
    endloop
  endfacet
  facet normal 0 0 -1
    outer loop
      vertex 138.6 88.5254 0
      vertex 130.5 106.45 0
      vertex 131.5 107.45 0
    endloop
  endfacet
  facet normal 0 0 -1
    outer loop
      vertex 130.5 73.4502 0
      vertex 130.793 72.7431 0
      vertex 130.576 73.0675 0
    endloop
  endfacet
  facet normal 0 0 -1
    outer loop
      vertex 131.5 107.45 0
      vertex 130.5 106.45 0
      vertex 131.117 107.374 0
    endloop
  endfacet
  facet normal 0 0 -1
    outer loop
      vertex 131.117 107.374 0
      vertex 130.5 106.45 0
      vertex 130.793 107.157 0
    endloop
  endfacet
  facet normal 0 0 -1
    outer loop
      vertex 130.793 107.157 0
      vertex 130.5 106.45 0
      vertex 130.576 106.833 0
    endloop
  endfacet
  facet normal 0 0 -1
    outer loop
      vertex 149.502 87.9521 0
      vertex 151.954 90.8193 0
      vertex 149.556 87.8711 0
    endloop
  endfacet
  facet normal -0 0 -1
    outer loop
      vertex 151.954 90.8193 0
      vertex 149.502 87.9521 0
      vertex 151.873 90.873 0
    endloop
  endfacet
  facet normal 0 0 -1
    outer loop
      vertex 151.873 90.873 0
      vertex 149.577 90.873 0
      vertex 151.819 90.9541 0
    endloop
  endfacet
  facet normal 0 0 -1
    outer loop
      vertex 151.819 90.9541 0
      vertex 149.631 90.9541 0
      vertex 151.8 91.0498 0
    endloop
  endfacet
  facet normal 0 -0 -1
    outer loop
      vertex 149.631 90.9541 0
      vertex 151.819 90.9541 0
      vertex 149.577 90.873 0
    endloop
  endfacet
  facet normal 0 0 -1
    outer loop
      vertex 149.502 87.9521 0
      vertex 149.496 90.8193 0
      vertex 149.577 90.873 0
    endloop
  endfacet
  facet normal 0 0 -1
    outer loop
      vertex 149.421 88.0059 0
      vertex 149.496 90.8193 0
      vertex 149.502 87.9521 0
    endloop
  endfacet
  facet normal 0 0 -1
    outer loop
      vertex 149.421 88.0059 0
      vertex 149.4 90.7998 0
      vertex 149.496 90.8193 0
    endloop
  endfacet
  facet normal 0 0 -1
    outer loop
      vertex 149.325 88.0254 0
      vertex 149.4 90.7998 0
      vertex 149.421 88.0059 0
    endloop
  endfacet
  facet normal 0 0 -1
    outer loop
      vertex 149.325 88.0254 0
      vertex 148.5 90.7998 0
      vertex 149.4 90.7998 0
    endloop
  endfacet
  facet normal 0 0 -1
    outer loop
      vertex 148.375 88.0254 0
      vertex 148.5 90.7998 0
      vertex 149.325 88.0254 0
    endloop
  endfacet
  facet normal -0 0 -1
    outer loop
      vertex 148.5 90.7998 0
      vertex 148.375 88.0254 0
      vertex 148.404 90.8193 0
    endloop
  endfacet
  facet normal 0 0 -1
    outer loop
      vertex 148.279 88.0059 0
      vertex 148.404 90.8193 0
      vertex 148.375 88.0254 0
    endloop
  endfacet
  facet normal -0 0 -1
    outer loop
      vertex 148.404 90.8193 0
      vertex 148.279 88.0059 0
      vertex 148.323 90.873 0
    endloop
  endfacet
  facet normal 0 0 -1
    outer loop
      vertex 148.198 87.9521 0
      vertex 148.323 90.873 0
      vertex 148.279 88.0059 0
    endloop
  endfacet
  facet normal -0 0 -1
    outer loop
      vertex 148.323 90.873 0
      vertex 148.198 87.9521 0
      vertex 148.269 90.9541 0
    endloop
  endfacet
  facet normal -0 0 -1
    outer loop
      vertex 148.269 90.9541 0
      vertex 143.276 88.5391 0
      vertex 148.25 91.0498 0
    endloop
  endfacet
  facet normal 0 0 -1
    outer loop
      vertex 143.195 88.5938 0
      vertex 148.25 91.0498 0
      vertex 143.276 88.5391 0
    endloop
  endfacet
  facet normal 0 0 -1
    outer loop
      vertex 148.198 87.9521 0
      vertex 143.276 88.5391 0
      vertex 148.269 90.9541 0
    endloop
  endfacet
  facet normal 0 0 -1
    outer loop
      vertex 143.276 88.5391 0
      vertex 148.198 87.9521 0
      vertex 148.144 87.8711 0
    endloop
  endfacet
  facet normal 0 0 -1
    outer loop
      vertex 155.5 73.4502 0
      vertex 149.55 80.25 0
      vertex 149.55 81.5498 0
    endloop
  endfacet
  facet normal 0 0 -1
    outer loop
      vertex 155.5 73.4502 0
      vertex 149.55 81.5498 0
      vertex 149.55 82.25 0
    endloop
  endfacet
  facet normal 0 0 -1
    outer loop
      vertex 149.575 85.0254 0
      vertex 149.55 82.25 0
      vertex 149.556 84.9297 0
    endloop
  endfacet
  facet normal 0 0 -1
    outer loop
      vertex 149.531 82.3457 0
      vertex 149.556 84.9297 0
      vertex 149.55 82.25 0
    endloop
  endfacet
  facet normal 0 0 -1
    outer loop
      vertex 149.531 82.3457 0
      vertex 149.502 84.8486 0
      vertex 149.556 84.9297 0
    endloop
  endfacet
  facet normal 0 0 -1
    outer loop
      vertex 149.477 82.4268 0
      vertex 149.502 84.8486 0
      vertex 149.531 82.3457 0
    endloop
  endfacet
  facet normal 0 0 -1
    outer loop
      vertex 149.477 82.4268 0
      vertex 149.421 84.7939 0
      vertex 149.502 84.8486 0
    endloop
  endfacet
  facet normal 0 0 -1
    outer loop
      vertex 149.396 82.4814 0
      vertex 149.421 84.7939 0
      vertex 149.477 82.4268 0
    endloop
  endfacet
  facet normal 0 0 -1
    outer loop
      vertex 149.396 82.4814 0
      vertex 149.325 84.7754 0
      vertex 149.421 84.7939 0
    endloop
  endfacet
  facet normal 0 0 -1
    outer loop
      vertex 149.3 82.5 0
      vertex 149.325 84.7754 0
      vertex 149.396 82.4814 0
    endloop
  endfacet
  facet normal 0 0 -1
    outer loop
      vertex 148.4 82.5 0
      vertex 149.325 84.7754 0
      vertex 149.3 82.5 0
    endloop
  endfacet
  facet normal 0 0 -1
    outer loop
      vertex 148.4 82.5 0
      vertex 148.375 84.7754 0
      vertex 149.325 84.7754 0
    endloop
  endfacet
  facet normal 0 0 -1
    outer loop
      vertex 148.305 82.4814 0
      vertex 148.375 84.7754 0
      vertex 148.4 82.5 0
    endloop
  endfacet
  facet normal 0 0 -1
    outer loop
      vertex 148.305 82.4814 0
      vertex 148.279 84.7939 0
      vertex 148.375 84.7754 0
    endloop
  endfacet
  facet normal 0 0 -1
    outer loop
      vertex 148.224 82.4268 0
      vertex 148.279 84.7939 0
      vertex 148.305 82.4814 0
    endloop
  endfacet
  facet normal 0 0 -1
    outer loop
      vertex 148.224 82.4268 0
      vertex 148.198 84.8486 0
      vertex 148.279 84.7939 0
    endloop
  endfacet
  facet normal 0 0 -1
    outer loop
      vertex 148.169 82.3457 0
      vertex 148.198 84.8486 0
      vertex 148.224 82.4268 0
    endloop
  endfacet
  facet normal 0 0 -1
    outer loop
      vertex 148.144 84.9297 0
      vertex 148.169 82.3457 0
      vertex 148.15 82.25 0
    endloop
  endfacet
  facet normal 0 0 -1
    outer loop
      vertex 148.169 82.3457 0
      vertex 148.144 84.9297 0
      vertex 148.198 84.8486 0
    endloop
  endfacet
  facet normal -0.556474 0.830865 0
    outer loop
      vertex 131.117 107.374 0
      vertex 130.793 107.157 0.65
      vertex 131.117 107.374 0.65
    endloop
  endfacet
  facet normal -0.556474 0.830865 0
    outer loop
      vertex 130.793 107.157 0.65
      vertex 131.117 107.374 0
      vertex 130.793 107.157 0
    endloop
  endfacet
  facet normal 0 1 -0
    outer loop
      vertex 154.5 107.45 0
      vertex 131.5 107.45 0.65
      vertex 154.5 107.45 0.65
    endloop
  endfacet
  facet normal 0 1 0
    outer loop
      vertex 131.5 107.45 0.65
      vertex 154.5 107.45 0
      vertex 131.5 107.45 0
    endloop
  endfacet
  facet normal 0 -1 0
    outer loop
      vertex 131.5 72.4502 0
      vertex 154.5 72.4502 0.65
      vertex 131.5 72.4502 0.65
    endloop
  endfacet
  facet normal 0 -1 -0
    outer loop
      vertex 154.5 72.4502 0.65
      vertex 131.5 72.4502 0
      vertex 154.5 72.4502 0
    endloop
  endfacet
  facet normal -0.194885 -0.980826 0
    outer loop
      vertex 131.117 72.5263 0
      vertex 131.5 72.4502 0.65
      vertex 131.117 72.5263 0.65
    endloop
  endfacet
  facet normal -0.194885 -0.980826 -0
    outer loop
      vertex 131.5 72.4502 0.65
      vertex 131.117 72.5263 0
      vertex 131.5 72.4502 0
    endloop
  endfacet
  facet normal 0.980846 -0.194785 0
    outer loop
      vertex 155.424 73.0675 0.65
      vertex 155.5 73.4502 0
      vertex 155.5 73.4502 0.65
    endloop
  endfacet
  facet normal 0.980846 -0.194785 0
    outer loop
      vertex 155.5 73.4502 0
      vertex 155.424 73.0675 0.65
      vertex 155.424 73.0675 0
    endloop
  endfacet
  facet normal 0.980875 0.194638 0
    outer loop
      vertex 155.5 106.45 0.65
      vertex 155.424 106.833 0
      vertex 155.424 106.833 0.65
    endloop
  endfacet
  facet normal 0.980875 0.194638 0
    outer loop
      vertex 155.424 106.833 0
      vertex 155.5 106.45 0.65
      vertex 155.5 106.45 0
    endloop
  endfacet
  facet normal -0.980875 0.194638 0
    outer loop
      vertex 130.5 106.45 0
      vertex 130.576 106.833 0.65
      vertex 130.576 106.833 0
    endloop
  endfacet
  facet normal -0.980875 0.194638 0
    outer loop
      vertex 130.576 106.833 0.65
      vertex 130.5 106.45 0
      vertex 130.5 106.45 0.65
    endloop
  endfacet
  facet normal -0.194638 0.980875 0
    outer loop
      vertex 131.5 107.45 0
      vertex 131.117 107.374 0.65
      vertex 131.5 107.45 0.65
    endloop
  endfacet
  facet normal -0.194638 0.980875 0
    outer loop
      vertex 131.117 107.374 0.65
      vertex 131.5 107.45 0
      vertex 131.117 107.374 0
    endloop
  endfacet
  facet normal 0.194638 0.980875 -0
    outer loop
      vertex 154.883 107.374 0
      vertex 154.5 107.45 0.65
      vertex 154.883 107.374 0.65
    endloop
  endfacet
  facet normal 0.194638 0.980875 0
    outer loop
      vertex 154.5 107.45 0.65
      vertex 154.883 107.374 0
      vertex 154.5 107.45 0
    endloop
  endfacet
  facet normal 0.194885 -0.980826 0
    outer loop
      vertex 154.5 72.4502 0
      vertex 154.883 72.5263 0.65
      vertex 154.5 72.4502 0.65
    endloop
  endfacet
  facet normal 0.194885 -0.980826 0
    outer loop
      vertex 154.883 72.5263 0.65
      vertex 154.5 72.4502 0
      vertex 154.883 72.5263 0
    endloop
  endfacet
  facet normal 0.55612 -0.831102 0
    outer loop
      vertex 154.883 72.5263 0
      vertex 155.207 72.7431 0.65
      vertex 154.883 72.5263 0.65
    endloop
  endfacet
  facet normal 0.55612 -0.831102 0
    outer loop
      vertex 155.207 72.7431 0.65
      vertex 154.883 72.5263 0
      vertex 155.207 72.7431 0
    endloop
  endfacet
  facet normal 1 -0 0
    outer loop
      vertex 155.5 73.4502 0.65
      vertex 155.5 106.45 0
      vertex 155.5 106.45 0.65
    endloop
  endfacet
  facet normal 1 0 0
    outer loop
      vertex 155.5 106.45 0
      vertex 155.5 73.4502 0.65
      vertex 155.5 73.4502 0
    endloop
  endfacet
  facet normal -0.830865 0.556474 0
    outer loop
      vertex 130.576 106.833 0
      vertex 130.793 107.157 0.65
      vertex 130.793 107.157 0
    endloop
  endfacet
  facet normal -0.830865 0.556474 0
    outer loop
      vertex 130.793 107.157 0.65
      vertex 130.576 106.833 0
      vertex 130.576 106.833 0.65
    endloop
  endfacet
  facet normal 0 0 1
    outer loop
      vertex 135.731 80.2959 0.15
      vertex 138.05 81.5498 0.15
      vertex 135.731 81.4043 0.15
    endloop
  endfacet
  facet normal 0 0 1
    outer loop
      vertex 138.05 81.5498 0.15
      vertex 135.731 80.2959 0.15
      vertex 135.75 80.2002 0.15
    endloop
  endfacet
  facet normal -0 0 1
    outer loop
      vertex 135.677 81.3232 0.15
      vertex 135.731 80.2959 0.15
      vertex 135.731 81.4043 0.15
    endloop
  endfacet
  facet normal 0 0 1
    outer loop
      vertex 135.677 81.3232 0.15
      vertex 135.677 80.377 0.15
      vertex 135.731 80.2959 0.15
    endloop
  endfacet
  facet normal -0 0 1
    outer loop
      vertex 135.596 81.2686 0.15
      vertex 135.677 80.377 0.15
      vertex 135.677 81.3232 0.15
    endloop
  endfacet
  facet normal 0 0 1
    outer loop
      vertex 135.596 81.2686 0.15
      vertex 135.596 80.4307 0.15
      vertex 135.677 80.377 0.15
    endloop
  endfacet
  facet normal -0 0 1
    outer loop
      vertex 135.5 81.25 0.15
      vertex 135.596 80.4307 0.15
      vertex 135.596 81.2686 0.15
    endloop
  endfacet
  facet normal 0 0 1
    outer loop
      vertex 135.5 81.25 0.15
      vertex 135.5 80.4502 0.15
      vertex 135.596 80.4307 0.15
    endloop
  endfacet
  facet normal -0 0 1
    outer loop
      vertex 134.6 81.25 0.15
      vertex 135.5 80.4502 0.15
      vertex 135.5 81.25 0.15
    endloop
  endfacet
  facet normal 0 0 1
    outer loop
      vertex 134.6 81.25 0.15
      vertex 134.6 80.4502 0.15
      vertex 135.5 80.4502 0.15
    endloop
  endfacet
  facet normal 0 0 1
    outer loop
      vertex 134.504 81.2686 0.15
      vertex 134.6 80.4502 0.15
      vertex 134.6 81.25 0.15
    endloop
  endfacet
  facet normal 0 0 1
    outer loop
      vertex 134.504 81.2686 0.15
      vertex 134.504 80.4307 0.15
      vertex 134.6 80.4502 0.15
    endloop
  endfacet
  facet normal 0 0 1
    outer loop
      vertex 134.423 81.3232 0.15
      vertex 134.504 80.4307 0.15
      vertex 134.504 81.2686 0.15
    endloop
  endfacet
  facet normal 0 0 1
    outer loop
      vertex 134.423 81.3232 0.15
      vertex 134.423 80.377 0.15
      vertex 134.504 80.4307 0.15
    endloop
  endfacet
  facet normal 0 0 1
    outer loop
      vertex 134.369 81.4043 0.15
      vertex 134.423 80.377 0.15
      vertex 134.423 81.3232 0.15
    endloop
  endfacet
  facet normal 0 0 1
    outer loop
      vertex 134.369 81.4043 0.15
      vertex 134.369 80.2959 0.15
      vertex 134.423 80.377 0.15
    endloop
  endfacet
  facet normal 0 0 1
    outer loop
      vertex 134.35 81.5 0.15
      vertex 134.369 80.2959 0.15
      vertex 134.369 81.4043 0.15
    endloop
  endfacet
  facet normal 0 0 1
    outer loop
      vertex 134.369 80.2959 0.15
      vertex 134.35 81.5 0.15
      vertex 134.35 80.2002 0.15
    endloop
  endfacet
  facet normal 0 0 1
    outer loop
      vertex 135.839 85.2178 0.15
      vertex 135.731 82.2959 0.15
      vertex 135.75 82.2002 0.15
    endloop
  endfacet
  facet normal 0 0 1
    outer loop
      vertex 135.596 82.4307 0.15
      vertex 135.758 85.1367 0.15
      vertex 135.7 85.125 0.15
    endloop
  endfacet
  facet normal 0 0 1
    outer loop
      vertex 135.806 85.1689 0.15
      vertex 135.677 82.377 0.15
      vertex 135.731 82.2959 0.15
    endloop
  endfacet
  facet normal 0 0 1
    outer loop
      vertex 135.758 85.1367 0.15
      vertex 135.596 82.4307 0.15
      vertex 135.677 82.377 0.15
    endloop
  endfacet
  facet normal 0 0 1
    outer loop
      vertex 135.7 85.125 0.15
      vertex 135.5 82.4502 0.15
      vertex 135.596 82.4307 0.15
    endloop
  endfacet
  facet normal -0 0 1
    outer loop
      vertex 135.4 85.125 0.15
      vertex 135.5 82.4502 0.15
      vertex 135.7 85.125 0.15
    endloop
  endfacet
  facet normal 0 0 1
    outer loop
      vertex 135.343 85.1367 0.15
      vertex 135.5 82.4502 0.15
      vertex 135.4 85.125 0.15
    endloop
  endfacet
  facet normal 0 0 1
    outer loop
      vertex 134.6 82.4502 0.15
      vertex 135.343 85.1367 0.15
      vertex 135.294 85.1689 0.15
    endloop
  endfacet
  facet normal 0 0 1
    outer loop
      vertex 134.504 82.4307 0.15
      vertex 135.294 85.1689 0.15
      vertex 135.262 85.2178 0.15
    endloop
  endfacet
  facet normal 0 0 1
    outer loop
      vertex 134.423 82.377 0.15
      vertex 135.262 85.2178 0.15
      vertex 135.25 85.2754 0.15
    endloop
  endfacet
  facet normal -0 0 1
    outer loop
      vertex 134.808 87.0117 0.15
      vertex 135.294 86.5557 0.15
      vertex 134.856 87.0439 0.15
    endloop
  endfacet
  facet normal 0 0 1
    outer loop
      vertex 135.294 86.5557 0.15
      vertex 134.808 87.0117 0.15
      vertex 135.262 86.5078 0.15
    endloop
  endfacet
  facet normal -0 0 1
    outer loop
      vertex 134.75 87 0.15
      vertex 135.262 86.5078 0.15
      vertex 134.808 87.0117 0.15
    endloop
  endfacet
  facet normal 0 0 1
    outer loop
      vertex 135.262 86.5078 0.15
      vertex 134.75 87 0.15
      vertex 135.25 86.4502 0.15
    endloop
  endfacet
  facet normal -0 0 1
    outer loop
      vertex 134.45 87 0.15
      vertex 135.25 86.4502 0.15
      vertex 134.75 87 0.15
    endloop
  endfacet
  facet normal 0 0 1
    outer loop
      vertex 135.25 86.4502 0.15
      vertex 134.45 87 0.15
      vertex 135.25 85.2754 0.15
    endloop
  endfacet
  facet normal 0 0 1
    outer loop
      vertex 135.343 85.1367 0.15
      vertex 134.6 82.4502 0.15
      vertex 135.5 82.4502 0.15
    endloop
  endfacet
  facet normal 0 0 1
    outer loop
      vertex 134.393 87.0117 0.15
      vertex 135.25 85.2754 0.15
      vertex 134.45 87 0.15
    endloop
  endfacet
  facet normal 0 0 1
    outer loop
      vertex 135.294 85.1689 0.15
      vertex 134.504 82.4307 0.15
      vertex 134.6 82.4502 0.15
    endloop
  endfacet
  facet normal 0 0 1
    outer loop
      vertex 134.344 87.0439 0.15
      vertex 135.25 85.2754 0.15
      vertex 134.393 87.0117 0.15
    endloop
  endfacet
  facet normal 0 0 1
    outer loop
      vertex 135.262 85.2178 0.15
      vertex 134.423 82.377 0.15
      vertex 134.504 82.4307 0.15
    endloop
  endfacet
  facet normal 0 0 1
    outer loop
      vertex 135.25 85.2754 0.15
      vertex 134.344 87.0439 0.15
      vertex 134.423 82.377 0.15
    endloop
  endfacet
  facet normal 0 0 1
    outer loop
      vertex 134.423 82.377 0.15
      vertex 134.344 87.0439 0.15
      vertex 134.369 82.2959 0.15
    endloop
  endfacet
  facet normal 0 0 1
    outer loop
      vertex 131.5 73.4502 0.15
      vertex 134.35 81.5 0.15
      vertex 134.35 82.2002 0.15
    endloop
  endfacet
  facet normal 0 0 1
    outer loop
      vertex 134.35 81.5 0.15
      vertex 131.5 73.4502 0.15
      vertex 134.35 80.2002 0.15
    endloop
  endfacet
  facet normal 0 0 1
    outer loop
      vertex 134.369 82.2959 0.15
      vertex 134.312 87.0928 0.15
      vertex 134.35 82.2002 0.15
    endloop
  endfacet
  facet normal 0 0 1
    outer loop
      vertex 134.312 87.0928 0.15
      vertex 134.369 82.2959 0.15
      vertex 134.344 87.0439 0.15
    endloop
  endfacet
  facet normal 0 0 1
    outer loop
      vertex 136.35 88.4746 0.15
      vertex 134.579 98.584 0.15
      vertex 134.75 88.4746 0.15
    endloop
  endfacet
  facet normal 0 0 1
    outer loop
      vertex 134.579 98.584 0.15
      vertex 134.45 88.4746 0.15
      vertex 134.75 88.4746 0.15
    endloop
  endfacet
  facet normal 0 0 1
    outer loop
      vertex 134.579 98.584 0.15
      vertex 134.393 88.4639 0.15
      vertex 134.45 88.4746 0.15
    endloop
  endfacet
  facet normal 0 0 1
    outer loop
      vertex 134.384 98.6475 0.15
      vertex 134.393 88.4639 0.15
      vertex 134.579 98.584 0.15
    endloop
  endfacet
  facet normal 0 0 1
    outer loop
      vertex 134.393 88.4639 0.15
      vertex 134.384 98.6475 0.15
      vertex 134.344 88.4307 0.15
    endloop
  endfacet
  facet normal 0 0 1
    outer loop
      vertex 138.823 75.3525 0.15
      vertex 136.479 75.416 0.15
      vertex 136.6 75.25 0.15
    endloop
  endfacet
  facet normal 0 0 1
    outer loop
      vertex 135.75 81.5 0.15
      vertex 136.65 87 0.15
      vertex 136.35 87 0.15
    endloop
  endfacet
  facet normal 0 0 1
    outer loop
      vertex 135.75 81.5 0.15
      vertex 136.35 87 0.15
      vertex 136.293 87.0117 0.15
    endloop
  endfacet
  facet normal 0 0 1
    outer loop
      vertex 135.731 81.4043 0.15
      vertex 138.05 81.5498 0.15
      vertex 135.75 81.5 0.15
    endloop
  endfacet
  facet normal 0 0 1
    outer loop
      vertex 135.75 79.5 0.15
      vertex 138.05 81.5498 0.15
      vertex 135.75 80.2002 0.15
    endloop
  endfacet
  facet normal 0 0 1
    outer loop
      vertex 135.75 81.5 0.15
      vertex 136.293 87.0117 0.15
      vertex 136.244 87.0439 0.15
    endloop
  endfacet
  facet normal 0 0 1
    outer loop
      vertex 141.363 75.3525 0.15
      vertex 139.02 75.416 0.15
      vertex 139.14 75.25 0.15
    endloop
  endfacet
  facet normal -0 0 1
    outer loop
      vertex 138.3 79.2998 0.15
      vertex 139.02 75.416 0.15
      vertex 139.2 79.2998 0.15
    endloop
  endfacet
  facet normal 0 0 1
    outer loop
      vertex 138.204 79.3193 0.15
      vertex 138.823 75.3525 0.15
      vertex 138.3 79.2998 0.15
    endloop
  endfacet
  facet normal 0 0 1
    outer loop
      vertex 139.02 75.416 0.15
      vertex 138.3 79.2998 0.15
      vertex 138.823 75.3525 0.15
    endloop
  endfacet
  facet normal 0 0 1
    outer loop
      vertex 139.431 80.3457 0.15
      vertex 141.819 80.3955 0.15
      vertex 139.431 81.4541 0.15
    endloop
  endfacet
  facet normal 0 0 1
    outer loop
      vertex 141.819 80.3955 0.15
      vertex 139.431 80.3457 0.15
      vertex 139.45 80.25 0.15
    endloop
  endfacet
  facet normal -0 0 1
    outer loop
      vertex 139.377 81.373 0.15
      vertex 139.431 80.3457 0.15
      vertex 139.431 81.4541 0.15
    endloop
  endfacet
  facet normal 0 0 1
    outer loop
      vertex 139.377 81.373 0.15
      vertex 139.377 80.4268 0.15
      vertex 139.431 80.3457 0.15
    endloop
  endfacet
  facet normal -0 0 1
    outer loop
      vertex 139.296 81.3193 0.15
      vertex 139.377 80.4268 0.15
      vertex 139.377 81.373 0.15
    endloop
  endfacet
  facet normal 0 0 1
    outer loop
      vertex 139.296 81.3193 0.15
      vertex 139.296 80.4814 0.15
      vertex 139.377 80.4268 0.15
    endloop
  endfacet
  facet normal -0 0 1
    outer loop
      vertex 139.2 81.2998 0.15
      vertex 139.296 80.4814 0.15
      vertex 139.296 81.3193 0.15
    endloop
  endfacet
  facet normal 0 0 1
    outer loop
      vertex 139.2 81.2998 0.15
      vertex 139.2 80.5 0.15
      vertex 139.296 80.4814 0.15
    endloop
  endfacet
  facet normal -0 0 1
    outer loop
      vertex 138.3 81.2998 0.15
      vertex 139.2 80.5 0.15
      vertex 139.2 81.2998 0.15
    endloop
  endfacet
  facet normal 0 0 1
    outer loop
      vertex 138.3 81.2998 0.15
      vertex 138.3 80.5 0.15
      vertex 139.2 80.5 0.15
    endloop
  endfacet
  facet normal 0 0 1
    outer loop
      vertex 138.204 81.3193 0.15
      vertex 138.3 80.5 0.15
      vertex 138.3 81.2998 0.15
    endloop
  endfacet
  facet normal 0 0 1
    outer loop
      vertex 138.204 81.3193 0.15
      vertex 138.204 80.4814 0.15
      vertex 138.3 80.5 0.15
    endloop
  endfacet
  facet normal 0 0 1
    outer loop
      vertex 138.123 81.373 0.15
      vertex 138.204 80.4814 0.15
      vertex 138.204 81.3193 0.15
    endloop
  endfacet
  facet normal 0 0 1
    outer loop
      vertex 138.123 81.373 0.15
      vertex 138.123 80.4268 0.15
      vertex 138.204 80.4814 0.15
    endloop
  endfacet
  facet normal 0 0 1
    outer loop
      vertex 138.069 81.4541 0.15
      vertex 138.123 80.4268 0.15
      vertex 138.123 81.373 0.15
    endloop
  endfacet
  facet normal 0 0 1
    outer loop
      vertex 138.069 81.4541 0.15
      vertex 138.069 80.3457 0.15
      vertex 138.123 80.4268 0.15
    endloop
  endfacet
  facet normal 0 0 1
    outer loop
      vertex 138.05 81.5498 0.15
      vertex 138.069 80.3457 0.15
      vertex 138.069 81.4541 0.15
    endloop
  endfacet
  facet normal 0 0 1
    outer loop
      vertex 138.069 80.3457 0.15
      vertex 138.05 81.5498 0.15
      vertex 138.05 80.25 0.15
    endloop
  endfacet
  facet normal 0 0 1
    outer loop
      vertex 141.8 82.2998 0.15
      vertex 139.431 82.3457 0.15
      vertex 139.45 82.25 0.15
    endloop
  endfacet
  facet normal 0 0 1
    outer loop
      vertex 139.607 85.1865 0.15
      vertex 139.377 82.4268 0.15
      vertex 139.431 82.3457 0.15
    endloop
  endfacet
  facet normal 0 0 1
    outer loop
      vertex 139.607 85.1865 0.15
      vertex 139.296 82.4814 0.15
      vertex 139.377 82.4268 0.15
    endloop
  endfacet
  facet normal 0 0 1
    outer loop
      vertex 139.2 82.5 0.15
      vertex 139.55 85.1748 0.15
      vertex 139.25 85.1748 0.15
    endloop
  endfacet
  facet normal 0 0 1
    outer loop
      vertex 139.55 85.1748 0.15
      vertex 139.2 82.5 0.15
      vertex 139.296 82.4814 0.15
    endloop
  endfacet
  facet normal 0 0 1
    outer loop
      vertex 139.192 85.1865 0.15
      vertex 139.2 82.5 0.15
      vertex 139.25 85.1748 0.15
    endloop
  endfacet
  facet normal 0 0 1
    outer loop
      vertex 138.3 82.5 0.15
      vertex 139.192 85.1865 0.15
      vertex 139.144 85.2188 0.15
    endloop
  endfacet
  facet normal 0 0 1
    outer loop
      vertex 138.204 82.4814 0.15
      vertex 139.144 85.2188 0.15
      vertex 139.111 85.2676 0.15
    endloop
  endfacet
  facet normal 0 0 1
    outer loop
      vertex 136.65 87 0.15
      vertex 139.111 85.2676 0.15
      vertex 139.1 85.3252 0.15
    endloop
  endfacet
  facet normal -0 0 1
    outer loop
      vertex 138.657 87.0615 0.15
      vertex 139.144 86.6064 0.15
      vertex 138.706 87.0938 0.15
    endloop
  endfacet
  facet normal 0 0 1
    outer loop
      vertex 139.144 86.6064 0.15
      vertex 138.657 87.0615 0.15
      vertex 139.111 86.5576 0.15
    endloop
  endfacet
  facet normal -0 0 1
    outer loop
      vertex 138.6 87.0498 0.15
      vertex 139.111 86.5576 0.15
      vertex 138.657 87.0615 0.15
    endloop
  endfacet
  facet normal 0 0 1
    outer loop
      vertex 139.111 86.5576 0.15
      vertex 138.6 87.0498 0.15
      vertex 139.1 86.5 0.15
    endloop
  endfacet
  facet normal -0 0 1
    outer loop
      vertex 138.3 87.0498 0.15
      vertex 139.1 86.5 0.15
      vertex 138.6 87.0498 0.15
    endloop
  endfacet
  facet normal 0 0 1
    outer loop
      vertex 139.1 86.5 0.15
      vertex 138.3 87.0498 0.15
      vertex 139.1 85.3252 0.15
    endloop
  endfacet
  facet normal 0 0 1
    outer loop
      vertex 138.242 87.0615 0.15
      vertex 139.1 85.3252 0.15
      vertex 138.3 87.0498 0.15
    endloop
  endfacet
  facet normal 0 0 1
    outer loop
      vertex 139.192 85.1865 0.15
      vertex 138.3 82.5 0.15
      vertex 139.2 82.5 0.15
    endloop
  endfacet
  facet normal -0 0 1
    outer loop
      vertex 136.707 87.0117 0.15
      vertex 139.1 85.3252 0.15
      vertex 138.242 87.0615 0.15
    endloop
  endfacet
  facet normal 0 0 1
    outer loop
      vertex 139.144 85.2188 0.15
      vertex 138.204 82.4814 0.15
      vertex 138.3 82.5 0.15
    endloop
  endfacet
  facet normal 0 0 1
    outer loop
      vertex 136.756 87.0439 0.15
      vertex 138.242 87.0615 0.15
      vertex 138.194 87.0938 0.15
    endloop
  endfacet
  facet normal 0 0 1
    outer loop
      vertex 136.789 87.0928 0.15
      vertex 138.194 87.0938 0.15
      vertex 138.161 87.1426 0.15
    endloop
  endfacet
  facet normal -0 0 1
    outer loop
      vertex 136.8 87.1504 0.15
      vertex 138.161 87.1426 0.15
      vertex 138.15 87.2002 0.15
    endloop
  endfacet
  facet normal -0 0 1
    outer loop
      vertex 136.65 87 0.15
      vertex 139.1 85.3252 0.15
      vertex 136.707 87.0117 0.15
    endloop
  endfacet
  facet normal 0 0 1
    outer loop
      vertex 140.2 87.0498 0.15
      vertex 139.688 86.5576 0.15
      vertex 139.7 86.5 0.15
    endloop
  endfacet
  facet normal 0 0 1
    outer loop
      vertex 140.094 88.4814 0.15
      vertex 138.706 88.4814 0.15
      vertex 140.062 88.4326 0.15
    endloop
  endfacet
  facet normal 0 -0 1
    outer loop
      vertex 138.75 88.375 0.15
      vertex 140.05 88.375 0.15
      vertex 138.738 88.4326 0.15
    endloop
  endfacet
  facet normal 0 0 1
    outer loop
      vertex 140.05 88.375 0.15
      vertex 139.656 86.6064 0.15
      vertex 139.688 86.5576 0.15
    endloop
  endfacet
  facet normal 0 0 1
    outer loop
      vertex 138.75 87.2002 0.15
      vertex 140.05 88.375 0.15
      vertex 138.75 88.375 0.15
    endloop
  endfacet
  facet normal 0 0 1
    outer loop
      vertex 137.119 98.584 0.15
      vertex 139.659 98.584 0.15
      vertex 139.464 98.6475 0.15
    endloop
  endfacet
  facet normal 0 0 1
    outer loop
      vertex 140.05 88.375 0.15
      vertex 139.607 86.6387 0.15
      vertex 139.656 86.6064 0.15
    endloop
  endfacet
  facet normal -0 0 1
    outer loop
      vertex 143.181 80.3955 0.15
      vertex 145.394 80.3457 0.15
      vertex 143.181 81.5039 0.15
    endloop
  endfacet
  facet normal 0 0 1
    outer loop
      vertex 145.394 80.3457 0.15
      vertex 143.181 80.3955 0.15
      vertex 143.2 80.2998 0.15
    endloop
  endfacet
  facet normal -0 0 1
    outer loop
      vertex 143.127 81.4229 0.15
      vertex 143.181 80.3955 0.15
      vertex 143.181 81.5039 0.15
    endloop
  endfacet
  facet normal 0 0 1
    outer loop
      vertex 143.127 81.4229 0.15
      vertex 143.127 80.4766 0.15
      vertex 143.181 80.3955 0.15
    endloop
  endfacet
  facet normal -0 0 1
    outer loop
      vertex 143.046 81.3691 0.15
      vertex 143.127 80.4766 0.15
      vertex 143.127 81.4229 0.15
    endloop
  endfacet
  facet normal 0 0 1
    outer loop
      vertex 143.046 81.3691 0.15
      vertex 143.046 80.5312 0.15
      vertex 143.127 80.4766 0.15
    endloop
  endfacet
  facet normal -0 0 1
    outer loop
      vertex 142.95 81.3496 0.15
      vertex 143.046 80.5312 0.15
      vertex 143.046 81.3691 0.15
    endloop
  endfacet
  facet normal 0 0 1
    outer loop
      vertex 142.95 81.3496 0.15
      vertex 142.95 80.5498 0.15
      vertex 143.046 80.5312 0.15
    endloop
  endfacet
  facet normal -0 0 1
    outer loop
      vertex 142.05 81.3496 0.15
      vertex 142.95 80.5498 0.15
      vertex 142.95 81.3496 0.15
    endloop
  endfacet
  facet normal 0 0 1
    outer loop
      vertex 142.05 81.3496 0.15
      vertex 142.05 80.5498 0.15
      vertex 142.95 80.5498 0.15
    endloop
  endfacet
  facet normal 0 0 1
    outer loop
      vertex 141.954 81.3691 0.15
      vertex 142.05 80.5498 0.15
      vertex 142.05 81.3496 0.15
    endloop
  endfacet
  facet normal 0 0 1
    outer loop
      vertex 141.954 81.3691 0.15
      vertex 141.954 80.5312 0.15
      vertex 142.05 80.5498 0.15
    endloop
  endfacet
  facet normal 0 0 1
    outer loop
      vertex 141.873 81.4229 0.15
      vertex 141.954 80.5312 0.15
      vertex 141.954 81.3691 0.15
    endloop
  endfacet
  facet normal 0 0 1
    outer loop
      vertex 141.873 81.4229 0.15
      vertex 141.873 80.4766 0.15
      vertex 141.954 80.5312 0.15
    endloop
  endfacet
  facet normal 0 0 1
    outer loop
      vertex 141.819 81.5039 0.15
      vertex 141.873 80.4766 0.15
      vertex 141.873 81.4229 0.15
    endloop
  endfacet
  facet normal 0 0 1
    outer loop
      vertex 141.819 81.5039 0.15
      vertex 141.819 80.3955 0.15
      vertex 141.873 80.4766 0.15
    endloop
  endfacet
  facet normal -0 0 1
    outer loop
      vertex 139.45 81.5498 0.15
      vertex 141.819 81.5039 0.15
      vertex 141.8 81.5996 0.15
    endloop
  endfacet
  facet normal 0 0 1
    outer loop
      vertex 139.431 81.4541 0.15
      vertex 141.819 81.5039 0.15
      vertex 139.45 81.5498 0.15
    endloop
  endfacet
  facet normal 0 0 1
    outer loop
      vertex 143.127 82.4766 0.15
      vertex 145.448 82.502 0.15
      vertex 143.195 85.4316 0.15
    endloop
  endfacet
  facet normal 0 0 1
    outer loop
      vertex 145.448 82.502 0.15
      vertex 143.181 82.3955 0.15
      vertex 143.2 82.2998 0.15
    endloop
  endfacet
  facet normal 0 0 1
    outer loop
      vertex 145.448 82.502 0.15
      vertex 143.127 82.4766 0.15
      vertex 143.181 82.3955 0.15
    endloop
  endfacet
  facet normal 0 0 1
    outer loop
      vertex 143.046 82.5312 0.15
      vertex 143.195 85.4316 0.15
      vertex 143.1 85.4121 0.15
    endloop
  endfacet
  facet normal 0 0 1
    outer loop
      vertex 143.195 85.4316 0.15
      vertex 143.046 82.5312 0.15
      vertex 143.127 82.4766 0.15
    endloop
  endfacet
  facet normal 0 0 1
    outer loop
      vertex 143.1 85.4121 0.15
      vertex 142.95 82.5498 0.15
      vertex 143.046 82.5312 0.15
    endloop
  endfacet
  facet normal -0 0 1
    outer loop
      vertex 142.2 85.4121 0.15
      vertex 142.95 82.5498 0.15
      vertex 143.1 85.4121 0.15
    endloop
  endfacet
  facet normal 0 0 1
    outer loop
      vertex 142.05 82.5498 0.15
      vertex 142.2 85.4121 0.15
      vertex 142.104 85.4316 0.15
    endloop
  endfacet
  facet normal 0 0 1
    outer loop
      vertex 142.2 85.4121 0.15
      vertex 142.05 82.5498 0.15
      vertex 142.95 82.5498 0.15
    endloop
  endfacet
  facet normal 0 0 1
    outer loop
      vertex 141.954 82.5312 0.15
      vertex 142.104 85.4316 0.15
      vertex 142.023 85.4854 0.15
    endloop
  endfacet
  facet normal 0 0 1
    outer loop
      vertex 139.688 85.2676 0.15
      vertex 142.023 85.4854 0.15
      vertex 141.969 85.5664 0.15
    endloop
  endfacet
  facet normal 0 0 1
    outer loop
      vertex 142.104 85.4316 0.15
      vertex 141.954 82.5312 0.15
      vertex 142.05 82.5498 0.15
    endloop
  endfacet
  facet normal 0 0 1
    outer loop
      vertex 139.7 85.3252 0.15
      vertex 141.969 85.5664 0.15
      vertex 141.95 85.6621 0.15
    endloop
  endfacet
  facet normal 0 0 1
    outer loop
      vertex 142.023 85.4854 0.15
      vertex 139.656 85.2188 0.15
      vertex 141.954 82.5312 0.15
    endloop
  endfacet
  facet normal 0 0 1
    outer loop
      vertex 143.331 86.458 0.15
      vertex 148.125 87.0996 0.15
      vertex 143.331 87.5664 0.15
    endloop
  endfacet
  facet normal 0 0 1
    outer loop
      vertex 148.125 87.0996 0.15
      vertex 143.331 86.458 0.15
      vertex 143.35 86.3623 0.15
    endloop
  endfacet
  facet normal -0 0 1
    outer loop
      vertex 143.276 87.4854 0.15
      vertex 143.331 86.458 0.15
      vertex 143.331 87.5664 0.15
    endloop
  endfacet
  facet normal 0 0 1
    outer loop
      vertex 143.276 87.4854 0.15
      vertex 143.276 86.5391 0.15
      vertex 143.331 86.458 0.15
    endloop
  endfacet
  facet normal -0 0 1
    outer loop
      vertex 143.195 87.4316 0.15
      vertex 143.276 86.5391 0.15
      vertex 143.276 87.4854 0.15
    endloop
  endfacet
  facet normal 0 0 1
    outer loop
      vertex 143.195 87.4316 0.15
      vertex 143.195 86.5938 0.15
      vertex 143.276 86.5391 0.15
    endloop
  endfacet
  facet normal -0 0 1
    outer loop
      vertex 143.1 87.4121 0.15
      vertex 143.195 86.5938 0.15
      vertex 143.195 87.4316 0.15
    endloop
  endfacet
  facet normal 0 0 1
    outer loop
      vertex 143.1 87.4121 0.15
      vertex 143.1 86.6123 0.15
      vertex 143.195 86.5938 0.15
    endloop
  endfacet
  facet normal -0 0 1
    outer loop
      vertex 142.2 87.4121 0.15
      vertex 143.1 86.6123 0.15
      vertex 143.1 87.4121 0.15
    endloop
  endfacet
  facet normal 0 0 1
    outer loop
      vertex 142.2 87.4121 0.15
      vertex 142.2 86.6123 0.15
      vertex 143.1 86.6123 0.15
    endloop
  endfacet
  facet normal 0 0 1
    outer loop
      vertex 142.104 87.4316 0.15
      vertex 142.2 86.6123 0.15
      vertex 142.2 87.4121 0.15
    endloop
  endfacet
  facet normal 0 0 1
    outer loop
      vertex 142.104 87.4316 0.15
      vertex 142.104 86.5938 0.15
      vertex 142.2 86.6123 0.15
    endloop
  endfacet
  facet normal 0 0 1
    outer loop
      vertex 142.023 87.4854 0.15
      vertex 142.104 86.5938 0.15
      vertex 142.104 87.4316 0.15
    endloop
  endfacet
  facet normal 0 0 1
    outer loop
      vertex 142.023 87.4854 0.15
      vertex 142.023 86.5391 0.15
      vertex 142.104 86.5938 0.15
    endloop
  endfacet
  facet normal 0 0 1
    outer loop
      vertex 140.65 87.2002 0.15
      vertex 142.023 87.4854 0.15
      vertex 141.969 87.5664 0.15
    endloop
  endfacet
  facet normal 0 0 1
    outer loop
      vertex 142.023 87.4854 0.15
      vertex 140.65 87.2002 0.15
      vertex 142.023 86.5391 0.15
    endloop
  endfacet
  facet normal 0 0 1
    outer loop
      vertex 140.65 87.2002 0.15
      vertex 141.969 87.5664 0.15
      vertex 141.95 87.6621 0.15
    endloop
  endfacet
  facet normal -0 0 1
    outer loop
      vertex 140.639 87.1426 0.15
      vertex 142.023 86.5391 0.15
      vertex 140.65 87.2002 0.15
    endloop
  endfacet
  facet normal 0 0 1
    outer loop
      vertex 144.543 98.6475 0.15
      vertex 142.199 98.584 0.15
      vertex 143.1 88.6123 0.15
    endloop
  endfacet
  facet normal 0 0 1
    outer loop
      vertex 143.1 88.6123 0.15
      vertex 142.199 98.584 0.15
      vertex 142.2 88.6123 0.15
    endloop
  endfacet
  facet normal 0 0 1
    outer loop
      vertex 142.199 98.584 0.15
      vertex 142.104 88.5938 0.15
      vertex 142.2 88.6123 0.15
    endloop
  endfacet
  facet normal 0 0 1
    outer loop
      vertex 140.5 88.5254 0.15
      vertex 142.104 88.5938 0.15
      vertex 142.199 98.584 0.15
    endloop
  endfacet
  facet normal 0 0 1
    outer loop
      vertex 139.659 98.584 0.15
      vertex 142.004 98.6475 0.15
      vertex 139.78 98.75 0.15
    endloop
  endfacet
  facet normal 0 -0 1
    outer loop
      vertex 140.558 88.5137 0.15
      vertex 142.104 88.5938 0.15
      vertex 140.5 88.5254 0.15
    endloop
  endfacet
  facet normal 0 0 1
    outer loop
      vertex 148.224 79.373 0.15
      vertex 146.671 79.3438 0.15
      vertex 148.305 79.3193 0.15
    endloop
  endfacet
  facet normal 0 0 1
    outer loop
      vertex 148.305 79.3193 0.15
      vertex 146.671 79.3438 0.15
      vertex 146.639 75.416 0.15
    endloop
  endfacet
  facet normal 0 0 1
    outer loop
      vertex 148.305 79.3193 0.15
      vertex 146.639 75.416 0.15
      vertex 146.76 75.25 0.15
    endloop
  endfacet
  facet normal -0 0 1
    outer loop
      vertex 146.575 79.3252 0.15
      vertex 146.639 75.416 0.15
      vertex 146.671 79.3438 0.15
    endloop
  endfacet
  facet normal -0 0 1
    outer loop
      vertex 145.625 79.3252 0.15
      vertex 146.639 75.416 0.15
      vertex 146.575 79.3252 0.15
    endloop
  endfacet
  facet normal 0 0 1
    outer loop
      vertex 144.22 75.25 0.15
      vertex 146.443 75.3525 0.15
      vertex 145.625 79.3252 0.15
    endloop
  endfacet
  facet normal 0 0 1
    outer loop
      vertex 146.639 75.416 0.15
      vertex 145.625 79.3252 0.15
      vertex 146.443 75.3525 0.15
    endloop
  endfacet
  facet normal -0 0 1
    outer loop
      vertex 146.752 81.4736 0.15
      vertex 148.169 81.4541 0.15
      vertex 146.806 81.5547 0.15
    endloop
  endfacet
  facet normal 0 0 1
    outer loop
      vertex 148.169 81.4541 0.15
      vertex 146.806 80.3457 0.15
      vertex 146.825 80.25 0.15
    endloop
  endfacet
  facet normal 0 0 1
    outer loop
      vertex 146.752 80.4268 0.15
      vertex 148.169 81.4541 0.15
      vertex 146.752 81.4736 0.15
    endloop
  endfacet
  facet normal 0 0 1
    outer loop
      vertex 148.169 81.4541 0.15
      vertex 146.752 80.4268 0.15
      vertex 146.806 80.3457 0.15
    endloop
  endfacet
  facet normal -0 0 1
    outer loop
      vertex 146.671 81.4189 0.15
      vertex 146.752 80.4268 0.15
      vertex 146.752 81.4736 0.15
    endloop
  endfacet
  facet normal 0 0 1
    outer loop
      vertex 146.671 81.4189 0.15
      vertex 146.671 80.4814 0.15
      vertex 146.752 80.4268 0.15
    endloop
  endfacet
  facet normal -0 0 1
    outer loop
      vertex 146.575 81.4004 0.15
      vertex 146.671 80.4814 0.15
      vertex 146.671 81.4189 0.15
    endloop
  endfacet
  facet normal 0 0 1
    outer loop
      vertex 146.575 81.4004 0.15
      vertex 146.575 80.5 0.15
      vertex 146.671 80.4814 0.15
    endloop
  endfacet
  facet normal -0 0 1
    outer loop
      vertex 145.625 81.4004 0.15
      vertex 146.575 80.5 0.15
      vertex 146.575 81.4004 0.15
    endloop
  endfacet
  facet normal 0 0 1
    outer loop
      vertex 145.625 81.4004 0.15
      vertex 145.625 80.5 0.15
      vertex 146.575 80.5 0.15
    endloop
  endfacet
  facet normal 0 0 1
    outer loop
      vertex 145.529 81.4189 0.15
      vertex 145.625 80.5 0.15
      vertex 145.625 81.4004 0.15
    endloop
  endfacet
  facet normal 0 0 1
    outer loop
      vertex 145.529 81.4189 0.15
      vertex 145.529 80.4814 0.15
      vertex 145.625 80.5 0.15
    endloop
  endfacet
  facet normal 0 0 1
    outer loop
      vertex 145.448 81.4736 0.15
      vertex 145.529 80.4814 0.15
      vertex 145.529 81.4189 0.15
    endloop
  endfacet
  facet normal 0 0 1
    outer loop
      vertex 145.448 81.4736 0.15
      vertex 145.448 80.4268 0.15
      vertex 145.529 80.4814 0.15
    endloop
  endfacet
  facet normal 0 0 1
    outer loop
      vertex 145.394 81.5547 0.15
      vertex 145.448 80.4268 0.15
      vertex 145.448 81.4736 0.15
    endloop
  endfacet
  facet normal 0 0 1
    outer loop
      vertex 145.394 81.5547 0.15
      vertex 145.394 80.3457 0.15
      vertex 145.448 80.4268 0.15
    endloop
  endfacet
  facet normal -0 0 1
    outer loop
      vertex 143.2 81.5996 0.15
      vertex 145.394 81.5547 0.15
      vertex 145.375 81.6504 0.15
    endloop
  endfacet
  facet normal 0 0 1
    outer loop
      vertex 143.181 81.5039 0.15
      vertex 145.394 81.5547 0.15
      vertex 143.2 81.5996 0.15
    endloop
  endfacet
  facet normal 0 0 1
    outer loop
      vertex 149.477 79.373 0.15
      vertex 149.179 75.416 0.15
      vertex 149.3 75.25 0.15
    endloop
  endfacet
  facet normal -0 0 1
    outer loop
      vertex 148.4 79.2998 0.15
      vertex 149.179 75.416 0.15
      vertex 149.3 79.2998 0.15
    endloop
  endfacet
  facet normal 0 0 1
    outer loop
      vertex 148.305 79.3193 0.15
      vertex 148.983 75.3525 0.15
      vertex 148.4 79.2998 0.15
    endloop
  endfacet
  facet normal 0 0 1
    outer loop
      vertex 149.179 75.416 0.15
      vertex 148.4 79.2998 0.15
      vertex 148.983 75.3525 0.15
    endloop
  endfacet
  facet normal -0 0 1
    outer loop
      vertex 149.531 81.4541 0.15
      vertex 149.55 80.25 0.15
      vertex 149.55 81.5498 0.15
    endloop
  endfacet
  facet normal 0 0 1
    outer loop
      vertex 149.531 81.4541 0.15
      vertex 149.531 80.3457 0.15
      vertex 149.55 80.25 0.15
    endloop
  endfacet
  facet normal -0 0 1
    outer loop
      vertex 149.477 81.373 0.15
      vertex 149.531 80.3457 0.15
      vertex 149.531 81.4541 0.15
    endloop
  endfacet
  facet normal 0 0 1
    outer loop
      vertex 149.477 81.373 0.15
      vertex 149.477 80.4268 0.15
      vertex 149.531 80.3457 0.15
    endloop
  endfacet
  facet normal -0 0 1
    outer loop
      vertex 149.396 81.3193 0.15
      vertex 149.477 80.4268 0.15
      vertex 149.477 81.373 0.15
    endloop
  endfacet
  facet normal 0 0 1
    outer loop
      vertex 149.396 81.3193 0.15
      vertex 149.396 80.4814 0.15
      vertex 149.477 80.4268 0.15
    endloop
  endfacet
  facet normal -0 0 1
    outer loop
      vertex 149.3 81.2998 0.15
      vertex 149.396 80.4814 0.15
      vertex 149.396 81.3193 0.15
    endloop
  endfacet
  facet normal 0 0 1
    outer loop
      vertex 149.3 81.2998 0.15
      vertex 149.3 80.5 0.15
      vertex 149.396 80.4814 0.15
    endloop
  endfacet
  facet normal -0 0 1
    outer loop
      vertex 148.4 81.2998 0.15
      vertex 149.3 80.5 0.15
      vertex 149.3 81.2998 0.15
    endloop
  endfacet
  facet normal 0 0 1
    outer loop
      vertex 148.4 81.2998 0.15
      vertex 148.4 80.5 0.15
      vertex 149.3 80.5 0.15
    endloop
  endfacet
  facet normal 0 0 1
    outer loop
      vertex 148.305 81.3193 0.15
      vertex 148.4 80.5 0.15
      vertex 148.4 81.2998 0.15
    endloop
  endfacet
  facet normal 0 0 1
    outer loop
      vertex 148.305 81.3193 0.15
      vertex 148.305 80.4814 0.15
      vertex 148.4 80.5 0.15
    endloop
  endfacet
  facet normal 0 0 1
    outer loop
      vertex 148.224 81.373 0.15
      vertex 148.305 80.4814 0.15
      vertex 148.305 81.3193 0.15
    endloop
  endfacet
  facet normal 0 0 1
    outer loop
      vertex 148.224 81.373 0.15
      vertex 148.224 80.4268 0.15
      vertex 148.305 80.4814 0.15
    endloop
  endfacet
  facet normal 0 0 1
    outer loop
      vertex 146.825 80.25 0.15
      vertex 148.224 81.373 0.15
      vertex 148.169 81.4541 0.15
    endloop
  endfacet
  facet normal 0 0 1
    outer loop
      vertex 148.224 81.373 0.15
      vertex 146.825 80.25 0.15
      vertex 148.224 80.4268 0.15
    endloop
  endfacet
  facet normal -0 0 1
    outer loop
      vertex 146.806 81.5547 0.15
      vertex 148.15 81.5498 0.15
      vertex 146.825 81.6504 0.15
    endloop
  endfacet
  facet normal 0 0 1
    outer loop
      vertex 148.224 80.4268 0.15
      vertex 146.825 80.25 0.15
      vertex 148.169 80.3457 0.15
    endloop
  endfacet
  facet normal 0 0 1
    outer loop
      vertex 149.556 84.9297 0.15
      vertex 149.531 82.3457 0.15
      vertex 149.55 82.25 0.15
    endloop
  endfacet
  facet normal -0 0 1
    outer loop
      vertex 149.502 84.8486 0.15
      vertex 149.531 82.3457 0.15
      vertex 149.556 84.9297 0.15
    endloop
  endfacet
  facet normal 0 0 1
    outer loop
      vertex 149.502 84.8486 0.15
      vertex 149.477 82.4268 0.15
      vertex 149.531 82.3457 0.15
    endloop
  endfacet
  facet normal -0 0 1
    outer loop
      vertex 149.421 84.7939 0.15
      vertex 149.477 82.4268 0.15
      vertex 149.502 84.8486 0.15
    endloop
  endfacet
  facet normal 0 0 1
    outer loop
      vertex 149.421 84.7939 0.15
      vertex 149.396 82.4814 0.15
      vertex 149.477 82.4268 0.15
    endloop
  endfacet
  facet normal -0 0 1
    outer loop
      vertex 149.325 84.7754 0.15
      vertex 149.396 82.4814 0.15
      vertex 149.421 84.7939 0.15
    endloop
  endfacet
  facet normal 0 0 1
    outer loop
      vertex 149.325 84.7754 0.15
      vertex 149.3 82.5 0.15
      vertex 149.396 82.4814 0.15
    endloop
  endfacet
  facet normal 0 0 1
    outer loop
      vertex 149.325 84.7754 0.15
      vertex 148.4 82.5 0.15
      vertex 149.3 82.5 0.15
    endloop
  endfacet
  facet normal -0 0 1
    outer loop
      vertex 148.375 84.7754 0.15
      vertex 148.4 82.5 0.15
      vertex 149.325 84.7754 0.15
    endloop
  endfacet
  facet normal 0 0 1
    outer loop
      vertex 148.375 84.7754 0.15
      vertex 148.305 82.4814 0.15
      vertex 148.4 82.5 0.15
    endloop
  endfacet
  facet normal 0 0 1
    outer loop
      vertex 148.279 84.7939 0.15
      vertex 148.305 82.4814 0.15
      vertex 148.375 84.7754 0.15
    endloop
  endfacet
  facet normal 0 0 1
    outer loop
      vertex 148.279 84.7939 0.15
      vertex 148.224 82.4268 0.15
      vertex 148.305 82.4814 0.15
    endloop
  endfacet
  facet normal 0 0 1
    outer loop
      vertex 148.198 84.8486 0.15
      vertex 148.224 82.4268 0.15
      vertex 148.279 84.7939 0.15
    endloop
  endfacet
  facet normal 0 0 1
    outer loop
      vertex 146.825 82.3252 0.15
      vertex 148.224 82.4268 0.15
      vertex 148.198 84.8486 0.15
    endloop
  endfacet
  facet normal 0 0 1
    outer loop
      vertex 148.224 82.4268 0.15
      vertex 146.825 82.3252 0.15
      vertex 148.169 82.3457 0.15
    endloop
  endfacet
  facet normal -0 0 1
    outer loop
      vertex 146.825 81.6504 0.15
      vertex 148.15 81.5498 0.15
      vertex 148.15 82.25 0.15
    endloop
  endfacet
  facet normal 0 0 1
    outer loop
      vertex 148.15 81.5498 0.15
      vertex 146.806 81.5547 0.15
      vertex 148.169 81.4541 0.15
    endloop
  endfacet
  facet normal 0 0 1
    outer loop
      vertex 148.169 82.3457 0.15
      vertex 146.825 82.3252 0.15
      vertex 148.15 82.25 0.15
    endloop
  endfacet
  facet normal 0 0 1
    outer loop
      vertex 146.825 82.3252 0.15
      vertex 148.198 84.8486 0.15
      vertex 148.144 84.9297 0.15
    endloop
  endfacet
  facet normal -0 0 1
    outer loop
      vertex 149.556 87.0039 0.15
      vertex 149.575 85.7002 0.15
      vertex 149.575 87.0996 0.15
    endloop
  endfacet
  facet normal 0 0 1
    outer loop
      vertex 149.556 87.0039 0.15
      vertex 149.556 85.7959 0.15
      vertex 149.575 85.7002 0.15
    endloop
  endfacet
  facet normal -0 0 1
    outer loop
      vertex 149.502 86.9229 0.15
      vertex 149.556 85.7959 0.15
      vertex 149.556 87.0039 0.15
    endloop
  endfacet
  facet normal 0 0 1
    outer loop
      vertex 149.502 86.9229 0.15
      vertex 149.502 85.877 0.15
      vertex 149.556 85.7959 0.15
    endloop
  endfacet
  facet normal -0 0 1
    outer loop
      vertex 149.421 86.8691 0.15
      vertex 149.502 85.877 0.15
      vertex 149.502 86.9229 0.15
    endloop
  endfacet
  facet normal 0 0 1
    outer loop
      vertex 149.421 86.8691 0.15
      vertex 149.421 85.9307 0.15
      vertex 149.502 85.877 0.15
    endloop
  endfacet
  facet normal -0 0 1
    outer loop
      vertex 149.325 86.8496 0.15
      vertex 149.421 85.9307 0.15
      vertex 149.421 86.8691 0.15
    endloop
  endfacet
  facet normal 0 0 1
    outer loop
      vertex 149.325 86.8496 0.15
      vertex 149.325 85.9502 0.15
      vertex 149.421 85.9307 0.15
    endloop
  endfacet
  facet normal -0 0 1
    outer loop
      vertex 148.375 86.8496 0.15
      vertex 149.325 85.9502 0.15
      vertex 149.325 86.8496 0.15
    endloop
  endfacet
  facet normal 0 0 1
    outer loop
      vertex 148.375 86.8496 0.15
      vertex 148.375 85.9502 0.15
      vertex 149.325 85.9502 0.15
    endloop
  endfacet
  facet normal 0 0 1
    outer loop
      vertex 148.279 86.8691 0.15
      vertex 148.375 85.9502 0.15
      vertex 148.375 86.8496 0.15
    endloop
  endfacet
  facet normal 0 0 1
    outer loop
      vertex 148.279 86.8691 0.15
      vertex 148.279 85.9307 0.15
      vertex 148.375 85.9502 0.15
    endloop
  endfacet
  facet normal 0 0 1
    outer loop
      vertex 148.198 86.9229 0.15
      vertex 148.279 85.9307 0.15
      vertex 148.279 86.8691 0.15
    endloop
  endfacet
  facet normal 0 0 1
    outer loop
      vertex 148.198 86.9229 0.15
      vertex 148.198 85.877 0.15
      vertex 148.279 85.9307 0.15
    endloop
  endfacet
  facet normal 0 0 1
    outer loop
      vertex 148.144 87.0039 0.15
      vertex 148.198 85.877 0.15
      vertex 148.198 86.9229 0.15
    endloop
  endfacet
  facet normal 0 0 1
    outer loop
      vertex 148.144 87.0039 0.15
      vertex 148.144 85.7959 0.15
      vertex 148.198 85.877 0.15
    endloop
  endfacet
  facet normal 0 0 1
    outer loop
      vertex 143.35 86.3623 0.15
      vertex 148.144 87.0039 0.15
      vertex 148.125 87.0996 0.15
    endloop
  endfacet
  facet normal 0 0 1
    outer loop
      vertex 148.144 87.0039 0.15
      vertex 143.35 86.3623 0.15
      vertex 148.144 85.7959 0.15
    endloop
  endfacet
  facet normal 0 0 1
    outer loop
      vertex 152.05 90.7998 0.15
      vertex 149.556 87.8711 0.15
      vertex 149.575 87.7754 0.15
    endloop
  endfacet
  facet normal 0 0 1
    outer loop
      vertex 151.873 90.873 0.15
      vertex 149.502 87.9521 0.15
      vertex 149.556 87.8711 0.15
    endloop
  endfacet
  facet normal -0 0 1
    outer loop
      vertex 149.496 90.8193 0.15
      vertex 149.502 87.9521 0.15
      vertex 149.577 90.873 0.15
    endloop
  endfacet
  facet normal 0 0 1
    outer loop
      vertex 149.496 90.8193 0.15
      vertex 149.421 88.0059 0.15
      vertex 149.502 87.9521 0.15
    endloop
  endfacet
  facet normal -0 0 1
    outer loop
      vertex 149.4 90.7998 0.15
      vertex 149.421 88.0059 0.15
      vertex 149.496 90.8193 0.15
    endloop
  endfacet
  facet normal 0 0 1
    outer loop
      vertex 149.4 90.7998 0.15
      vertex 149.325 88.0254 0.15
      vertex 149.421 88.0059 0.15
    endloop
  endfacet
  facet normal -0 0 1
    outer loop
      vertex 148.5 90.7998 0.15
      vertex 149.325 88.0254 0.15
      vertex 149.4 90.7998 0.15
    endloop
  endfacet
  facet normal 0 0 1
    outer loop
      vertex 148.375 88.0254 0.15
      vertex 148.5 90.7998 0.15
      vertex 148.404 90.8193 0.15
    endloop
  endfacet
  facet normal 0 0 1
    outer loop
      vertex 148.5 90.7998 0.15
      vertex 148.375 88.0254 0.15
      vertex 149.325 88.0254 0.15
    endloop
  endfacet
  facet normal 0 0 1
    outer loop
      vertex 148.279 88.0059 0.15
      vertex 148.404 90.8193 0.15
      vertex 148.323 90.873 0.15
    endloop
  endfacet
  facet normal 0 0 1
    outer loop
      vertex 148.404 90.8193 0.15
      vertex 148.279 88.0059 0.15
      vertex 148.375 88.0254 0.15
    endloop
  endfacet
  facet normal 0 0 1
    outer loop
      vertex 148.198 87.9521 0.15
      vertex 148.323 90.873 0.15
      vertex 148.269 90.9541 0.15
    endloop
  endfacet
  facet normal 0 0 1
    outer loop
      vertex 143.35 88.3623 0.15
      vertex 148.269 90.9541 0.15
      vertex 148.25 91.0498 0.15
    endloop
  endfacet
  facet normal 0 0 1
    outer loop
      vertex 148.323 90.873 0.15
      vertex 148.198 87.9521 0.15
      vertex 148.279 88.0059 0.15
    endloop
  endfacet
  facet normal 0 0 1
    outer loop
      vertex 149.631 91.8457 0.15
      vertex 151.819 91.8457 0.15
      vertex 149.631 92.9541 0.15
    endloop
  endfacet
  facet normal 0 0 1
    outer loop
      vertex 151.819 91.8457 0.15
      vertex 149.631 91.8457 0.15
      vertex 149.65 91.75 0.15
    endloop
  endfacet
  facet normal -0 0 1
    outer loop
      vertex 149.577 92.873 0.15
      vertex 149.631 91.8457 0.15
      vertex 149.631 92.9541 0.15
    endloop
  endfacet
  facet normal 0 0 1
    outer loop
      vertex 149.577 92.873 0.15
      vertex 149.577 91.9268 0.15
      vertex 149.631 91.8457 0.15
    endloop
  endfacet
  facet normal -0 0 1
    outer loop
      vertex 149.496 92.8193 0.15
      vertex 149.577 91.9268 0.15
      vertex 149.577 92.873 0.15
    endloop
  endfacet
  facet normal 0 0 1
    outer loop
      vertex 149.496 92.8193 0.15
      vertex 149.496 91.9814 0.15
      vertex 149.577 91.9268 0.15
    endloop
  endfacet
  facet normal -0 0 1
    outer loop
      vertex 149.4 92.7998 0.15
      vertex 149.496 91.9814 0.15
      vertex 149.496 92.8193 0.15
    endloop
  endfacet
  facet normal 0 0 1
    outer loop
      vertex 149.4 92.7998 0.15
      vertex 149.4 92 0.15
      vertex 149.496 91.9814 0.15
    endloop
  endfacet
  facet normal -0 0 1
    outer loop
      vertex 148.5 92.7998 0.15
      vertex 149.4 92 0.15
      vertex 149.4 92.7998 0.15
    endloop
  endfacet
  facet normal 0 0 1
    outer loop
      vertex 148.5 92.7998 0.15
      vertex 148.5 92 0.15
      vertex 149.4 92 0.15
    endloop
  endfacet
  facet normal 0 0 1
    outer loop
      vertex 148.404 92.8193 0.15
      vertex 148.5 92 0.15
      vertex 148.5 92.7998 0.15
    endloop
  endfacet
  facet normal 0 0 1
    outer loop
      vertex 148.404 92.8193 0.15
      vertex 148.404 91.9814 0.15
      vertex 148.5 92 0.15
    endloop
  endfacet
  facet normal 0 0 1
    outer loop
      vertex 148.323 92.873 0.15
      vertex 148.404 91.9814 0.15
      vertex 148.404 92.8193 0.15
    endloop
  endfacet
  facet normal 0 0 1
    outer loop
      vertex 148.323 92.873 0.15
      vertex 148.323 91.9268 0.15
      vertex 148.404 91.9814 0.15
    endloop
  endfacet
  facet normal 0 0 1
    outer loop
      vertex 148.269 92.9541 0.15
      vertex 148.323 91.9268 0.15
      vertex 148.323 92.873 0.15
    endloop
  endfacet
  facet normal 0 0 1
    outer loop
      vertex 148.269 92.9541 0.15
      vertex 148.269 91.8457 0.15
      vertex 148.323 91.9268 0.15
    endloop
  endfacet
  facet normal 0 0 1
    outer loop
      vertex 148.25 93.0498 0.15
      vertex 148.269 91.8457 0.15
      vertex 148.269 92.9541 0.15
    endloop
  endfacet
  facet normal 0 0 1
    outer loop
      vertex 148.269 91.8457 0.15
      vertex 148.25 93.0498 0.15
      vertex 148.25 91.75 0.15
    endloop
  endfacet
  facet normal 0 0 1
    outer loop
      vertex 151.819 93.8457 0.15
      vertex 149.631 93.8457 0.15
      vertex 149.65 93.75 0.15
    endloop
  endfacet
  facet normal 0 0 1
    outer loop
      vertex 149.4 94 0.15
      vertex 149.819 98.584 0.15
      vertex 149.623 98.6475 0.15
    endloop
  endfacet
  facet normal 0 0 1
    outer loop
      vertex 151.954 93.9814 0.15
      vertex 149.577 93.9268 0.15
      vertex 149.631 93.8457 0.15
    endloop
  endfacet
  facet normal -0 0 1
    outer loop
      vertex 153.181 92.9541 0.15
      vertex 153.2 91.75 0.15
      vertex 153.2 93.0498 0.15
    endloop
  endfacet
  facet normal 0 0 1
    outer loop
      vertex 153.181 92.9541 0.15
      vertex 153.181 91.8457 0.15
      vertex 153.2 91.75 0.15
    endloop
  endfacet
  facet normal -0 0 1
    outer loop
      vertex 153.127 92.873 0.15
      vertex 153.181 91.8457 0.15
      vertex 153.181 92.9541 0.15
    endloop
  endfacet
  facet normal 0 0 1
    outer loop
      vertex 153.127 92.873 0.15
      vertex 153.127 91.9268 0.15
      vertex 153.181 91.8457 0.15
    endloop
  endfacet
  facet normal -0 0 1
    outer loop
      vertex 153.046 92.8193 0.15
      vertex 153.127 91.9268 0.15
      vertex 153.127 92.873 0.15
    endloop
  endfacet
  facet normal 0 0 1
    outer loop
      vertex 153.046 92.8193 0.15
      vertex 153.046 91.9814 0.15
      vertex 153.127 91.9268 0.15
    endloop
  endfacet
  facet normal -0 0 1
    outer loop
      vertex 152.95 92.7998 0.15
      vertex 153.046 91.9814 0.15
      vertex 153.046 92.8193 0.15
    endloop
  endfacet
  facet normal 0 0 1
    outer loop
      vertex 152.95 92.7998 0.15
      vertex 152.95 92 0.15
      vertex 153.046 91.9814 0.15
    endloop
  endfacet
  facet normal -0 0 1
    outer loop
      vertex 152.05 92.7998 0.15
      vertex 152.95 92 0.15
      vertex 152.95 92.7998 0.15
    endloop
  endfacet
  facet normal 0 0 1
    outer loop
      vertex 152.05 92.7998 0.15
      vertex 152.05 92 0.15
      vertex 152.95 92 0.15
    endloop
  endfacet
  facet normal 0 0 1
    outer loop
      vertex 151.954 92.8193 0.15
      vertex 152.05 92 0.15
      vertex 152.05 92.7998 0.15
    endloop
  endfacet
  facet normal 0 0 1
    outer loop
      vertex 151.954 92.8193 0.15
      vertex 151.954 91.9814 0.15
      vertex 152.05 92 0.15
    endloop
  endfacet
  facet normal 0 0 1
    outer loop
      vertex 151.873 92.873 0.15
      vertex 151.954 91.9814 0.15
      vertex 151.954 92.8193 0.15
    endloop
  endfacet
  facet normal 0 0 1
    outer loop
      vertex 151.873 92.873 0.15
      vertex 151.873 91.9268 0.15
      vertex 151.954 91.9814 0.15
    endloop
  endfacet
  facet normal 0 0 1
    outer loop
      vertex 151.819 92.9541 0.15
      vertex 151.873 91.9268 0.15
      vertex 151.873 92.873 0.15
    endloop
  endfacet
  facet normal 0 0 1
    outer loop
      vertex 151.819 92.9541 0.15
      vertex 151.819 91.8457 0.15
      vertex 151.873 91.9268 0.15
    endloop
  endfacet
  facet normal -0 0 1
    outer loop
      vertex 149.65 93.0498 0.15
      vertex 151.819 92.9541 0.15
      vertex 151.8 93.0498 0.15
    endloop
  endfacet
  facet normal 0 0 1
    outer loop
      vertex 149.631 92.9541 0.15
      vertex 151.819 92.9541 0.15
      vertex 149.65 93.0498 0.15
    endloop
  endfacet
  facet normal 0 0 1
    outer loop
      vertex 153.2 93.0498 0.15
      vertex 154.5 106.45 0.15
      vertex 153.2 93.75 0.15
    endloop
  endfacet
  facet normal 0 0 1
    outer loop
      vertex 154.5 106.45 0.15
      vertex 153.181 93.8457 0.15
      vertex 153.2 93.75 0.15
    endloop
  endfacet
  facet normal -0 0 1
    outer loop
      vertex 152.48 98.75 0.15
      vertex 153.181 93.8457 0.15
      vertex 154.5 106.45 0.15
    endloop
  endfacet
  facet normal 0 0 1
    outer loop
      vertex 153.181 93.8457 0.15
      vertex 152.48 98.75 0.15
      vertex 153.127 93.9268 0.15
    endloop
  endfacet
  facet normal -0 0 1
    outer loop
      vertex 152.359 98.584 0.15
      vertex 153.127 93.9268 0.15
      vertex 152.48 98.75 0.15
    endloop
  endfacet
  facet normal 0 0 1
    outer loop
      vertex 153.127 93.9268 0.15
      vertex 152.359 98.584 0.15
      vertex 153.046 93.9814 0.15
    endloop
  endfacet
  facet normal 0 0 1
    outer loop
      vertex 154.5 106.45 0.15
      vertex 152.359 98.916 0.15
      vertex 152.48 98.75 0.15
    endloop
  endfacet
  facet normal 0 0 1
    outer loop
      vertex 149.819 98.916 0.15
      vertex 152.359 98.916 0.15
      vertex 154.5 106.45 0.15
    endloop
  endfacet
  facet normal -0 0 1
    outer loop
      vertex 149.94 98.75 0.15
      vertex 152.163 98.6475 0.15
      vertex 152.163 98.8525 0.15
    endloop
  endfacet
  facet normal 0 0 1
    outer loop
      vertex 152.163 98.6475 0.15
      vertex 151.954 93.9814 0.15
      vertex 152.05 94 0.15
    endloop
  endfacet
  facet normal 0 0 1
    outer loop
      vertex 152.163 98.6475 0.15
      vertex 149.819 98.584 0.15
      vertex 151.954 93.9814 0.15
    endloop
  endfacet
  facet normal 0 0 1
    outer loop
      vertex 149.496 93.9814 0.15
      vertex 151.954 93.9814 0.15
      vertex 149.819 98.584 0.15
    endloop
  endfacet
  facet normal 0 0 1
    outer loop
      vertex 149.631 93.8457 0.15
      vertex 151.873 93.9268 0.15
      vertex 151.954 93.9814 0.15
    endloop
  endfacet
  facet normal 0 0 1
    outer loop
      vertex 149.65 93.0498 0.15
      vertex 151.8 93.0498 0.15
      vertex 151.8 93.75 0.15
    endloop
  endfacet
  facet normal 0 0 1
    outer loop
      vertex 151.819 92.9541 0.15
      vertex 149.631 92.9541 0.15
      vertex 151.819 91.8457 0.15
    endloop
  endfacet
  facet normal 0 0 1
    outer loop
      vertex 149.631 93.8457 0.15
      vertex 151.819 93.8457 0.15
      vertex 151.873 93.9268 0.15
    endloop
  endfacet
  facet normal 0 0 1
    outer loop
      vertex 152.163 98.6475 0.15
      vertex 149.94 98.75 0.15
      vertex 149.819 98.584 0.15
    endloop
  endfacet
  facet normal 0 0 1
    outer loop
      vertex 152.359 98.916 0.15
      vertex 149.819 98.916 0.15
      vertex 152.163 98.8525 0.15
    endloop
  endfacet
  facet normal 0 0 1
    outer loop
      vertex 152.163 98.8525 0.15
      vertex 149.819 98.916 0.15
      vertex 149.94 98.75 0.15
    endloop
  endfacet
  facet normal 0 0 1
    outer loop
      vertex 147.279 98.916 0.15
      vertex 149.819 98.916 0.15
      vertex 154.5 106.45 0.15
    endloop
  endfacet
  facet normal -0 0 1
    outer loop
      vertex 147.4 98.75 0.15
      vertex 149.623 98.6475 0.15
      vertex 149.623 98.8525 0.15
    endloop
  endfacet
  facet normal 0 0 1
    outer loop
      vertex 151.954 93.9814 0.15
      vertex 149.496 93.9814 0.15
      vertex 149.577 93.9268 0.15
    endloop
  endfacet
  facet normal 0 0 1
    outer loop
      vertex 149.819 98.584 0.15
      vertex 149.4 94 0.15
      vertex 149.496 93.9814 0.15
    endloop
  endfacet
  facet normal 0 0 1
    outer loop
      vertex 149.623 98.6475 0.15
      vertex 148.5 94 0.15
      vertex 149.4 94 0.15
    endloop
  endfacet
  facet normal 0 0 1
    outer loop
      vertex 149.623 98.6475 0.15
      vertex 147.279 98.584 0.15
      vertex 148.5 94 0.15
    endloop
  endfacet
  facet normal 0 0 1
    outer loop
      vertex 148.5 94 0.15
      vertex 147.279 98.584 0.15
      vertex 148.404 93.9814 0.15
    endloop
  endfacet
  facet normal 0 0 1
    outer loop
      vertex 148.404 93.9814 0.15
      vertex 147.279 98.584 0.15
      vertex 148.323 93.9268 0.15
    endloop
  endfacet
  facet normal 0 0 1
    outer loop
      vertex 143.35 88.3623 0.15
      vertex 148.25 93.0498 0.15
      vertex 148.25 93.75 0.15
    endloop
  endfacet
  facet normal 0 0 1
    outer loop
      vertex 148.25 93.0498 0.15
      vertex 143.35 88.3623 0.15
      vertex 148.25 91.75 0.15
    endloop
  endfacet
  facet normal 0 0 1
    outer loop
      vertex 148.25 91.75 0.15
      vertex 143.35 88.3623 0.15
      vertex 148.25 91.0498 0.15
    endloop
  endfacet
  facet normal 0 0 1
    outer loop
      vertex 148.269 90.9541 0.15
      vertex 143.35 88.3623 0.15
      vertex 148.198 87.9521 0.15
    endloop
  endfacet
  facet normal 0 0 1
    outer loop
      vertex 148.198 87.9521 0.15
      vertex 143.35 88.3623 0.15
      vertex 148.144 87.8711 0.15
    endloop
  endfacet
  facet normal -0 0 1
    outer loop
      vertex 143.35 87.6621 0.15
      vertex 148.125 87.0996 0.15
      vertex 148.125 87.7754 0.15
    endloop
  endfacet
  facet normal 0 0 1
    outer loop
      vertex 148.144 85.7959 0.15
      vertex 143.35 86.3623 0.15
      vertex 148.125 85.7002 0.15
    endloop
  endfacet
  facet normal 0 0 1
    outer loop
      vertex 148.323 93.9268 0.15
      vertex 144.739 98.584 0.15
      vertex 148.269 93.8457 0.15
    endloop
  endfacet
  facet normal -0 0 1
    outer loop
      vertex 144.739 98.584 0.15
      vertex 148.323 93.9268 0.15
      vertex 147.083 98.6475 0.15
    endloop
  endfacet
  facet normal 0 0 1
    outer loop
      vertex 147.083 98.6475 0.15
      vertex 148.323 93.9268 0.15
      vertex 147.279 98.584 0.15
    endloop
  endfacet
  facet normal 0 0 1
    outer loop
      vertex 149.623 98.6475 0.15
      vertex 147.4 98.75 0.15
      vertex 147.279 98.584 0.15
    endloop
  endfacet
  facet normal 0 0 1
    outer loop
      vertex 149.819 98.916 0.15
      vertex 147.279 98.916 0.15
      vertex 149.623 98.8525 0.15
    endloop
  endfacet
  facet normal 0 0 1
    outer loop
      vertex 149.623 98.8525 0.15
      vertex 147.279 98.916 0.15
      vertex 147.4 98.75 0.15
    endloop
  endfacet
  facet normal 0 0 1
    outer loop
      vertex 144.739 98.916 0.15
      vertex 147.279 98.916 0.15
      vertex 154.5 106.45 0.15
    endloop
  endfacet
  facet normal -0 0 1
    outer loop
      vertex 144.86 98.75 0.15
      vertex 147.083 98.6475 0.15
      vertex 147.083 98.8525 0.15
    endloop
  endfacet
  facet normal 0 0 1
    outer loop
      vertex 148.125 85.7002 0.15
      vertex 146.806 82.4209 0.15
      vertex 146.825 82.3252 0.15
    endloop
  endfacet
  facet normal 0 0 1
    outer loop
      vertex 148.125 85.7002 0.15
      vertex 146.752 82.502 0.15
      vertex 146.806 82.4209 0.15
    endloop
  endfacet
  facet normal 0 0 1
    outer loop
      vertex 143.35 87.6621 0.15
      vertex 148.125 87.7754 0.15
      vertex 143.35 88.3623 0.15
    endloop
  endfacet
  facet normal 0 0 1
    outer loop
      vertex 148.125 85.7002 0.15
      vertex 146.671 82.5557 0.15
      vertex 146.752 82.502 0.15
    endloop
  endfacet
  facet normal -0 0 1
    outer loop
      vertex 143.331 87.5664 0.15
      vertex 148.125 87.0996 0.15
      vertex 143.35 87.6621 0.15
    endloop
  endfacet
  facet normal 0 0 1
    outer loop
      vertex 148.125 85.7002 0.15
      vertex 143.35 86.3623 0.15
      vertex 143.35 85.6621 0.15
    endloop
  endfacet
  facet normal 0 0 1
    outer loop
      vertex 148.125 85.7002 0.15
      vertex 146.575 82.5752 0.15
      vertex 146.671 82.5557 0.15
    endloop
  endfacet
  facet normal 0 0 1
    outer loop
      vertex 143.331 85.5664 0.15
      vertex 148.125 85.7002 0.15
      vertex 143.35 85.6621 0.15
    endloop
  endfacet
  facet normal 0 0 1
    outer loop
      vertex 148.125 85.7002 0.15
      vertex 145.625 82.5752 0.15
      vertex 146.575 82.5752 0.15
    endloop
  endfacet
  facet normal -0 0 1
    outer loop
      vertex 143.2 82.2998 0.15
      vertex 145.375 81.6504 0.15
      vertex 145.375 82.3252 0.15
    endloop
  endfacet
  facet normal 0 0 1
    outer loop
      vertex 145.394 81.5547 0.15
      vertex 143.181 81.5039 0.15
      vertex 145.394 80.3457 0.15
    endloop
  endfacet
  facet normal 0 0 1
    outer loop
      vertex 148.25 93.75 0.15
      vertex 144.739 98.584 0.15
      vertex 143.35 88.3623 0.15
    endloop
  endfacet
  facet normal 0 0 1
    outer loop
      vertex 144.739 98.584 0.15
      vertex 147.083 98.6475 0.15
      vertex 144.86 98.75 0.15
    endloop
  endfacet
  facet normal 0 0 1
    outer loop
      vertex 147.279 98.916 0.15
      vertex 144.739 98.916 0.15
      vertex 147.083 98.8525 0.15
    endloop
  endfacet
  facet normal 0 0 1
    outer loop
      vertex 147.083 98.8525 0.15
      vertex 144.739 98.916 0.15
      vertex 144.86 98.75 0.15
    endloop
  endfacet
  facet normal 0 0 1
    outer loop
      vertex 142.199 98.916 0.15
      vertex 144.739 98.916 0.15
      vertex 154.5 106.45 0.15
    endloop
  endfacet
  facet normal -0 0 1
    outer loop
      vertex 142.32 98.75 0.15
      vertex 144.543 98.6475 0.15
      vertex 144.543 98.8525 0.15
    endloop
  endfacet
  facet normal -0 0 1
    outer loop
      vertex 143.195 85.4316 0.15
      vertex 145.448 82.502 0.15
      vertex 143.276 85.4854 0.15
    endloop
  endfacet
  facet normal 0 0 1
    outer loop
      vertex 145.375 81.6504 0.15
      vertex 143.2 82.2998 0.15
      vertex 143.2 81.5996 0.15
    endloop
  endfacet
  facet normal -0 0 1
    outer loop
      vertex 143.276 85.4854 0.15
      vertex 145.529 82.5557 0.15
      vertex 143.331 85.5664 0.15
    endloop
  endfacet
  facet normal 0 0 1
    outer loop
      vertex 145.625 82.5752 0.15
      vertex 143.331 85.5664 0.15
      vertex 145.529 82.5557 0.15
    endloop
  endfacet
  facet normal 0 0 1
    outer loop
      vertex 144.543 98.6475 0.15
      vertex 143.331 88.458 0.15
      vertex 143.35 88.3623 0.15
    endloop
  endfacet
  facet normal 0 0 1
    outer loop
      vertex 144.543 98.6475 0.15
      vertex 143.276 88.5391 0.15
      vertex 143.331 88.458 0.15
    endloop
  endfacet
  facet normal 0 0 1
    outer loop
      vertex 144.543 98.6475 0.15
      vertex 143.195 88.5938 0.15
      vertex 143.276 88.5391 0.15
    endloop
  endfacet
  facet normal 0 0 1
    outer loop
      vertex 144.543 98.6475 0.15
      vertex 143.1 88.6123 0.15
      vertex 143.195 88.5938 0.15
    endloop
  endfacet
  facet normal 0 0 1
    outer loop
      vertex 142.199 98.584 0.15
      vertex 144.543 98.6475 0.15
      vertex 142.32 98.75 0.15
    endloop
  endfacet
  facet normal 0 0 1
    outer loop
      vertex 144.739 98.916 0.15
      vertex 142.199 98.916 0.15
      vertex 144.543 98.8525 0.15
    endloop
  endfacet
  facet normal 0 0 1
    outer loop
      vertex 144.543 98.8525 0.15
      vertex 142.199 98.916 0.15
      vertex 142.32 98.75 0.15
    endloop
  endfacet
  facet normal -0 0 1
    outer loop
      vertex 131.5 106.45 0.15
      vertex 142.199 98.916 0.15
      vertex 154.5 106.45 0.15
    endloop
  endfacet
  facet normal -0 0 1
    outer loop
      vertex 139.78 98.75 0.15
      vertex 142.004 98.6475 0.15
      vertex 142.004 98.8525 0.15
    endloop
  endfacet
  facet normal 0 0 1
    outer loop
      vertex 142.104 88.5938 0.15
      vertex 140.558 88.5137 0.15
      vertex 142.023 88.5391 0.15
    endloop
  endfacet
  facet normal 0 0 1
    outer loop
      vertex 140.65 88.375 0.15
      vertex 141.95 87.6621 0.15
      vertex 141.95 88.3623 0.15
    endloop
  endfacet
  facet normal 0 0 1
    outer loop
      vertex 142.023 86.5391 0.15
      vertex 140.639 87.1426 0.15
      vertex 141.969 86.458 0.15
    endloop
  endfacet
  facet normal -0 0 1
    outer loop
      vertex 140.606 87.0938 0.15
      vertex 141.969 86.458 0.15
      vertex 140.639 87.1426 0.15
    endloop
  endfacet
  facet normal 0 0 1
    outer loop
      vertex 142.023 88.5391 0.15
      vertex 140.606 88.4814 0.15
      vertex 141.969 88.458 0.15
    endloop
  endfacet
  facet normal 0 0 1
    outer loop
      vertex 141.95 87.6621 0.15
      vertex 140.65 88.375 0.15
      vertex 140.65 87.2002 0.15
    endloop
  endfacet
  facet normal 0 0 1
    outer loop
      vertex 141.969 86.458 0.15
      vertex 140.606 87.0938 0.15
      vertex 141.95 86.3623 0.15
    endloop
  endfacet
  facet normal -0 0 1
    outer loop
      vertex 139.45 82.25 0.15
      vertex 141.8 81.5996 0.15
      vertex 141.8 82.2998 0.15
    endloop
  endfacet
  facet normal 0 0 1
    outer loop
      vertex 141.819 81.5039 0.15
      vertex 139.431 81.4541 0.15
      vertex 141.819 80.3955 0.15
    endloop
  endfacet
  facet normal 0 0 1
    outer loop
      vertex 141.819 80.3955 0.15
      vertex 139.45 80.25 0.15
      vertex 141.8 80.2998 0.15
    endloop
  endfacet
  facet normal -0 0 1
    outer loop
      vertex 140.558 87.0615 0.15
      vertex 141.95 86.3623 0.15
      vertex 140.606 87.0938 0.15
    endloop
  endfacet
  facet normal 0 0 1
    outer loop
      vertex 141.969 85.5664 0.15
      vertex 139.7 85.3252 0.15
      vertex 139.688 85.2676 0.15
    endloop
  endfacet
  facet normal 0 0 1
    outer loop
      vertex 142.023 85.4854 0.15
      vertex 139.688 85.2676 0.15
      vertex 139.656 85.2188 0.15
    endloop
  endfacet
  facet normal 0 0 1
    outer loop
      vertex 141.8 79.5996 0.15
      vertex 141.559 75.416 0.15
      vertex 141.68 75.25 0.15
    endloop
  endfacet
  facet normal 0 0 1
    outer loop
      vertex 141.95 86.3623 0.15
      vertex 140.558 87.0615 0.15
      vertex 141.95 85.6621 0.15
    endloop
  endfacet
  facet normal 0 0 1
    outer loop
      vertex 141.95 88.3623 0.15
      vertex 140.639 88.4326 0.15
      vertex 140.65 88.375 0.15
    endloop
  endfacet
  facet normal 0 0 1
    outer loop
      vertex 141.969 88.458 0.15
      vertex 140.639 88.4326 0.15
      vertex 141.95 88.3623 0.15
    endloop
  endfacet
  facet normal 0 -0 1
    outer loop
      vertex 140.639 88.4326 0.15
      vertex 141.969 88.458 0.15
      vertex 140.606 88.4814 0.15
    endloop
  endfacet
  facet normal 0 -0 1
    outer loop
      vertex 140.606 88.4814 0.15
      vertex 142.023 88.5391 0.15
      vertex 140.558 88.5137 0.15
    endloop
  endfacet
  facet normal 0 0 1
    outer loop
      vertex 142.004 98.6475 0.15
      vertex 139.659 98.584 0.15
      vertex 142.199 98.584 0.15
    endloop
  endfacet
  facet normal 0 0 1
    outer loop
      vertex 142.199 98.584 0.15
      vertex 139.659 98.584 0.15
      vertex 140.5 88.5254 0.15
    endloop
  endfacet
  facet normal 0 0 1
    outer loop
      vertex 140.5 88.5254 0.15
      vertex 139.659 98.584 0.15
      vertex 140.2 88.5254 0.15
    endloop
  endfacet
  facet normal 0 0 1
    outer loop
      vertex 138.657 88.5137 0.15
      vertex 140.2 88.5254 0.15
      vertex 139.659 98.584 0.15
    endloop
  endfacet
  facet normal 0 0 1
    outer loop
      vertex 140.2 88.5254 0.15
      vertex 138.657 88.5137 0.15
      vertex 140.143 88.5137 0.15
    endloop
  endfacet
  facet normal 0 -0 1
    outer loop
      vertex 138.706 88.4814 0.15
      vertex 140.094 88.4814 0.15
      vertex 138.657 88.5137 0.15
    endloop
  endfacet
  facet normal 0 0 1
    outer loop
      vertex 140.143 88.5137 0.15
      vertex 138.657 88.5137 0.15
      vertex 140.094 88.4814 0.15
    endloop
  endfacet
  facet normal 0 -0 1
    outer loop
      vertex 139.659 98.916 0.15
      vertex 142.199 98.916 0.15
      vertex 131.5 106.45 0.15
    endloop
  endfacet
  facet normal 0 0 1
    outer loop
      vertex 142.004 98.8525 0.15
      vertex 139.659 98.916 0.15
      vertex 139.78 98.75 0.15
    endloop
  endfacet
  facet normal 0 0 1
    outer loop
      vertex 142.199 98.916 0.15
      vertex 139.659 98.916 0.15
      vertex 142.004 98.8525 0.15
    endloop
  endfacet
  facet normal -0 0 1
    outer loop
      vertex 137.24 98.75 0.15
      vertex 139.464 98.6475 0.15
      vertex 139.464 98.8525 0.15
    endloop
  endfacet
  facet normal 0 0 1
    outer loop
      vertex 140.05 88.375 0.15
      vertex 139.55 86.6504 0.15
      vertex 139.607 86.6387 0.15
    endloop
  endfacet
  facet normal 0 0 1
    outer loop
      vertex 139.55 86.6504 0.15
      vertex 138.75 87.2002 0.15
      vertex 139.25 86.6504 0.15
    endloop
  endfacet
  facet normal -0 0 1
    outer loop
      vertex 138.738 87.1426 0.15
      vertex 139.25 86.6504 0.15
      vertex 138.75 87.2002 0.15
    endloop
  endfacet
  facet normal 0 0 1
    outer loop
      vertex 139.25 86.6504 0.15
      vertex 138.738 87.1426 0.15
      vertex 139.192 86.6387 0.15
    endloop
  endfacet
  facet normal 0 0 1
    outer loop
      vertex 139.192 86.6387 0.15
      vertex 138.706 87.0938 0.15
      vertex 139.144 86.6064 0.15
    endloop
  endfacet
  facet normal -0 0 1
    outer loop
      vertex 138.706 87.0938 0.15
      vertex 139.192 86.6387 0.15
      vertex 138.738 87.1426 0.15
    endloop
  endfacet
  facet normal 0 0 1
    outer loop
      vertex 140.05 88.375 0.15
      vertex 138.75 87.2002 0.15
      vertex 139.55 86.6504 0.15
    endloop
  endfacet
  facet normal 0 0 1
    outer loop
      vertex 140.062 88.4326 0.15
      vertex 138.738 88.4326 0.15
      vertex 140.05 88.375 0.15
    endloop
  endfacet
  facet normal 0 -0 1
    outer loop
      vertex 138.738 88.4326 0.15
      vertex 140.062 88.4326 0.15
      vertex 138.706 88.4814 0.15
    endloop
  endfacet
  facet normal 0 0 1
    outer loop
      vertex 139.659 98.584 0.15
      vertex 138.6 88.5254 0.15
      vertex 138.657 88.5137 0.15
    endloop
  endfacet
  facet normal 0 -0 1
    outer loop
      vertex 138.3 88.5254 0.15
      vertex 139.659 98.584 0.15
      vertex 137.119 98.584 0.15
    endloop
  endfacet
  facet normal 0 0 1
    outer loop
      vertex 139.659 98.584 0.15
      vertex 138.3 88.5254 0.15
      vertex 138.6 88.5254 0.15
    endloop
  endfacet
  facet normal 0 0 1
    outer loop
      vertex 138.3 88.5254 0.15
      vertex 137.119 98.584 0.15
      vertex 138.242 88.5137 0.15
    endloop
  endfacet
  facet normal 0 0 1
    outer loop
      vertex 136.8 88.3252 0.15
      vertex 138.242 88.5137 0.15
      vertex 137.119 98.584 0.15
    endloop
  endfacet
  facet normal 0 0 1
    outer loop
      vertex 139.464 98.6475 0.15
      vertex 137.24 98.75 0.15
      vertex 137.119 98.584 0.15
    endloop
  endfacet
  facet normal -0 0 1
    outer loop
      vertex 136.8 88.3252 0.15
      vertex 138.15 87.2002 0.15
      vertex 138.15 88.375 0.15
    endloop
  endfacet
  facet normal 0 0 1
    outer loop
      vertex 138.194 87.0938 0.15
      vertex 136.789 87.0928 0.15
      vertex 136.756 87.0439 0.15
    endloop
  endfacet
  facet normal 0 0 1
    outer loop
      vertex 138.242 87.0615 0.15
      vertex 136.756 87.0439 0.15
      vertex 136.707 87.0117 0.15
    endloop
  endfacet
  facet normal 0 0 1
    outer loop
      vertex 138.069 82.3457 0.15
      vertex 135.75 81.5 0.15
      vertex 138.05 82.25 0.15
    endloop
  endfacet
  facet normal 0 0 1
    outer loop
      vertex 136.479 75.416 0.15
      vertex 138.05 80.25 0.15
      vertex 138.05 81.5498 0.15
    endloop
  endfacet
  facet normal 0 0 1
    outer loop
      vertex 138.15 87.2002 0.15
      vertex 136.8 88.3252 0.15
      vertex 136.8 87.1504 0.15
    endloop
  endfacet
  facet normal 0 0 1
    outer loop
      vertex 138.161 88.4326 0.15
      vertex 136.8 88.3252 0.15
      vertex 138.15 88.375 0.15
    endloop
  endfacet
  facet normal 0 0 1
    outer loop
      vertex 138.242 88.5137 0.15
      vertex 136.8 88.3252 0.15
      vertex 138.194 88.4814 0.15
    endloop
  endfacet
  facet normal 0 -0 1
    outer loop
      vertex 137.119 98.916 0.15
      vertex 139.659 98.916 0.15
      vertex 131.5 106.45 0.15
    endloop
  endfacet
  facet normal 0 0 1
    outer loop
      vertex 139.464 98.8525 0.15
      vertex 137.119 98.916 0.15
      vertex 137.24 98.75 0.15
    endloop
  endfacet
  facet normal 0 0 1
    outer loop
      vertex 139.659 98.916 0.15
      vertex 137.119 98.916 0.15
      vertex 139.464 98.8525 0.15
    endloop
  endfacet
  facet normal -0 0 1
    outer loop
      vertex 134.7 98.75 0.15
      vertex 136.924 98.6475 0.15
      vertex 136.924 98.8525 0.15
    endloop
  endfacet
  facet normal 0 0 1
    outer loop
      vertex 136.924 98.6475 0.15
      vertex 136.789 88.3828 0.15
      vertex 136.8 88.3252 0.15
    endloop
  endfacet
  facet normal 0 0 1
    outer loop
      vertex 136.924 98.6475 0.15
      vertex 136.756 88.4307 0.15
      vertex 136.789 88.3828 0.15
    endloop
  endfacet
  facet normal 0 0 1
    outer loop
      vertex 136.924 98.6475 0.15
      vertex 136.707 88.4639 0.15
      vertex 136.756 88.4307 0.15
    endloop
  endfacet
  facet normal 0 0 1
    outer loop
      vertex 136.924 98.6475 0.15
      vertex 136.65 88.4746 0.15
      vertex 136.707 88.4639 0.15
    endloop
  endfacet
  facet normal 0 0 1
    outer loop
      vertex 136.924 98.6475 0.15
      vertex 136.35 88.4746 0.15
      vertex 136.65 88.4746 0.15
    endloop
  endfacet
  facet normal 0 0 1
    outer loop
      vertex 134.579 98.584 0.15
      vertex 136.924 98.6475 0.15
      vertex 134.7 98.75 0.15
    endloop
  endfacet
  facet normal 0 0 1
    outer loop
      vertex 136.924 98.6475 0.15
      vertex 134.579 98.584 0.15
      vertex 136.35 88.4746 0.15
    endloop
  endfacet
  facet normal 0 0 1
    outer loop
      vertex 136.35 88.4746 0.15
      vertex 134.75 88.4746 0.15
      vertex 136.293 88.4639 0.15
    endloop
  endfacet
  facet normal 0 -0 1
    outer loop
      vertex 134.808 88.4639 0.15
      vertex 136.293 88.4639 0.15
      vertex 134.75 88.4746 0.15
    endloop
  endfacet
  facet normal -0 0 1
    outer loop
      vertex 134.9 88.3252 0.15
      vertex 136.2 87.1504 0.15
      vertex 136.2 88.3252 0.15
    endloop
  endfacet
  facet normal 0 0 1
    outer loop
      vertex 136.244 88.4307 0.15
      vertex 134.856 88.4307 0.15
      vertex 136.211 88.3828 0.15
    endloop
  endfacet
  facet normal 0 0 1
    outer loop
      vertex 136.2 87.1504 0.15
      vertex 135.839 86.5078 0.15
      vertex 135.85 86.4502 0.15
    endloop
  endfacet
  facet normal 0 0 1
    outer loop
      vertex 136.211 88.3828 0.15
      vertex 134.9 88.3252 0.15
      vertex 136.2 88.3252 0.15
    endloop
  endfacet
  facet normal 0 0 1
    outer loop
      vertex 136.2 87.1504 0.15
      vertex 135.806 86.5557 0.15
      vertex 135.839 86.5078 0.15
    endloop
  endfacet
  facet normal 0 0 1
    outer loop
      vertex 134.9 87.1504 0.15
      vertex 136.2 87.1504 0.15
      vertex 134.9 88.3252 0.15
    endloop
  endfacet
  facet normal 0 0 1
    outer loop
      vertex 136.2 87.1504 0.15
      vertex 135.758 86.5889 0.15
      vertex 135.806 86.5557 0.15
    endloop
  endfacet
  facet normal 0 0 1
    outer loop
      vertex 136.2 87.1504 0.15
      vertex 135.7 86.5996 0.15
      vertex 135.758 86.5889 0.15
    endloop
  endfacet
  facet normal 0 0 1
    outer loop
      vertex 136.2 87.1504 0.15
      vertex 134.9 87.1504 0.15
      vertex 135.4 86.5996 0.15
    endloop
  endfacet
  facet normal -0 0 1
    outer loop
      vertex 134.889 87.0928 0.15
      vertex 135.4 86.5996 0.15
      vertex 134.9 87.1504 0.15
    endloop
  endfacet
  facet normal 0 0 1
    outer loop
      vertex 135.4 86.5996 0.15
      vertex 134.889 87.0928 0.15
      vertex 135.343 86.5889 0.15
    endloop
  endfacet
  facet normal 0 0 1
    outer loop
      vertex 135.343 86.5889 0.15
      vertex 134.856 87.0439 0.15
      vertex 135.294 86.5557 0.15
    endloop
  endfacet
  facet normal -0 0 1
    outer loop
      vertex 134.856 87.0439 0.15
      vertex 135.343 86.5889 0.15
      vertex 134.889 87.0928 0.15
    endloop
  endfacet
  facet normal 0 0 1
    outer loop
      vertex 136.2 87.1504 0.15
      vertex 135.4 86.5996 0.15
      vertex 135.7 86.5996 0.15
    endloop
  endfacet
  facet normal 0 -0 1
    outer loop
      vertex 134.9 88.3252 0.15
      vertex 136.211 88.3828 0.15
      vertex 134.889 88.3828 0.15
    endloop
  endfacet
  facet normal 0 -0 1
    outer loop
      vertex 134.889 88.3828 0.15
      vertex 136.211 88.3828 0.15
      vertex 134.856 88.4307 0.15
    endloop
  endfacet
  facet normal 0 -0 1
    outer loop
      vertex 134.856 88.4307 0.15
      vertex 136.244 88.4307 0.15
      vertex 134.808 88.4639 0.15
    endloop
  endfacet
  facet normal 0 0 1
    outer loop
      vertex 136.293 88.4639 0.15
      vertex 134.808 88.4639 0.15
      vertex 136.244 88.4307 0.15
    endloop
  endfacet
  facet normal 0 -0 1
    outer loop
      vertex 134.579 98.916 0.15
      vertex 137.119 98.916 0.15
      vertex 131.5 106.45 0.15
    endloop
  endfacet
  facet normal 0 0 1
    outer loop
      vertex 136.924 98.8525 0.15
      vertex 134.579 98.916 0.15
      vertex 134.7 98.75 0.15
    endloop
  endfacet
  facet normal 0 0 1
    outer loop
      vertex 137.119 98.916 0.15
      vertex 134.579 98.916 0.15
      vertex 136.924 98.8525 0.15
    endloop
  endfacet
  facet normal 0 0 1
    outer loop
      vertex 131.5 106.45 0.15
      vertex 134.384 98.6475 0.15
      vertex 134.384 98.8525 0.15
    endloop
  endfacet
  facet normal 0 0 1
    outer loop
      vertex 134.384 98.6475 0.15
      vertex 134.312 88.3828 0.15
      vertex 134.344 88.4307 0.15
    endloop
  endfacet
  facet normal 0 0 1
    outer loop
      vertex 134.384 98.6475 0.15
      vertex 131.5 106.45 0.15
      vertex 134.312 88.3828 0.15
    endloop
  endfacet
  facet normal 0 0 1
    outer loop
      vertex 131.5 73.4502 0.15
      vertex 134.3 88.3252 0.15
      vertex 131.5 106.45 0.15
    endloop
  endfacet
  facet normal 0 0 1
    outer loop
      vertex 134.312 88.3828 0.15
      vertex 131.5 106.45 0.15
      vertex 134.3 88.3252 0.15
    endloop
  endfacet
  facet normal 0 0 1
    outer loop
      vertex 134.579 98.916 0.15
      vertex 131.5 106.45 0.15
      vertex 134.384 98.8525 0.15
    endloop
  endfacet
  facet normal 0 0 1
    outer loop
      vertex 153.2 91.75 0.15
      vertex 154.5 106.45 0.15
      vertex 153.2 93.0498 0.15
    endloop
  endfacet
  facet normal 0 0 1
    outer loop
      vertex 153.2 91.0498 0.15
      vertex 154.5 106.45 0.15
      vertex 153.2 91.75 0.15
    endloop
  endfacet
  facet normal 0 0 1
    outer loop
      vertex 154.5 106.45 0.15
      vertex 153.2 91.0498 0.15
      vertex 154.5 73.4502 0.15
    endloop
  endfacet
  facet normal -0 0 1
    outer loop
      vertex 153.181 90.9541 0.15
      vertex 154.5 73.4502 0.15
      vertex 153.2 91.0498 0.15
    endloop
  endfacet
  facet normal -0 0 1
    outer loop
      vertex 153.127 90.873 0.15
      vertex 154.5 73.4502 0.15
      vertex 153.181 90.9541 0.15
    endloop
  endfacet
  facet normal 0 0 1
    outer loop
      vertex 149.575 85.0254 0.15
      vertex 153.127 90.873 0.15
      vertex 153.046 90.8193 0.15
    endloop
  endfacet
  facet normal 0 0 1
    outer loop
      vertex 149.575 87.0996 0.15
      vertex 153.046 90.8193 0.15
      vertex 152.95 90.7998 0.15
    endloop
  endfacet
  facet normal 0 0 1
    outer loop
      vertex 149.575 87.7754 0.15
      vertex 152.95 90.7998 0.15
      vertex 152.05 90.7998 0.15
    endloop
  endfacet
  facet normal 0 0 1
    outer loop
      vertex 149.556 87.8711 0.15
      vertex 152.05 90.7998 0.15
      vertex 151.954 90.8193 0.15
    endloop
  endfacet
  facet normal 0 0 1
    outer loop
      vertex 149.556 87.8711 0.15
      vertex 151.954 90.8193 0.15
      vertex 151.873 90.873 0.15
    endloop
  endfacet
  facet normal 0 0 1
    outer loop
      vertex 149.577 90.873 0.15
      vertex 151.873 90.873 0.15
      vertex 151.819 90.9541 0.15
    endloop
  endfacet
  facet normal 0 0 1
    outer loop
      vertex 149.631 90.9541 0.15
      vertex 151.819 90.9541 0.15
      vertex 151.8 91.0498 0.15
    endloop
  endfacet
  facet normal 0 0 1
    outer loop
      vertex 149.65 93.0498 0.15
      vertex 151.8 93.75 0.15
      vertex 149.65 93.75 0.15
    endloop
  endfacet
  facet normal 0 0 1
    outer loop
      vertex 151.819 93.8457 0.15
      vertex 149.65 93.75 0.15
      vertex 151.8 93.75 0.15
    endloop
  endfacet
  facet normal 0 0 1
    outer loop
      vertex 151.819 91.8457 0.15
      vertex 149.65 91.75 0.15
      vertex 151.8 91.75 0.15
    endloop
  endfacet
  facet normal 0 0 1
    outer loop
      vertex 151.8 91.75 0.15
      vertex 149.65 91.75 0.15
      vertex 151.8 91.0498 0.15
    endloop
  endfacet
  facet normal 0 0 1
    outer loop
      vertex 149.65 91.0498 0.15
      vertex 151.8 91.0498 0.15
      vertex 149.65 91.75 0.15
    endloop
  endfacet
  facet normal 0 0 1
    outer loop
      vertex 149.631 90.9541 0.15
      vertex 151.8 91.0498 0.15
      vertex 149.65 91.0498 0.15
    endloop
  endfacet
  facet normal 0 0 1
    outer loop
      vertex 151.819 90.9541 0.15
      vertex 149.631 90.9541 0.15
      vertex 149.577 90.873 0.15
    endloop
  endfacet
  facet normal 0 0 1
    outer loop
      vertex 149.502 87.9521 0.15
      vertex 151.873 90.873 0.15
      vertex 149.577 90.873 0.15
    endloop
  endfacet
  facet normal 0 0 1
    outer loop
      vertex 152.95 90.7998 0.15
      vertex 149.575 87.7754 0.15
      vertex 149.575 87.0996 0.15
    endloop
  endfacet
  facet normal 0 0 1
    outer loop
      vertex 153.046 90.8193 0.15
      vertex 149.575 87.0996 0.15
      vertex 149.575 85.7002 0.15
    endloop
  endfacet
  facet normal 0 0 1
    outer loop
      vertex 153.046 90.8193 0.15
      vertex 149.575 85.7002 0.15
      vertex 149.575 85.0254 0.15
    endloop
  endfacet
  facet normal 0 0 1
    outer loop
      vertex 153.127 90.873 0.15
      vertex 149.575 85.0254 0.15
      vertex 149.55 82.25 0.15
    endloop
  endfacet
  facet normal 0 0 1
    outer loop
      vertex 149.55 82.25 0.15
      vertex 149.575 85.0254 0.15
      vertex 149.556 84.9297 0.15
    endloop
  endfacet
  facet normal 0 0 1
    outer loop
      vertex 153.127 90.873 0.15
      vertex 149.55 82.25 0.15
      vertex 154.5 73.4502 0.15
    endloop
  endfacet
  facet normal -0 0 1
    outer loop
      vertex 149.55 81.5498 0.15
      vertex 154.5 73.4502 0.15
      vertex 149.55 82.25 0.15
    endloop
  endfacet
  facet normal -0 0 1
    outer loop
      vertex 149.55 80.25 0.15
      vertex 154.5 73.4502 0.15
      vertex 149.55 81.5498 0.15
    endloop
  endfacet
  facet normal -0 0 1
    outer loop
      vertex 149.55 79.5498 0.15
      vertex 154.5 73.4502 0.15
      vertex 149.55 80.25 0.15
    endloop
  endfacet
  facet normal -0 0 1
    outer loop
      vertex 149.531 79.4541 0.15
      vertex 154.5 73.4502 0.15
      vertex 149.55 79.5498 0.15
    endloop
  endfacet
  facet normal -0 0 1
    outer loop
      vertex 149.477 79.373 0.15
      vertex 154.5 73.4502 0.15
      vertex 149.531 79.4541 0.15
    endloop
  endfacet
  facet normal 0 0 1
    outer loop
      vertex 149.179 75.416 0.15
      vertex 149.477 79.373 0.15
      vertex 149.396 79.3193 0.15
    endloop
  endfacet
  facet normal 0 0 1
    outer loop
      vertex 149.179 75.416 0.15
      vertex 149.396 79.3193 0.15
      vertex 149.3 79.2998 0.15
    endloop
  endfacet
  facet normal 0 0 1
    outer loop
      vertex 149.477 79.373 0.15
      vertex 149.3 75.25 0.15
      vertex 154.5 73.4502 0.15
    endloop
  endfacet
  facet normal -0 0 1
    outer loop
      vertex 149.179 75.084 0.15
      vertex 154.5 73.4502 0.15
      vertex 149.3 75.25 0.15
    endloop
  endfacet
  facet normal 0 0 1
    outer loop
      vertex 148.983 75.3525 0.15
      vertex 148.305 79.3193 0.15
      vertex 146.76 75.25 0.15
    endloop
  endfacet
  facet normal 0 0 1
    outer loop
      vertex 148.169 79.4541 0.15
      vertex 146.752 79.3984 0.15
      vertex 148.224 79.373 0.15
    endloop
  endfacet
  facet normal 0 0 1
    outer loop
      vertex 146.752 79.3984 0.15
      vertex 148.169 79.4541 0.15
      vertex 146.806 79.4795 0.15
    endloop
  endfacet
  facet normal -0 0 1
    outer loop
      vertex 146.806 79.4795 0.15
      vertex 148.169 79.4541 0.15
      vertex 148.15 79.5498 0.15
    endloop
  endfacet
  facet normal 0 0 1
    outer loop
      vertex 146.825 82.3252 0.15
      vertex 148.144 84.9297 0.15
      vertex 148.125 85.0254 0.15
    endloop
  endfacet
  facet normal 0 0 1
    outer loop
      vertex 148.269 93.8457 0.15
      vertex 144.739 98.584 0.15
      vertex 148.25 93.75 0.15
    endloop
  endfacet
  facet normal 0 0 1
    outer loop
      vertex 148.144 87.8711 0.15
      vertex 143.35 88.3623 0.15
      vertex 148.125 87.7754 0.15
    endloop
  endfacet
  facet normal 0 0 1
    outer loop
      vertex 148.125 85.7002 0.15
      vertex 146.825 82.3252 0.15
      vertex 148.125 85.0254 0.15
    endloop
  endfacet
  facet normal 0 0 1
    outer loop
      vertex 146.825 81.6504 0.15
      vertex 148.15 82.25 0.15
      vertex 146.825 82.3252 0.15
    endloop
  endfacet
  facet normal 0 0 1
    outer loop
      vertex 148.169 80.3457 0.15
      vertex 146.825 80.25 0.15
      vertex 148.15 80.25 0.15
    endloop
  endfacet
  facet normal 0 0 1
    outer loop
      vertex 146.825 79.5752 0.15
      vertex 148.15 80.25 0.15
      vertex 146.825 80.25 0.15
    endloop
  endfacet
  facet normal 0 0 1
    outer loop
      vertex 148.15 80.25 0.15
      vertex 146.825 79.5752 0.15
      vertex 148.15 79.5498 0.15
    endloop
  endfacet
  facet normal 0 0 1
    outer loop
      vertex 146.806 79.4795 0.15
      vertex 148.15 79.5498 0.15
      vertex 146.825 79.5752 0.15
    endloop
  endfacet
  facet normal 0 0 1
    outer loop
      vertex 146.671 79.3438 0.15
      vertex 148.224 79.373 0.15
      vertex 146.752 79.3984 0.15
    endloop
  endfacet
  facet normal 0 0 1
    outer loop
      vertex 148.983 75.3525 0.15
      vertex 146.76 75.25 0.15
      vertex 148.983 75.1475 0.15
    endloop
  endfacet
  facet normal 0 0 1
    outer loop
      vertex 146.639 75.084 0.15
      vertex 148.983 75.1475 0.15
      vertex 146.76 75.25 0.15
    endloop
  endfacet
  facet normal 0 0 1
    outer loop
      vertex 148.983 75.1475 0.15
      vertex 146.639 75.084 0.15
      vertex 149.179 75.084 0.15
    endloop
  endfacet
  facet normal 0 0 1
    outer loop
      vertex 149.179 75.084 0.15
      vertex 146.639 75.084 0.15
      vertex 154.5 73.4502 0.15
    endloop
  endfacet
  facet normal 0 0 1
    outer loop
      vertex 144.22 75.25 0.15
      vertex 145.625 79.3252 0.15
      vertex 145.529 79.3438 0.15
    endloop
  endfacet
  facet normal 0 0 1
    outer loop
      vertex 144.22 75.25 0.15
      vertex 145.529 79.3438 0.15
      vertex 145.448 79.3984 0.15
    endloop
  endfacet
  facet normal 0 0 1
    outer loop
      vertex 144.22 75.25 0.15
      vertex 145.448 79.3984 0.15
      vertex 145.394 79.4795 0.15
    endloop
  endfacet
  facet normal 0 0 1
    outer loop
      vertex 143.35 88.3623 0.15
      vertex 144.739 98.584 0.15
      vertex 144.543 98.6475 0.15
    endloop
  endfacet
  facet normal 0 0 1
    outer loop
      vertex 148.125 85.7002 0.15
      vertex 143.331 85.5664 0.15
      vertex 145.625 82.5752 0.15
    endloop
  endfacet
  facet normal 0 0 1
    outer loop
      vertex 145.375 80.25 0.15
      vertex 144.22 75.25 0.15
      vertex 145.375 79.5752 0.15
    endloop
  endfacet
  facet normal 0 0 1
    outer loop
      vertex 144.22 75.25 0.15
      vertex 145.394 79.4795 0.15
      vertex 145.375 79.5752 0.15
    endloop
  endfacet
  facet normal 0 0 1
    outer loop
      vertex 146.443 75.3525 0.15
      vertex 144.22 75.25 0.15
      vertex 146.443 75.1475 0.15
    endloop
  endfacet
  facet normal 0 0 1
    outer loop
      vertex 144.099 75.084 0.15
      vertex 146.443 75.1475 0.15
      vertex 144.22 75.25 0.15
    endloop
  endfacet
  facet normal 0 0 1
    outer loop
      vertex 146.443 75.1475 0.15
      vertex 144.099 75.084 0.15
      vertex 146.639 75.084 0.15
    endloop
  endfacet
  facet normal 0 0 1
    outer loop
      vertex 146.639 75.084 0.15
      vertex 144.099 75.084 0.15
      vertex 154.5 73.4502 0.15
    endloop
  endfacet
  facet normal 0 0 1
    outer loop
      vertex 145.529 82.5557 0.15
      vertex 143.276 85.4854 0.15
      vertex 145.448 82.502 0.15
    endloop
  endfacet
  facet normal 0 0 1
    outer loop
      vertex 145.394 80.3457 0.15
      vertex 143.2 80.2998 0.15
      vertex 145.375 80.25 0.15
    endloop
  endfacet
  facet normal 0 0 1
    outer loop
      vertex 145.375 80.25 0.15
      vertex 143.2 80.2998 0.15
      vertex 143.2 79.5996 0.15
    endloop
  endfacet
  facet normal 0 0 1
    outer loop
      vertex 145.448 82.502 0.15
      vertex 143.2 82.2998 0.15
      vertex 145.394 82.4209 0.15
    endloop
  endfacet
  facet normal 0 0 1
    outer loop
      vertex 145.394 82.4209 0.15
      vertex 143.2 82.2998 0.15
      vertex 145.375 82.3252 0.15
    endloop
  endfacet
  facet normal 0 0 1
    outer loop
      vertex 145.375 80.25 0.15
      vertex 143.2 79.5996 0.15
      vertex 143.181 79.5039 0.15
    endloop
  endfacet
  facet normal 0 0 1
    outer loop
      vertex 145.375 80.25 0.15
      vertex 144.099 75.416 0.15
      vertex 144.22 75.25 0.15
    endloop
  endfacet
  facet normal 0 0 1
    outer loop
      vertex 143.127 79.4229 0.15
      vertex 145.375 80.25 0.15
      vertex 143.181 79.5039 0.15
    endloop
  endfacet
  facet normal 0 0 1
    outer loop
      vertex 145.375 80.25 0.15
      vertex 143.127 79.4229 0.15
      vertex 144.099 75.416 0.15
    endloop
  endfacet
  facet normal -0 0 1
    outer loop
      vertex 143.046 79.3691 0.15
      vertex 144.099 75.416 0.15
      vertex 143.127 79.4229 0.15
    endloop
  endfacet
  facet normal -0 0 1
    outer loop
      vertex 142.95 79.3496 0.15
      vertex 144.099 75.416 0.15
      vertex 143.046 79.3691 0.15
    endloop
  endfacet
  facet normal 0 0 1
    outer loop
      vertex 144.099 75.416 0.15
      vertex 142.95 79.3496 0.15
      vertex 143.903 75.3525 0.15
    endloop
  endfacet
  facet normal 0 0 1
    outer loop
      vertex 141.68 75.25 0.15
      vertex 143.903 75.3525 0.15
      vertex 142.95 79.3496 0.15
    endloop
  endfacet
  facet normal 0 0 1
    outer loop
      vertex 141.68 75.25 0.15
      vertex 142.95 79.3496 0.15
      vertex 142.05 79.3496 0.15
    endloop
  endfacet
  facet normal 0 0 1
    outer loop
      vertex 141.68 75.25 0.15
      vertex 142.05 79.3496 0.15
      vertex 141.954 79.3691 0.15
    endloop
  endfacet
  facet normal 0 0 1
    outer loop
      vertex 141.68 75.25 0.15
      vertex 141.954 79.3691 0.15
      vertex 141.873 79.4229 0.15
    endloop
  endfacet
  facet normal 0 0 1
    outer loop
      vertex 141.68 75.25 0.15
      vertex 141.873 79.4229 0.15
      vertex 141.819 79.5039 0.15
    endloop
  endfacet
  facet normal 0 0 1
    outer loop
      vertex 141.68 75.25 0.15
      vertex 141.819 79.5039 0.15
      vertex 141.8 79.5996 0.15
    endloop
  endfacet
  facet normal 0 0 1
    outer loop
      vertex 143.903 75.3525 0.15
      vertex 141.68 75.25 0.15
      vertex 143.903 75.1475 0.15
    endloop
  endfacet
  facet normal 0 0 1
    outer loop
      vertex 141.559 75.084 0.15
      vertex 143.903 75.1475 0.15
      vertex 141.68 75.25 0.15
    endloop
  endfacet
  facet normal 0 0 1
    outer loop
      vertex 143.903 75.1475 0.15
      vertex 141.559 75.084 0.15
      vertex 144.099 75.084 0.15
    endloop
  endfacet
  facet normal 0 0 1
    outer loop
      vertex 144.099 75.084 0.15
      vertex 141.559 75.084 0.15
      vertex 154.5 73.4502 0.15
    endloop
  endfacet
  facet normal 0 0 1
    outer loop
      vertex 141.8 81.5996 0.15
      vertex 139.45 82.25 0.15
      vertex 139.45 81.5498 0.15
    endloop
  endfacet
  facet normal 0 0 1
    outer loop
      vertex 141.8 80.2998 0.15
      vertex 139.45 80.25 0.15
      vertex 141.8 79.5996 0.15
    endloop
  endfacet
  facet normal 0 0 1
    outer loop
      vertex 141.954 82.5312 0.15
      vertex 139.656 85.2188 0.15
      vertex 141.873 82.4766 0.15
    endloop
  endfacet
  facet normal 0 0 1
    outer loop
      vertex 141.95 85.6621 0.15
      vertex 140.558 87.0615 0.15
      vertex 139.7 85.3252 0.15
    endloop
  endfacet
  facet normal 0 0 1
    outer loop
      vertex 139.7 85.3252 0.15
      vertex 140.558 87.0615 0.15
      vertex 140.5 87.0498 0.15
    endloop
  endfacet
  facet normal 0 0 1
    outer loop
      vertex 139.7 86.5 0.15
      vertex 140.5 87.0498 0.15
      vertex 140.2 87.0498 0.15
    endloop
  endfacet
  facet normal 0 0 1
    outer loop
      vertex 139.688 86.5576 0.15
      vertex 140.2 87.0498 0.15
      vertex 140.143 87.0615 0.15
    endloop
  endfacet
  facet normal 0 0 1
    outer loop
      vertex 139.688 86.5576 0.15
      vertex 140.143 87.0615 0.15
      vertex 140.094 87.0938 0.15
    endloop
  endfacet
  facet normal 0 0 1
    outer loop
      vertex 139.688 86.5576 0.15
      vertex 140.094 87.0938 0.15
      vertex 140.062 87.1426 0.15
    endloop
  endfacet
  facet normal 0 0 1
    outer loop
      vertex 139.688 86.5576 0.15
      vertex 140.062 87.1426 0.15
      vertex 140.05 87.2002 0.15
    endloop
  endfacet
  facet normal 0 0 1
    outer loop
      vertex 139.688 86.5576 0.15
      vertex 140.05 87.2002 0.15
      vertex 140.05 88.375 0.15
    endloop
  endfacet
  facet normal 0 0 1
    outer loop
      vertex 140.5 87.0498 0.15
      vertex 139.7 86.5 0.15
      vertex 139.7 85.3252 0.15
    endloop
  endfacet
  facet normal -0 0 1
    outer loop
      vertex 139.607 85.1865 0.15
      vertex 141.873 82.4766 0.15
      vertex 139.656 85.2188 0.15
    endloop
  endfacet
  facet normal 0 0 1
    outer loop
      vertex 139.431 82.3457 0.15
      vertex 141.873 82.4766 0.15
      vertex 139.607 85.1865 0.15
    endloop
  endfacet
  facet normal 0 0 1
    outer loop
      vertex 139.431 82.3457 0.15
      vertex 141.819 82.3955 0.15
      vertex 141.873 82.4766 0.15
    endloop
  endfacet
  facet normal -0 0 1
    outer loop
      vertex 139.431 82.3457 0.15
      vertex 141.8 82.2998 0.15
      vertex 141.819 82.3955 0.15
    endloop
  endfacet
  facet normal 0 0 1
    outer loop
      vertex 139.296 82.4814 0.15
      vertex 139.607 85.1865 0.15
      vertex 139.55 85.1748 0.15
    endloop
  endfacet
  facet normal 0 0 1
    outer loop
      vertex 141.8 79.5996 0.15
      vertex 139.45 80.25 0.15
      vertex 139.45 79.5498 0.15
    endloop
  endfacet
  facet normal 0 0 1
    outer loop
      vertex 139.431 79.4541 0.15
      vertex 141.8 79.5996 0.15
      vertex 139.45 79.5498 0.15
    endloop
  endfacet
  facet normal 0 0 1
    outer loop
      vertex 139.377 79.373 0.15
      vertex 141.8 79.5996 0.15
      vertex 139.431 79.4541 0.15
    endloop
  endfacet
  facet normal 0 0 1
    outer loop
      vertex 141.8 79.5996 0.15
      vertex 139.377 79.373 0.15
      vertex 141.559 75.416 0.15
    endloop
  endfacet
  facet normal 0 0 1
    outer loop
      vertex 141.559 75.416 0.15
      vertex 139.377 79.373 0.15
      vertex 141.363 75.3525 0.15
    endloop
  endfacet
  facet normal -0 0 1
    outer loop
      vertex 139.296 79.3193 0.15
      vertex 141.363 75.3525 0.15
      vertex 139.377 79.373 0.15
    endloop
  endfacet
  facet normal -0 0 1
    outer loop
      vertex 139.02 75.416 0.15
      vertex 141.363 75.3525 0.15
      vertex 139.296 79.3193 0.15
    endloop
  endfacet
  facet normal 0 0 1
    outer loop
      vertex 139.02 75.416 0.15
      vertex 139.296 79.3193 0.15
      vertex 139.2 79.2998 0.15
    endloop
  endfacet
  facet normal 0 0 1
    outer loop
      vertex 141.363 75.3525 0.15
      vertex 139.14 75.25 0.15
      vertex 141.363 75.1475 0.15
    endloop
  endfacet
  facet normal 0 0 1
    outer loop
      vertex 139.02 75.084 0.15
      vertex 141.363 75.1475 0.15
      vertex 139.14 75.25 0.15
    endloop
  endfacet
  facet normal 0 0 1
    outer loop
      vertex 141.363 75.1475 0.15
      vertex 139.02 75.084 0.15
      vertex 141.559 75.084 0.15
    endloop
  endfacet
  facet normal 0 0 1
    outer loop
      vertex 131.5 73.4502 0.15
      vertex 141.559 75.084 0.15
      vertex 139.02 75.084 0.15
    endloop
  endfacet
  facet normal -0 0 1
    outer loop
      vertex 136.479 75.416 0.15
      vertex 138.823 75.3525 0.15
      vertex 138.204 79.3193 0.15
    endloop
  endfacet
  facet normal 0 0 1
    outer loop
      vertex 136.479 75.416 0.15
      vertex 138.204 79.3193 0.15
      vertex 138.123 79.373 0.15
    endloop
  endfacet
  facet normal 0 0 1
    outer loop
      vertex 136.479 75.416 0.15
      vertex 138.123 79.373 0.15
      vertex 138.069 79.4541 0.15
    endloop
  endfacet
  facet normal 0 0 1
    outer loop
      vertex 136.479 75.416 0.15
      vertex 138.069 79.4541 0.15
      vertex 138.05 79.5498 0.15
    endloop
  endfacet
  facet normal 0 0 1
    outer loop
      vertex 138.194 88.4814 0.15
      vertex 136.8 88.3252 0.15
      vertex 138.161 88.4326 0.15
    endloop
  endfacet
  facet normal 0 0 1
    outer loop
      vertex 136.8 88.3252 0.15
      vertex 137.119 98.584 0.15
      vertex 136.924 98.6475 0.15
    endloop
  endfacet
  facet normal 0 0 1
    outer loop
      vertex 138.161 87.1426 0.15
      vertex 136.8 87.1504 0.15
      vertex 136.789 87.0928 0.15
    endloop
  endfacet
  facet normal 0 0 1
    outer loop
      vertex 139.111 85.2676 0.15
      vertex 136.65 87 0.15
      vertex 138.123 82.4268 0.15
    endloop
  endfacet
  facet normal 0 0 1
    outer loop
      vertex 139.111 85.2676 0.15
      vertex 138.123 82.4268 0.15
      vertex 138.204 82.4814 0.15
    endloop
  endfacet
  facet normal 0 0 1
    outer loop
      vertex 135.75 81.5 0.15
      vertex 138.123 82.4268 0.15
      vertex 136.65 87 0.15
    endloop
  endfacet
  facet normal 0 0 1
    outer loop
      vertex 138.123 82.4268 0.15
      vertex 135.75 81.5 0.15
      vertex 138.069 82.3457 0.15
    endloop
  endfacet
  facet normal 0 0 1
    outer loop
      vertex 138.05 82.25 0.15
      vertex 135.75 81.5 0.15
      vertex 138.05 81.5498 0.15
    endloop
  endfacet
  facet normal 0 0 1
    outer loop
      vertex 136.479 75.416 0.15
      vertex 138.05 79.5498 0.15
      vertex 138.05 80.25 0.15
    endloop
  endfacet
  facet normal 0 0 1
    outer loop
      vertex 138.823 75.3525 0.15
      vertex 136.6 75.25 0.15
      vertex 138.823 75.1475 0.15
    endloop
  endfacet
  facet normal 0 0 1
    outer loop
      vertex 136.479 75.084 0.15
      vertex 138.823 75.1475 0.15
      vertex 136.6 75.25 0.15
    endloop
  endfacet
  facet normal 0 0 1
    outer loop
      vertex 138.823 75.1475 0.15
      vertex 136.479 75.084 0.15
      vertex 139.02 75.084 0.15
    endloop
  endfacet
  facet normal 0 0 1
    outer loop
      vertex 131.5 73.4502 0.15
      vertex 139.02 75.084 0.15
      vertex 136.479 75.084 0.15
    endloop
  endfacet
  facet normal 0 0 1
    outer loop
      vertex 135.85 86.4502 0.15
      vertex 136.244 87.0439 0.15
      vertex 136.211 87.0928 0.15
    endloop
  endfacet
  facet normal 0 0 1
    outer loop
      vertex 135.85 86.4502 0.15
      vertex 136.211 87.0928 0.15
      vertex 136.2 87.1504 0.15
    endloop
  endfacet
  facet normal 0 0 1
    outer loop
      vertex 136.244 87.0439 0.15
      vertex 135.85 86.4502 0.15
      vertex 135.85 85.2754 0.15
    endloop
  endfacet
  facet normal 0 0 1
    outer loop
      vertex 136.244 87.0439 0.15
      vertex 135.85 85.2754 0.15
      vertex 135.75 82.2002 0.15
    endloop
  endfacet
  facet normal 0 0 1
    outer loop
      vertex 135.75 82.2002 0.15
      vertex 135.85 85.2754 0.15
      vertex 135.839 85.2178 0.15
    endloop
  endfacet
  facet normal 0 0 1
    outer loop
      vertex 135.731 82.2959 0.15
      vertex 135.839 85.2178 0.15
      vertex 135.806 85.1689 0.15
    endloop
  endfacet
  facet normal 0 0 1
    outer loop
      vertex 135.677 82.377 0.15
      vertex 135.806 85.1689 0.15
      vertex 135.758 85.1367 0.15
    endloop
  endfacet
  facet normal 0 0 1
    outer loop
      vertex 136.244 87.0439 0.15
      vertex 135.75 82.2002 0.15
      vertex 135.75 81.5 0.15
    endloop
  endfacet
  facet normal 0 0 1
    outer loop
      vertex 135.731 79.4043 0.15
      vertex 138.05 81.5498 0.15
      vertex 135.75 79.5 0.15
    endloop
  endfacet
  facet normal 0 0 1
    outer loop
      vertex 138.05 81.5498 0.15
      vertex 135.731 79.4043 0.15
      vertex 136.479 75.416 0.15
    endloop
  endfacet
  facet normal -0 0 1
    outer loop
      vertex 135.677 79.3232 0.15
      vertex 136.479 75.416 0.15
      vertex 135.731 79.4043 0.15
    endloop
  endfacet
  facet normal -0 0 1
    outer loop
      vertex 135.596 79.2686 0.15
      vertex 136.479 75.416 0.15
      vertex 135.677 79.3232 0.15
    endloop
  endfacet
  facet normal -0 0 1
    outer loop
      vertex 135.5 79.25 0.15
      vertex 136.479 75.416 0.15
      vertex 135.596 79.2686 0.15
    endloop
  endfacet
  facet normal 0 0 1
    outer loop
      vertex 136.479 75.416 0.15
      vertex 135.5 79.25 0.15
      vertex 136.283 75.3525 0.15
    endloop
  endfacet
  facet normal -0 0 1
    outer loop
      vertex 134.6 79.25 0.15
      vertex 136.283 75.3525 0.15
      vertex 135.5 79.25 0.15
    endloop
  endfacet
  facet normal 0 0 1
    outer loop
      vertex 134.504 79.2686 0.15
      vertex 136.283 75.3525 0.15
      vertex 134.6 79.25 0.15
    endloop
  endfacet
  facet normal 0 0 1
    outer loop
      vertex 131.5 73.4502 0.15
      vertex 136.283 75.3525 0.15
      vertex 134.504 79.2686 0.15
    endloop
  endfacet
  facet normal 0 0 1
    outer loop
      vertex 131.5 73.4502 0.15
      vertex 134.504 79.2686 0.15
      vertex 134.423 79.3232 0.15
    endloop
  endfacet
  facet normal 0 0 1
    outer loop
      vertex 131.5 73.4502 0.15
      vertex 134.423 79.3232 0.15
      vertex 134.369 79.4043 0.15
    endloop
  endfacet
  facet normal 0 0 1
    outer loop
      vertex 134.3 87.1504 0.15
      vertex 134.35 82.2002 0.15
      vertex 134.312 87.0928 0.15
    endloop
  endfacet
  facet normal 0 0 1
    outer loop
      vertex 134.35 82.2002 0.15
      vertex 134.3 87.1504 0.15
      vertex 131.5 73.4502 0.15
    endloop
  endfacet
  facet normal 0 0 1
    outer loop
      vertex 134.3 88.3252 0.15
      vertex 131.5 73.4502 0.15
      vertex 134.3 87.1504 0.15
    endloop
  endfacet
  facet normal 0 0 1
    outer loop
      vertex 141.559 75.084 0.15
      vertex 131.5 73.4502 0.15
      vertex 154.5 73.4502 0.15
    endloop
  endfacet
  facet normal 0 0 1
    outer loop
      vertex 136.283 75.1475 0.15
      vertex 131.5 73.4502 0.15
      vertex 136.479 75.084 0.15
    endloop
  endfacet
  facet normal 0 0 1
    outer loop
      vertex 136.283 75.3525 0.15
      vertex 131.5 73.4502 0.15
      vertex 136.283 75.1475 0.15
    endloop
  endfacet
  facet normal 0 0 1
    outer loop
      vertex 134.35 79.5 0.15
      vertex 131.5 73.4502 0.15
      vertex 134.369 79.4043 0.15
    endloop
  endfacet
  facet normal 0 0 1
    outer loop
      vertex 134.35 80.2002 0.15
      vertex 131.5 73.4502 0.15
      vertex 134.35 79.5 0.15
    endloop
  endfacet
  facet normal 0 0 1
    outer loop
      vertex 153.046 93.9814 0.15
      vertex 152.359 98.584 0.15
      vertex 152.95 94 0.15
    endloop
  endfacet
  facet normal 0 0 1
    outer loop
      vertex 152.05 94 0.15
      vertex 152.359 98.584 0.15
      vertex 152.163 98.6475 0.15
    endloop
  endfacet
  facet normal 0 0 1
    outer loop
      vertex 152.359 98.584 0.15
      vertex 152.05 94 0.15
      vertex 152.95 94 0.15
    endloop
  endfacet
  facet normal 0 1 -0
    outer loop
      vertex 154.5 73.4502 0.15
      vertex 131.5 73.4502 0.65
      vertex 154.5 73.4502 0.65
    endloop
  endfacet
  facet normal 0 1 0
    outer loop
      vertex 131.5 73.4502 0.65
      vertex 154.5 73.4502 0.15
      vertex 131.5 73.4502 0.15
    endloop
  endfacet
  facet normal 1 -0 0
    outer loop
      vertex 131.5 73.4502 0.65
      vertex 131.5 106.45 0.15
      vertex 131.5 106.45 0.65
    endloop
  endfacet
  facet normal 1 0 0
    outer loop
      vertex 131.5 106.45 0.15
      vertex 131.5 73.4502 0.65
      vertex 131.5 73.4502 0.15
    endloop
  endfacet
  facet normal 0 -1 0
    outer loop
      vertex 131.5 106.45 0.15
      vertex 154.5 106.45 0.65
      vertex 131.5 106.45 0.65
    endloop
  endfacet
  facet normal 0 -1 -0
    outer loop
      vertex 154.5 106.45 0.65
      vertex 131.5 106.45 0.15
      vertex 154.5 106.45 0.15
    endloop
  endfacet
  facet normal -1 0 0
    outer loop
      vertex 154.5 73.4502 0.15
      vertex 154.5 106.45 0.65
      vertex 154.5 106.45 0.15
    endloop
  endfacet
  facet normal -1 -0 0
    outer loop
      vertex 154.5 106.45 0.65
      vertex 154.5 73.4502 0.15
      vertex 154.5 73.4502 0.65
    endloop
  endfacet
  facet normal -1 0 0
    outer loop
      vertex 136.283 75.1475 0.15
      vertex 136.283 75.3525 0.65
      vertex 136.283 75.3525 0.15
    endloop
  endfacet
  facet normal -1 -0 0
    outer loop
      vertex 136.283 75.3525 0.65
      vertex 136.283 75.1475 0.15
      vertex 136.283 75.1475 0.65
    endloop
  endfacet
  facet normal -0.308208 -0.951319 0
    outer loop
      vertex 136.283 75.1475 0.15
      vertex 136.479 75.084 0.65
      vertex 136.283 75.1475 0.65
    endloop
  endfacet
  facet normal -0.308208 -0.951319 -0
    outer loop
      vertex 136.479 75.084 0.65
      vertex 136.283 75.1475 0.15
      vertex 136.479 75.084 0.15
    endloop
  endfacet
  facet normal 0.808104 -0.58904 0
    outer loop
      vertex 136.479 75.084 0.65
      vertex 136.6 75.25 0.15
      vertex 136.6 75.25 0.65
    endloop
  endfacet
  facet normal 0.808104 -0.58904 0
    outer loop
      vertex 136.6 75.25 0.15
      vertex 136.479 75.084 0.65
      vertex 136.479 75.084 0.15
    endloop
  endfacet
  facet normal 0.808104 0.58904 0
    outer loop
      vertex 136.6 75.25 0.65
      vertex 136.479 75.416 0.15
      vertex 136.479 75.416 0.65
    endloop
  endfacet
  facet normal 0.808104 0.58904 0
    outer loop
      vertex 136.479 75.416 0.15
      vertex 136.6 75.25 0.65
      vertex 136.6 75.25 0.15
    endloop
  endfacet
  facet normal -0.308208 0.951319 0
    outer loop
      vertex 136.479 75.416 0.15
      vertex 136.283 75.3525 0.65
      vertex 136.479 75.416 0.65
    endloop
  endfacet
  facet normal -0.308208 0.951319 0
    outer loop
      vertex 136.283 75.3525 0.65
      vertex 136.479 75.416 0.15
      vertex 136.283 75.3525 0.15
    endloop
  endfacet
  facet normal -1 0 0
    outer loop
      vertex 138.823 75.1475 0.15
      vertex 138.823 75.3525 0.65
      vertex 138.823 75.3525 0.15
    endloop
  endfacet
  facet normal -1 -0 0
    outer loop
      vertex 138.823 75.3525 0.65
      vertex 138.823 75.1475 0.15
      vertex 138.823 75.1475 0.65
    endloop
  endfacet
  facet normal -0.306791 -0.951777 0
    outer loop
      vertex 138.823 75.1475 0.15
      vertex 139.02 75.084 0.65
      vertex 138.823 75.1475 0.65
    endloop
  endfacet
  facet normal -0.306791 -0.951777 -0
    outer loop
      vertex 139.02 75.084 0.65
      vertex 138.823 75.1475 0.15
      vertex 139.02 75.084 0.15
    endloop
  endfacet
  facet normal 0.810422 -0.585847 0
    outer loop
      vertex 139.02 75.084 0.65
      vertex 139.14 75.25 0.15
      vertex 139.14 75.25 0.65
    endloop
  endfacet
  facet normal 0.810422 -0.585847 0
    outer loop
      vertex 139.14 75.25 0.15
      vertex 139.02 75.084 0.65
      vertex 139.02 75.084 0.15
    endloop
  endfacet
  facet normal 0.810422 0.585847 0
    outer loop
      vertex 139.14 75.25 0.65
      vertex 139.02 75.416 0.15
      vertex 139.02 75.416 0.65
    endloop
  endfacet
  facet normal 0.810422 0.585847 0
    outer loop
      vertex 139.02 75.416 0.15
      vertex 139.14 75.25 0.65
      vertex 139.14 75.25 0.15
    endloop
  endfacet
  facet normal -0.306791 0.951777 0
    outer loop
      vertex 139.02 75.416 0.15
      vertex 138.823 75.3525 0.65
      vertex 139.02 75.416 0.65
    endloop
  endfacet
  facet normal -0.306791 0.951777 0
    outer loop
      vertex 138.823 75.3525 0.65
      vertex 139.02 75.416 0.15
      vertex 138.823 75.3525 0.15
    endloop
  endfacet
  facet normal -1 0 0
    outer loop
      vertex 141.363 75.1475 0.15
      vertex 141.363 75.3525 0.65
      vertex 141.363 75.3525 0.15
    endloop
  endfacet
  facet normal -1 -0 0
    outer loop
      vertex 141.363 75.3525 0.65
      vertex 141.363 75.1475 0.15
      vertex 141.363 75.1475 0.65
    endloop
  endfacet
  facet normal -0.308208 -0.951319 0
    outer loop
      vertex 141.363 75.1475 0.15
      vertex 141.559 75.084 0.65
      vertex 141.363 75.1475 0.65
    endloop
  endfacet
  facet normal -0.308208 -0.951319 -0
    outer loop
      vertex 141.559 75.084 0.65
      vertex 141.363 75.1475 0.15
      vertex 141.559 75.084 0.15
    endloop
  endfacet
  facet normal 0.808104 -0.58904 0
    outer loop
      vertex 141.559 75.084 0.65
      vertex 141.68 75.25 0.15
      vertex 141.68 75.25 0.65
    endloop
  endfacet
  facet normal 0.808104 -0.58904 0
    outer loop
      vertex 141.68 75.25 0.15
      vertex 141.559 75.084 0.65
      vertex 141.559 75.084 0.15
    endloop
  endfacet
  facet normal 0.808104 0.58904 0
    outer loop
      vertex 141.68 75.25 0.65
      vertex 141.559 75.416 0.15
      vertex 141.559 75.416 0.65
    endloop
  endfacet
  facet normal 0.808104 0.58904 0
    outer loop
      vertex 141.559 75.416 0.15
      vertex 141.68 75.25 0.65
      vertex 141.68 75.25 0.15
    endloop
  endfacet
  facet normal -0.308208 0.951319 0
    outer loop
      vertex 141.559 75.416 0.15
      vertex 141.363 75.3525 0.65
      vertex 141.559 75.416 0.65
    endloop
  endfacet
  facet normal -0.308208 0.951319 0
    outer loop
      vertex 141.363 75.3525 0.65
      vertex 141.559 75.416 0.15
      vertex 141.363 75.3525 0.15
    endloop
  endfacet
  facet normal -1 0 0
    outer loop
      vertex 143.903 75.1475 0.15
      vertex 143.903 75.3525 0.65
      vertex 143.903 75.3525 0.15
    endloop
  endfacet
  facet normal -1 -0 0
    outer loop
      vertex 143.903 75.3525 0.65
      vertex 143.903 75.1475 0.15
      vertex 143.903 75.1475 0.65
    endloop
  endfacet
  facet normal -0.308208 -0.951319 0
    outer loop
      vertex 143.903 75.1475 0.15
      vertex 144.099 75.084 0.65
      vertex 143.903 75.1475 0.65
    endloop
  endfacet
  facet normal -0.308208 -0.951319 -0
    outer loop
      vertex 144.099 75.084 0.65
      vertex 143.903 75.1475 0.15
      vertex 144.099 75.084 0.15
    endloop
  endfacet
  facet normal 0.808104 -0.58904 0
    outer loop
      vertex 144.099 75.084 0.65
      vertex 144.22 75.25 0.15
      vertex 144.22 75.25 0.65
    endloop
  endfacet
  facet normal 0.808104 -0.58904 0
    outer loop
      vertex 144.22 75.25 0.15
      vertex 144.099 75.084 0.65
      vertex 144.099 75.084 0.15
    endloop
  endfacet
  facet normal 0.808104 0.58904 0
    outer loop
      vertex 144.22 75.25 0.65
      vertex 144.099 75.416 0.15
      vertex 144.099 75.416 0.65
    endloop
  endfacet
  facet normal 0.808104 0.58904 0
    outer loop
      vertex 144.099 75.416 0.15
      vertex 144.22 75.25 0.65
      vertex 144.22 75.25 0.15
    endloop
  endfacet
  facet normal -0.308208 0.951319 0
    outer loop
      vertex 144.099 75.416 0.15
      vertex 143.903 75.3525 0.65
      vertex 144.099 75.416 0.65
    endloop
  endfacet
  facet normal -0.308208 0.951319 0
    outer loop
      vertex 143.903 75.3525 0.65
      vertex 144.099 75.416 0.15
      vertex 143.903 75.3525 0.15
    endloop
  endfacet
  facet normal -1 0 0
    outer loop
      vertex 146.443 75.1475 0.15
      vertex 146.443 75.3525 0.65
      vertex 146.443 75.3525 0.15
    endloop
  endfacet
  facet normal -1 -0 0
    outer loop
      vertex 146.443 75.3525 0.65
      vertex 146.443 75.1475 0.15
      vertex 146.443 75.1475 0.65
    endloop
  endfacet
  facet normal -0.308208 -0.951319 0
    outer loop
      vertex 146.443 75.1475 0.15
      vertex 146.639 75.084 0.65
      vertex 146.443 75.1475 0.65
    endloop
  endfacet
  facet normal -0.308208 -0.951319 -0
    outer loop
      vertex 146.639 75.084 0.65
      vertex 146.443 75.1475 0.15
      vertex 146.639 75.084 0.15
    endloop
  endfacet
  facet normal 0.808104 -0.58904 0
    outer loop
      vertex 146.639 75.084 0.65
      vertex 146.76 75.25 0.15
      vertex 146.76 75.25 0.65
    endloop
  endfacet
  facet normal 0.808104 -0.58904 0
    outer loop
      vertex 146.76 75.25 0.15
      vertex 146.639 75.084 0.65
      vertex 146.639 75.084 0.15
    endloop
  endfacet
  facet normal 0.808104 0.58904 0
    outer loop
      vertex 146.76 75.25 0.65
      vertex 146.639 75.416 0.15
      vertex 146.639 75.416 0.65
    endloop
  endfacet
  facet normal 0.808104 0.58904 0
    outer loop
      vertex 146.639 75.416 0.15
      vertex 146.76 75.25 0.65
      vertex 146.76 75.25 0.15
    endloop
  endfacet
  facet normal -0.308208 0.951319 0
    outer loop
      vertex 146.639 75.416 0.15
      vertex 146.443 75.3525 0.65
      vertex 146.639 75.416 0.65
    endloop
  endfacet
  facet normal -0.308208 0.951319 0
    outer loop
      vertex 146.443 75.3525 0.65
      vertex 146.639 75.416 0.15
      vertex 146.443 75.3525 0.15
    endloop
  endfacet
  facet normal -1 0 0
    outer loop
      vertex 148.983 75.1475 0.15
      vertex 148.983 75.3525 0.65
      vertex 148.983 75.3525 0.15
    endloop
  endfacet
  facet normal -1 -0 0
    outer loop
      vertex 148.983 75.3525 0.65
      vertex 148.983 75.1475 0.15
      vertex 148.983 75.1475 0.65
    endloop
  endfacet
  facet normal -0.308208 -0.951319 0
    outer loop
      vertex 148.983 75.1475 0.15
      vertex 149.179 75.084 0.65
      vertex 148.983 75.1475 0.65
    endloop
  endfacet
  facet normal -0.308208 -0.951319 -0
    outer loop
      vertex 149.179 75.084 0.65
      vertex 148.983 75.1475 0.15
      vertex 149.179 75.084 0.15
    endloop
  endfacet
  facet normal 0.808104 -0.58904 0
    outer loop
      vertex 149.179 75.084 0.65
      vertex 149.3 75.25 0.15
      vertex 149.3 75.25 0.65
    endloop
  endfacet
  facet normal 0.808104 -0.58904 0
    outer loop
      vertex 149.3 75.25 0.15
      vertex 149.179 75.084 0.65
      vertex 149.179 75.084 0.15
    endloop
  endfacet
  facet normal 0.808104 0.58904 0
    outer loop
      vertex 149.3 75.25 0.65
      vertex 149.179 75.416 0.15
      vertex 149.179 75.416 0.65
    endloop
  endfacet
  facet normal 0.808104 0.58904 0
    outer loop
      vertex 149.179 75.416 0.15
      vertex 149.3 75.25 0.65
      vertex 149.3 75.25 0.15
    endloop
  endfacet
  facet normal -0.308208 0.951319 0
    outer loop
      vertex 149.179 75.416 0.15
      vertex 148.983 75.3525 0.65
      vertex 149.179 75.416 0.65
    endloop
  endfacet
  facet normal -0.308208 0.951319 0
    outer loop
      vertex 148.983 75.3525 0.65
      vertex 149.179 75.416 0.15
      vertex 148.983 75.3525 0.15
    endloop
  endfacet
  facet normal -1 0 0
    outer loop
      vertex 134.384 98.6475 0.15
      vertex 134.384 98.8525 0.65
      vertex 134.384 98.8525 0.15
    endloop
  endfacet
  facet normal -1 -0 0
    outer loop
      vertex 134.384 98.8525 0.65
      vertex 134.384 98.6475 0.15
      vertex 134.384 98.6475 0.65
    endloop
  endfacet
  facet normal -0.309637 -0.950855 0
    outer loop
      vertex 134.384 98.6475 0.15
      vertex 134.579 98.584 0.65
      vertex 134.384 98.6475 0.65
    endloop
  endfacet
  facet normal -0.309637 -0.950855 -0
    outer loop
      vertex 134.579 98.584 0.65
      vertex 134.384 98.6475 0.15
      vertex 134.579 98.584 0.15
    endloop
  endfacet
  facet normal 0.808104 -0.58904 0
    outer loop
      vertex 134.579 98.584 0.65
      vertex 134.7 98.75 0.15
      vertex 134.7 98.75 0.65
    endloop
  endfacet
  facet normal 0.808104 -0.58904 0
    outer loop
      vertex 134.7 98.75 0.15
      vertex 134.579 98.584 0.65
      vertex 134.579 98.584 0.15
    endloop
  endfacet
  facet normal 0.808104 0.58904 0
    outer loop
      vertex 134.7 98.75 0.65
      vertex 134.579 98.916 0.15
      vertex 134.579 98.916 0.65
    endloop
  endfacet
  facet normal 0.808104 0.58904 0
    outer loop
      vertex 134.579 98.916 0.15
      vertex 134.7 98.75 0.65
      vertex 134.7 98.75 0.15
    endloop
  endfacet
  facet normal -0.309637 0.950855 0
    outer loop
      vertex 134.579 98.916 0.15
      vertex 134.384 98.8525 0.65
      vertex 134.579 98.916 0.65
    endloop
  endfacet
  facet normal -0.309637 0.950855 0
    outer loop
      vertex 134.384 98.8525 0.65
      vertex 134.579 98.916 0.15
      vertex 134.384 98.8525 0.15
    endloop
  endfacet
  facet normal -1 0 0
    outer loop
      vertex 136.924 98.6475 0.15
      vertex 136.924 98.8525 0.65
      vertex 136.924 98.8525 0.15
    endloop
  endfacet
  facet normal -1 -0 0
    outer loop
      vertex 136.924 98.8525 0.65
      vertex 136.924 98.6475 0.15
      vertex 136.924 98.6475 0.65
    endloop
  endfacet
  facet normal -0.309637 -0.950855 0
    outer loop
      vertex 136.924 98.6475 0.15
      vertex 137.119 98.584 0.65
      vertex 136.924 98.6475 0.65
    endloop
  endfacet
  facet normal -0.309637 -0.950855 -0
    outer loop
      vertex 137.119 98.584 0.65
      vertex 136.924 98.6475 0.15
      vertex 137.119 98.584 0.15
    endloop
  endfacet
  facet normal 0.808104 -0.58904 0
    outer loop
      vertex 137.119 98.584 0.65
      vertex 137.24 98.75 0.15
      vertex 137.24 98.75 0.65
    endloop
  endfacet
  facet normal 0.808104 -0.58904 0
    outer loop
      vertex 137.24 98.75 0.15
      vertex 137.119 98.584 0.65
      vertex 137.119 98.584 0.15
    endloop
  endfacet
  facet normal 0.808104 0.58904 0
    outer loop
      vertex 137.24 98.75 0.65
      vertex 137.119 98.916 0.15
      vertex 137.119 98.916 0.65
    endloop
  endfacet
  facet normal 0.808104 0.58904 0
    outer loop
      vertex 137.119 98.916 0.15
      vertex 137.24 98.75 0.65
      vertex 137.24 98.75 0.15
    endloop
  endfacet
  facet normal -0.309637 0.950855 0
    outer loop
      vertex 137.119 98.916 0.15
      vertex 136.924 98.8525 0.65
      vertex 137.119 98.916 0.65
    endloop
  endfacet
  facet normal -0.309637 0.950855 0
    outer loop
      vertex 136.924 98.8525 0.65
      vertex 137.119 98.916 0.15
      vertex 136.924 98.8525 0.15
    endloop
  endfacet
  facet normal -1 0 0
    outer loop
      vertex 139.464 98.6475 0.15
      vertex 139.464 98.8525 0.65
      vertex 139.464 98.8525 0.15
    endloop
  endfacet
  facet normal -1 -0 0
    outer loop
      vertex 139.464 98.8525 0.65
      vertex 139.464 98.6475 0.15
      vertex 139.464 98.6475 0.65
    endloop
  endfacet
  facet normal -0.309637 -0.950855 0
    outer loop
      vertex 139.464 98.6475 0.15
      vertex 139.659 98.584 0.65
      vertex 139.464 98.6475 0.65
    endloop
  endfacet
  facet normal -0.309637 -0.950855 -0
    outer loop
      vertex 139.659 98.584 0.65
      vertex 139.464 98.6475 0.15
      vertex 139.659 98.584 0.15
    endloop
  endfacet
  facet normal 0.808104 -0.58904 0
    outer loop
      vertex 139.659 98.584 0.65
      vertex 139.78 98.75 0.15
      vertex 139.78 98.75 0.65
    endloop
  endfacet
  facet normal 0.808104 -0.58904 0
    outer loop
      vertex 139.78 98.75 0.15
      vertex 139.659 98.584 0.65
      vertex 139.659 98.584 0.15
    endloop
  endfacet
  facet normal 0.808104 0.58904 0
    outer loop
      vertex 139.78 98.75 0.65
      vertex 139.659 98.916 0.15
      vertex 139.659 98.916 0.65
    endloop
  endfacet
  facet normal 0.808104 0.58904 0
    outer loop
      vertex 139.659 98.916 0.15
      vertex 139.78 98.75 0.65
      vertex 139.78 98.75 0.15
    endloop
  endfacet
  facet normal -0.309637 0.950855 0
    outer loop
      vertex 139.659 98.916 0.15
      vertex 139.464 98.8525 0.65
      vertex 139.659 98.916 0.65
    endloop
  endfacet
  facet normal -0.309637 0.950855 0
    outer loop
      vertex 139.464 98.8525 0.65
      vertex 139.659 98.916 0.15
      vertex 139.464 98.8525 0.15
    endloop
  endfacet
  facet normal -1 0 0
    outer loop
      vertex 142.004 98.6475 0.15
      vertex 142.004 98.8525 0.65
      vertex 142.004 98.8525 0.15
    endloop
  endfacet
  facet normal -1 -0 0
    outer loop
      vertex 142.004 98.8525 0.65
      vertex 142.004 98.6475 0.15
      vertex 142.004 98.6475 0.65
    endloop
  endfacet
  facet normal -0.309637 -0.950855 0
    outer loop
      vertex 142.004 98.6475 0.15
      vertex 142.199 98.584 0.65
      vertex 142.004 98.6475 0.65
    endloop
  endfacet
  facet normal -0.309637 -0.950855 -0
    outer loop
      vertex 142.199 98.584 0.65
      vertex 142.004 98.6475 0.15
      vertex 142.199 98.584 0.15
    endloop
  endfacet
  facet normal 0.808104 -0.58904 0
    outer loop
      vertex 142.199 98.584 0.65
      vertex 142.32 98.75 0.15
      vertex 142.32 98.75 0.65
    endloop
  endfacet
  facet normal 0.808104 -0.58904 0
    outer loop
      vertex 142.32 98.75 0.15
      vertex 142.199 98.584 0.65
      vertex 142.199 98.584 0.15
    endloop
  endfacet
  facet normal 0.808104 0.58904 0
    outer loop
      vertex 142.32 98.75 0.65
      vertex 142.199 98.916 0.15
      vertex 142.199 98.916 0.65
    endloop
  endfacet
  facet normal 0.808104 0.58904 0
    outer loop
      vertex 142.199 98.916 0.15
      vertex 142.32 98.75 0.65
      vertex 142.32 98.75 0.15
    endloop
  endfacet
  facet normal -0.309637 0.950855 0
    outer loop
      vertex 142.199 98.916 0.15
      vertex 142.004 98.8525 0.65
      vertex 142.199 98.916 0.65
    endloop
  endfacet
  facet normal -0.309637 0.950855 0
    outer loop
      vertex 142.004 98.8525 0.65
      vertex 142.199 98.916 0.15
      vertex 142.004 98.8525 0.15
    endloop
  endfacet
  facet normal -1 0 0
    outer loop
      vertex 144.543 98.6475 0.15
      vertex 144.543 98.8525 0.65
      vertex 144.543 98.8525 0.15
    endloop
  endfacet
  facet normal -1 -0 0
    outer loop
      vertex 144.543 98.8525 0.65
      vertex 144.543 98.6475 0.15
      vertex 144.543 98.6475 0.65
    endloop
  endfacet
  facet normal -0.308208 -0.951319 0
    outer loop
      vertex 144.543 98.6475 0.15
      vertex 144.739 98.584 0.65
      vertex 144.543 98.6475 0.65
    endloop
  endfacet
  facet normal -0.308208 -0.951319 -0
    outer loop
      vertex 144.739 98.584 0.65
      vertex 144.543 98.6475 0.15
      vertex 144.739 98.584 0.15
    endloop
  endfacet
  facet normal 0.808104 -0.58904 0
    outer loop
      vertex 144.739 98.584 0.65
      vertex 144.86 98.75 0.15
      vertex 144.86 98.75 0.65
    endloop
  endfacet
  facet normal 0.808104 -0.58904 0
    outer loop
      vertex 144.86 98.75 0.15
      vertex 144.739 98.584 0.65
      vertex 144.739 98.584 0.15
    endloop
  endfacet
  facet normal 0.808104 0.58904 0
    outer loop
      vertex 144.86 98.75 0.65
      vertex 144.739 98.916 0.15
      vertex 144.739 98.916 0.65
    endloop
  endfacet
  facet normal 0.808104 0.58904 0
    outer loop
      vertex 144.739 98.916 0.15
      vertex 144.86 98.75 0.65
      vertex 144.86 98.75 0.15
    endloop
  endfacet
  facet normal -0.308208 0.951319 0
    outer loop
      vertex 144.739 98.916 0.15
      vertex 144.543 98.8525 0.65
      vertex 144.739 98.916 0.65
    endloop
  endfacet
  facet normal -0.308208 0.951319 0
    outer loop
      vertex 144.543 98.8525 0.65
      vertex 144.739 98.916 0.15
      vertex 144.543 98.8525 0.15
    endloop
  endfacet
  facet normal -1 0 0
    outer loop
      vertex 147.083 98.6475 0.15
      vertex 147.083 98.8525 0.65
      vertex 147.083 98.8525 0.15
    endloop
  endfacet
  facet normal -1 -0 0
    outer loop
      vertex 147.083 98.8525 0.65
      vertex 147.083 98.6475 0.15
      vertex 147.083 98.6475 0.65
    endloop
  endfacet
  facet normal -0.308208 -0.951319 0
    outer loop
      vertex 147.083 98.6475 0.15
      vertex 147.279 98.584 0.65
      vertex 147.083 98.6475 0.65
    endloop
  endfacet
  facet normal -0.308208 -0.951319 -0
    outer loop
      vertex 147.279 98.584 0.65
      vertex 147.083 98.6475 0.15
      vertex 147.279 98.584 0.15
    endloop
  endfacet
  facet normal 0.808104 -0.58904 0
    outer loop
      vertex 147.279 98.584 0.65
      vertex 147.4 98.75 0.15
      vertex 147.4 98.75 0.65
    endloop
  endfacet
  facet normal 0.808104 -0.58904 0
    outer loop
      vertex 147.4 98.75 0.15
      vertex 147.279 98.584 0.65
      vertex 147.279 98.584 0.15
    endloop
  endfacet
  facet normal 0.808104 0.58904 0
    outer loop
      vertex 147.4 98.75 0.65
      vertex 147.279 98.916 0.15
      vertex 147.279 98.916 0.65
    endloop
  endfacet
  facet normal 0.808104 0.58904 0
    outer loop
      vertex 147.279 98.916 0.15
      vertex 147.4 98.75 0.65
      vertex 147.4 98.75 0.15
    endloop
  endfacet
  facet normal -0.308208 0.951319 0
    outer loop
      vertex 147.279 98.916 0.15
      vertex 147.083 98.8525 0.65
      vertex 147.279 98.916 0.65
    endloop
  endfacet
  facet normal -0.308208 0.951319 0
    outer loop
      vertex 147.083 98.8525 0.65
      vertex 147.279 98.916 0.15
      vertex 147.083 98.8525 0.15
    endloop
  endfacet
  facet normal -1 0 0
    outer loop
      vertex 149.623 98.6475 0.15
      vertex 149.623 98.8525 0.65
      vertex 149.623 98.8525 0.15
    endloop
  endfacet
  facet normal -1 -0 0
    outer loop
      vertex 149.623 98.8525 0.65
      vertex 149.623 98.6475 0.15
      vertex 149.623 98.6475 0.65
    endloop
  endfacet
  facet normal -0.308208 -0.951319 0
    outer loop
      vertex 149.623 98.6475 0.15
      vertex 149.819 98.584 0.65
      vertex 149.623 98.6475 0.65
    endloop
  endfacet
  facet normal -0.308208 -0.951319 -0
    outer loop
      vertex 149.819 98.584 0.65
      vertex 149.623 98.6475 0.15
      vertex 149.819 98.584 0.15
    endloop
  endfacet
  facet normal 0.808104 -0.58904 0
    outer loop
      vertex 149.819 98.584 0.65
      vertex 149.94 98.75 0.15
      vertex 149.94 98.75 0.65
    endloop
  endfacet
  facet normal 0.808104 -0.58904 0
    outer loop
      vertex 149.94 98.75 0.15
      vertex 149.819 98.584 0.65
      vertex 149.819 98.584 0.15
    endloop
  endfacet
  facet normal 0.808104 0.58904 0
    outer loop
      vertex 149.94 98.75 0.65
      vertex 149.819 98.916 0.15
      vertex 149.819 98.916 0.65
    endloop
  endfacet
  facet normal 0.808104 0.58904 0
    outer loop
      vertex 149.819 98.916 0.15
      vertex 149.94 98.75 0.65
      vertex 149.94 98.75 0.15
    endloop
  endfacet
  facet normal -0.308208 0.951319 0
    outer loop
      vertex 149.819 98.916 0.15
      vertex 149.623 98.8525 0.65
      vertex 149.819 98.916 0.65
    endloop
  endfacet
  facet normal -0.308208 0.951319 0
    outer loop
      vertex 149.623 98.8525 0.65
      vertex 149.819 98.916 0.15
      vertex 149.623 98.8525 0.15
    endloop
  endfacet
  facet normal -1 0 0
    outer loop
      vertex 152.163 98.6475 0.15
      vertex 152.163 98.8525 0.65
      vertex 152.163 98.8525 0.15
    endloop
  endfacet
  facet normal -1 -0 0
    outer loop
      vertex 152.163 98.8525 0.65
      vertex 152.163 98.6475 0.15
      vertex 152.163 98.6475 0.65
    endloop
  endfacet
  facet normal -0.308208 -0.951319 0
    outer loop
      vertex 152.163 98.6475 0.15
      vertex 152.359 98.584 0.65
      vertex 152.163 98.6475 0.65
    endloop
  endfacet
  facet normal -0.308208 -0.951319 -0
    outer loop
      vertex 152.359 98.584 0.65
      vertex 152.163 98.6475 0.15
      vertex 152.359 98.584 0.15
    endloop
  endfacet
  facet normal 0.808104 -0.58904 0
    outer loop
      vertex 152.359 98.584 0.65
      vertex 152.48 98.75 0.15
      vertex 152.48 98.75 0.65
    endloop
  endfacet
  facet normal 0.808104 -0.58904 0
    outer loop
      vertex 152.48 98.75 0.15
      vertex 152.359 98.584 0.65
      vertex 152.359 98.584 0.15
    endloop
  endfacet
  facet normal 0.808104 0.58904 0
    outer loop
      vertex 152.48 98.75 0.65
      vertex 152.359 98.916 0.15
      vertex 152.359 98.916 0.65
    endloop
  endfacet
  facet normal 0.808104 0.58904 0
    outer loop
      vertex 152.359 98.916 0.15
      vertex 152.48 98.75 0.65
      vertex 152.48 98.75 0.15
    endloop
  endfacet
  facet normal -0.308208 0.951319 0
    outer loop
      vertex 152.359 98.916 0.15
      vertex 152.163 98.8525 0.65
      vertex 152.359 98.916 0.65
    endloop
  endfacet
  facet normal -0.308208 0.951319 0
    outer loop
      vertex 152.163 98.8525 0.65
      vertex 152.359 98.916 0.15
      vertex 152.163 98.8525 0.15
    endloop
  endfacet
  facet normal -0.552561 -0.833472 0
    outer loop
      vertex 135.596 80.4307 0
      vertex 135.677 80.377 0.15
      vertex 135.596 80.4307 0.15
    endloop
  endfacet
  facet normal -0.552561 -0.833472 -0
    outer loop
      vertex 135.677 80.377 0.15
      vertex 135.596 80.4307 0
      vertex 135.677 80.377 0
    endloop
  endfacet
  facet normal -0.832366 -0.554226 0
    outer loop
      vertex 135.731 80.2959 0
      vertex 135.677 80.377 0.15
      vertex 135.677 80.377 0
    endloop
  endfacet
  facet normal -0.832366 -0.554226 0
    outer loop
      vertex 135.677 80.377 0.15
      vertex 135.731 80.2959 0
      vertex 135.731 80.2959 0.15
    endloop
  endfacet
  facet normal -0.980856 -0.194736 0
    outer loop
      vertex 135.75 80.2002 0
      vertex 135.731 80.2959 0.15
      vertex 135.731 80.2959 0
    endloop
  endfacet
  facet normal -0.980856 -0.194736 0
    outer loop
      vertex 135.731 80.2959 0.15
      vertex 135.75 80.2002 0
      vertex 135.75 80.2002 0.15
    endloop
  endfacet
  facet normal -1 0 0
    outer loop
      vertex 135.75 79.5 0
      vertex 135.75 80.2002 0.15
      vertex 135.75 80.2002 0
    endloop
  endfacet
  facet normal -1 -0 0
    outer loop
      vertex 135.75 80.2002 0.15
      vertex 135.75 79.5 0
      vertex 135.75 79.5 0.15
    endloop
  endfacet
  facet normal -0.980856 0.194736 0
    outer loop
      vertex 135.731 79.4043 0
      vertex 135.75 79.5 0.15
      vertex 135.75 79.5 0
    endloop
  endfacet
  facet normal -0.980856 0.194736 0
    outer loop
      vertex 135.75 79.5 0.15
      vertex 135.731 79.4043 0
      vertex 135.731 79.4043 0.15
    endloop
  endfacet
  facet normal -0.832366 0.554226 0
    outer loop
      vertex 135.677 79.3232 0
      vertex 135.731 79.4043 0.15
      vertex 135.731 79.4043 0
    endloop
  endfacet
  facet normal -0.832366 0.554226 0
    outer loop
      vertex 135.731 79.4043 0.15
      vertex 135.677 79.3232 0
      vertex 135.677 79.3232 0.15
    endloop
  endfacet
  facet normal -0.558945 0.829205 0
    outer loop
      vertex 135.677 79.3232 0
      vertex 135.596 79.2686 0.15
      vertex 135.677 79.3232 0.15
    endloop
  endfacet
  facet normal -0.558945 0.829205 0
    outer loop
      vertex 135.596 79.2686 0.15
      vertex 135.677 79.3232 0
      vertex 135.596 79.2686 0
    endloop
  endfacet
  facet normal -0.190213 0.981743 0
    outer loop
      vertex 135.596 79.2686 0
      vertex 135.5 79.25 0.15
      vertex 135.596 79.2686 0.15
    endloop
  endfacet
  facet normal -0.190213 0.981743 0
    outer loop
      vertex 135.5 79.25 0.15
      vertex 135.596 79.2686 0
      vertex 135.5 79.25 0
    endloop
  endfacet
  facet normal 0 1 -0
    outer loop
      vertex 135.5 79.25 0
      vertex 134.6 79.25 0.15
      vertex 135.5 79.25 0.15
    endloop
  endfacet
  facet normal 0 1 0
    outer loop
      vertex 134.6 79.25 0.15
      vertex 135.5 79.25 0
      vertex 134.6 79.25 0
    endloop
  endfacet
  facet normal 0.190213 0.981743 -0
    outer loop
      vertex 134.6 79.25 0
      vertex 134.504 79.2686 0.15
      vertex 134.6 79.25 0.15
    endloop
  endfacet
  facet normal 0.190213 0.981743 0
    outer loop
      vertex 134.504 79.2686 0.15
      vertex 134.6 79.25 0
      vertex 134.504 79.2686 0
    endloop
  endfacet
  facet normal 0.558945 0.829205 -0
    outer loop
      vertex 134.504 79.2686 0
      vertex 134.423 79.3232 0.15
      vertex 134.504 79.2686 0.15
    endloop
  endfacet
  facet normal 0.558945 0.829205 0
    outer loop
      vertex 134.423 79.3232 0.15
      vertex 134.504 79.2686 0
      vertex 134.423 79.3232 0
    endloop
  endfacet
  facet normal 0.832366 0.554226 0
    outer loop
      vertex 134.423 79.3232 0.15
      vertex 134.369 79.4043 0
      vertex 134.369 79.4043 0.15
    endloop
  endfacet
  facet normal 0.832366 0.554226 0
    outer loop
      vertex 134.369 79.4043 0
      vertex 134.423 79.3232 0.15
      vertex 134.423 79.3232 0
    endloop
  endfacet
  facet normal 0.980856 0.194736 0
    outer loop
      vertex 134.369 79.4043 0.15
      vertex 134.35 79.5 0
      vertex 134.35 79.5 0.15
    endloop
  endfacet
  facet normal 0.980856 0.194736 0
    outer loop
      vertex 134.35 79.5 0
      vertex 134.369 79.4043 0.15
      vertex 134.369 79.4043 0
    endloop
  endfacet
  facet normal 1 -0 0
    outer loop
      vertex 134.35 79.5 0.15
      vertex 134.35 80.2002 0
      vertex 134.35 80.2002 0.15
    endloop
  endfacet
  facet normal 1 0 0
    outer loop
      vertex 134.35 80.2002 0
      vertex 134.35 79.5 0.15
      vertex 134.35 79.5 0
    endloop
  endfacet
  facet normal 0.980856 -0.194736 0
    outer loop
      vertex 134.35 80.2002 0.15
      vertex 134.369 80.2959 0
      vertex 134.369 80.2959 0.15
    endloop
  endfacet
  facet normal 0.980856 -0.194736 0
    outer loop
      vertex 134.369 80.2959 0
      vertex 134.35 80.2002 0.15
      vertex 134.35 80.2002 0
    endloop
  endfacet
  facet normal 0.832366 -0.554226 0
    outer loop
      vertex 134.369 80.2959 0.15
      vertex 134.423 80.377 0
      vertex 134.423 80.377 0.15
    endloop
  endfacet
  facet normal 0.832366 -0.554226 0
    outer loop
      vertex 134.423 80.377 0
      vertex 134.369 80.2959 0.15
      vertex 134.369 80.2959 0
    endloop
  endfacet
  facet normal 0.552561 -0.833472 0
    outer loop
      vertex 134.423 80.377 0
      vertex 134.504 80.4307 0.15
      vertex 134.423 80.377 0.15
    endloop
  endfacet
  facet normal 0.552561 -0.833472 0
    outer loop
      vertex 134.504 80.4307 0.15
      vertex 134.423 80.377 0
      vertex 134.504 80.4307 0
    endloop
  endfacet
  facet normal 0.19906 -0.979987 0
    outer loop
      vertex 134.504 80.4307 0
      vertex 134.6 80.4502 0.15
      vertex 134.504 80.4307 0.15
    endloop
  endfacet
  facet normal 0.19906 -0.979987 0
    outer loop
      vertex 134.6 80.4502 0.15
      vertex 134.504 80.4307 0
      vertex 134.6 80.4502 0
    endloop
  endfacet
  facet normal 0 -1 0
    outer loop
      vertex 134.6 80.4502 0
      vertex 135.5 80.4502 0.15
      vertex 134.6 80.4502 0.15
    endloop
  endfacet
  facet normal 0 -1 -0
    outer loop
      vertex 135.5 80.4502 0.15
      vertex 134.6 80.4502 0
      vertex 135.5 80.4502 0
    endloop
  endfacet
  facet normal -0.19906 -0.979987 0
    outer loop
      vertex 135.5 80.4502 0
      vertex 135.596 80.4307 0.15
      vertex 135.5 80.4502 0.15
    endloop
  endfacet
  facet normal -0.19906 -0.979987 -0
    outer loop
      vertex 135.596 80.4307 0.15
      vertex 135.5 80.4502 0
      vertex 135.596 80.4307 0
    endloop
  endfacet
  facet normal -0.558945 -0.829205 0
    outer loop
      vertex 149.396 80.4814 0
      vertex 149.477 80.4268 0.15
      vertex 149.396 80.4814 0.15
    endloop
  endfacet
  facet normal -0.558945 -0.829205 -0
    outer loop
      vertex 149.477 80.4268 0.15
      vertex 149.396 80.4814 0
      vertex 149.477 80.4268 0
    endloop
  endfacet
  facet normal -0.832366 -0.554226 0
    outer loop
      vertex 149.531 80.3457 0
      vertex 149.477 80.4268 0.15
      vertex 149.477 80.4268 0
    endloop
  endfacet
  facet normal -0.832366 -0.554226 0
    outer loop
      vertex 149.477 80.4268 0.15
      vertex 149.531 80.3457 0
      vertex 149.531 80.3457 0.15
    endloop
  endfacet
  facet normal -0.980856 -0.194736 0
    outer loop
      vertex 149.55 80.25 0
      vertex 149.531 80.3457 0.15
      vertex 149.531 80.3457 0
    endloop
  endfacet
  facet normal -0.980856 -0.194736 0
    outer loop
      vertex 149.531 80.3457 0.15
      vertex 149.55 80.25 0
      vertex 149.55 80.25 0.15
    endloop
  endfacet
  facet normal -1 0 0
    outer loop
      vertex 149.55 79.5498 0
      vertex 149.55 80.25 0.15
      vertex 149.55 80.25 0
    endloop
  endfacet
  facet normal -1 -0 0
    outer loop
      vertex 149.55 80.25 0.15
      vertex 149.55 79.5498 0
      vertex 149.55 79.5498 0.15
    endloop
  endfacet
  facet normal -0.980856 0.194736 0
    outer loop
      vertex 149.531 79.4541 0
      vertex 149.55 79.5498 0.15
      vertex 149.55 79.5498 0
    endloop
  endfacet
  facet normal -0.980856 0.194736 0
    outer loop
      vertex 149.55 79.5498 0.15
      vertex 149.531 79.4541 0
      vertex 149.531 79.4541 0.15
    endloop
  endfacet
  facet normal -0.832366 0.554226 0
    outer loop
      vertex 149.477 79.373 0
      vertex 149.531 79.4541 0.15
      vertex 149.531 79.4541 0
    endloop
  endfacet
  facet normal -0.832366 0.554226 0
    outer loop
      vertex 149.531 79.4541 0.15
      vertex 149.477 79.373 0
      vertex 149.477 79.373 0.15
    endloop
  endfacet
  facet normal -0.552561 0.833472 0
    outer loop
      vertex 149.477 79.373 0
      vertex 149.396 79.3193 0.15
      vertex 149.477 79.373 0.15
    endloop
  endfacet
  facet normal -0.552561 0.833472 0
    outer loop
      vertex 149.396 79.3193 0.15
      vertex 149.477 79.373 0
      vertex 149.396 79.3193 0
    endloop
  endfacet
  facet normal -0.19906 0.979987 0
    outer loop
      vertex 149.396 79.3193 0
      vertex 149.3 79.2998 0.15
      vertex 149.396 79.3193 0.15
    endloop
  endfacet
  facet normal -0.19906 0.979987 0
    outer loop
      vertex 149.3 79.2998 0.15
      vertex 149.396 79.3193 0
      vertex 149.3 79.2998 0
    endloop
  endfacet
  facet normal 0 1 -0
    outer loop
      vertex 149.3 79.2998 0
      vertex 148.4 79.2998 0.15
      vertex 149.3 79.2998 0.15
    endloop
  endfacet
  facet normal 0 1 0
    outer loop
      vertex 148.4 79.2998 0.15
      vertex 149.3 79.2998 0
      vertex 148.4 79.2998 0
    endloop
  endfacet
  facet normal 0.201071 0.979577 -0
    outer loop
      vertex 148.4 79.2998 0
      vertex 148.305 79.3193 0.15
      vertex 148.4 79.2998 0.15
    endloop
  endfacet
  facet normal 0.201071 0.979577 0
    outer loop
      vertex 148.305 79.3193 0.15
      vertex 148.4 79.2998 0
      vertex 148.305 79.3193 0
    endloop
  endfacet
  facet normal 0.552561 0.833472 -0
    outer loop
      vertex 148.305 79.3193 0
      vertex 148.224 79.373 0.15
      vertex 148.305 79.3193 0.15
    endloop
  endfacet
  facet normal 0.552561 0.833472 0
    outer loop
      vertex 148.224 79.373 0.15
      vertex 148.305 79.3193 0
      vertex 148.224 79.373 0
    endloop
  endfacet
  facet normal 0.827628 0.561277 0
    outer loop
      vertex 148.224 79.373 0.15
      vertex 148.169 79.4541 0
      vertex 148.169 79.4541 0.15
    endloop
  endfacet
  facet normal 0.827628 0.561277 0
    outer loop
      vertex 148.169 79.4541 0
      vertex 148.224 79.373 0.15
      vertex 148.224 79.373 0
    endloop
  endfacet
  facet normal 0.980856 0.194736 0
    outer loop
      vertex 148.169 79.4541 0.15
      vertex 148.15 79.5498 0
      vertex 148.15 79.5498 0.15
    endloop
  endfacet
  facet normal 0.980856 0.194736 0
    outer loop
      vertex 148.15 79.5498 0
      vertex 148.169 79.4541 0.15
      vertex 148.169 79.4541 0
    endloop
  endfacet
  facet normal 1 -0 0
    outer loop
      vertex 148.15 79.5498 0.15
      vertex 148.15 80.25 0
      vertex 148.15 80.25 0.15
    endloop
  endfacet
  facet normal 1 0 0
    outer loop
      vertex 148.15 80.25 0
      vertex 148.15 79.5498 0.15
      vertex 148.15 79.5498 0
    endloop
  endfacet
  facet normal 0.980856 -0.194736 0
    outer loop
      vertex 148.15 80.25 0.15
      vertex 148.169 80.3457 0
      vertex 148.169 80.3457 0.15
    endloop
  endfacet
  facet normal 0.980856 -0.194736 0
    outer loop
      vertex 148.169 80.3457 0
      vertex 148.15 80.25 0.15
      vertex 148.15 80.25 0
    endloop
  endfacet
  facet normal 0.827628 -0.561277 0
    outer loop
      vertex 148.169 80.3457 0.15
      vertex 148.224 80.4268 0
      vertex 148.224 80.4268 0.15
    endloop
  endfacet
  facet normal 0.827628 -0.561277 0
    outer loop
      vertex 148.224 80.4268 0
      vertex 148.169 80.3457 0.15
      vertex 148.169 80.3457 0
    endloop
  endfacet
  facet normal 0.558945 -0.829205 0
    outer loop
      vertex 148.224 80.4268 0
      vertex 148.305 80.4814 0.15
      vertex 148.224 80.4268 0.15
    endloop
  endfacet
  facet normal 0.558945 -0.829205 0
    outer loop
      vertex 148.305 80.4814 0.15
      vertex 148.224 80.4268 0
      vertex 148.305 80.4814 0
    endloop
  endfacet
  facet normal 0.192141 -0.981367 0
    outer loop
      vertex 148.305 80.4814 0
      vertex 148.4 80.5 0.15
      vertex 148.305 80.4814 0.15
    endloop
  endfacet
  facet normal 0.192141 -0.981367 0
    outer loop
      vertex 148.4 80.5 0.15
      vertex 148.305 80.4814 0
      vertex 148.4 80.5 0
    endloop
  endfacet
  facet normal 0 -1 0
    outer loop
      vertex 148.4 80.5 0
      vertex 149.3 80.5 0.15
      vertex 148.4 80.5 0.15
    endloop
  endfacet
  facet normal 0 -1 -0
    outer loop
      vertex 149.3 80.5 0.15
      vertex 148.4 80.5 0
      vertex 149.3 80.5 0
    endloop
  endfacet
  facet normal -0.190213 -0.981743 0
    outer loop
      vertex 149.3 80.5 0
      vertex 149.396 80.4814 0.15
      vertex 149.3 80.5 0.15
    endloop
  endfacet
  facet normal -0.190213 -0.981743 -0
    outer loop
      vertex 149.396 80.4814 0.15
      vertex 149.3 80.5 0
      vertex 149.396 80.4814 0
    endloop
  endfacet
  facet normal -0.558945 -0.829205 0
    outer loop
      vertex 139.296 80.4814 0
      vertex 139.377 80.4268 0.15
      vertex 139.296 80.4814 0.15
    endloop
  endfacet
  facet normal -0.558945 -0.829205 -0
    outer loop
      vertex 139.377 80.4268 0.15
      vertex 139.296 80.4814 0
      vertex 139.377 80.4268 0
    endloop
  endfacet
  facet normal -0.832366 -0.554226 0
    outer loop
      vertex 139.431 80.3457 0
      vertex 139.377 80.4268 0.15
      vertex 139.377 80.4268 0
    endloop
  endfacet
  facet normal -0.832366 -0.554226 0
    outer loop
      vertex 139.377 80.4268 0.15
      vertex 139.431 80.3457 0
      vertex 139.431 80.3457 0.15
    endloop
  endfacet
  facet normal -0.980856 -0.194736 0
    outer loop
      vertex 139.45 80.25 0
      vertex 139.431 80.3457 0.15
      vertex 139.431 80.3457 0
    endloop
  endfacet
  facet normal -0.980856 -0.194736 0
    outer loop
      vertex 139.431 80.3457 0.15
      vertex 139.45 80.25 0
      vertex 139.45 80.25 0.15
    endloop
  endfacet
  facet normal -1 0 0
    outer loop
      vertex 139.45 79.5498 0
      vertex 139.45 80.25 0.15
      vertex 139.45 80.25 0
    endloop
  endfacet
  facet normal -1 -0 0
    outer loop
      vertex 139.45 80.25 0.15
      vertex 139.45 79.5498 0
      vertex 139.45 79.5498 0.15
    endloop
  endfacet
  facet normal -0.980856 0.194736 0
    outer loop
      vertex 139.431 79.4541 0
      vertex 139.45 79.5498 0.15
      vertex 139.45 79.5498 0
    endloop
  endfacet
  facet normal -0.980856 0.194736 0
    outer loop
      vertex 139.45 79.5498 0.15
      vertex 139.431 79.4541 0
      vertex 139.431 79.4541 0.15
    endloop
  endfacet
  facet normal -0.832366 0.554226 0
    outer loop
      vertex 139.377 79.373 0
      vertex 139.431 79.4541 0.15
      vertex 139.431 79.4541 0
    endloop
  endfacet
  facet normal -0.832366 0.554226 0
    outer loop
      vertex 139.431 79.4541 0.15
      vertex 139.377 79.373 0
      vertex 139.377 79.373 0.15
    endloop
  endfacet
  facet normal -0.552561 0.833472 0
    outer loop
      vertex 139.377 79.373 0
      vertex 139.296 79.3193 0.15
      vertex 139.377 79.373 0.15
    endloop
  endfacet
  facet normal -0.552561 0.833472 0
    outer loop
      vertex 139.296 79.3193 0.15
      vertex 139.377 79.373 0
      vertex 139.296 79.3193 0
    endloop
  endfacet
  facet normal -0.19906 0.979987 0
    outer loop
      vertex 139.296 79.3193 0
      vertex 139.2 79.2998 0.15
      vertex 139.296 79.3193 0.15
    endloop
  endfacet
  facet normal -0.19906 0.979987 0
    outer loop
      vertex 139.2 79.2998 0.15
      vertex 139.296 79.3193 0
      vertex 139.2 79.2998 0
    endloop
  endfacet
  facet normal 0 1 -0
    outer loop
      vertex 139.2 79.2998 0
      vertex 138.3 79.2998 0.15
      vertex 139.2 79.2998 0.15
    endloop
  endfacet
  facet normal 0 1 0
    outer loop
      vertex 138.3 79.2998 0.15
      vertex 139.2 79.2998 0
      vertex 138.3 79.2998 0
    endloop
  endfacet
  facet normal 0.19906 0.979987 -0
    outer loop
      vertex 138.3 79.2998 0
      vertex 138.204 79.3193 0.15
      vertex 138.3 79.2998 0.15
    endloop
  endfacet
  facet normal 0.19906 0.979987 0
    outer loop
      vertex 138.204 79.3193 0.15
      vertex 138.3 79.2998 0
      vertex 138.204 79.3193 0
    endloop
  endfacet
  facet normal 0.552561 0.833472 -0
    outer loop
      vertex 138.204 79.3193 0
      vertex 138.123 79.373 0.15
      vertex 138.204 79.3193 0.15
    endloop
  endfacet
  facet normal 0.552561 0.833472 0
    outer loop
      vertex 138.123 79.373 0.15
      vertex 138.204 79.3193 0
      vertex 138.123 79.373 0
    endloop
  endfacet
  facet normal 0.832366 0.554226 0
    outer loop
      vertex 138.123 79.373 0.15
      vertex 138.069 79.4541 0
      vertex 138.069 79.4541 0.15
    endloop
  endfacet
  facet normal 0.832366 0.554226 0
    outer loop
      vertex 138.069 79.4541 0
      vertex 138.123 79.373 0.15
      vertex 138.123 79.373 0
    endloop
  endfacet
  facet normal 0.980856 0.194736 0
    outer loop
      vertex 138.069 79.4541 0.15
      vertex 138.05 79.5498 0
      vertex 138.05 79.5498 0.15
    endloop
  endfacet
  facet normal 0.980856 0.194736 0
    outer loop
      vertex 138.05 79.5498 0
      vertex 138.069 79.4541 0.15
      vertex 138.069 79.4541 0
    endloop
  endfacet
  facet normal 1 -0 0
    outer loop
      vertex 138.05 79.5498 0.15
      vertex 138.05 80.25 0
      vertex 138.05 80.25 0.15
    endloop
  endfacet
  facet normal 1 0 0
    outer loop
      vertex 138.05 80.25 0
      vertex 138.05 79.5498 0.15
      vertex 138.05 79.5498 0
    endloop
  endfacet
  facet normal 0.980856 -0.194736 0
    outer loop
      vertex 138.05 80.25 0.15
      vertex 138.069 80.3457 0
      vertex 138.069 80.3457 0.15
    endloop
  endfacet
  facet normal 0.980856 -0.194736 0
    outer loop
      vertex 138.069 80.3457 0
      vertex 138.05 80.25 0.15
      vertex 138.05 80.25 0
    endloop
  endfacet
  facet normal 0.832366 -0.554226 0
    outer loop
      vertex 138.069 80.3457 0.15
      vertex 138.123 80.4268 0
      vertex 138.123 80.4268 0.15
    endloop
  endfacet
  facet normal 0.832366 -0.554226 0
    outer loop
      vertex 138.123 80.4268 0
      vertex 138.069 80.3457 0.15
      vertex 138.069 80.3457 0
    endloop
  endfacet
  facet normal 0.558945 -0.829205 0
    outer loop
      vertex 138.123 80.4268 0
      vertex 138.204 80.4814 0.15
      vertex 138.123 80.4268 0.15
    endloop
  endfacet
  facet normal 0.558945 -0.829205 0
    outer loop
      vertex 138.204 80.4814 0.15
      vertex 138.123 80.4268 0
      vertex 138.204 80.4814 0
    endloop
  endfacet
  facet normal 0.190213 -0.981743 0
    outer loop
      vertex 138.204 80.4814 0
      vertex 138.3 80.5 0.15
      vertex 138.204 80.4814 0.15
    endloop
  endfacet
  facet normal 0.190213 -0.981743 0
    outer loop
      vertex 138.3 80.5 0.15
      vertex 138.204 80.4814 0
      vertex 138.3 80.5 0
    endloop
  endfacet
  facet normal 0 -1 0
    outer loop
      vertex 138.3 80.5 0
      vertex 139.2 80.5 0.15
      vertex 138.3 80.5 0.15
    endloop
  endfacet
  facet normal 0 -1 -0
    outer loop
      vertex 139.2 80.5 0.15
      vertex 138.3 80.5 0
      vertex 139.2 80.5 0
    endloop
  endfacet
  facet normal -0.190213 -0.981743 0
    outer loop
      vertex 139.2 80.5 0
      vertex 139.296 80.4814 0.15
      vertex 139.2 80.5 0.15
    endloop
  endfacet
  facet normal -0.190213 -0.981743 -0
    outer loop
      vertex 139.296 80.4814 0.15
      vertex 139.2 80.5 0
      vertex 139.296 80.4814 0
    endloop
  endfacet
  facet normal -0.558945 -0.829205 0
    outer loop
      vertex 146.671 80.4814 0
      vertex 146.752 80.4268 0.15
      vertex 146.671 80.4814 0.15
    endloop
  endfacet
  facet normal -0.558945 -0.829205 -0
    outer loop
      vertex 146.752 80.4268 0.15
      vertex 146.671 80.4814 0
      vertex 146.752 80.4268 0
    endloop
  endfacet
  facet normal -0.832366 -0.554226 0
    outer loop
      vertex 146.806 80.3457 0
      vertex 146.752 80.4268 0.15
      vertex 146.752 80.4268 0
    endloop
  endfacet
  facet normal -0.832366 -0.554226 0
    outer loop
      vertex 146.752 80.4268 0.15
      vertex 146.806 80.3457 0
      vertex 146.806 80.3457 0.15
    endloop
  endfacet
  facet normal -0.980856 -0.194736 0
    outer loop
      vertex 146.825 80.25 0
      vertex 146.806 80.3457 0.15
      vertex 146.806 80.3457 0
    endloop
  endfacet
  facet normal -0.980856 -0.194736 0
    outer loop
      vertex 146.806 80.3457 0.15
      vertex 146.825 80.25 0
      vertex 146.825 80.25 0.15
    endloop
  endfacet
  facet normal -1 0 0
    outer loop
      vertex 146.825 79.5752 0
      vertex 146.825 80.25 0.15
      vertex 146.825 80.25 0
    endloop
  endfacet
  facet normal -1 -0 0
    outer loop
      vertex 146.825 80.25 0.15
      vertex 146.825 79.5752 0
      vertex 146.825 79.5752 0.15
    endloop
  endfacet
  facet normal -0.980856 0.194736 0
    outer loop
      vertex 146.806 79.4795 0
      vertex 146.825 79.5752 0.15
      vertex 146.825 79.5752 0
    endloop
  endfacet
  facet normal -0.980856 0.194736 0
    outer loop
      vertex 146.825 79.5752 0.15
      vertex 146.806 79.4795 0
      vertex 146.806 79.4795 0.15
    endloop
  endfacet
  facet normal -0.832366 0.554226 0
    outer loop
      vertex 146.752 79.3984 0
      vertex 146.806 79.4795 0.15
      vertex 146.806 79.4795 0
    endloop
  endfacet
  facet normal -0.832366 0.554226 0
    outer loop
      vertex 146.806 79.4795 0.15
      vertex 146.752 79.3984 0
      vertex 146.752 79.3984 0.15
    endloop
  endfacet
  facet normal -0.558945 0.829205 0
    outer loop
      vertex 146.752 79.3984 0
      vertex 146.671 79.3438 0.15
      vertex 146.752 79.3984 0.15
    endloop
  endfacet
  facet normal -0.558945 0.829205 0
    outer loop
      vertex 146.671 79.3438 0.15
      vertex 146.752 79.3984 0
      vertex 146.671 79.3438 0
    endloop
  endfacet
  facet normal -0.190213 0.981743 0
    outer loop
      vertex 146.671 79.3438 0
      vertex 146.575 79.3252 0.15
      vertex 146.671 79.3438 0.15
    endloop
  endfacet
  facet normal -0.190213 0.981743 0
    outer loop
      vertex 146.575 79.3252 0.15
      vertex 146.671 79.3438 0
      vertex 146.575 79.3252 0
    endloop
  endfacet
  facet normal 0 1 -0
    outer loop
      vertex 146.575 79.3252 0
      vertex 145.625 79.3252 0.15
      vertex 146.575 79.3252 0.15
    endloop
  endfacet
  facet normal 0 1 0
    outer loop
      vertex 145.625 79.3252 0.15
      vertex 146.575 79.3252 0
      vertex 145.625 79.3252 0
    endloop
  endfacet
  facet normal 0.190213 0.981743 -0
    outer loop
      vertex 145.625 79.3252 0
      vertex 145.529 79.3438 0.15
      vertex 145.625 79.3252 0.15
    endloop
  endfacet
  facet normal 0.190213 0.981743 0
    outer loop
      vertex 145.529 79.3438 0.15
      vertex 145.625 79.3252 0
      vertex 145.529 79.3438 0
    endloop
  endfacet
  facet normal 0.558945 0.829205 -0
    outer loop
      vertex 145.529 79.3438 0
      vertex 145.448 79.3984 0.15
      vertex 145.529 79.3438 0.15
    endloop
  endfacet
  facet normal 0.558945 0.829205 0
    outer loop
      vertex 145.448 79.3984 0.15
      vertex 145.529 79.3438 0
      vertex 145.448 79.3984 0
    endloop
  endfacet
  facet normal 0.832366 0.554226 0
    outer loop
      vertex 145.448 79.3984 0.15
      vertex 145.394 79.4795 0
      vertex 145.394 79.4795 0.15
    endloop
  endfacet
  facet normal 0.832366 0.554226 0
    outer loop
      vertex 145.394 79.4795 0
      vertex 145.448 79.3984 0.15
      vertex 145.448 79.3984 0
    endloop
  endfacet
  facet normal 0.980856 0.194736 0
    outer loop
      vertex 145.394 79.4795 0.15
      vertex 145.375 79.5752 0
      vertex 145.375 79.5752 0.15
    endloop
  endfacet
  facet normal 0.980856 0.194736 0
    outer loop
      vertex 145.375 79.5752 0
      vertex 145.394 79.4795 0.15
      vertex 145.394 79.4795 0
    endloop
  endfacet
  facet normal 1 -0 0
    outer loop
      vertex 145.375 79.5752 0.15
      vertex 145.375 80.25 0
      vertex 145.375 80.25 0.15
    endloop
  endfacet
  facet normal 1 0 0
    outer loop
      vertex 145.375 80.25 0
      vertex 145.375 79.5752 0.15
      vertex 145.375 79.5752 0
    endloop
  endfacet
  facet normal 0.980856 -0.194736 0
    outer loop
      vertex 145.375 80.25 0.15
      vertex 145.394 80.3457 0
      vertex 145.394 80.3457 0.15
    endloop
  endfacet
  facet normal 0.980856 -0.194736 0
    outer loop
      vertex 145.394 80.3457 0
      vertex 145.375 80.25 0.15
      vertex 145.375 80.25 0
    endloop
  endfacet
  facet normal 0.832366 -0.554226 0
    outer loop
      vertex 145.394 80.3457 0.15
      vertex 145.448 80.4268 0
      vertex 145.448 80.4268 0.15
    endloop
  endfacet
  facet normal 0.832366 -0.554226 0
    outer loop
      vertex 145.448 80.4268 0
      vertex 145.394 80.3457 0.15
      vertex 145.394 80.3457 0
    endloop
  endfacet
  facet normal 0.558945 -0.829205 0
    outer loop
      vertex 145.448 80.4268 0
      vertex 145.529 80.4814 0.15
      vertex 145.448 80.4268 0.15
    endloop
  endfacet
  facet normal 0.558945 -0.829205 0
    outer loop
      vertex 145.529 80.4814 0.15
      vertex 145.448 80.4268 0
      vertex 145.529 80.4814 0
    endloop
  endfacet
  facet normal 0.190213 -0.981743 0
    outer loop
      vertex 145.529 80.4814 0
      vertex 145.625 80.5 0.15
      vertex 145.529 80.4814 0.15
    endloop
  endfacet
  facet normal 0.190213 -0.981743 0
    outer loop
      vertex 145.625 80.5 0.15
      vertex 145.529 80.4814 0
      vertex 145.625 80.5 0
    endloop
  endfacet
  facet normal 0 -1 0
    outer loop
      vertex 145.625 80.5 0
      vertex 146.575 80.5 0.15
      vertex 145.625 80.5 0.15
    endloop
  endfacet
  facet normal 0 -1 -0
    outer loop
      vertex 146.575 80.5 0.15
      vertex 145.625 80.5 0
      vertex 146.575 80.5 0
    endloop
  endfacet
  facet normal -0.190213 -0.981743 0
    outer loop
      vertex 146.575 80.5 0
      vertex 146.671 80.4814 0.15
      vertex 146.575 80.5 0.15
    endloop
  endfacet
  facet normal -0.190213 -0.981743 -0
    outer loop
      vertex 146.671 80.4814 0.15
      vertex 146.575 80.5 0
      vertex 146.671 80.4814 0
    endloop
  endfacet
  facet normal -0.558945 -0.829205 0
    outer loop
      vertex 143.046 80.5312 0
      vertex 143.127 80.4766 0.15
      vertex 143.046 80.5312 0.15
    endloop
  endfacet
  facet normal -0.558945 -0.829205 -0
    outer loop
      vertex 143.127 80.4766 0.15
      vertex 143.046 80.5312 0
      vertex 143.127 80.4766 0
    endloop
  endfacet
  facet normal -0.832366 -0.554226 0
    outer loop
      vertex 143.181 80.3955 0
      vertex 143.127 80.4766 0.15
      vertex 143.127 80.4766 0
    endloop
  endfacet
  facet normal -0.832366 -0.554226 0
    outer loop
      vertex 143.127 80.4766 0.15
      vertex 143.181 80.3955 0
      vertex 143.181 80.3955 0.15
    endloop
  endfacet
  facet normal -0.980856 -0.194736 0
    outer loop
      vertex 143.2 80.2998 0
      vertex 143.181 80.3955 0.15
      vertex 143.181 80.3955 0
    endloop
  endfacet
  facet normal -0.980856 -0.194736 0
    outer loop
      vertex 143.181 80.3955 0.15
      vertex 143.2 80.2998 0
      vertex 143.2 80.2998 0.15
    endloop
  endfacet
  facet normal -1 0 0
    outer loop
      vertex 143.2 79.5996 0
      vertex 143.2 80.2998 0.15
      vertex 143.2 80.2998 0
    endloop
  endfacet
  facet normal -1 -0 0
    outer loop
      vertex 143.2 80.2998 0.15
      vertex 143.2 79.5996 0
      vertex 143.2 79.5996 0.15
    endloop
  endfacet
  facet normal -0.980856 0.194736 0
    outer loop
      vertex 143.181 79.5039 0
      vertex 143.2 79.5996 0.15
      vertex 143.2 79.5996 0
    endloop
  endfacet
  facet normal -0.980856 0.194736 0
    outer loop
      vertex 143.2 79.5996 0.15
      vertex 143.181 79.5039 0
      vertex 143.181 79.5039 0.15
    endloop
  endfacet
  facet normal -0.83205 0.5547 0
    outer loop
      vertex 143.127 79.4229 0
      vertex 143.181 79.5039 0.15
      vertex 143.181 79.5039 0
    endloop
  endfacet
  facet normal -0.83205 0.5547 0
    outer loop
      vertex 143.181 79.5039 0.15
      vertex 143.127 79.4229 0
      vertex 143.127 79.4229 0.15
    endloop
  endfacet
  facet normal -0.553275 0.832998 0
    outer loop
      vertex 143.127 79.4229 0
      vertex 143.046 79.3691 0.15
      vertex 143.127 79.4229 0.15
    endloop
  endfacet
  facet normal -0.553275 0.832998 0
    outer loop
      vertex 143.046 79.3691 0.15
      vertex 143.127 79.4229 0
      vertex 143.046 79.3691 0
    endloop
  endfacet
  facet normal -0.19906 0.979987 0
    outer loop
      vertex 143.046 79.3691 0
      vertex 142.95 79.3496 0.15
      vertex 143.046 79.3691 0.15
    endloop
  endfacet
  facet normal -0.19906 0.979987 0
    outer loop
      vertex 142.95 79.3496 0.15
      vertex 143.046 79.3691 0
      vertex 142.95 79.3496 0
    endloop
  endfacet
  facet normal 0 1 -0
    outer loop
      vertex 142.95 79.3496 0
      vertex 142.05 79.3496 0.15
      vertex 142.95 79.3496 0.15
    endloop
  endfacet
  facet normal 0 1 0
    outer loop
      vertex 142.05 79.3496 0.15
      vertex 142.95 79.3496 0
      vertex 142.05 79.3496 0
    endloop
  endfacet
  facet normal 0.19906 0.979987 -0
    outer loop
      vertex 142.05 79.3496 0
      vertex 141.954 79.3691 0.15
      vertex 142.05 79.3496 0.15
    endloop
  endfacet
  facet normal 0.19906 0.979987 0
    outer loop
      vertex 141.954 79.3691 0.15
      vertex 142.05 79.3496 0
      vertex 141.954 79.3691 0
    endloop
  endfacet
  facet normal 0.553275 0.832998 -0
    outer loop
      vertex 141.954 79.3691 0
      vertex 141.873 79.4229 0.15
      vertex 141.954 79.3691 0.15
    endloop
  endfacet
  facet normal 0.553275 0.832998 0
    outer loop
      vertex 141.873 79.4229 0.15
      vertex 141.954 79.3691 0
      vertex 141.873 79.4229 0
    endloop
  endfacet
  facet normal 0.83205 0.5547 0
    outer loop
      vertex 141.873 79.4229 0.15
      vertex 141.819 79.5039 0
      vertex 141.819 79.5039 0.15
    endloop
  endfacet
  facet normal 0.83205 0.5547 0
    outer loop
      vertex 141.819 79.5039 0
      vertex 141.873 79.4229 0.15
      vertex 141.873 79.4229 0
    endloop
  endfacet
  facet normal 0.980856 0.194736 0
    outer loop
      vertex 141.819 79.5039 0.15
      vertex 141.8 79.5996 0
      vertex 141.8 79.5996 0.15
    endloop
  endfacet
  facet normal 0.980856 0.194736 0
    outer loop
      vertex 141.8 79.5996 0
      vertex 141.819 79.5039 0.15
      vertex 141.819 79.5039 0
    endloop
  endfacet
  facet normal 1 -0 0
    outer loop
      vertex 141.8 79.5996 0.15
      vertex 141.8 80.2998 0
      vertex 141.8 80.2998 0.15
    endloop
  endfacet
  facet normal 1 0 0
    outer loop
      vertex 141.8 80.2998 0
      vertex 141.8 79.5996 0.15
      vertex 141.8 79.5996 0
    endloop
  endfacet
  facet normal 0.980856 -0.194736 0
    outer loop
      vertex 141.8 80.2998 0.15
      vertex 141.819 80.3955 0
      vertex 141.819 80.3955 0.15
    endloop
  endfacet
  facet normal 0.980856 -0.194736 0
    outer loop
      vertex 141.819 80.3955 0
      vertex 141.8 80.2998 0.15
      vertex 141.8 80.2998 0
    endloop
  endfacet
  facet normal 0.832366 -0.554226 0
    outer loop
      vertex 141.819 80.3955 0.15
      vertex 141.873 80.4766 0
      vertex 141.873 80.4766 0.15
    endloop
  endfacet
  facet normal 0.832366 -0.554226 0
    outer loop
      vertex 141.873 80.4766 0
      vertex 141.819 80.3955 0.15
      vertex 141.819 80.3955 0
    endloop
  endfacet
  facet normal 0.558945 -0.829205 0
    outer loop
      vertex 141.873 80.4766 0
      vertex 141.954 80.5312 0.15
      vertex 141.873 80.4766 0.15
    endloop
  endfacet
  facet normal 0.558945 -0.829205 0
    outer loop
      vertex 141.954 80.5312 0.15
      vertex 141.873 80.4766 0
      vertex 141.954 80.5312 0
    endloop
  endfacet
  facet normal 0.190213 -0.981743 0
    outer loop
      vertex 141.954 80.5312 0
      vertex 142.05 80.5498 0.15
      vertex 141.954 80.5312 0.15
    endloop
  endfacet
  facet normal 0.190213 -0.981743 0
    outer loop
      vertex 142.05 80.5498 0.15
      vertex 141.954 80.5312 0
      vertex 142.05 80.5498 0
    endloop
  endfacet
  facet normal 0 -1 0
    outer loop
      vertex 142.05 80.5498 0
      vertex 142.95 80.5498 0.15
      vertex 142.05 80.5498 0.15
    endloop
  endfacet
  facet normal 0 -1 -0
    outer loop
      vertex 142.95 80.5498 0.15
      vertex 142.05 80.5498 0
      vertex 142.95 80.5498 0
    endloop
  endfacet
  facet normal -0.190213 -0.981743 0
    outer loop
      vertex 142.95 80.5498 0
      vertex 143.046 80.5312 0.15
      vertex 142.95 80.5498 0.15
    endloop
  endfacet
  facet normal -0.190213 -0.981743 -0
    outer loop
      vertex 143.046 80.5312 0.15
      vertex 142.95 80.5498 0
      vertex 143.046 80.5312 0
    endloop
  endfacet
  facet normal -0.552561 -0.833472 0
    outer loop
      vertex 135.596 82.4307 0
      vertex 135.677 82.377 0.15
      vertex 135.596 82.4307 0.15
    endloop
  endfacet
  facet normal -0.552561 -0.833472 -0
    outer loop
      vertex 135.677 82.377 0.15
      vertex 135.596 82.4307 0
      vertex 135.677 82.377 0
    endloop
  endfacet
  facet normal -0.832366 -0.554226 0
    outer loop
      vertex 135.731 82.2959 0
      vertex 135.677 82.377 0.15
      vertex 135.677 82.377 0
    endloop
  endfacet
  facet normal -0.832366 -0.554226 0
    outer loop
      vertex 135.677 82.377 0.15
      vertex 135.731 82.2959 0
      vertex 135.731 82.2959 0.15
    endloop
  endfacet
  facet normal -0.980856 -0.194736 0
    outer loop
      vertex 135.75 82.2002 0
      vertex 135.731 82.2959 0.15
      vertex 135.731 82.2959 0
    endloop
  endfacet
  facet normal -0.980856 -0.194736 0
    outer loop
      vertex 135.731 82.2959 0.15
      vertex 135.75 82.2002 0
      vertex 135.75 82.2002 0.15
    endloop
  endfacet
  facet normal -1 0 0
    outer loop
      vertex 135.75 81.5 0
      vertex 135.75 82.2002 0.15
      vertex 135.75 82.2002 0
    endloop
  endfacet
  facet normal -1 -0 0
    outer loop
      vertex 135.75 82.2002 0.15
      vertex 135.75 81.5 0
      vertex 135.75 81.5 0.15
    endloop
  endfacet
  facet normal -0.980856 0.194736 0
    outer loop
      vertex 135.731 81.4043 0
      vertex 135.75 81.5 0.15
      vertex 135.75 81.5 0
    endloop
  endfacet
  facet normal -0.980856 0.194736 0
    outer loop
      vertex 135.75 81.5 0.15
      vertex 135.731 81.4043 0
      vertex 135.731 81.4043 0.15
    endloop
  endfacet
  facet normal -0.832366 0.554226 0
    outer loop
      vertex 135.677 81.3232 0
      vertex 135.731 81.4043 0.15
      vertex 135.731 81.4043 0
    endloop
  endfacet
  facet normal -0.832366 0.554226 0
    outer loop
      vertex 135.731 81.4043 0.15
      vertex 135.677 81.3232 0
      vertex 135.677 81.3232 0.15
    endloop
  endfacet
  facet normal -0.558945 0.829205 0
    outer loop
      vertex 135.677 81.3232 0
      vertex 135.596 81.2686 0.15
      vertex 135.677 81.3232 0.15
    endloop
  endfacet
  facet normal -0.558945 0.829205 0
    outer loop
      vertex 135.596 81.2686 0.15
      vertex 135.677 81.3232 0
      vertex 135.596 81.2686 0
    endloop
  endfacet
  facet normal -0.190213 0.981743 0
    outer loop
      vertex 135.596 81.2686 0
      vertex 135.5 81.25 0.15
      vertex 135.596 81.2686 0.15
    endloop
  endfacet
  facet normal -0.190213 0.981743 0
    outer loop
      vertex 135.5 81.25 0.15
      vertex 135.596 81.2686 0
      vertex 135.5 81.25 0
    endloop
  endfacet
  facet normal 0 1 -0
    outer loop
      vertex 135.5 81.25 0
      vertex 134.6 81.25 0.15
      vertex 135.5 81.25 0.15
    endloop
  endfacet
  facet normal 0 1 0
    outer loop
      vertex 134.6 81.25 0.15
      vertex 135.5 81.25 0
      vertex 134.6 81.25 0
    endloop
  endfacet
  facet normal 0.190213 0.981743 -0
    outer loop
      vertex 134.6 81.25 0
      vertex 134.504 81.2686 0.15
      vertex 134.6 81.25 0.15
    endloop
  endfacet
  facet normal 0.190213 0.981743 0
    outer loop
      vertex 134.504 81.2686 0.15
      vertex 134.6 81.25 0
      vertex 134.504 81.2686 0
    endloop
  endfacet
  facet normal 0.558945 0.829205 -0
    outer loop
      vertex 134.504 81.2686 0
      vertex 134.423 81.3232 0.15
      vertex 134.504 81.2686 0.15
    endloop
  endfacet
  facet normal 0.558945 0.829205 0
    outer loop
      vertex 134.423 81.3232 0.15
      vertex 134.504 81.2686 0
      vertex 134.423 81.3232 0
    endloop
  endfacet
  facet normal 0.832366 0.554226 0
    outer loop
      vertex 134.423 81.3232 0.15
      vertex 134.369 81.4043 0
      vertex 134.369 81.4043 0.15
    endloop
  endfacet
  facet normal 0.832366 0.554226 0
    outer loop
      vertex 134.369 81.4043 0
      vertex 134.423 81.3232 0.15
      vertex 134.423 81.3232 0
    endloop
  endfacet
  facet normal 0.980856 0.194736 0
    outer loop
      vertex 134.369 81.4043 0.15
      vertex 134.35 81.5 0
      vertex 134.35 81.5 0.15
    endloop
  endfacet
  facet normal 0.980856 0.194736 0
    outer loop
      vertex 134.35 81.5 0
      vertex 134.369 81.4043 0.15
      vertex 134.369 81.4043 0
    endloop
  endfacet
  facet normal 1 -0 0
    outer loop
      vertex 134.35 81.5 0.15
      vertex 134.35 82.2002 0
      vertex 134.35 82.2002 0.15
    endloop
  endfacet
  facet normal 1 0 0
    outer loop
      vertex 134.35 82.2002 0
      vertex 134.35 81.5 0.15
      vertex 134.35 81.5 0
    endloop
  endfacet
  facet normal 0.980856 -0.194736 0
    outer loop
      vertex 134.35 82.2002 0.15
      vertex 134.369 82.2959 0
      vertex 134.369 82.2959 0.15
    endloop
  endfacet
  facet normal 0.980856 -0.194736 0
    outer loop
      vertex 134.369 82.2959 0
      vertex 134.35 82.2002 0.15
      vertex 134.35 82.2002 0
    endloop
  endfacet
  facet normal 0.832366 -0.554226 0
    outer loop
      vertex 134.369 82.2959 0.15
      vertex 134.423 82.377 0
      vertex 134.423 82.377 0.15
    endloop
  endfacet
  facet normal 0.832366 -0.554226 0
    outer loop
      vertex 134.423 82.377 0
      vertex 134.369 82.2959 0.15
      vertex 134.369 82.2959 0
    endloop
  endfacet
  facet normal 0.552561 -0.833472 0
    outer loop
      vertex 134.423 82.377 0
      vertex 134.504 82.4307 0.15
      vertex 134.423 82.377 0.15
    endloop
  endfacet
  facet normal 0.552561 -0.833472 0
    outer loop
      vertex 134.504 82.4307 0.15
      vertex 134.423 82.377 0
      vertex 134.504 82.4307 0
    endloop
  endfacet
  facet normal 0.19906 -0.979987 0
    outer loop
      vertex 134.504 82.4307 0
      vertex 134.6 82.4502 0.15
      vertex 134.504 82.4307 0.15
    endloop
  endfacet
  facet normal 0.19906 -0.979987 0
    outer loop
      vertex 134.6 82.4502 0.15
      vertex 134.504 82.4307 0
      vertex 134.6 82.4502 0
    endloop
  endfacet
  facet normal 0 -1 0
    outer loop
      vertex 134.6 82.4502 0
      vertex 135.5 82.4502 0.15
      vertex 134.6 82.4502 0.15
    endloop
  endfacet
  facet normal 0 -1 -0
    outer loop
      vertex 135.5 82.4502 0.15
      vertex 134.6 82.4502 0
      vertex 135.5 82.4502 0
    endloop
  endfacet
  facet normal -0.19906 -0.979987 0
    outer loop
      vertex 135.5 82.4502 0
      vertex 135.596 82.4307 0.15
      vertex 135.5 82.4502 0.15
    endloop
  endfacet
  facet normal -0.19906 -0.979987 -0
    outer loop
      vertex 135.596 82.4307 0.15
      vertex 135.5 82.4502 0
      vertex 135.596 82.4307 0
    endloop
  endfacet
  facet normal -0.558945 -0.829205 0
    outer loop
      vertex 149.396 82.4814 0
      vertex 149.477 82.4268 0.15
      vertex 149.396 82.4814 0.15
    endloop
  endfacet
  facet normal -0.558945 -0.829205 -0
    outer loop
      vertex 149.477 82.4268 0.15
      vertex 149.396 82.4814 0
      vertex 149.477 82.4268 0
    endloop
  endfacet
  facet normal -0.832366 -0.554226 0
    outer loop
      vertex 149.531 82.3457 0
      vertex 149.477 82.4268 0.15
      vertex 149.477 82.4268 0
    endloop
  endfacet
  facet normal -0.832366 -0.554226 0
    outer loop
      vertex 149.477 82.4268 0.15
      vertex 149.531 82.3457 0
      vertex 149.531 82.3457 0.15
    endloop
  endfacet
  facet normal -0.980856 -0.194736 0
    outer loop
      vertex 149.55 82.25 0
      vertex 149.531 82.3457 0.15
      vertex 149.531 82.3457 0
    endloop
  endfacet
  facet normal -0.980856 -0.194736 0
    outer loop
      vertex 149.531 82.3457 0.15
      vertex 149.55 82.25 0
      vertex 149.55 82.25 0.15
    endloop
  endfacet
  facet normal -1 0 0
    outer loop
      vertex 149.55 81.5498 0
      vertex 149.55 82.25 0.15
      vertex 149.55 82.25 0
    endloop
  endfacet
  facet normal -1 -0 0
    outer loop
      vertex 149.55 82.25 0.15
      vertex 149.55 81.5498 0
      vertex 149.55 81.5498 0.15
    endloop
  endfacet
  facet normal -0.980856 0.194736 0
    outer loop
      vertex 149.531 81.4541 0
      vertex 149.55 81.5498 0.15
      vertex 149.55 81.5498 0
    endloop
  endfacet
  facet normal -0.980856 0.194736 0
    outer loop
      vertex 149.55 81.5498 0.15
      vertex 149.531 81.4541 0
      vertex 149.531 81.4541 0.15
    endloop
  endfacet
  facet normal -0.832366 0.554226 0
    outer loop
      vertex 149.477 81.373 0
      vertex 149.531 81.4541 0.15
      vertex 149.531 81.4541 0
    endloop
  endfacet
  facet normal -0.832366 0.554226 0
    outer loop
      vertex 149.531 81.4541 0.15
      vertex 149.477 81.373 0
      vertex 149.477 81.373 0.15
    endloop
  endfacet
  facet normal -0.552561 0.833472 0
    outer loop
      vertex 149.477 81.373 0
      vertex 149.396 81.3193 0.15
      vertex 149.477 81.373 0.15
    endloop
  endfacet
  facet normal -0.552561 0.833472 0
    outer loop
      vertex 149.396 81.3193 0.15
      vertex 149.477 81.373 0
      vertex 149.396 81.3193 0
    endloop
  endfacet
  facet normal -0.19906 0.979987 0
    outer loop
      vertex 149.396 81.3193 0
      vertex 149.3 81.2998 0.15
      vertex 149.396 81.3193 0.15
    endloop
  endfacet
  facet normal -0.19906 0.979987 0
    outer loop
      vertex 149.3 81.2998 0.15
      vertex 149.396 81.3193 0
      vertex 149.3 81.2998 0
    endloop
  endfacet
  facet normal 0 1 -0
    outer loop
      vertex 149.3 81.2998 0
      vertex 148.4 81.2998 0.15
      vertex 149.3 81.2998 0.15
    endloop
  endfacet
  facet normal 0 1 0
    outer loop
      vertex 148.4 81.2998 0.15
      vertex 149.3 81.2998 0
      vertex 148.4 81.2998 0
    endloop
  endfacet
  facet normal 0.201071 0.979577 -0
    outer loop
      vertex 148.4 81.2998 0
      vertex 148.305 81.3193 0.15
      vertex 148.4 81.2998 0.15
    endloop
  endfacet
  facet normal 0.201071 0.979577 0
    outer loop
      vertex 148.305 81.3193 0.15
      vertex 148.4 81.2998 0
      vertex 148.305 81.3193 0
    endloop
  endfacet
  facet normal 0.552561 0.833472 -0
    outer loop
      vertex 148.305 81.3193 0
      vertex 148.224 81.373 0.15
      vertex 148.305 81.3193 0.15
    endloop
  endfacet
  facet normal 0.552561 0.833472 0
    outer loop
      vertex 148.224 81.373 0.15
      vertex 148.305 81.3193 0
      vertex 148.224 81.373 0
    endloop
  endfacet
  facet normal 0.827628 0.561277 0
    outer loop
      vertex 148.224 81.373 0.15
      vertex 148.169 81.4541 0
      vertex 148.169 81.4541 0.15
    endloop
  endfacet
  facet normal 0.827628 0.561277 0
    outer loop
      vertex 148.169 81.4541 0
      vertex 148.224 81.373 0.15
      vertex 148.224 81.373 0
    endloop
  endfacet
  facet normal 0.980856 0.194736 0
    outer loop
      vertex 148.169 81.4541 0.15
      vertex 148.15 81.5498 0
      vertex 148.15 81.5498 0.15
    endloop
  endfacet
  facet normal 0.980856 0.194736 0
    outer loop
      vertex 148.15 81.5498 0
      vertex 148.169 81.4541 0.15
      vertex 148.169 81.4541 0
    endloop
  endfacet
  facet normal 1 -0 0
    outer loop
      vertex 148.15 81.5498 0.15
      vertex 148.15 82.25 0
      vertex 148.15 82.25 0.15
    endloop
  endfacet
  facet normal 1 0 0
    outer loop
      vertex 148.15 82.25 0
      vertex 148.15 81.5498 0.15
      vertex 148.15 81.5498 0
    endloop
  endfacet
  facet normal 0.980856 -0.194736 0
    outer loop
      vertex 148.15 82.25 0.15
      vertex 148.169 82.3457 0
      vertex 148.169 82.3457 0.15
    endloop
  endfacet
  facet normal 0.980856 -0.194736 0
    outer loop
      vertex 148.169 82.3457 0
      vertex 148.15 82.25 0.15
      vertex 148.15 82.25 0
    endloop
  endfacet
  facet normal 0.827628 -0.561277 0
    outer loop
      vertex 148.169 82.3457 0.15
      vertex 148.224 82.4268 0
      vertex 148.224 82.4268 0.15
    endloop
  endfacet
  facet normal 0.827628 -0.561277 0
    outer loop
      vertex 148.224 82.4268 0
      vertex 148.169 82.3457 0.15
      vertex 148.169 82.3457 0
    endloop
  endfacet
  facet normal 0.558945 -0.829205 0
    outer loop
      vertex 148.224 82.4268 0
      vertex 148.305 82.4814 0.15
      vertex 148.224 82.4268 0.15
    endloop
  endfacet
  facet normal 0.558945 -0.829205 0
    outer loop
      vertex 148.305 82.4814 0.15
      vertex 148.224 82.4268 0
      vertex 148.305 82.4814 0
    endloop
  endfacet
  facet normal 0.192141 -0.981367 0
    outer loop
      vertex 148.305 82.4814 0
      vertex 148.4 82.5 0.15
      vertex 148.305 82.4814 0.15
    endloop
  endfacet
  facet normal 0.192141 -0.981367 0
    outer loop
      vertex 148.4 82.5 0.15
      vertex 148.305 82.4814 0
      vertex 148.4 82.5 0
    endloop
  endfacet
  facet normal 0 -1 0
    outer loop
      vertex 148.4 82.5 0
      vertex 149.3 82.5 0.15
      vertex 148.4 82.5 0.15
    endloop
  endfacet
  facet normal 0 -1 -0
    outer loop
      vertex 149.3 82.5 0.15
      vertex 148.4 82.5 0
      vertex 149.3 82.5 0
    endloop
  endfacet
  facet normal -0.190213 -0.981743 0
    outer loop
      vertex 149.3 82.5 0
      vertex 149.396 82.4814 0.15
      vertex 149.3 82.5 0.15
    endloop
  endfacet
  facet normal -0.190213 -0.981743 -0
    outer loop
      vertex 149.396 82.4814 0.15
      vertex 149.3 82.5 0
      vertex 149.396 82.4814 0
    endloop
  endfacet
  facet normal -0.558945 -0.829205 0
    outer loop
      vertex 139.296 82.4814 0
      vertex 139.377 82.4268 0.15
      vertex 139.296 82.4814 0.15
    endloop
  endfacet
  facet normal -0.558945 -0.829205 -0
    outer loop
      vertex 139.377 82.4268 0.15
      vertex 139.296 82.4814 0
      vertex 139.377 82.4268 0
    endloop
  endfacet
  facet normal -0.832366 -0.554226 0
    outer loop
      vertex 139.431 82.3457 0
      vertex 139.377 82.4268 0.15
      vertex 139.377 82.4268 0
    endloop
  endfacet
  facet normal -0.832366 -0.554226 0
    outer loop
      vertex 139.377 82.4268 0.15
      vertex 139.431 82.3457 0
      vertex 139.431 82.3457 0.15
    endloop
  endfacet
  facet normal -0.980856 -0.194736 0
    outer loop
      vertex 139.45 82.25 0
      vertex 139.431 82.3457 0.15
      vertex 139.431 82.3457 0
    endloop
  endfacet
  facet normal -0.980856 -0.194736 0
    outer loop
      vertex 139.431 82.3457 0.15
      vertex 139.45 82.25 0
      vertex 139.45 82.25 0.15
    endloop
  endfacet
  facet normal -1 0 0
    outer loop
      vertex 139.45 81.5498 0
      vertex 139.45 82.25 0.15
      vertex 139.45 82.25 0
    endloop
  endfacet
  facet normal -1 -0 0
    outer loop
      vertex 139.45 82.25 0.15
      vertex 139.45 81.5498 0
      vertex 139.45 81.5498 0.15
    endloop
  endfacet
  facet normal -0.980856 0.194736 0
    outer loop
      vertex 139.431 81.4541 0
      vertex 139.45 81.5498 0.15
      vertex 139.45 81.5498 0
    endloop
  endfacet
  facet normal -0.980856 0.194736 0
    outer loop
      vertex 139.45 81.5498 0.15
      vertex 139.431 81.4541 0
      vertex 139.431 81.4541 0.15
    endloop
  endfacet
  facet normal -0.832366 0.554226 0
    outer loop
      vertex 139.377 81.373 0
      vertex 139.431 81.4541 0.15
      vertex 139.431 81.4541 0
    endloop
  endfacet
  facet normal -0.832366 0.554226 0
    outer loop
      vertex 139.431 81.4541 0.15
      vertex 139.377 81.373 0
      vertex 139.377 81.373 0.15
    endloop
  endfacet
  facet normal -0.552561 0.833472 0
    outer loop
      vertex 139.377 81.373 0
      vertex 139.296 81.3193 0.15
      vertex 139.377 81.373 0.15
    endloop
  endfacet
  facet normal -0.552561 0.833472 0
    outer loop
      vertex 139.296 81.3193 0.15
      vertex 139.377 81.373 0
      vertex 139.296 81.3193 0
    endloop
  endfacet
  facet normal -0.19906 0.979987 0
    outer loop
      vertex 139.296 81.3193 0
      vertex 139.2 81.2998 0.15
      vertex 139.296 81.3193 0.15
    endloop
  endfacet
  facet normal -0.19906 0.979987 0
    outer loop
      vertex 139.2 81.2998 0.15
      vertex 139.296 81.3193 0
      vertex 139.2 81.2998 0
    endloop
  endfacet
  facet normal 0 1 -0
    outer loop
      vertex 139.2 81.2998 0
      vertex 138.3 81.2998 0.15
      vertex 139.2 81.2998 0.15
    endloop
  endfacet
  facet normal 0 1 0
    outer loop
      vertex 138.3 81.2998 0.15
      vertex 139.2 81.2998 0
      vertex 138.3 81.2998 0
    endloop
  endfacet
  facet normal 0.19906 0.979987 -0
    outer loop
      vertex 138.3 81.2998 0
      vertex 138.204 81.3193 0.15
      vertex 138.3 81.2998 0.15
    endloop
  endfacet
  facet normal 0.19906 0.979987 0
    outer loop
      vertex 138.204 81.3193 0.15
      vertex 138.3 81.2998 0
      vertex 138.204 81.3193 0
    endloop
  endfacet
  facet normal 0.552561 0.833472 -0
    outer loop
      vertex 138.204 81.3193 0
      vertex 138.123 81.373 0.15
      vertex 138.204 81.3193 0.15
    endloop
  endfacet
  facet normal 0.552561 0.833472 0
    outer loop
      vertex 138.123 81.373 0.15
      vertex 138.204 81.3193 0
      vertex 138.123 81.373 0
    endloop
  endfacet
  facet normal 0.832366 0.554226 0
    outer loop
      vertex 138.123 81.373 0.15
      vertex 138.069 81.4541 0
      vertex 138.069 81.4541 0.15
    endloop
  endfacet
  facet normal 0.832366 0.554226 0
    outer loop
      vertex 138.069 81.4541 0
      vertex 138.123 81.373 0.15
      vertex 138.123 81.373 0
    endloop
  endfacet
  facet normal 0.980856 0.194736 0
    outer loop
      vertex 138.069 81.4541 0.15
      vertex 138.05 81.5498 0
      vertex 138.05 81.5498 0.15
    endloop
  endfacet
  facet normal 0.980856 0.194736 0
    outer loop
      vertex 138.05 81.5498 0
      vertex 138.069 81.4541 0.15
      vertex 138.069 81.4541 0
    endloop
  endfacet
  facet normal 1 -0 0
    outer loop
      vertex 138.05 81.5498 0.15
      vertex 138.05 82.25 0
      vertex 138.05 82.25 0.15
    endloop
  endfacet
  facet normal 1 0 0
    outer loop
      vertex 138.05 82.25 0
      vertex 138.05 81.5498 0.15
      vertex 138.05 81.5498 0
    endloop
  endfacet
  facet normal 0.980856 -0.194736 0
    outer loop
      vertex 138.05 82.25 0.15
      vertex 138.069 82.3457 0
      vertex 138.069 82.3457 0.15
    endloop
  endfacet
  facet normal 0.980856 -0.194736 0
    outer loop
      vertex 138.069 82.3457 0
      vertex 138.05 82.25 0.15
      vertex 138.05 82.25 0
    endloop
  endfacet
  facet normal 0.832366 -0.554226 0
    outer loop
      vertex 138.069 82.3457 0.15
      vertex 138.123 82.4268 0
      vertex 138.123 82.4268 0.15
    endloop
  endfacet
  facet normal 0.832366 -0.554226 0
    outer loop
      vertex 138.123 82.4268 0
      vertex 138.069 82.3457 0.15
      vertex 138.069 82.3457 0
    endloop
  endfacet
  facet normal 0.558945 -0.829205 0
    outer loop
      vertex 138.123 82.4268 0
      vertex 138.204 82.4814 0.15
      vertex 138.123 82.4268 0.15
    endloop
  endfacet
  facet normal 0.558945 -0.829205 0
    outer loop
      vertex 138.204 82.4814 0.15
      vertex 138.123 82.4268 0
      vertex 138.204 82.4814 0
    endloop
  endfacet
  facet normal 0.190213 -0.981743 0
    outer loop
      vertex 138.204 82.4814 0
      vertex 138.3 82.5 0.15
      vertex 138.204 82.4814 0.15
    endloop
  endfacet
  facet normal 0.190213 -0.981743 0
    outer loop
      vertex 138.3 82.5 0.15
      vertex 138.204 82.4814 0
      vertex 138.3 82.5 0
    endloop
  endfacet
  facet normal 0 -1 0
    outer loop
      vertex 138.3 82.5 0
      vertex 139.2 82.5 0.15
      vertex 138.3 82.5 0.15
    endloop
  endfacet
  facet normal 0 -1 -0
    outer loop
      vertex 139.2 82.5 0.15
      vertex 138.3 82.5 0
      vertex 139.2 82.5 0
    endloop
  endfacet
  facet normal -0.190213 -0.981743 0
    outer loop
      vertex 139.2 82.5 0
      vertex 139.296 82.4814 0.15
      vertex 139.2 82.5 0.15
    endloop
  endfacet
  facet normal -0.190213 -0.981743 -0
    outer loop
      vertex 139.296 82.4814 0.15
      vertex 139.2 82.5 0
      vertex 139.296 82.4814 0
    endloop
  endfacet
  facet normal -0.558945 -0.829205 0
    outer loop
      vertex 143.046 82.5312 0
      vertex 143.127 82.4766 0.15
      vertex 143.046 82.5312 0.15
    endloop
  endfacet
  facet normal -0.558945 -0.829205 -0
    outer loop
      vertex 143.127 82.4766 0.15
      vertex 143.046 82.5312 0
      vertex 143.127 82.4766 0
    endloop
  endfacet
  facet normal -0.832366 -0.554226 0
    outer loop
      vertex 143.181 82.3955 0
      vertex 143.127 82.4766 0.15
      vertex 143.127 82.4766 0
    endloop
  endfacet
  facet normal -0.832366 -0.554226 0
    outer loop
      vertex 143.127 82.4766 0.15
      vertex 143.181 82.3955 0
      vertex 143.181 82.3955 0.15
    endloop
  endfacet
  facet normal -0.980856 -0.194736 0
    outer loop
      vertex 143.2 82.2998 0
      vertex 143.181 82.3955 0.15
      vertex 143.181 82.3955 0
    endloop
  endfacet
  facet normal -0.980856 -0.194736 0
    outer loop
      vertex 143.181 82.3955 0.15
      vertex 143.2 82.2998 0
      vertex 143.2 82.2998 0.15
    endloop
  endfacet
  facet normal -1 0 0
    outer loop
      vertex 143.2 81.5996 0
      vertex 143.2 82.2998 0.15
      vertex 143.2 82.2998 0
    endloop
  endfacet
  facet normal -1 -0 0
    outer loop
      vertex 143.2 82.2998 0.15
      vertex 143.2 81.5996 0
      vertex 143.2 81.5996 0.15
    endloop
  endfacet
  facet normal -0.980856 0.194736 0
    outer loop
      vertex 143.181 81.5039 0
      vertex 143.2 81.5996 0.15
      vertex 143.2 81.5996 0
    endloop
  endfacet
  facet normal -0.980856 0.194736 0
    outer loop
      vertex 143.2 81.5996 0.15
      vertex 143.181 81.5039 0
      vertex 143.181 81.5039 0.15
    endloop
  endfacet
  facet normal -0.83205 0.5547 0
    outer loop
      vertex 143.127 81.4229 0
      vertex 143.181 81.5039 0.15
      vertex 143.181 81.5039 0
    endloop
  endfacet
  facet normal -0.83205 0.5547 0
    outer loop
      vertex 143.181 81.5039 0.15
      vertex 143.127 81.4229 0
      vertex 143.127 81.4229 0.15
    endloop
  endfacet
  facet normal -0.553275 0.832998 0
    outer loop
      vertex 143.127 81.4229 0
      vertex 143.046 81.3691 0.15
      vertex 143.127 81.4229 0.15
    endloop
  endfacet
  facet normal -0.553275 0.832998 0
    outer loop
      vertex 143.046 81.3691 0.15
      vertex 143.127 81.4229 0
      vertex 143.046 81.3691 0
    endloop
  endfacet
  facet normal -0.19906 0.979987 0
    outer loop
      vertex 143.046 81.3691 0
      vertex 142.95 81.3496 0.15
      vertex 143.046 81.3691 0.15
    endloop
  endfacet
  facet normal -0.19906 0.979987 0
    outer loop
      vertex 142.95 81.3496 0.15
      vertex 143.046 81.3691 0
      vertex 142.95 81.3496 0
    endloop
  endfacet
  facet normal 0 1 -0
    outer loop
      vertex 142.95 81.3496 0
      vertex 142.05 81.3496 0.15
      vertex 142.95 81.3496 0.15
    endloop
  endfacet
  facet normal 0 1 0
    outer loop
      vertex 142.05 81.3496 0.15
      vertex 142.95 81.3496 0
      vertex 142.05 81.3496 0
    endloop
  endfacet
  facet normal 0.19906 0.979987 -0
    outer loop
      vertex 142.05 81.3496 0
      vertex 141.954 81.3691 0.15
      vertex 142.05 81.3496 0.15
    endloop
  endfacet
  facet normal 0.19906 0.979987 0
    outer loop
      vertex 141.954 81.3691 0.15
      vertex 142.05 81.3496 0
      vertex 141.954 81.3691 0
    endloop
  endfacet
  facet normal 0.553275 0.832998 -0
    outer loop
      vertex 141.954 81.3691 0
      vertex 141.873 81.4229 0.15
      vertex 141.954 81.3691 0.15
    endloop
  endfacet
  facet normal 0.553275 0.832998 0
    outer loop
      vertex 141.873 81.4229 0.15
      vertex 141.954 81.3691 0
      vertex 141.873 81.4229 0
    endloop
  endfacet
  facet normal 0.83205 0.5547 0
    outer loop
      vertex 141.873 81.4229 0.15
      vertex 141.819 81.5039 0
      vertex 141.819 81.5039 0.15
    endloop
  endfacet
  facet normal 0.83205 0.5547 0
    outer loop
      vertex 141.819 81.5039 0
      vertex 141.873 81.4229 0.15
      vertex 141.873 81.4229 0
    endloop
  endfacet
  facet normal 0.980856 0.194736 0
    outer loop
      vertex 141.819 81.5039 0.15
      vertex 141.8 81.5996 0
      vertex 141.8 81.5996 0.15
    endloop
  endfacet
  facet normal 0.980856 0.194736 0
    outer loop
      vertex 141.8 81.5996 0
      vertex 141.819 81.5039 0.15
      vertex 141.819 81.5039 0
    endloop
  endfacet
  facet normal 1 -0 0
    outer loop
      vertex 141.8 81.5996 0.15
      vertex 141.8 82.2998 0
      vertex 141.8 82.2998 0.15
    endloop
  endfacet
  facet normal 1 0 0
    outer loop
      vertex 141.8 82.2998 0
      vertex 141.8 81.5996 0.15
      vertex 141.8 81.5996 0
    endloop
  endfacet
  facet normal 0.980856 -0.194736 0
    outer loop
      vertex 141.8 82.2998 0.15
      vertex 141.819 82.3955 0
      vertex 141.819 82.3955 0.15
    endloop
  endfacet
  facet normal 0.980856 -0.194736 0
    outer loop
      vertex 141.819 82.3955 0
      vertex 141.8 82.2998 0.15
      vertex 141.8 82.2998 0
    endloop
  endfacet
  facet normal 0.832366 -0.554226 0
    outer loop
      vertex 141.819 82.3955 0.15
      vertex 141.873 82.4766 0
      vertex 141.873 82.4766 0.15
    endloop
  endfacet
  facet normal 0.832366 -0.554226 0
    outer loop
      vertex 141.873 82.4766 0
      vertex 141.819 82.3955 0.15
      vertex 141.819 82.3955 0
    endloop
  endfacet
  facet normal 0.558945 -0.829205 0
    outer loop
      vertex 141.873 82.4766 0
      vertex 141.954 82.5312 0.15
      vertex 141.873 82.4766 0.15
    endloop
  endfacet
  facet normal 0.558945 -0.829205 0
    outer loop
      vertex 141.954 82.5312 0.15
      vertex 141.873 82.4766 0
      vertex 141.954 82.5312 0
    endloop
  endfacet
  facet normal 0.190213 -0.981743 0
    outer loop
      vertex 141.954 82.5312 0
      vertex 142.05 82.5498 0.15
      vertex 141.954 82.5312 0.15
    endloop
  endfacet
  facet normal 0.190213 -0.981743 0
    outer loop
      vertex 142.05 82.5498 0.15
      vertex 141.954 82.5312 0
      vertex 142.05 82.5498 0
    endloop
  endfacet
  facet normal 0 -1 0
    outer loop
      vertex 142.05 82.5498 0
      vertex 142.95 82.5498 0.15
      vertex 142.05 82.5498 0.15
    endloop
  endfacet
  facet normal 0 -1 -0
    outer loop
      vertex 142.95 82.5498 0.15
      vertex 142.05 82.5498 0
      vertex 142.95 82.5498 0
    endloop
  endfacet
  facet normal -0.190213 -0.981743 0
    outer loop
      vertex 142.95 82.5498 0
      vertex 143.046 82.5312 0.15
      vertex 142.95 82.5498 0.15
    endloop
  endfacet
  facet normal -0.190213 -0.981743 -0
    outer loop
      vertex 143.046 82.5312 0.15
      vertex 142.95 82.5498 0
      vertex 143.046 82.5312 0
    endloop
  endfacet
  facet normal -0.552561 -0.833472 0
    outer loop
      vertex 146.671 82.5557 0
      vertex 146.752 82.502 0.15
      vertex 146.671 82.5557 0.15
    endloop
  endfacet
  facet normal -0.552561 -0.833472 -0
    outer loop
      vertex 146.752 82.502 0.15
      vertex 146.671 82.5557 0
      vertex 146.752 82.502 0
    endloop
  endfacet
  facet normal -0.832366 -0.554226 0
    outer loop
      vertex 146.806 82.4209 0
      vertex 146.752 82.502 0.15
      vertex 146.752 82.502 0
    endloop
  endfacet
  facet normal -0.832366 -0.554226 0
    outer loop
      vertex 146.752 82.502 0.15
      vertex 146.806 82.4209 0
      vertex 146.806 82.4209 0.15
    endloop
  endfacet
  facet normal -0.980856 -0.194736 0
    outer loop
      vertex 146.825 82.3252 0
      vertex 146.806 82.4209 0.15
      vertex 146.806 82.4209 0
    endloop
  endfacet
  facet normal -0.980856 -0.194736 0
    outer loop
      vertex 146.806 82.4209 0.15
      vertex 146.825 82.3252 0
      vertex 146.825 82.3252 0.15
    endloop
  endfacet
  facet normal -1 0 0
    outer loop
      vertex 146.825 81.6504 0
      vertex 146.825 82.3252 0.15
      vertex 146.825 82.3252 0
    endloop
  endfacet
  facet normal -1 -0 0
    outer loop
      vertex 146.825 82.3252 0.15
      vertex 146.825 81.6504 0
      vertex 146.825 81.6504 0.15
    endloop
  endfacet
  facet normal -0.980856 0.194736 0
    outer loop
      vertex 146.806 81.5547 0
      vertex 146.825 81.6504 0.15
      vertex 146.825 81.6504 0
    endloop
  endfacet
  facet normal -0.980856 0.194736 0
    outer loop
      vertex 146.825 81.6504 0.15
      vertex 146.806 81.5547 0
      vertex 146.806 81.5547 0.15
    endloop
  endfacet
  facet normal -0.832366 0.554226 0
    outer loop
      vertex 146.752 81.4736 0
      vertex 146.806 81.5547 0.15
      vertex 146.806 81.5547 0
    endloop
  endfacet
  facet normal -0.832366 0.554226 0
    outer loop
      vertex 146.806 81.5547 0.15
      vertex 146.752 81.4736 0
      vertex 146.752 81.4736 0.15
    endloop
  endfacet
  facet normal -0.559649 0.82873 0
    outer loop
      vertex 146.752 81.4736 0
      vertex 146.671 81.4189 0.15
      vertex 146.752 81.4736 0.15
    endloop
  endfacet
  facet normal -0.559649 0.82873 0
    outer loop
      vertex 146.671 81.4189 0.15
      vertex 146.752 81.4736 0
      vertex 146.671 81.4189 0
    endloop
  endfacet
  facet normal -0.189227 0.981933 0
    outer loop
      vertex 146.671 81.4189 0
      vertex 146.575 81.4004 0.15
      vertex 146.671 81.4189 0.15
    endloop
  endfacet
  facet normal -0.189227 0.981933 0
    outer loop
      vertex 146.575 81.4004 0.15
      vertex 146.671 81.4189 0
      vertex 146.575 81.4004 0
    endloop
  endfacet
  facet normal 0 1 -0
    outer loop
      vertex 146.575 81.4004 0
      vertex 145.625 81.4004 0.15
      vertex 146.575 81.4004 0.15
    endloop
  endfacet
  facet normal 0 1 0
    outer loop
      vertex 145.625 81.4004 0.15
      vertex 146.575 81.4004 0
      vertex 145.625 81.4004 0
    endloop
  endfacet
  facet normal 0.189227 0.981933 -0
    outer loop
      vertex 145.625 81.4004 0
      vertex 145.529 81.4189 0.15
      vertex 145.625 81.4004 0.15
    endloop
  endfacet
  facet normal 0.189227 0.981933 0
    outer loop
      vertex 145.529 81.4189 0.15
      vertex 145.625 81.4004 0
      vertex 145.529 81.4189 0
    endloop
  endfacet
  facet normal 0.559649 0.82873 -0
    outer loop
      vertex 145.529 81.4189 0
      vertex 145.448 81.4736 0.15
      vertex 145.529 81.4189 0.15
    endloop
  endfacet
  facet normal 0.559649 0.82873 0
    outer loop
      vertex 145.448 81.4736 0.15
      vertex 145.529 81.4189 0
      vertex 145.448 81.4736 0
    endloop
  endfacet
  facet normal 0.832366 0.554226 0
    outer loop
      vertex 145.448 81.4736 0.15
      vertex 145.394 81.5547 0
      vertex 145.394 81.5547 0.15
    endloop
  endfacet
  facet normal 0.832366 0.554226 0
    outer loop
      vertex 145.394 81.5547 0
      vertex 145.448 81.4736 0.15
      vertex 145.448 81.4736 0
    endloop
  endfacet
  facet normal 0.980856 0.194736 0
    outer loop
      vertex 145.394 81.5547 0.15
      vertex 145.375 81.6504 0
      vertex 145.375 81.6504 0.15
    endloop
  endfacet
  facet normal 0.980856 0.194736 0
    outer loop
      vertex 145.375 81.6504 0
      vertex 145.394 81.5547 0.15
      vertex 145.394 81.5547 0
    endloop
  endfacet
  facet normal 1 -0 0
    outer loop
      vertex 145.375 81.6504 0.15
      vertex 145.375 82.3252 0
      vertex 145.375 82.3252 0.15
    endloop
  endfacet
  facet normal 1 0 0
    outer loop
      vertex 145.375 82.3252 0
      vertex 145.375 81.6504 0.15
      vertex 145.375 81.6504 0
    endloop
  endfacet
  facet normal 0.980856 -0.194736 0
    outer loop
      vertex 145.375 82.3252 0.15
      vertex 145.394 82.4209 0
      vertex 145.394 82.4209 0.15
    endloop
  endfacet
  facet normal 0.980856 -0.194736 0
    outer loop
      vertex 145.394 82.4209 0
      vertex 145.375 82.3252 0.15
      vertex 145.375 82.3252 0
    endloop
  endfacet
  facet normal 0.832366 -0.554226 0
    outer loop
      vertex 145.394 82.4209 0.15
      vertex 145.448 82.502 0
      vertex 145.448 82.502 0.15
    endloop
  endfacet
  facet normal 0.832366 -0.554226 0
    outer loop
      vertex 145.448 82.502 0
      vertex 145.394 82.4209 0.15
      vertex 145.394 82.4209 0
    endloop
  endfacet
  facet normal 0.552561 -0.833472 0
    outer loop
      vertex 145.448 82.502 0
      vertex 145.529 82.5557 0.15
      vertex 145.448 82.502 0.15
    endloop
  endfacet
  facet normal 0.552561 -0.833472 0
    outer loop
      vertex 145.529 82.5557 0.15
      vertex 145.448 82.502 0
      vertex 145.529 82.5557 0
    endloop
  endfacet
  facet normal 0.19906 -0.979987 0
    outer loop
      vertex 145.529 82.5557 0
      vertex 145.625 82.5752 0.15
      vertex 145.529 82.5557 0.15
    endloop
  endfacet
  facet normal 0.19906 -0.979987 0
    outer loop
      vertex 145.625 82.5752 0.15
      vertex 145.529 82.5557 0
      vertex 145.625 82.5752 0
    endloop
  endfacet
  facet normal 0 -1 0
    outer loop
      vertex 145.625 82.5752 0
      vertex 146.575 82.5752 0.15
      vertex 145.625 82.5752 0.15
    endloop
  endfacet
  facet normal 0 -1 -0
    outer loop
      vertex 146.575 82.5752 0.15
      vertex 145.625 82.5752 0
      vertex 146.575 82.5752 0
    endloop
  endfacet
  facet normal -0.19906 -0.979987 0
    outer loop
      vertex 146.575 82.5752 0
      vertex 146.671 82.5557 0.15
      vertex 146.575 82.5752 0.15
    endloop
  endfacet
  facet normal -0.19906 -0.979987 -0
    outer loop
      vertex 146.671 82.5557 0.15
      vertex 146.575 82.5752 0
      vertex 146.671 82.5557 0
    endloop
  endfacet
  facet normal -0.552561 -0.833472 0
    outer loop
      vertex 149.421 85.9307 0
      vertex 149.502 85.877 0.15
      vertex 149.421 85.9307 0.15
    endloop
  endfacet
  facet normal -0.552561 -0.833472 -0
    outer loop
      vertex 149.502 85.877 0.15
      vertex 149.421 85.9307 0
      vertex 149.502 85.877 0
    endloop
  endfacet
  facet normal -0.832366 -0.554226 0
    outer loop
      vertex 149.556 85.7959 0
      vertex 149.502 85.877 0.15
      vertex 149.502 85.877 0
    endloop
  endfacet
  facet normal -0.832366 -0.554226 0
    outer loop
      vertex 149.502 85.877 0.15
      vertex 149.556 85.7959 0
      vertex 149.556 85.7959 0.15
    endloop
  endfacet
  facet normal -0.980856 -0.194736 0
    outer loop
      vertex 149.575 85.7002 0
      vertex 149.556 85.7959 0.15
      vertex 149.556 85.7959 0
    endloop
  endfacet
  facet normal -0.980856 -0.194736 0
    outer loop
      vertex 149.556 85.7959 0.15
      vertex 149.575 85.7002 0
      vertex 149.575 85.7002 0.15
    endloop
  endfacet
  facet normal -1 0 0
    outer loop
      vertex 149.575 85.0254 0
      vertex 149.575 85.7002 0.15
      vertex 149.575 85.7002 0
    endloop
  endfacet
  facet normal -1 -0 0
    outer loop
      vertex 149.575 85.7002 0.15
      vertex 149.575 85.0254 0
      vertex 149.575 85.0254 0.15
    endloop
  endfacet
  facet normal -0.980856 0.194736 0
    outer loop
      vertex 149.556 84.9297 0
      vertex 149.575 85.0254 0.15
      vertex 149.575 85.0254 0
    endloop
  endfacet
  facet normal -0.980856 0.194736 0
    outer loop
      vertex 149.575 85.0254 0.15
      vertex 149.556 84.9297 0
      vertex 149.556 84.9297 0.15
    endloop
  endfacet
  facet normal -0.832366 0.554226 0
    outer loop
      vertex 149.502 84.8486 0
      vertex 149.556 84.9297 0.15
      vertex 149.556 84.9297 0
    endloop
  endfacet
  facet normal -0.832366 0.554226 0
    outer loop
      vertex 149.556 84.9297 0.15
      vertex 149.502 84.8486 0
      vertex 149.502 84.8486 0.15
    endloop
  endfacet
  facet normal -0.559649 0.82873 0
    outer loop
      vertex 149.502 84.8486 0
      vertex 149.421 84.7939 0.15
      vertex 149.502 84.8486 0.15
    endloop
  endfacet
  facet normal -0.559649 0.82873 0
    outer loop
      vertex 149.421 84.7939 0.15
      vertex 149.502 84.8486 0
      vertex 149.421 84.7939 0
    endloop
  endfacet
  facet normal -0.189227 0.981933 0
    outer loop
      vertex 149.421 84.7939 0
      vertex 149.325 84.7754 0.15
      vertex 149.421 84.7939 0.15
    endloop
  endfacet
  facet normal -0.189227 0.981933 0
    outer loop
      vertex 149.325 84.7754 0.15
      vertex 149.421 84.7939 0
      vertex 149.325 84.7754 0
    endloop
  endfacet
  facet normal 0 1 -0
    outer loop
      vertex 149.325 84.7754 0
      vertex 148.375 84.7754 0.15
      vertex 149.325 84.7754 0.15
    endloop
  endfacet
  facet normal 0 1 0
    outer loop
      vertex 148.375 84.7754 0.15
      vertex 149.325 84.7754 0
      vertex 148.375 84.7754 0
    endloop
  endfacet
  facet normal 0.189227 0.981933 -0
    outer loop
      vertex 148.375 84.7754 0
      vertex 148.279 84.7939 0.15
      vertex 148.375 84.7754 0.15
    endloop
  endfacet
  facet normal 0.189227 0.981933 0
    outer loop
      vertex 148.279 84.7939 0.15
      vertex 148.375 84.7754 0
      vertex 148.279 84.7939 0
    endloop
  endfacet
  facet normal 0.559649 0.82873 -0
    outer loop
      vertex 148.279 84.7939 0
      vertex 148.198 84.8486 0.15
      vertex 148.279 84.7939 0.15
    endloop
  endfacet
  facet normal 0.559649 0.82873 0
    outer loop
      vertex 148.198 84.8486 0.15
      vertex 148.279 84.7939 0
      vertex 148.198 84.8486 0
    endloop
  endfacet
  facet normal 0.832366 0.554226 0
    outer loop
      vertex 148.198 84.8486 0.15
      vertex 148.144 84.9297 0
      vertex 148.144 84.9297 0.15
    endloop
  endfacet
  facet normal 0.832366 0.554226 0
    outer loop
      vertex 148.144 84.9297 0
      vertex 148.198 84.8486 0.15
      vertex 148.198 84.8486 0
    endloop
  endfacet
  facet normal 0.980856 0.194736 0
    outer loop
      vertex 148.144 84.9297 0.15
      vertex 148.125 85.0254 0
      vertex 148.125 85.0254 0.15
    endloop
  endfacet
  facet normal 0.980856 0.194736 0
    outer loop
      vertex 148.125 85.0254 0
      vertex 148.144 84.9297 0.15
      vertex 148.144 84.9297 0
    endloop
  endfacet
  facet normal 1 -0 0
    outer loop
      vertex 148.125 85.0254 0.15
      vertex 148.125 85.7002 0
      vertex 148.125 85.7002 0.15
    endloop
  endfacet
  facet normal 1 0 0
    outer loop
      vertex 148.125 85.7002 0
      vertex 148.125 85.0254 0.15
      vertex 148.125 85.0254 0
    endloop
  endfacet
  facet normal 0.980856 -0.194736 0
    outer loop
      vertex 148.125 85.7002 0.15
      vertex 148.144 85.7959 0
      vertex 148.144 85.7959 0.15
    endloop
  endfacet
  facet normal 0.980856 -0.194736 0
    outer loop
      vertex 148.144 85.7959 0
      vertex 148.125 85.7002 0.15
      vertex 148.125 85.7002 0
    endloop
  endfacet
  facet normal 0.832366 -0.554226 0
    outer loop
      vertex 148.144 85.7959 0.15
      vertex 148.198 85.877 0
      vertex 148.198 85.877 0.15
    endloop
  endfacet
  facet normal 0.832366 -0.554226 0
    outer loop
      vertex 148.198 85.877 0
      vertex 148.144 85.7959 0.15
      vertex 148.144 85.7959 0
    endloop
  endfacet
  facet normal 0.552561 -0.833472 0
    outer loop
      vertex 148.198 85.877 0
      vertex 148.279 85.9307 0.15
      vertex 148.198 85.877 0.15
    endloop
  endfacet
  facet normal 0.552561 -0.833472 0
    outer loop
      vertex 148.279 85.9307 0.15
      vertex 148.198 85.877 0
      vertex 148.279 85.9307 0
    endloop
  endfacet
  facet normal 0.19906 -0.979987 0
    outer loop
      vertex 148.279 85.9307 0
      vertex 148.375 85.9502 0.15
      vertex 148.279 85.9307 0.15
    endloop
  endfacet
  facet normal 0.19906 -0.979987 0
    outer loop
      vertex 148.375 85.9502 0.15
      vertex 148.279 85.9307 0
      vertex 148.375 85.9502 0
    endloop
  endfacet
  facet normal 0 -1 0
    outer loop
      vertex 148.375 85.9502 0
      vertex 149.325 85.9502 0.15
      vertex 148.375 85.9502 0.15
    endloop
  endfacet
  facet normal 0 -1 -0
    outer loop
      vertex 149.325 85.9502 0.15
      vertex 148.375 85.9502 0
      vertex 149.325 85.9502 0
    endloop
  endfacet
  facet normal -0.19906 -0.979987 0
    outer loop
      vertex 149.325 85.9502 0
      vertex 149.421 85.9307 0.15
      vertex 149.325 85.9502 0.15
    endloop
  endfacet
  facet normal -0.19906 -0.979987 -0
    outer loop
      vertex 149.421 85.9307 0.15
      vertex 149.325 85.9502 0
      vertex 149.421 85.9307 0
    endloop
  endfacet
  facet normal -0.568854 -0.822439 0
    outer loop
      vertex 135.758 86.5889 0
      vertex 135.806 86.5557 0.15
      vertex 135.758 86.5889 0.15
    endloop
  endfacet
  facet normal -0.568854 -0.822439 -0
    outer loop
      vertex 135.806 86.5557 0.15
      vertex 135.758 86.5889 0
      vertex 135.806 86.5557 0
    endloop
  endfacet
  facet normal -0.82349 -0.567331 0
    outer loop
      vertex 135.839 86.5078 0
      vertex 135.806 86.5557 0.15
      vertex 135.806 86.5557 0
    endloop
  endfacet
  facet normal -0.82349 -0.567331 0
    outer loop
      vertex 135.806 86.5557 0.15
      vertex 135.839 86.5078 0
      vertex 135.839 86.5078 0.15
    endloop
  endfacet
  facet normal -0.982249 -0.187582 0
    outer loop
      vertex 135.85 86.4502 0
      vertex 135.839 86.5078 0.15
      vertex 135.839 86.5078 0
    endloop
  endfacet
  facet normal -0.982249 -0.187582 0
    outer loop
      vertex 135.839 86.5078 0.15
      vertex 135.85 86.4502 0
      vertex 135.85 86.4502 0.15
    endloop
  endfacet
  facet normal -1 0 0
    outer loop
      vertex 135.85 85.2754 0
      vertex 135.85 86.4502 0.15
      vertex 135.85 86.4502 0
    endloop
  endfacet
  facet normal -1 -0 0
    outer loop
      vertex 135.85 86.4502 0.15
      vertex 135.85 85.2754 0
      vertex 135.85 85.2754 0.15
    endloop
  endfacet
  facet normal -0.982249 0.187582 0
    outer loop
      vertex 135.839 85.2178 0
      vertex 135.85 85.2754 0.15
      vertex 135.85 85.2754 0
    endloop
  endfacet
  facet normal -0.982249 0.187582 0
    outer loop
      vertex 135.85 85.2754 0.15
      vertex 135.839 85.2178 0
      vertex 135.839 85.2178 0.15
    endloop
  endfacet
  facet normal -0.828908 0.559386 0
    outer loop
      vertex 135.806 85.1689 0
      vertex 135.839 85.2178 0.15
      vertex 135.839 85.2178 0
    endloop
  endfacet
  facet normal -0.828908 0.559386 0
    outer loop
      vertex 135.839 85.2178 0.15
      vertex 135.806 85.1689 0
      vertex 135.806 85.1689 0.15
    endloop
  endfacet
  facet normal -0.557093 0.83045 0
    outer loop
      vertex 135.806 85.1689 0
      vertex 135.758 85.1367 0.15
      vertex 135.806 85.1689 0.15
    endloop
  endfacet
  facet normal -0.557093 0.83045 0
    outer loop
      vertex 135.758 85.1367 0.15
      vertex 135.806 85.1689 0
      vertex 135.758 85.1367 0
    endloop
  endfacet
  facet normal -0.197741 0.980254 0
    outer loop
      vertex 135.758 85.1367 0
      vertex 135.7 85.125 0.15
      vertex 135.758 85.1367 0.15
    endloop
  endfacet
  facet normal -0.197741 0.980254 0
    outer loop
      vertex 135.7 85.125 0.15
      vertex 135.758 85.1367 0
      vertex 135.7 85.125 0
    endloop
  endfacet
  facet normal 0 1 -0
    outer loop
      vertex 135.7 85.125 0
      vertex 135.4 85.125 0.15
      vertex 135.7 85.125 0.15
    endloop
  endfacet
  facet normal 0 1 0
    outer loop
      vertex 135.4 85.125 0.15
      vertex 135.7 85.125 0
      vertex 135.4 85.125 0
    endloop
  endfacet
  facet normal 0.201071 0.979577 -0
    outer loop
      vertex 135.4 85.125 0
      vertex 135.343 85.1367 0.15
      vertex 135.4 85.125 0.15
    endloop
  endfacet
  facet normal 0.201071 0.979577 0
    outer loop
      vertex 135.343 85.1367 0.15
      vertex 135.4 85.125 0
      vertex 135.343 85.1367 0
    endloop
  endfacet
  facet normal 0.549178 0.835705 -0
    outer loop
      vertex 135.343 85.1367 0
      vertex 135.294 85.1689 0.15
      vertex 135.343 85.1367 0.15
    endloop
  endfacet
  facet normal 0.549178 0.835705 0
    outer loop
      vertex 135.294 85.1689 0.15
      vertex 135.343 85.1367 0
      vertex 135.294 85.1689 0
    endloop
  endfacet
  facet normal 0.836759 0.547572 0
    outer loop
      vertex 135.294 85.1689 0.15
      vertex 135.262 85.2178 0
      vertex 135.262 85.2178 0.15
    endloop
  endfacet
  facet normal 0.836759 0.547572 0
    outer loop
      vertex 135.262 85.2178 0
      vertex 135.294 85.1689 0.15
      vertex 135.294 85.1689 0
    endloop
  endfacet
  facet normal 0.97898 0.203954 0
    outer loop
      vertex 135.262 85.2178 0.15
      vertex 135.25 85.2754 0
      vertex 135.25 85.2754 0.15
    endloop
  endfacet
  facet normal 0.97898 0.203954 0
    outer loop
      vertex 135.25 85.2754 0
      vertex 135.262 85.2178 0.15
      vertex 135.262 85.2178 0
    endloop
  endfacet
  facet normal 1 -0 0
    outer loop
      vertex 135.25 85.2754 0.15
      vertex 135.25 86.4502 0
      vertex 135.25 86.4502 0.15
    endloop
  endfacet
  facet normal 1 0 0
    outer loop
      vertex 135.25 86.4502 0
      vertex 135.25 85.2754 0.15
      vertex 135.25 85.2754 0
    endloop
  endfacet
  facet normal 0.97898 -0.203954 0
    outer loop
      vertex 135.25 86.4502 0.15
      vertex 135.262 86.5078 0
      vertex 135.262 86.5078 0.15
    endloop
  endfacet
  facet normal 0.97898 -0.203954 0
    outer loop
      vertex 135.262 86.5078 0
      vertex 135.25 86.4502 0.15
      vertex 135.25 86.4502 0
    endloop
  endfacet
  facet normal 0.831516 -0.555501 0
    outer loop
      vertex 135.262 86.5078 0.15
      vertex 135.294 86.5557 0
      vertex 135.294 86.5557 0.15
    endloop
  endfacet
  facet normal 0.831516 -0.555501 0
    outer loop
      vertex 135.294 86.5557 0
      vertex 135.262 86.5078 0.15
      vertex 135.262 86.5078 0
    endloop
  endfacet
  facet normal 0.560923 -0.827868 0
    outer loop
      vertex 135.294 86.5557 0
      vertex 135.343 86.5889 0.15
      vertex 135.294 86.5557 0.15
    endloop
  endfacet
  facet normal 0.560923 -0.827868 0
    outer loop
      vertex 135.343 86.5889 0.15
      vertex 135.294 86.5557 0
      vertex 135.343 86.5889 0
    endloop
  endfacet
  facet normal 0.184497 -0.982833 0
    outer loop
      vertex 135.343 86.5889 0
      vertex 135.4 86.5996 0.15
      vertex 135.343 86.5889 0.15
    endloop
  endfacet
  facet normal 0.184497 -0.982833 0
    outer loop
      vertex 135.4 86.5996 0.15
      vertex 135.343 86.5889 0
      vertex 135.4 86.5996 0
    endloop
  endfacet
  facet normal 0 -1 0
    outer loop
      vertex 135.4 86.5996 0
      vertex 135.7 86.5996 0.15
      vertex 135.4 86.5996 0.15
    endloop
  endfacet
  facet normal 0 -1 -0
    outer loop
      vertex 135.7 86.5996 0.15
      vertex 135.4 86.5996 0
      vertex 135.7 86.5996 0
    endloop
  endfacet
  facet normal -0.181421 -0.983405 0
    outer loop
      vertex 135.7 86.5996 0
      vertex 135.758 86.5889 0.15
      vertex 135.7 86.5996 0.15
    endloop
  endfacet
  facet normal -0.181421 -0.983405 -0
    outer loop
      vertex 135.758 86.5889 0.15
      vertex 135.7 86.5996 0
      vertex 135.758 86.5889 0
    endloop
  endfacet
  facet normal -0.550367 -0.834923 0
    outer loop
      vertex 139.607 86.6387 0
      vertex 139.656 86.6064 0.15
      vertex 139.607 86.6387 0.15
    endloop
  endfacet
  facet normal -0.550367 -0.834923 -0
    outer loop
      vertex 139.656 86.6064 0.15
      vertex 139.607 86.6387 0
      vertex 139.656 86.6064 0
    endloop
  endfacet
  facet normal -0.836244 -0.548357 0
    outer loop
      vertex 139.688 86.5576 0
      vertex 139.656 86.6064 0.15
      vertex 139.656 86.6064 0
    endloop
  endfacet
  facet normal -0.836244 -0.548357 0
    outer loop
      vertex 139.656 86.6064 0.15
      vertex 139.688 86.5576 0
      vertex 139.688 86.5576 0.15
    endloop
  endfacet
  facet normal -0.97898 -0.203954 0
    outer loop
      vertex 139.7 86.5 0
      vertex 139.688 86.5576 0.15
      vertex 139.688 86.5576 0
    endloop
  endfacet
  facet normal -0.97898 -0.203954 0
    outer loop
      vertex 139.688 86.5576 0.15
      vertex 139.7 86.5 0
      vertex 139.7 86.5 0.15
    endloop
  endfacet
  facet normal -1 0 0
    outer loop
      vertex 139.7 85.3252 0
      vertex 139.7 86.5 0.15
      vertex 139.7 86.5 0
    endloop
  endfacet
  facet normal -1 -0 0
    outer loop
      vertex 139.7 86.5 0.15
      vertex 139.7 85.3252 0
      vertex 139.7 85.3252 0.15
    endloop
  endfacet
  facet normal -0.97898 0.203954 0
    outer loop
      vertex 139.688 85.2676 0
      vertex 139.7 85.3252 0.15
      vertex 139.7 85.3252 0
    endloop
  endfacet
  facet normal -0.97898 0.203954 0
    outer loop
      vertex 139.7 85.3252 0.15
      vertex 139.688 85.2676 0
      vertex 139.688 85.2676 0.15
    endloop
  endfacet
  facet normal -0.836244 0.548357 0
    outer loop
      vertex 139.656 85.2188 0
      vertex 139.688 85.2676 0.15
      vertex 139.688 85.2676 0
    endloop
  endfacet
  facet normal -0.836244 0.548357 0
    outer loop
      vertex 139.688 85.2676 0.15
      vertex 139.656 85.2188 0
      vertex 139.656 85.2188 0.15
    endloop
  endfacet
  facet normal -0.550367 0.834923 0
    outer loop
      vertex 139.656 85.2188 0
      vertex 139.607 85.1865 0.15
      vertex 139.656 85.2188 0.15
    endloop
  endfacet
  facet normal -0.550367 0.834923 0
    outer loop
      vertex 139.607 85.1865 0.15
      vertex 139.656 85.2188 0
      vertex 139.607 85.1865 0
    endloop
  endfacet
  facet normal -0.201071 0.979577 0
    outer loop
      vertex 139.607 85.1865 0
      vertex 139.55 85.1748 0.15
      vertex 139.607 85.1865 0.15
    endloop
  endfacet
  facet normal -0.201071 0.979577 0
    outer loop
      vertex 139.55 85.1748 0.15
      vertex 139.607 85.1865 0
      vertex 139.55 85.1748 0
    endloop
  endfacet
  facet normal 0 1 -0
    outer loop
      vertex 139.55 85.1748 0
      vertex 139.25 85.1748 0.15
      vertex 139.55 85.1748 0.15
    endloop
  endfacet
  facet normal 0 1 0
    outer loop
      vertex 139.25 85.1748 0.15
      vertex 139.55 85.1748 0
      vertex 139.25 85.1748 0
    endloop
  endfacet
  facet normal 0.197741 0.980254 -0
    outer loop
      vertex 139.25 85.1748 0
      vertex 139.192 85.1865 0.15
      vertex 139.25 85.1748 0.15
    endloop
  endfacet
  facet normal 0.197741 0.980254 0
    outer loop
      vertex 139.192 85.1865 0.15
      vertex 139.25 85.1748 0
      vertex 139.192 85.1865 0
    endloop
  endfacet
  facet normal 0.558285 0.829649 -0
    outer loop
      vertex 139.192 85.1865 0
      vertex 139.144 85.2188 0.15
      vertex 139.192 85.1865 0.15
    endloop
  endfacet
  facet normal 0.558285 0.829649 0
    outer loop
      vertex 139.144 85.2188 0.15
      vertex 139.192 85.1865 0
      vertex 139.144 85.2188 0
    endloop
  endfacet
  facet normal 0.828376 0.560172 0
    outer loop
      vertex 139.144 85.2188 0.15
      vertex 139.111 85.2676 0
      vertex 139.111 85.2676 0.15
    endloop
  endfacet
  facet normal 0.828376 0.560172 0
    outer loop
      vertex 139.111 85.2676 0
      vertex 139.144 85.2188 0.15
      vertex 139.144 85.2188 0
    endloop
  endfacet
  facet normal 0.982249 0.187582 0
    outer loop
      vertex 139.111 85.2676 0.15
      vertex 139.1 85.3252 0
      vertex 139.1 85.3252 0.15
    endloop
  endfacet
  facet normal 0.982249 0.187582 0
    outer loop
      vertex 139.1 85.3252 0
      vertex 139.111 85.2676 0.15
      vertex 139.111 85.2676 0
    endloop
  endfacet
  facet normal 1 -0 0
    outer loop
      vertex 139.1 85.3252 0.15
      vertex 139.1 86.5 0
      vertex 139.1 86.5 0.15
    endloop
  endfacet
  facet normal 1 0 0
    outer loop
      vertex 139.1 86.5 0
      vertex 139.1 85.3252 0.15
      vertex 139.1 85.3252 0
    endloop
  endfacet
  facet normal 0.982249 -0.187582 0
    outer loop
      vertex 139.1 86.5 0.15
      vertex 139.111 86.5576 0
      vertex 139.111 86.5576 0.15
    endloop
  endfacet
  facet normal 0.982249 -0.187582 0
    outer loop
      vertex 139.111 86.5576 0
      vertex 139.1 86.5 0.15
      vertex 139.1 86.5 0
    endloop
  endfacet
  facet normal 0.828376 -0.560172 0
    outer loop
      vertex 139.111 86.5576 0.15
      vertex 139.144 86.6064 0
      vertex 139.144 86.6064 0.15
    endloop
  endfacet
  facet normal 0.828376 -0.560172 0
    outer loop
      vertex 139.144 86.6064 0
      vertex 139.111 86.5576 0.15
      vertex 139.111 86.5576 0
    endloop
  endfacet
  facet normal 0.558285 -0.829649 0
    outer loop
      vertex 139.144 86.6064 0
      vertex 139.192 86.6387 0.15
      vertex 139.144 86.6064 0.15
    endloop
  endfacet
  facet normal 0.558285 -0.829649 0
    outer loop
      vertex 139.192 86.6387 0.15
      vertex 139.144 86.6064 0
      vertex 139.192 86.6387 0
    endloop
  endfacet
  facet normal 0.197741 -0.980254 0
    outer loop
      vertex 139.192 86.6387 0
      vertex 139.25 86.6504 0.15
      vertex 139.192 86.6387 0.15
    endloop
  endfacet
  facet normal 0.197741 -0.980254 0
    outer loop
      vertex 139.25 86.6504 0.15
      vertex 139.192 86.6387 0
      vertex 139.25 86.6504 0
    endloop
  endfacet
  facet normal 0 -1 0
    outer loop
      vertex 139.25 86.6504 0
      vertex 139.55 86.6504 0.15
      vertex 139.25 86.6504 0.15
    endloop
  endfacet
  facet normal 0 -1 -0
    outer loop
      vertex 139.55 86.6504 0.15
      vertex 139.25 86.6504 0
      vertex 139.55 86.6504 0
    endloop
  endfacet
  facet normal -0.201071 -0.979577 0
    outer loop
      vertex 139.55 86.6504 0
      vertex 139.607 86.6387 0.15
      vertex 139.55 86.6504 0.15
    endloop
  endfacet
  facet normal -0.201071 -0.979577 -0
    outer loop
      vertex 139.607 86.6387 0.15
      vertex 139.55 86.6504 0
      vertex 139.607 86.6387 0
    endloop
  endfacet
  facet normal -0.559649 -0.82873 0
    outer loop
      vertex 143.195 86.5938 0
      vertex 143.276 86.5391 0.15
      vertex 143.195 86.5938 0.15
    endloop
  endfacet
  facet normal -0.559649 -0.82873 -0
    outer loop
      vertex 143.276 86.5391 0.15
      vertex 143.195 86.5938 0
      vertex 143.276 86.5391 0
    endloop
  endfacet
  facet normal -0.827628 -0.561277 0
    outer loop
      vertex 143.331 86.458 0
      vertex 143.276 86.5391 0.15
      vertex 143.276 86.5391 0
    endloop
  endfacet
  facet normal -0.827628 -0.561277 0
    outer loop
      vertex 143.276 86.5391 0.15
      vertex 143.331 86.458 0
      vertex 143.331 86.458 0.15
    endloop
  endfacet
  facet normal -0.980856 -0.194736 0
    outer loop
      vertex 143.35 86.3623 0
      vertex 143.331 86.458 0.15
      vertex 143.331 86.458 0
    endloop
  endfacet
  facet normal -0.980856 -0.194736 0
    outer loop
      vertex 143.331 86.458 0.15
      vertex 143.35 86.3623 0
      vertex 143.35 86.3623 0.15
    endloop
  endfacet
  facet normal -1 0 0
    outer loop
      vertex 143.35 85.6621 0
      vertex 143.35 86.3623 0.15
      vertex 143.35 86.3623 0
    endloop
  endfacet
  facet normal -1 -0 0
    outer loop
      vertex 143.35 86.3623 0.15
      vertex 143.35 85.6621 0
      vertex 143.35 85.6621 0.15
    endloop
  endfacet
  facet normal -0.980856 0.194736 0
    outer loop
      vertex 143.331 85.5664 0
      vertex 143.35 85.6621 0.15
      vertex 143.35 85.6621 0
    endloop
  endfacet
  facet normal -0.980856 0.194736 0
    outer loop
      vertex 143.35 85.6621 0.15
      vertex 143.331 85.5664 0
      vertex 143.331 85.5664 0.15
    endloop
  endfacet
  facet normal -0.827306 0.561751 0
    outer loop
      vertex 143.276 85.4854 0
      vertex 143.331 85.5664 0.15
      vertex 143.331 85.5664 0
    endloop
  endfacet
  facet normal -0.827306 0.561751 0
    outer loop
      vertex 143.331 85.5664 0.15
      vertex 143.276 85.4854 0
      vertex 143.276 85.4854 0.15
    endloop
  endfacet
  facet normal -0.553275 0.832998 0
    outer loop
      vertex 143.276 85.4854 0
      vertex 143.195 85.4316 0.15
      vertex 143.276 85.4854 0.15
    endloop
  endfacet
  facet normal -0.553275 0.832998 0
    outer loop
      vertex 143.195 85.4316 0.15
      vertex 143.276 85.4854 0
      vertex 143.195 85.4316 0
    endloop
  endfacet
  facet normal -0.201071 0.979577 0
    outer loop
      vertex 143.195 85.4316 0
      vertex 143.1 85.4121 0.15
      vertex 143.195 85.4316 0.15
    endloop
  endfacet
  facet normal -0.201071 0.979577 0
    outer loop
      vertex 143.1 85.4121 0.15
      vertex 143.195 85.4316 0
      vertex 143.1 85.4121 0
    endloop
  endfacet
  facet normal 0 1 -0
    outer loop
      vertex 143.1 85.4121 0
      vertex 142.2 85.4121 0.15
      vertex 143.1 85.4121 0.15
    endloop
  endfacet
  facet normal 0 1 0
    outer loop
      vertex 142.2 85.4121 0.15
      vertex 143.1 85.4121 0
      vertex 142.2 85.4121 0
    endloop
  endfacet
  facet normal 0.19906 0.979987 -0
    outer loop
      vertex 142.2 85.4121 0
      vertex 142.104 85.4316 0.15
      vertex 142.2 85.4121 0.15
    endloop
  endfacet
  facet normal 0.19906 0.979987 0
    outer loop
      vertex 142.104 85.4316 0.15
      vertex 142.2 85.4121 0
      vertex 142.104 85.4316 0
    endloop
  endfacet
  facet normal 0.553275 0.832998 -0
    outer loop
      vertex 142.104 85.4316 0
      vertex 142.023 85.4854 0.15
      vertex 142.104 85.4316 0.15
    endloop
  endfacet
  facet normal 0.553275 0.832998 0
    outer loop
      vertex 142.023 85.4854 0.15
      vertex 142.104 85.4316 0
      vertex 142.023 85.4854 0
    endloop
  endfacet
  facet normal 0.83205 0.5547 0
    outer loop
      vertex 142.023 85.4854 0.15
      vertex 141.969 85.5664 0
      vertex 141.969 85.5664 0.15
    endloop
  endfacet
  facet normal 0.83205 0.5547 0
    outer loop
      vertex 141.969 85.5664 0
      vertex 142.023 85.4854 0.15
      vertex 142.023 85.4854 0
    endloop
  endfacet
  facet normal 0.980856 0.194736 0
    outer loop
      vertex 141.969 85.5664 0.15
      vertex 141.95 85.6621 0
      vertex 141.95 85.6621 0.15
    endloop
  endfacet
  facet normal 0.980856 0.194736 0
    outer loop
      vertex 141.95 85.6621 0
      vertex 141.969 85.5664 0.15
      vertex 141.969 85.5664 0
    endloop
  endfacet
  facet normal 1 -0 0
    outer loop
      vertex 141.95 85.6621 0.15
      vertex 141.95 86.3623 0
      vertex 141.95 86.3623 0.15
    endloop
  endfacet
  facet normal 1 0 0
    outer loop
      vertex 141.95 86.3623 0
      vertex 141.95 85.6621 0.15
      vertex 141.95 85.6621 0
    endloop
  endfacet
  facet normal 0.980856 -0.194736 0
    outer loop
      vertex 141.95 86.3623 0.15
      vertex 141.969 86.458 0
      vertex 141.969 86.458 0.15
    endloop
  endfacet
  facet normal 0.980856 -0.194736 0
    outer loop
      vertex 141.969 86.458 0
      vertex 141.95 86.3623 0.15
      vertex 141.95 86.3623 0
    endloop
  endfacet
  facet normal 0.832366 -0.554226 0
    outer loop
      vertex 141.969 86.458 0.15
      vertex 142.023 86.5391 0
      vertex 142.023 86.5391 0.15
    endloop
  endfacet
  facet normal 0.832366 -0.554226 0
    outer loop
      vertex 142.023 86.5391 0
      vertex 141.969 86.458 0.15
      vertex 141.969 86.458 0
    endloop
  endfacet
  facet normal 0.559649 -0.82873 0
    outer loop
      vertex 142.023 86.5391 0
      vertex 142.104 86.5938 0.15
      vertex 142.023 86.5391 0.15
    endloop
  endfacet
  facet normal 0.559649 -0.82873 0
    outer loop
      vertex 142.104 86.5938 0.15
      vertex 142.023 86.5391 0
      vertex 142.104 86.5938 0
    endloop
  endfacet
  facet normal 0.189227 -0.981933 0
    outer loop
      vertex 142.104 86.5938 0
      vertex 142.2 86.6123 0.15
      vertex 142.104 86.5938 0.15
    endloop
  endfacet
  facet normal 0.189227 -0.981933 0
    outer loop
      vertex 142.2 86.6123 0.15
      vertex 142.104 86.5938 0
      vertex 142.2 86.6123 0
    endloop
  endfacet
  facet normal 0 -1 0
    outer loop
      vertex 142.2 86.6123 0
      vertex 143.1 86.6123 0.15
      vertex 142.2 86.6123 0.15
    endloop
  endfacet
  facet normal 0 -1 -0
    outer loop
      vertex 143.1 86.6123 0.15
      vertex 142.2 86.6123 0
      vertex 143.1 86.6123 0
    endloop
  endfacet
  facet normal -0.191146 -0.981562 0
    outer loop
      vertex 143.1 86.6123 0
      vertex 143.195 86.5938 0.15
      vertex 143.1 86.6123 0.15
    endloop
  endfacet
  facet normal -0.191146 -0.981562 -0
    outer loop
      vertex 143.195 86.5938 0.15
      vertex 143.1 86.6123 0
      vertex 143.195 86.5938 0
    endloop
  endfacet
  facet normal -0.553275 -0.832998 0
    outer loop
      vertex 149.421 88.0059 0
      vertex 149.502 87.9521 0.15
      vertex 149.421 88.0059 0.15
    endloop
  endfacet
  facet normal -0.553275 -0.832998 -0
    outer loop
      vertex 149.502 87.9521 0.15
      vertex 149.421 88.0059 0
      vertex 149.502 87.9521 0
    endloop
  endfacet
  facet normal -0.83205 -0.5547 0
    outer loop
      vertex 149.556 87.8711 0
      vertex 149.502 87.9521 0.15
      vertex 149.502 87.9521 0
    endloop
  endfacet
  facet normal -0.83205 -0.5547 0
    outer loop
      vertex 149.502 87.9521 0.15
      vertex 149.556 87.8711 0
      vertex 149.556 87.8711 0.15
    endloop
  endfacet
  facet normal -0.980856 -0.194736 0
    outer loop
      vertex 149.575 87.7754 0
      vertex 149.556 87.8711 0.15
      vertex 149.556 87.8711 0
    endloop
  endfacet
  facet normal -0.980856 -0.194736 0
    outer loop
      vertex 149.556 87.8711 0.15
      vertex 149.575 87.7754 0
      vertex 149.575 87.7754 0.15
    endloop
  endfacet
  facet normal -1 0 0
    outer loop
      vertex 149.575 87.0996 0
      vertex 149.575 87.7754 0.15
      vertex 149.575 87.7754 0
    endloop
  endfacet
  facet normal -1 -0 0
    outer loop
      vertex 149.575 87.7754 0.15
      vertex 149.575 87.0996 0
      vertex 149.575 87.0996 0.15
    endloop
  endfacet
  facet normal -0.980856 0.194736 0
    outer loop
      vertex 149.556 87.0039 0
      vertex 149.575 87.0996 0.15
      vertex 149.575 87.0996 0
    endloop
  endfacet
  facet normal -0.980856 0.194736 0
    outer loop
      vertex 149.575 87.0996 0.15
      vertex 149.556 87.0039 0
      vertex 149.556 87.0039 0.15
    endloop
  endfacet
  facet normal -0.83205 0.5547 0
    outer loop
      vertex 149.502 86.9229 0
      vertex 149.556 87.0039 0.15
      vertex 149.556 87.0039 0
    endloop
  endfacet
  facet normal -0.83205 0.5547 0
    outer loop
      vertex 149.556 87.0039 0.15
      vertex 149.502 86.9229 0
      vertex 149.502 86.9229 0.15
    endloop
  endfacet
  facet normal -0.553275 0.832998 0
    outer loop
      vertex 149.502 86.9229 0
      vertex 149.421 86.8691 0.15
      vertex 149.502 86.9229 0.15
    endloop
  endfacet
  facet normal -0.553275 0.832998 0
    outer loop
      vertex 149.421 86.8691 0.15
      vertex 149.502 86.9229 0
      vertex 149.421 86.8691 0
    endloop
  endfacet
  facet normal -0.19906 0.979987 0
    outer loop
      vertex 149.421 86.8691 0
      vertex 149.325 86.8496 0.15
      vertex 149.421 86.8691 0.15
    endloop
  endfacet
  facet normal -0.19906 0.979987 0
    outer loop
      vertex 149.325 86.8496 0.15
      vertex 149.421 86.8691 0
      vertex 149.325 86.8496 0
    endloop
  endfacet
  facet normal 0 1 -0
    outer loop
      vertex 149.325 86.8496 0
      vertex 148.375 86.8496 0.15
      vertex 149.325 86.8496 0.15
    endloop
  endfacet
  facet normal 0 1 0
    outer loop
      vertex 148.375 86.8496 0.15
      vertex 149.325 86.8496 0
      vertex 148.375 86.8496 0
    endloop
  endfacet
  facet normal 0.19906 0.979987 -0
    outer loop
      vertex 148.375 86.8496 0
      vertex 148.279 86.8691 0.15
      vertex 148.375 86.8496 0.15
    endloop
  endfacet
  facet normal 0.19906 0.979987 0
    outer loop
      vertex 148.279 86.8691 0.15
      vertex 148.375 86.8496 0
      vertex 148.279 86.8691 0
    endloop
  endfacet
  facet normal 0.553275 0.832998 -0
    outer loop
      vertex 148.279 86.8691 0
      vertex 148.198 86.9229 0.15
      vertex 148.279 86.8691 0.15
    endloop
  endfacet
  facet normal 0.553275 0.832998 0
    outer loop
      vertex 148.198 86.9229 0.15
      vertex 148.279 86.8691 0
      vertex 148.198 86.9229 0
    endloop
  endfacet
  facet normal 0.83205 0.5547 0
    outer loop
      vertex 148.198 86.9229 0.15
      vertex 148.144 87.0039 0
      vertex 148.144 87.0039 0.15
    endloop
  endfacet
  facet normal 0.83205 0.5547 0
    outer loop
      vertex 148.144 87.0039 0
      vertex 148.198 86.9229 0.15
      vertex 148.198 86.9229 0
    endloop
  endfacet
  facet normal 0.980856 0.194736 0
    outer loop
      vertex 148.144 87.0039 0.15
      vertex 148.125 87.0996 0
      vertex 148.125 87.0996 0.15
    endloop
  endfacet
  facet normal 0.980856 0.194736 0
    outer loop
      vertex 148.125 87.0996 0
      vertex 148.144 87.0039 0.15
      vertex 148.144 87.0039 0
    endloop
  endfacet
  facet normal 1 -0 0
    outer loop
      vertex 148.125 87.0996 0.15
      vertex 148.125 87.7754 0
      vertex 148.125 87.7754 0.15
    endloop
  endfacet
  facet normal 1 0 0
    outer loop
      vertex 148.125 87.7754 0
      vertex 148.125 87.0996 0.15
      vertex 148.125 87.0996 0
    endloop
  endfacet
  facet normal 0.980856 -0.194736 0
    outer loop
      vertex 148.125 87.7754 0.15
      vertex 148.144 87.8711 0
      vertex 148.144 87.8711 0.15
    endloop
  endfacet
  facet normal 0.980856 -0.194736 0
    outer loop
      vertex 148.144 87.8711 0
      vertex 148.125 87.7754 0.15
      vertex 148.125 87.7754 0
    endloop
  endfacet
  facet normal 0.83205 -0.5547 0
    outer loop
      vertex 148.144 87.8711 0.15
      vertex 148.198 87.9521 0
      vertex 148.198 87.9521 0.15
    endloop
  endfacet
  facet normal 0.83205 -0.5547 0
    outer loop
      vertex 148.198 87.9521 0
      vertex 148.144 87.8711 0.15
      vertex 148.144 87.8711 0
    endloop
  endfacet
  facet normal 0.553275 -0.832998 0
    outer loop
      vertex 148.198 87.9521 0
      vertex 148.279 88.0059 0.15
      vertex 148.198 87.9521 0.15
    endloop
  endfacet
  facet normal 0.553275 -0.832998 0
    outer loop
      vertex 148.279 88.0059 0.15
      vertex 148.198 87.9521 0
      vertex 148.279 88.0059 0
    endloop
  endfacet
  facet normal 0.19906 -0.979987 0
    outer loop
      vertex 148.279 88.0059 0
      vertex 148.375 88.0254 0.15
      vertex 148.279 88.0059 0.15
    endloop
  endfacet
  facet normal 0.19906 -0.979987 0
    outer loop
      vertex 148.375 88.0254 0.15
      vertex 148.279 88.0059 0
      vertex 148.375 88.0254 0
    endloop
  endfacet
  facet normal 0 -1 0
    outer loop
      vertex 148.375 88.0254 0
      vertex 149.325 88.0254 0.15
      vertex 148.375 88.0254 0.15
    endloop
  endfacet
  facet normal 0 -1 -0
    outer loop
      vertex 149.325 88.0254 0.15
      vertex 148.375 88.0254 0
      vertex 149.325 88.0254 0
    endloop
  endfacet
  facet normal -0.19906 -0.979987 0
    outer loop
      vertex 149.325 88.0254 0
      vertex 149.421 88.0059 0.15
      vertex 149.325 88.0254 0.15
    endloop
  endfacet
  facet normal -0.19906 -0.979987 -0
    outer loop
      vertex 149.421 88.0059 0.15
      vertex 149.325 88.0254 0
      vertex 149.421 88.0059 0
    endloop
  endfacet
  facet normal -0.560923 -0.827868 0
    outer loop
      vertex 136.707 88.4639 0
      vertex 136.756 88.4307 0.15
      vertex 136.707 88.4639 0.15
    endloop
  endfacet
  facet normal -0.560923 -0.827868 -0
    outer loop
      vertex 136.756 88.4307 0.15
      vertex 136.707 88.4639 0
      vertex 136.756 88.4307 0
    endloop
  endfacet
  facet normal -0.82349 -0.567331 0
    outer loop
      vertex 136.789 88.3828 0
      vertex 136.756 88.4307 0.15
      vertex 136.756 88.4307 0
    endloop
  endfacet
  facet normal -0.82349 -0.567331 0
    outer loop
      vertex 136.756 88.4307 0.15
      vertex 136.789 88.3828 0
      vertex 136.789 88.3828 0.15
    endloop
  endfacet
  facet normal -0.982249 -0.187582 0
    outer loop
      vertex 136.8 88.3252 0
      vertex 136.789 88.3828 0.15
      vertex 136.789 88.3828 0
    endloop
  endfacet
  facet normal -0.982249 -0.187582 0
    outer loop
      vertex 136.789 88.3828 0.15
      vertex 136.8 88.3252 0
      vertex 136.8 88.3252 0.15
    endloop
  endfacet
  facet normal -1 0 0
    outer loop
      vertex 136.8 87.1504 0
      vertex 136.8 88.3252 0.15
      vertex 136.8 88.3252 0
    endloop
  endfacet
  facet normal -1 -0 0
    outer loop
      vertex 136.8 88.3252 0.15
      vertex 136.8 87.1504 0
      vertex 136.8 87.1504 0.15
    endloop
  endfacet
  facet normal -0.982249 0.187582 0
    outer loop
      vertex 136.789 87.0928 0
      vertex 136.8 87.1504 0.15
      vertex 136.8 87.1504 0
    endloop
  endfacet
  facet normal -0.982249 0.187582 0
    outer loop
      vertex 136.8 87.1504 0.15
      vertex 136.789 87.0928 0
      vertex 136.789 87.0928 0.15
    endloop
  endfacet
  facet normal -0.828908 0.559386 0
    outer loop
      vertex 136.756 87.0439 0
      vertex 136.789 87.0928 0.15
      vertex 136.789 87.0928 0
    endloop
  endfacet
  facet normal -0.828908 0.559386 0
    outer loop
      vertex 136.789 87.0928 0.15
      vertex 136.756 87.0439 0
      vertex 136.756 87.0439 0.15
    endloop
  endfacet
  facet normal -0.549178 0.835705 0
    outer loop
      vertex 136.756 87.0439 0
      vertex 136.707 87.0117 0.15
      vertex 136.756 87.0439 0.15
    endloop
  endfacet
  facet normal -0.549178 0.835705 0
    outer loop
      vertex 136.707 87.0117 0.15
      vertex 136.756 87.0439 0
      vertex 136.707 87.0117 0
    endloop
  endfacet
  facet normal -0.201071 0.979577 0
    outer loop
      vertex 136.707 87.0117 0
      vertex 136.65 87 0.15
      vertex 136.707 87.0117 0.15
    endloop
  endfacet
  facet normal -0.201071 0.979577 0
    outer loop
      vertex 136.65 87 0.15
      vertex 136.707 87.0117 0
      vertex 136.65 87 0
    endloop
  endfacet
  facet normal 0 1 -0
    outer loop
      vertex 136.65 87 0
      vertex 136.35 87 0.15
      vertex 136.65 87 0.15
    endloop
  endfacet
  facet normal 0 1 0
    outer loop
      vertex 136.35 87 0.15
      vertex 136.65 87 0
      vertex 136.35 87 0
    endloop
  endfacet
  facet normal 0.201071 0.979577 -0
    outer loop
      vertex 136.35 87 0
      vertex 136.293 87.0117 0.15
      vertex 136.35 87 0.15
    endloop
  endfacet
  facet normal 0.201071 0.979577 0
    outer loop
      vertex 136.293 87.0117 0.15
      vertex 136.35 87 0
      vertex 136.293 87.0117 0
    endloop
  endfacet
  facet normal 0.549178 0.835705 -0
    outer loop
      vertex 136.293 87.0117 0
      vertex 136.244 87.0439 0.15
      vertex 136.293 87.0117 0.15
    endloop
  endfacet
  facet normal 0.549178 0.835705 0
    outer loop
      vertex 136.244 87.0439 0.15
      vertex 136.293 87.0117 0
      vertex 136.244 87.0439 0
    endloop
  endfacet
  facet normal 0.828908 0.559386 0
    outer loop
      vertex 136.244 87.0439 0.15
      vertex 136.211 87.0928 0
      vertex 136.211 87.0928 0.15
    endloop
  endfacet
  facet normal 0.828908 0.559386 0
    outer loop
      vertex 136.211 87.0928 0
      vertex 136.244 87.0439 0.15
      vertex 136.244 87.0439 0
    endloop
  endfacet
  facet normal 0.982249 0.187582 0
    outer loop
      vertex 136.211 87.0928 0.15
      vertex 136.2 87.1504 0
      vertex 136.2 87.1504 0.15
    endloop
  endfacet
  facet normal 0.982249 0.187582 0
    outer loop
      vertex 136.2 87.1504 0
      vertex 136.211 87.0928 0.15
      vertex 136.211 87.0928 0
    endloop
  endfacet
  facet normal 1 -0 0
    outer loop
      vertex 136.2 87.1504 0.15
      vertex 136.2 88.3252 0
      vertex 136.2 88.3252 0.15
    endloop
  endfacet
  facet normal 1 0 0
    outer loop
      vertex 136.2 88.3252 0
      vertex 136.2 87.1504 0.15
      vertex 136.2 87.1504 0
    endloop
  endfacet
  facet normal 0.982249 -0.187582 0
    outer loop
      vertex 136.2 88.3252 0.15
      vertex 136.211 88.3828 0
      vertex 136.211 88.3828 0.15
    endloop
  endfacet
  facet normal 0.982249 -0.187582 0
    outer loop
      vertex 136.211 88.3828 0
      vertex 136.2 88.3252 0.15
      vertex 136.2 88.3252 0
    endloop
  endfacet
  facet normal 0.82349 -0.567331 0
    outer loop
      vertex 136.211 88.3828 0.15
      vertex 136.244 88.4307 0
      vertex 136.244 88.4307 0.15
    endloop
  endfacet
  facet normal 0.82349 -0.567331 0
    outer loop
      vertex 136.244 88.4307 0
      vertex 136.211 88.3828 0.15
      vertex 136.211 88.3828 0
    endloop
  endfacet
  facet normal 0.560923 -0.827868 0
    outer loop
      vertex 136.244 88.4307 0
      vertex 136.293 88.4639 0.15
      vertex 136.244 88.4307 0.15
    endloop
  endfacet
  facet normal 0.560923 -0.827868 0
    outer loop
      vertex 136.293 88.4639 0.15
      vertex 136.244 88.4307 0
      vertex 136.293 88.4639 0
    endloop
  endfacet
  facet normal 0.184497 -0.982833 0
    outer loop
      vertex 136.293 88.4639 0
      vertex 136.35 88.4746 0.15
      vertex 136.293 88.4639 0.15
    endloop
  endfacet
  facet normal 0.184497 -0.982833 0
    outer loop
      vertex 136.35 88.4746 0.15
      vertex 136.293 88.4639 0
      vertex 136.35 88.4746 0
    endloop
  endfacet
  facet normal 0 -1 0
    outer loop
      vertex 136.35 88.4746 0
      vertex 136.65 88.4746 0.15
      vertex 136.35 88.4746 0.15
    endloop
  endfacet
  facet normal 0 -1 -0
    outer loop
      vertex 136.65 88.4746 0.15
      vertex 136.35 88.4746 0
      vertex 136.65 88.4746 0
    endloop
  endfacet
  facet normal -0.184497 -0.982833 0
    outer loop
      vertex 136.65 88.4746 0
      vertex 136.707 88.4639 0.15
      vertex 136.65 88.4746 0.15
    endloop
  endfacet
  facet normal -0.184497 -0.982833 -0
    outer loop
      vertex 136.707 88.4639 0.15
      vertex 136.65 88.4746 0
      vertex 136.707 88.4639 0
    endloop
  endfacet
  facet normal -0.568854 -0.822439 0
    outer loop
      vertex 134.808 88.4639 0
      vertex 134.856 88.4307 0.15
      vertex 134.808 88.4639 0.15
    endloop
  endfacet
  facet normal -0.568854 -0.822439 -0
    outer loop
      vertex 134.856 88.4307 0.15
      vertex 134.808 88.4639 0
      vertex 134.856 88.4307 0
    endloop
  endfacet
  facet normal -0.82349 -0.567331 0
    outer loop
      vertex 134.889 88.3828 0
      vertex 134.856 88.4307 0.15
      vertex 134.856 88.4307 0
    endloop
  endfacet
  facet normal -0.82349 -0.567331 0
    outer loop
      vertex 134.856 88.4307 0.15
      vertex 134.889 88.3828 0
      vertex 134.889 88.3828 0.15
    endloop
  endfacet
  facet normal -0.982249 -0.187582 0
    outer loop
      vertex 134.9 88.3252 0
      vertex 134.889 88.3828 0.15
      vertex 134.889 88.3828 0
    endloop
  endfacet
  facet normal -0.982249 -0.187582 0
    outer loop
      vertex 134.889 88.3828 0.15
      vertex 134.9 88.3252 0
      vertex 134.9 88.3252 0.15
    endloop
  endfacet
  facet normal -1 0 0
    outer loop
      vertex 134.9 87.1504 0
      vertex 134.9 88.3252 0.15
      vertex 134.9 88.3252 0
    endloop
  endfacet
  facet normal -1 -0 0
    outer loop
      vertex 134.9 88.3252 0.15
      vertex 134.9 87.1504 0
      vertex 134.9 87.1504 0.15
    endloop
  endfacet
  facet normal -0.982249 0.187582 0
    outer loop
      vertex 134.889 87.0928 0
      vertex 134.9 87.1504 0.15
      vertex 134.9 87.1504 0
    endloop
  endfacet
  facet normal -0.982249 0.187582 0
    outer loop
      vertex 134.9 87.1504 0.15
      vertex 134.889 87.0928 0
      vertex 134.889 87.0928 0.15
    endloop
  endfacet
  facet normal -0.828908 0.559386 0
    outer loop
      vertex 134.856 87.0439 0
      vertex 134.889 87.0928 0.15
      vertex 134.889 87.0928 0
    endloop
  endfacet
  facet normal -0.828908 0.559386 0
    outer loop
      vertex 134.889 87.0928 0.15
      vertex 134.856 87.0439 0
      vertex 134.856 87.0439 0.15
    endloop
  endfacet
  facet normal -0.557093 0.83045 0
    outer loop
      vertex 134.856 87.0439 0
      vertex 134.808 87.0117 0.15
      vertex 134.856 87.0439 0.15
    endloop
  endfacet
  facet normal -0.557093 0.83045 0
    outer loop
      vertex 134.808 87.0117 0.15
      vertex 134.856 87.0439 0
      vertex 134.808 87.0117 0
    endloop
  endfacet
  facet normal -0.197741 0.980254 0
    outer loop
      vertex 134.808 87.0117 0
      vertex 134.75 87 0.15
      vertex 134.808 87.0117 0.15
    endloop
  endfacet
  facet normal -0.197741 0.980254 0
    outer loop
      vertex 134.75 87 0.15
      vertex 134.808 87.0117 0
      vertex 134.75 87 0
    endloop
  endfacet
  facet normal 0 1 -0
    outer loop
      vertex 134.75 87 0
      vertex 134.45 87 0.15
      vertex 134.75 87 0.15
    endloop
  endfacet
  facet normal 0 1 0
    outer loop
      vertex 134.45 87 0.15
      vertex 134.75 87 0
      vertex 134.45 87 0
    endloop
  endfacet
  facet normal 0.201071 0.979577 -0
    outer loop
      vertex 134.45 87 0
      vertex 134.393 87.0117 0.15
      vertex 134.45 87 0.15
    endloop
  endfacet
  facet normal 0.201071 0.979577 0
    outer loop
      vertex 134.393 87.0117 0.15
      vertex 134.45 87 0
      vertex 134.393 87.0117 0
    endloop
  endfacet
  facet normal 0.549178 0.835705 -0
    outer loop
      vertex 134.393 87.0117 0
      vertex 134.344 87.0439 0.15
      vertex 134.393 87.0117 0.15
    endloop
  endfacet
  facet normal 0.549178 0.835705 0
    outer loop
      vertex 134.344 87.0439 0.15
      vertex 134.393 87.0117 0
      vertex 134.344 87.0439 0
    endloop
  endfacet
  facet normal 0.836759 0.547572 0
    outer loop
      vertex 134.344 87.0439 0.15
      vertex 134.312 87.0928 0
      vertex 134.312 87.0928 0.15
    endloop
  endfacet
  facet normal 0.836759 0.547572 0
    outer loop
      vertex 134.312 87.0928 0
      vertex 134.344 87.0439 0.15
      vertex 134.344 87.0439 0
    endloop
  endfacet
  facet normal 0.97898 0.203954 0
    outer loop
      vertex 134.312 87.0928 0.15
      vertex 134.3 87.1504 0
      vertex 134.3 87.1504 0.15
    endloop
  endfacet
  facet normal 0.97898 0.203954 0
    outer loop
      vertex 134.3 87.1504 0
      vertex 134.312 87.0928 0.15
      vertex 134.312 87.0928 0
    endloop
  endfacet
  facet normal 1 -0 0
    outer loop
      vertex 134.3 87.1504 0.15
      vertex 134.3 88.3252 0
      vertex 134.3 88.3252 0.15
    endloop
  endfacet
  facet normal 1 0 0
    outer loop
      vertex 134.3 88.3252 0
      vertex 134.3 87.1504 0.15
      vertex 134.3 87.1504 0
    endloop
  endfacet
  facet normal 0.97898 -0.203954 0
    outer loop
      vertex 134.3 88.3252 0.15
      vertex 134.312 88.3828 0
      vertex 134.312 88.3828 0.15
    endloop
  endfacet
  facet normal 0.97898 -0.203954 0
    outer loop
      vertex 134.312 88.3828 0
      vertex 134.3 88.3252 0.15
      vertex 134.3 88.3252 0
    endloop
  endfacet
  facet normal 0.831516 -0.555501 0
    outer loop
      vertex 134.312 88.3828 0.15
      vertex 134.344 88.4307 0
      vertex 134.344 88.4307 0.15
    endloop
  endfacet
  facet normal 0.831516 -0.555501 0
    outer loop
      vertex 134.344 88.4307 0
      vertex 134.312 88.3828 0.15
      vertex 134.312 88.3828 0
    endloop
  endfacet
  facet normal 0.560923 -0.827868 0
    outer loop
      vertex 134.344 88.4307 0
      vertex 134.393 88.4639 0.15
      vertex 134.344 88.4307 0.15
    endloop
  endfacet
  facet normal 0.560923 -0.827868 0
    outer loop
      vertex 134.393 88.4639 0.15
      vertex 134.344 88.4307 0
      vertex 134.393 88.4639 0
    endloop
  endfacet
  facet normal 0.184497 -0.982833 0
    outer loop
      vertex 134.393 88.4639 0
      vertex 134.45 88.4746 0.15
      vertex 134.393 88.4639 0.15
    endloop
  endfacet
  facet normal 0.184497 -0.982833 0
    outer loop
      vertex 134.45 88.4746 0.15
      vertex 134.393 88.4639 0
      vertex 134.45 88.4746 0
    endloop
  endfacet
  facet normal 0 -1 0
    outer loop
      vertex 134.45 88.4746 0
      vertex 134.75 88.4746 0.15
      vertex 134.45 88.4746 0.15
    endloop
  endfacet
  facet normal 0 -1 -0
    outer loop
      vertex 134.75 88.4746 0.15
      vertex 134.45 88.4746 0
      vertex 134.75 88.4746 0
    endloop
  endfacet
  facet normal -0.181421 -0.983405 0
    outer loop
      vertex 134.75 88.4746 0
      vertex 134.808 88.4639 0.15
      vertex 134.75 88.4746 0.15
    endloop
  endfacet
  facet normal -0.181421 -0.983405 -0
    outer loop
      vertex 134.808 88.4639 0.15
      vertex 134.75 88.4746 0
      vertex 134.808 88.4639 0
    endloop
  endfacet
  facet normal -0.558285 -0.829649 0
    outer loop
      vertex 140.558 88.5137 0
      vertex 140.606 88.4814 0.15
      vertex 140.558 88.5137 0.15
    endloop
  endfacet
  facet normal -0.558285 -0.829649 -0
    outer loop
      vertex 140.606 88.4814 0.15
      vertex 140.558 88.5137 0
      vertex 140.606 88.4814 0
    endloop
  endfacet
  facet normal -0.828376 -0.560172 0
    outer loop
      vertex 140.639 88.4326 0
      vertex 140.606 88.4814 0.15
      vertex 140.606 88.4814 0
    endloop
  endfacet
  facet normal -0.828376 -0.560172 0
    outer loop
      vertex 140.606 88.4814 0.15
      vertex 140.639 88.4326 0
      vertex 140.639 88.4326 0.15
    endloop
  endfacet
  facet normal -0.982249 -0.187582 0
    outer loop
      vertex 140.65 88.375 0
      vertex 140.639 88.4326 0.15
      vertex 140.639 88.4326 0
    endloop
  endfacet
  facet normal -0.982249 -0.187582 0
    outer loop
      vertex 140.639 88.4326 0.15
      vertex 140.65 88.375 0
      vertex 140.65 88.375 0.15
    endloop
  endfacet
  facet normal -1 0 0
    outer loop
      vertex 140.65 87.2002 0
      vertex 140.65 88.375 0.15
      vertex 140.65 88.375 0
    endloop
  endfacet
  facet normal -1 -0 0
    outer loop
      vertex 140.65 88.375 0.15
      vertex 140.65 87.2002 0
      vertex 140.65 87.2002 0.15
    endloop
  endfacet
  facet normal -0.982249 0.187582 0
    outer loop
      vertex 140.639 87.1426 0
      vertex 140.65 87.2002 0.15
      vertex 140.65 87.2002 0
    endloop
  endfacet
  facet normal -0.982249 0.187582 0
    outer loop
      vertex 140.65 87.2002 0.15
      vertex 140.639 87.1426 0
      vertex 140.639 87.1426 0.15
    endloop
  endfacet
  facet normal -0.828376 0.560172 0
    outer loop
      vertex 140.606 87.0938 0
      vertex 140.639 87.1426 0.15
      vertex 140.639 87.1426 0
    endloop
  endfacet
  facet normal -0.828376 0.560172 0
    outer loop
      vertex 140.639 87.1426 0.15
      vertex 140.606 87.0938 0
      vertex 140.606 87.0938 0.15
    endloop
  endfacet
  facet normal -0.558285 0.829649 0
    outer loop
      vertex 140.606 87.0938 0
      vertex 140.558 87.0615 0.15
      vertex 140.606 87.0938 0.15
    endloop
  endfacet
  facet normal -0.558285 0.829649 0
    outer loop
      vertex 140.558 87.0615 0.15
      vertex 140.606 87.0938 0
      vertex 140.558 87.0615 0
    endloop
  endfacet
  facet normal -0.197741 0.980254 0
    outer loop
      vertex 140.558 87.0615 0
      vertex 140.5 87.0498 0.15
      vertex 140.558 87.0615 0.15
    endloop
  endfacet
  facet normal -0.197741 0.980254 0
    outer loop
      vertex 140.5 87.0498 0.15
      vertex 140.558 87.0615 0
      vertex 140.5 87.0498 0
    endloop
  endfacet
  facet normal 0 1 -0
    outer loop
      vertex 140.5 87.0498 0
      vertex 140.2 87.0498 0.15
      vertex 140.5 87.0498 0.15
    endloop
  endfacet
  facet normal 0 1 0
    outer loop
      vertex 140.2 87.0498 0.15
      vertex 140.5 87.0498 0
      vertex 140.2 87.0498 0
    endloop
  endfacet
  facet normal 0.201071 0.979577 -0
    outer loop
      vertex 140.2 87.0498 0
      vertex 140.143 87.0615 0.15
      vertex 140.2 87.0498 0.15
    endloop
  endfacet
  facet normal 0.201071 0.979577 0
    outer loop
      vertex 140.143 87.0615 0.15
      vertex 140.2 87.0498 0
      vertex 140.143 87.0615 0
    endloop
  endfacet
  facet normal 0.550367 0.834923 -0
    outer loop
      vertex 140.143 87.0615 0
      vertex 140.094 87.0938 0.15
      vertex 140.143 87.0615 0.15
    endloop
  endfacet
  facet normal 0.550367 0.834923 0
    outer loop
      vertex 140.094 87.0938 0.15
      vertex 140.143 87.0615 0
      vertex 140.094 87.0938 0
    endloop
  endfacet
  facet normal 0.836244 0.548357 0
    outer loop
      vertex 140.094 87.0938 0.15
      vertex 140.062 87.1426 0
      vertex 140.062 87.1426 0.15
    endloop
  endfacet
  facet normal 0.836244 0.548357 0
    outer loop
      vertex 140.062 87.1426 0
      vertex 140.094 87.0938 0.15
      vertex 140.094 87.0938 0
    endloop
  endfacet
  facet normal 0.97898 0.203954 0
    outer loop
      vertex 140.062 87.1426 0.15
      vertex 140.05 87.2002 0
      vertex 140.05 87.2002 0.15
    endloop
  endfacet
  facet normal 0.97898 0.203954 0
    outer loop
      vertex 140.05 87.2002 0
      vertex 140.062 87.1426 0.15
      vertex 140.062 87.1426 0
    endloop
  endfacet
  facet normal 1 -0 0
    outer loop
      vertex 140.05 87.2002 0.15
      vertex 140.05 88.375 0
      vertex 140.05 88.375 0.15
    endloop
  endfacet
  facet normal 1 0 0
    outer loop
      vertex 140.05 88.375 0
      vertex 140.05 87.2002 0.15
      vertex 140.05 87.2002 0
    endloop
  endfacet
  facet normal 0.97898 -0.203954 0
    outer loop
      vertex 140.05 88.375 0.15
      vertex 140.062 88.4326 0
      vertex 140.062 88.4326 0.15
    endloop
  endfacet
  facet normal 0.97898 -0.203954 0
    outer loop
      vertex 140.062 88.4326 0
      vertex 140.05 88.375 0.15
      vertex 140.05 88.375 0
    endloop
  endfacet
  facet normal 0.836244 -0.548357 0
    outer loop
      vertex 140.062 88.4326 0.15
      vertex 140.094 88.4814 0
      vertex 140.094 88.4814 0.15
    endloop
  endfacet
  facet normal 0.836244 -0.548357 0
    outer loop
      vertex 140.094 88.4814 0
      vertex 140.062 88.4326 0.15
      vertex 140.062 88.4326 0
    endloop
  endfacet
  facet normal 0.550367 -0.834923 0
    outer loop
      vertex 140.094 88.4814 0
      vertex 140.143 88.5137 0.15
      vertex 140.094 88.4814 0.15
    endloop
  endfacet
  facet normal 0.550367 -0.834923 0
    outer loop
      vertex 140.143 88.5137 0.15
      vertex 140.094 88.4814 0
      vertex 140.143 88.5137 0
    endloop
  endfacet
  facet normal 0.201071 -0.979577 0
    outer loop
      vertex 140.143 88.5137 0
      vertex 140.2 88.5254 0.15
      vertex 140.143 88.5137 0.15
    endloop
  endfacet
  facet normal 0.201071 -0.979577 0
    outer loop
      vertex 140.2 88.5254 0.15
      vertex 140.143 88.5137 0
      vertex 140.2 88.5254 0
    endloop
  endfacet
  facet normal 0 -1 0
    outer loop
      vertex 140.2 88.5254 0
      vertex 140.5 88.5254 0.15
      vertex 140.2 88.5254 0.15
    endloop
  endfacet
  facet normal 0 -1 -0
    outer loop
      vertex 140.5 88.5254 0.15
      vertex 140.2 88.5254 0
      vertex 140.5 88.5254 0
    endloop
  endfacet
  facet normal -0.197741 -0.980254 0
    outer loop
      vertex 140.5 88.5254 0
      vertex 140.558 88.5137 0.15
      vertex 140.5 88.5254 0.15
    endloop
  endfacet
  facet normal -0.197741 -0.980254 -0
    outer loop
      vertex 140.558 88.5137 0.15
      vertex 140.5 88.5254 0
      vertex 140.558 88.5137 0
    endloop
  endfacet
  facet normal -0.550367 -0.834923 0
    outer loop
      vertex 138.657 88.5137 0
      vertex 138.706 88.4814 0.15
      vertex 138.657 88.5137 0.15
    endloop
  endfacet
  facet normal -0.550367 -0.834923 -0
    outer loop
      vertex 138.706 88.4814 0.15
      vertex 138.657 88.5137 0
      vertex 138.706 88.4814 0
    endloop
  endfacet
  facet normal -0.836244 -0.548357 0
    outer loop
      vertex 138.738 88.4326 0
      vertex 138.706 88.4814 0.15
      vertex 138.706 88.4814 0
    endloop
  endfacet
  facet normal -0.836244 -0.548357 0
    outer loop
      vertex 138.706 88.4814 0.15
      vertex 138.738 88.4326 0
      vertex 138.738 88.4326 0.15
    endloop
  endfacet
  facet normal -0.97898 -0.203954 0
    outer loop
      vertex 138.75 88.375 0
      vertex 138.738 88.4326 0.15
      vertex 138.738 88.4326 0
    endloop
  endfacet
  facet normal -0.97898 -0.203954 0
    outer loop
      vertex 138.738 88.4326 0.15
      vertex 138.75 88.375 0
      vertex 138.75 88.375 0.15
    endloop
  endfacet
  facet normal -1 0 0
    outer loop
      vertex 138.75 87.2002 0
      vertex 138.75 88.375 0.15
      vertex 138.75 88.375 0
    endloop
  endfacet
  facet normal -1 -0 0
    outer loop
      vertex 138.75 88.375 0.15
      vertex 138.75 87.2002 0
      vertex 138.75 87.2002 0.15
    endloop
  endfacet
  facet normal -0.97898 0.203954 0
    outer loop
      vertex 138.738 87.1426 0
      vertex 138.75 87.2002 0.15
      vertex 138.75 87.2002 0
    endloop
  endfacet
  facet normal -0.97898 0.203954 0
    outer loop
      vertex 138.75 87.2002 0.15
      vertex 138.738 87.1426 0
      vertex 138.738 87.1426 0.15
    endloop
  endfacet
  facet normal -0.836244 0.548357 0
    outer loop
      vertex 138.706 87.0938 0
      vertex 138.738 87.1426 0.15
      vertex 138.738 87.1426 0
    endloop
  endfacet
  facet normal -0.836244 0.548357 0
    outer loop
      vertex 138.738 87.1426 0.15
      vertex 138.706 87.0938 0
      vertex 138.706 87.0938 0.15
    endloop
  endfacet
  facet normal -0.550367 0.834923 0
    outer loop
      vertex 138.706 87.0938 0
      vertex 138.657 87.0615 0.15
      vertex 138.706 87.0938 0.15
    endloop
  endfacet
  facet normal -0.550367 0.834923 0
    outer loop
      vertex 138.657 87.0615 0.15
      vertex 138.706 87.0938 0
      vertex 138.657 87.0615 0
    endloop
  endfacet
  facet normal -0.201071 0.979577 0
    outer loop
      vertex 138.657 87.0615 0
      vertex 138.6 87.0498 0.15
      vertex 138.657 87.0615 0.15
    endloop
  endfacet
  facet normal -0.201071 0.979577 0
    outer loop
      vertex 138.6 87.0498 0.15
      vertex 138.657 87.0615 0
      vertex 138.6 87.0498 0
    endloop
  endfacet
  facet normal 0 1 -0
    outer loop
      vertex 138.6 87.0498 0
      vertex 138.3 87.0498 0.15
      vertex 138.6 87.0498 0.15
    endloop
  endfacet
  facet normal 0 1 0
    outer loop
      vertex 138.3 87.0498 0.15
      vertex 138.6 87.0498 0
      vertex 138.3 87.0498 0
    endloop
  endfacet
  facet normal 0.197741 0.980254 -0
    outer loop
      vertex 138.3 87.0498 0
      vertex 138.242 87.0615 0.15
      vertex 138.3 87.0498 0.15
    endloop
  endfacet
  facet normal 0.197741 0.980254 0
    outer loop
      vertex 138.242 87.0615 0.15
      vertex 138.3 87.0498 0
      vertex 138.242 87.0615 0
    endloop
  endfacet
  facet normal 0.558285 0.829649 -0
    outer loop
      vertex 138.242 87.0615 0
      vertex 138.194 87.0938 0.15
      vertex 138.242 87.0615 0.15
    endloop
  endfacet
  facet normal 0.558285 0.829649 0
    outer loop
      vertex 138.194 87.0938 0.15
      vertex 138.242 87.0615 0
      vertex 138.194 87.0938 0
    endloop
  endfacet
  facet normal 0.828376 0.560172 0
    outer loop
      vertex 138.194 87.0938 0.15
      vertex 138.161 87.1426 0
      vertex 138.161 87.1426 0.15
    endloop
  endfacet
  facet normal 0.828376 0.560172 0
    outer loop
      vertex 138.161 87.1426 0
      vertex 138.194 87.0938 0.15
      vertex 138.194 87.0938 0
    endloop
  endfacet
  facet normal 0.982249 0.187582 0
    outer loop
      vertex 138.161 87.1426 0.15
      vertex 138.15 87.2002 0
      vertex 138.15 87.2002 0.15
    endloop
  endfacet
  facet normal 0.982249 0.187582 0
    outer loop
      vertex 138.15 87.2002 0
      vertex 138.161 87.1426 0.15
      vertex 138.161 87.1426 0
    endloop
  endfacet
  facet normal 1 -0 0
    outer loop
      vertex 138.15 87.2002 0.15
      vertex 138.15 88.375 0
      vertex 138.15 88.375 0.15
    endloop
  endfacet
  facet normal 1 0 0
    outer loop
      vertex 138.15 88.375 0
      vertex 138.15 87.2002 0.15
      vertex 138.15 87.2002 0
    endloop
  endfacet
  facet normal 0.982249 -0.187582 0
    outer loop
      vertex 138.15 88.375 0.15
      vertex 138.161 88.4326 0
      vertex 138.161 88.4326 0.15
    endloop
  endfacet
  facet normal 0.982249 -0.187582 0
    outer loop
      vertex 138.161 88.4326 0
      vertex 138.15 88.375 0.15
      vertex 138.15 88.375 0
    endloop
  endfacet
  facet normal 0.828376 -0.560172 0
    outer loop
      vertex 138.161 88.4326 0.15
      vertex 138.194 88.4814 0
      vertex 138.194 88.4814 0.15
    endloop
  endfacet
  facet normal 0.828376 -0.560172 0
    outer loop
      vertex 138.194 88.4814 0
      vertex 138.161 88.4326 0.15
      vertex 138.161 88.4326 0
    endloop
  endfacet
  facet normal 0.558285 -0.829649 0
    outer loop
      vertex 138.194 88.4814 0
      vertex 138.242 88.5137 0.15
      vertex 138.194 88.4814 0.15
    endloop
  endfacet
  facet normal 0.558285 -0.829649 0
    outer loop
      vertex 138.242 88.5137 0.15
      vertex 138.194 88.4814 0
      vertex 138.242 88.5137 0
    endloop
  endfacet
  facet normal 0.197741 -0.980254 0
    outer loop
      vertex 138.242 88.5137 0
      vertex 138.3 88.5254 0.15
      vertex 138.242 88.5137 0.15
    endloop
  endfacet
  facet normal 0.197741 -0.980254 0
    outer loop
      vertex 138.3 88.5254 0.15
      vertex 138.242 88.5137 0
      vertex 138.3 88.5254 0
    endloop
  endfacet
  facet normal 0 -1 0
    outer loop
      vertex 138.3 88.5254 0
      vertex 138.6 88.5254 0.15
      vertex 138.3 88.5254 0.15
    endloop
  endfacet
  facet normal 0 -1 -0
    outer loop
      vertex 138.6 88.5254 0.15
      vertex 138.3 88.5254 0
      vertex 138.6 88.5254 0
    endloop
  endfacet
  facet normal -0.201071 -0.979577 0
    outer loop
      vertex 138.6 88.5254 0
      vertex 138.657 88.5137 0.15
      vertex 138.6 88.5254 0.15
    endloop
  endfacet
  facet normal -0.201071 -0.979577 -0
    outer loop
      vertex 138.657 88.5137 0.15
      vertex 138.6 88.5254 0
      vertex 138.657 88.5137 0
    endloop
  endfacet
  facet normal -0.559649 -0.82873 0
    outer loop
      vertex 143.195 88.5938 0
      vertex 143.276 88.5391 0.15
      vertex 143.195 88.5938 0.15
    endloop
  endfacet
  facet normal -0.559649 -0.82873 -0
    outer loop
      vertex 143.276 88.5391 0.15
      vertex 143.195 88.5938 0
      vertex 143.276 88.5391 0
    endloop
  endfacet
  facet normal -0.827628 -0.561277 0
    outer loop
      vertex 143.331 88.458 0
      vertex 143.276 88.5391 0.15
      vertex 143.276 88.5391 0
    endloop
  endfacet
  facet normal -0.827628 -0.561277 0
    outer loop
      vertex 143.276 88.5391 0.15
      vertex 143.331 88.458 0
      vertex 143.331 88.458 0.15
    endloop
  endfacet
  facet normal -0.980856 -0.194736 0
    outer loop
      vertex 143.35 88.3623 0
      vertex 143.331 88.458 0.15
      vertex 143.331 88.458 0
    endloop
  endfacet
  facet normal -0.980856 -0.194736 0
    outer loop
      vertex 143.331 88.458 0.15
      vertex 143.35 88.3623 0
      vertex 143.35 88.3623 0.15
    endloop
  endfacet
  facet normal -1 0 0
    outer loop
      vertex 143.35 87.6621 0
      vertex 143.35 88.3623 0.15
      vertex 143.35 88.3623 0
    endloop
  endfacet
  facet normal -1 -0 0
    outer loop
      vertex 143.35 88.3623 0.15
      vertex 143.35 87.6621 0
      vertex 143.35 87.6621 0.15
    endloop
  endfacet
  facet normal -0.980856 0.194736 0
    outer loop
      vertex 143.331 87.5664 0
      vertex 143.35 87.6621 0.15
      vertex 143.35 87.6621 0
    endloop
  endfacet
  facet normal -0.980856 0.194736 0
    outer loop
      vertex 143.35 87.6621 0.15
      vertex 143.331 87.5664 0
      vertex 143.331 87.5664 0.15
    endloop
  endfacet
  facet normal -0.827306 0.561751 0
    outer loop
      vertex 143.276 87.4854 0
      vertex 143.331 87.5664 0.15
      vertex 143.331 87.5664 0
    endloop
  endfacet
  facet normal -0.827306 0.561751 0
    outer loop
      vertex 143.331 87.5664 0.15
      vertex 143.276 87.4854 0
      vertex 143.276 87.4854 0.15
    endloop
  endfacet
  facet normal -0.553275 0.832998 0
    outer loop
      vertex 143.276 87.4854 0
      vertex 143.195 87.4316 0.15
      vertex 143.276 87.4854 0.15
    endloop
  endfacet
  facet normal -0.553275 0.832998 0
    outer loop
      vertex 143.195 87.4316 0.15
      vertex 143.276 87.4854 0
      vertex 143.195 87.4316 0
    endloop
  endfacet
  facet normal -0.201071 0.979577 0
    outer loop
      vertex 143.195 87.4316 0
      vertex 143.1 87.4121 0.15
      vertex 143.195 87.4316 0.15
    endloop
  endfacet
  facet normal -0.201071 0.979577 0
    outer loop
      vertex 143.1 87.4121 0.15
      vertex 143.195 87.4316 0
      vertex 143.1 87.4121 0
    endloop
  endfacet
  facet normal 0 1 -0
    outer loop
      vertex 143.1 87.4121 0
      vertex 142.2 87.4121 0.15
      vertex 143.1 87.4121 0.15
    endloop
  endfacet
  facet normal 0 1 0
    outer loop
      vertex 142.2 87.4121 0.15
      vertex 143.1 87.4121 0
      vertex 142.2 87.4121 0
    endloop
  endfacet
  facet normal 0.19906 0.979987 -0
    outer loop
      vertex 142.2 87.4121 0
      vertex 142.104 87.4316 0.15
      vertex 142.2 87.4121 0.15
    endloop
  endfacet
  facet normal 0.19906 0.979987 0
    outer loop
      vertex 142.104 87.4316 0.15
      vertex 142.2 87.4121 0
      vertex 142.104 87.4316 0
    endloop
  endfacet
  facet normal 0.553275 0.832998 -0
    outer loop
      vertex 142.104 87.4316 0
      vertex 142.023 87.4854 0.15
      vertex 142.104 87.4316 0.15
    endloop
  endfacet
  facet normal 0.553275 0.832998 0
    outer loop
      vertex 142.023 87.4854 0.15
      vertex 142.104 87.4316 0
      vertex 142.023 87.4854 0
    endloop
  endfacet
  facet normal 0.83205 0.5547 0
    outer loop
      vertex 142.023 87.4854 0.15
      vertex 141.969 87.5664 0
      vertex 141.969 87.5664 0.15
    endloop
  endfacet
  facet normal 0.83205 0.5547 0
    outer loop
      vertex 141.969 87.5664 0
      vertex 142.023 87.4854 0.15
      vertex 142.023 87.4854 0
    endloop
  endfacet
  facet normal 0.980856 0.194736 0
    outer loop
      vertex 141.969 87.5664 0.15
      vertex 141.95 87.6621 0
      vertex 141.95 87.6621 0.15
    endloop
  endfacet
  facet normal 0.980856 0.194736 0
    outer loop
      vertex 141.95 87.6621 0
      vertex 141.969 87.5664 0.15
      vertex 141.969 87.5664 0
    endloop
  endfacet
  facet normal 1 -0 0
    outer loop
      vertex 141.95 87.6621 0.15
      vertex 141.95 88.3623 0
      vertex 141.95 88.3623 0.15
    endloop
  endfacet
  facet normal 1 0 0
    outer loop
      vertex 141.95 88.3623 0
      vertex 141.95 87.6621 0.15
      vertex 141.95 87.6621 0
    endloop
  endfacet
  facet normal 0.980856 -0.194736 0
    outer loop
      vertex 141.95 88.3623 0.15
      vertex 141.969 88.458 0
      vertex 141.969 88.458 0.15
    endloop
  endfacet
  facet normal 0.980856 -0.194736 0
    outer loop
      vertex 141.969 88.458 0
      vertex 141.95 88.3623 0.15
      vertex 141.95 88.3623 0
    endloop
  endfacet
  facet normal 0.832366 -0.554226 0
    outer loop
      vertex 141.969 88.458 0.15
      vertex 142.023 88.5391 0
      vertex 142.023 88.5391 0.15
    endloop
  endfacet
  facet normal 0.832366 -0.554226 0
    outer loop
      vertex 142.023 88.5391 0
      vertex 141.969 88.458 0.15
      vertex 141.969 88.458 0
    endloop
  endfacet
  facet normal 0.559649 -0.82873 0
    outer loop
      vertex 142.023 88.5391 0
      vertex 142.104 88.5938 0.15
      vertex 142.023 88.5391 0.15
    endloop
  endfacet
  facet normal 0.559649 -0.82873 0
    outer loop
      vertex 142.104 88.5938 0.15
      vertex 142.023 88.5391 0
      vertex 142.104 88.5938 0
    endloop
  endfacet
  facet normal 0.189227 -0.981933 0
    outer loop
      vertex 142.104 88.5938 0
      vertex 142.2 88.6123 0.15
      vertex 142.104 88.5938 0.15
    endloop
  endfacet
  facet normal 0.189227 -0.981933 0
    outer loop
      vertex 142.2 88.6123 0.15
      vertex 142.104 88.5938 0
      vertex 142.2 88.6123 0
    endloop
  endfacet
  facet normal 0 -1 0
    outer loop
      vertex 142.2 88.6123 0
      vertex 143.1 88.6123 0.15
      vertex 142.2 88.6123 0.15
    endloop
  endfacet
  facet normal 0 -1 -0
    outer loop
      vertex 143.1 88.6123 0.15
      vertex 142.2 88.6123 0
      vertex 143.1 88.6123 0
    endloop
  endfacet
  facet normal -0.191146 -0.981562 0
    outer loop
      vertex 143.1 88.6123 0
      vertex 143.195 88.5938 0.15
      vertex 143.1 88.6123 0.15
    endloop
  endfacet
  facet normal -0.191146 -0.981562 -0
    outer loop
      vertex 143.195 88.5938 0.15
      vertex 143.1 88.6123 0
      vertex 143.195 88.5938 0
    endloop
  endfacet
  facet normal -0.558945 -0.829205 0
    outer loop
      vertex 153.046 91.9814 0
      vertex 153.127 91.9268 0.15
      vertex 153.046 91.9814 0.15
    endloop
  endfacet
  facet normal -0.558945 -0.829205 -0
    outer loop
      vertex 153.127 91.9268 0.15
      vertex 153.046 91.9814 0
      vertex 153.127 91.9268 0
    endloop
  endfacet
  facet normal -0.832366 -0.554226 0
    outer loop
      vertex 153.181 91.8457 0
      vertex 153.127 91.9268 0.15
      vertex 153.127 91.9268 0
    endloop
  endfacet
  facet normal -0.832366 -0.554226 0
    outer loop
      vertex 153.127 91.9268 0.15
      vertex 153.181 91.8457 0
      vertex 153.181 91.8457 0.15
    endloop
  endfacet
  facet normal -0.980856 -0.194736 0
    outer loop
      vertex 153.2 91.75 0
      vertex 153.181 91.8457 0.15
      vertex 153.181 91.8457 0
    endloop
  endfacet
  facet normal -0.980856 -0.194736 0
    outer loop
      vertex 153.181 91.8457 0.15
      vertex 153.2 91.75 0
      vertex 153.2 91.75 0.15
    endloop
  endfacet
  facet normal -1 0 0
    outer loop
      vertex 153.2 91.0498 0
      vertex 153.2 91.75 0.15
      vertex 153.2 91.75 0
    endloop
  endfacet
  facet normal -1 -0 0
    outer loop
      vertex 153.2 91.75 0.15
      vertex 153.2 91.0498 0
      vertex 153.2 91.0498 0.15
    endloop
  endfacet
  facet normal -0.980856 0.194736 0
    outer loop
      vertex 153.181 90.9541 0
      vertex 153.2 91.0498 0.15
      vertex 153.2 91.0498 0
    endloop
  endfacet
  facet normal -0.980856 0.194736 0
    outer loop
      vertex 153.2 91.0498 0.15
      vertex 153.181 90.9541 0
      vertex 153.181 90.9541 0.15
    endloop
  endfacet
  facet normal -0.832366 0.554226 0
    outer loop
      vertex 153.127 90.873 0
      vertex 153.181 90.9541 0.15
      vertex 153.181 90.9541 0
    endloop
  endfacet
  facet normal -0.832366 0.554226 0
    outer loop
      vertex 153.181 90.9541 0.15
      vertex 153.127 90.873 0
      vertex 153.127 90.873 0.15
    endloop
  endfacet
  facet normal -0.552561 0.833472 0
    outer loop
      vertex 153.127 90.873 0
      vertex 153.046 90.8193 0.15
      vertex 153.127 90.873 0.15
    endloop
  endfacet
  facet normal -0.552561 0.833472 0
    outer loop
      vertex 153.046 90.8193 0.15
      vertex 153.127 90.873 0
      vertex 153.046 90.8193 0
    endloop
  endfacet
  facet normal -0.19906 0.979987 0
    outer loop
      vertex 153.046 90.8193 0
      vertex 152.95 90.7998 0.15
      vertex 153.046 90.8193 0.15
    endloop
  endfacet
  facet normal -0.19906 0.979987 0
    outer loop
      vertex 152.95 90.7998 0.15
      vertex 153.046 90.8193 0
      vertex 152.95 90.7998 0
    endloop
  endfacet
  facet normal 0 1 -0
    outer loop
      vertex 152.95 90.7998 0
      vertex 152.05 90.7998 0.15
      vertex 152.95 90.7998 0.15
    endloop
  endfacet
  facet normal 0 1 0
    outer loop
      vertex 152.05 90.7998 0.15
      vertex 152.95 90.7998 0
      vertex 152.05 90.7998 0
    endloop
  endfacet
  facet normal 0.19906 0.979987 -0
    outer loop
      vertex 152.05 90.7998 0
      vertex 151.954 90.8193 0.15
      vertex 152.05 90.7998 0.15
    endloop
  endfacet
  facet normal 0.19906 0.979987 0
    outer loop
      vertex 151.954 90.8193 0.15
      vertex 152.05 90.7998 0
      vertex 151.954 90.8193 0
    endloop
  endfacet
  facet normal 0.552561 0.833472 -0
    outer loop
      vertex 151.954 90.8193 0
      vertex 151.873 90.873 0.15
      vertex 151.954 90.8193 0.15
    endloop
  endfacet
  facet normal 0.552561 0.833472 0
    outer loop
      vertex 151.873 90.873 0.15
      vertex 151.954 90.8193 0
      vertex 151.873 90.873 0
    endloop
  endfacet
  facet normal 0.832366 0.554226 0
    outer loop
      vertex 151.873 90.873 0.15
      vertex 151.819 90.9541 0
      vertex 151.819 90.9541 0.15
    endloop
  endfacet
  facet normal 0.832366 0.554226 0
    outer loop
      vertex 151.819 90.9541 0
      vertex 151.873 90.873 0.15
      vertex 151.873 90.873 0
    endloop
  endfacet
  facet normal 0.980856 0.194736 0
    outer loop
      vertex 151.819 90.9541 0.15
      vertex 151.8 91.0498 0
      vertex 151.8 91.0498 0.15
    endloop
  endfacet
  facet normal 0.980856 0.194736 0
    outer loop
      vertex 151.8 91.0498 0
      vertex 151.819 90.9541 0.15
      vertex 151.819 90.9541 0
    endloop
  endfacet
  facet normal 1 -0 0
    outer loop
      vertex 151.8 91.0498 0.15
      vertex 151.8 91.75 0
      vertex 151.8 91.75 0.15
    endloop
  endfacet
  facet normal 1 0 0
    outer loop
      vertex 151.8 91.75 0
      vertex 151.8 91.0498 0.15
      vertex 151.8 91.0498 0
    endloop
  endfacet
  facet normal 0.980856 -0.194736 0
    outer loop
      vertex 151.8 91.75 0.15
      vertex 151.819 91.8457 0
      vertex 151.819 91.8457 0.15
    endloop
  endfacet
  facet normal 0.980856 -0.194736 0
    outer loop
      vertex 151.819 91.8457 0
      vertex 151.8 91.75 0.15
      vertex 151.8 91.75 0
    endloop
  endfacet
  facet normal 0.832366 -0.554226 0
    outer loop
      vertex 151.819 91.8457 0.15
      vertex 151.873 91.9268 0
      vertex 151.873 91.9268 0.15
    endloop
  endfacet
  facet normal 0.832366 -0.554226 0
    outer loop
      vertex 151.873 91.9268 0
      vertex 151.819 91.8457 0.15
      vertex 151.819 91.8457 0
    endloop
  endfacet
  facet normal 0.558945 -0.829205 0
    outer loop
      vertex 151.873 91.9268 0
      vertex 151.954 91.9814 0.15
      vertex 151.873 91.9268 0.15
    endloop
  endfacet
  facet normal 0.558945 -0.829205 0
    outer loop
      vertex 151.954 91.9814 0.15
      vertex 151.873 91.9268 0
      vertex 151.954 91.9814 0
    endloop
  endfacet
  facet normal 0.190213 -0.981743 0
    outer loop
      vertex 151.954 91.9814 0
      vertex 152.05 92 0.15
      vertex 151.954 91.9814 0.15
    endloop
  endfacet
  facet normal 0.190213 -0.981743 0
    outer loop
      vertex 152.05 92 0.15
      vertex 151.954 91.9814 0
      vertex 152.05 92 0
    endloop
  endfacet
  facet normal 0 -1 0
    outer loop
      vertex 152.05 92 0
      vertex 152.95 92 0.15
      vertex 152.05 92 0.15
    endloop
  endfacet
  facet normal 0 -1 -0
    outer loop
      vertex 152.95 92 0.15
      vertex 152.05 92 0
      vertex 152.95 92 0
    endloop
  endfacet
  facet normal -0.190213 -0.981743 0
    outer loop
      vertex 152.95 92 0
      vertex 153.046 91.9814 0.15
      vertex 152.95 92 0.15
    endloop
  endfacet
  facet normal -0.190213 -0.981743 -0
    outer loop
      vertex 153.046 91.9814 0.15
      vertex 152.95 92 0
      vertex 153.046 91.9814 0
    endloop
  endfacet
  facet normal -0.558945 -0.829205 0
    outer loop
      vertex 149.496 91.9814 0
      vertex 149.577 91.9268 0.15
      vertex 149.496 91.9814 0.15
    endloop
  endfacet
  facet normal -0.558945 -0.829205 -0
    outer loop
      vertex 149.577 91.9268 0.15
      vertex 149.496 91.9814 0
      vertex 149.577 91.9268 0
    endloop
  endfacet
  facet normal -0.832366 -0.554226 0
    outer loop
      vertex 149.631 91.8457 0
      vertex 149.577 91.9268 0.15
      vertex 149.577 91.9268 0
    endloop
  endfacet
  facet normal -0.832366 -0.554226 0
    outer loop
      vertex 149.577 91.9268 0.15
      vertex 149.631 91.8457 0
      vertex 149.631 91.8457 0.15
    endloop
  endfacet
  facet normal -0.980856 -0.194736 0
    outer loop
      vertex 149.65 91.75 0
      vertex 149.631 91.8457 0.15
      vertex 149.631 91.8457 0
    endloop
  endfacet
  facet normal -0.980856 -0.194736 0
    outer loop
      vertex 149.631 91.8457 0.15
      vertex 149.65 91.75 0
      vertex 149.65 91.75 0.15
    endloop
  endfacet
  facet normal -1 0 0
    outer loop
      vertex 149.65 91.0498 0
      vertex 149.65 91.75 0.15
      vertex 149.65 91.75 0
    endloop
  endfacet
  facet normal -1 -0 0
    outer loop
      vertex 149.65 91.75 0.15
      vertex 149.65 91.0498 0
      vertex 149.65 91.0498 0.15
    endloop
  endfacet
  facet normal -0.980856 0.194736 0
    outer loop
      vertex 149.631 90.9541 0
      vertex 149.65 91.0498 0.15
      vertex 149.65 91.0498 0
    endloop
  endfacet
  facet normal -0.980856 0.194736 0
    outer loop
      vertex 149.65 91.0498 0.15
      vertex 149.631 90.9541 0
      vertex 149.631 90.9541 0.15
    endloop
  endfacet
  facet normal -0.832366 0.554226 0
    outer loop
      vertex 149.577 90.873 0
      vertex 149.631 90.9541 0.15
      vertex 149.631 90.9541 0
    endloop
  endfacet
  facet normal -0.832366 0.554226 0
    outer loop
      vertex 149.631 90.9541 0.15
      vertex 149.577 90.873 0
      vertex 149.577 90.873 0.15
    endloop
  endfacet
  facet normal -0.552561 0.833472 0
    outer loop
      vertex 149.577 90.873 0
      vertex 149.496 90.8193 0.15
      vertex 149.577 90.873 0.15
    endloop
  endfacet
  facet normal -0.552561 0.833472 0
    outer loop
      vertex 149.496 90.8193 0.15
      vertex 149.577 90.873 0
      vertex 149.496 90.8193 0
    endloop
  endfacet
  facet normal -0.19906 0.979987 0
    outer loop
      vertex 149.496 90.8193 0
      vertex 149.4 90.7998 0.15
      vertex 149.496 90.8193 0.15
    endloop
  endfacet
  facet normal -0.19906 0.979987 0
    outer loop
      vertex 149.4 90.7998 0.15
      vertex 149.496 90.8193 0
      vertex 149.4 90.7998 0
    endloop
  endfacet
  facet normal 0 1 -0
    outer loop
      vertex 149.4 90.7998 0
      vertex 148.5 90.7998 0.15
      vertex 149.4 90.7998 0.15
    endloop
  endfacet
  facet normal 0 1 0
    outer loop
      vertex 148.5 90.7998 0.15
      vertex 149.4 90.7998 0
      vertex 148.5 90.7998 0
    endloop
  endfacet
  facet normal 0.19906 0.979987 -0
    outer loop
      vertex 148.5 90.7998 0
      vertex 148.404 90.8193 0.15
      vertex 148.5 90.7998 0.15
    endloop
  endfacet
  facet normal 0.19906 0.979987 0
    outer loop
      vertex 148.404 90.8193 0.15
      vertex 148.5 90.7998 0
      vertex 148.404 90.8193 0
    endloop
  endfacet
  facet normal 0.552561 0.833472 -0
    outer loop
      vertex 148.404 90.8193 0
      vertex 148.323 90.873 0.15
      vertex 148.404 90.8193 0.15
    endloop
  endfacet
  facet normal 0.552561 0.833472 0
    outer loop
      vertex 148.323 90.873 0.15
      vertex 148.404 90.8193 0
      vertex 148.323 90.873 0
    endloop
  endfacet
  facet normal 0.832366 0.554226 0
    outer loop
      vertex 148.323 90.873 0.15
      vertex 148.269 90.9541 0
      vertex 148.269 90.9541 0.15
    endloop
  endfacet
  facet normal 0.832366 0.554226 0
    outer loop
      vertex 148.269 90.9541 0
      vertex 148.323 90.873 0.15
      vertex 148.323 90.873 0
    endloop
  endfacet
  facet normal 0.980856 0.194736 0
    outer loop
      vertex 148.269 90.9541 0.15
      vertex 148.25 91.0498 0
      vertex 148.25 91.0498 0.15
    endloop
  endfacet
  facet normal 0.980856 0.194736 0
    outer loop
      vertex 148.25 91.0498 0
      vertex 148.269 90.9541 0.15
      vertex 148.269 90.9541 0
    endloop
  endfacet
  facet normal 1 -0 0
    outer loop
      vertex 148.25 91.0498 0.15
      vertex 148.25 91.75 0
      vertex 148.25 91.75 0.15
    endloop
  endfacet
  facet normal 1 0 0
    outer loop
      vertex 148.25 91.75 0
      vertex 148.25 91.0498 0.15
      vertex 148.25 91.0498 0
    endloop
  endfacet
  facet normal 0.980856 -0.194736 0
    outer loop
      vertex 148.25 91.75 0.15
      vertex 148.269 91.8457 0
      vertex 148.269 91.8457 0.15
    endloop
  endfacet
  facet normal 0.980856 -0.194736 0
    outer loop
      vertex 148.269 91.8457 0
      vertex 148.25 91.75 0.15
      vertex 148.25 91.75 0
    endloop
  endfacet
  facet normal 0.832366 -0.554226 0
    outer loop
      vertex 148.269 91.8457 0.15
      vertex 148.323 91.9268 0
      vertex 148.323 91.9268 0.15
    endloop
  endfacet
  facet normal 0.832366 -0.554226 0
    outer loop
      vertex 148.323 91.9268 0
      vertex 148.269 91.8457 0.15
      vertex 148.269 91.8457 0
    endloop
  endfacet
  facet normal 0.558945 -0.829205 0
    outer loop
      vertex 148.323 91.9268 0
      vertex 148.404 91.9814 0.15
      vertex 148.323 91.9268 0.15
    endloop
  endfacet
  facet normal 0.558945 -0.829205 0
    outer loop
      vertex 148.404 91.9814 0.15
      vertex 148.323 91.9268 0
      vertex 148.404 91.9814 0
    endloop
  endfacet
  facet normal 0.190213 -0.981743 0
    outer loop
      vertex 148.404 91.9814 0
      vertex 148.5 92 0.15
      vertex 148.404 91.9814 0.15
    endloop
  endfacet
  facet normal 0.190213 -0.981743 0
    outer loop
      vertex 148.5 92 0.15
      vertex 148.404 91.9814 0
      vertex 148.5 92 0
    endloop
  endfacet
  facet normal 0 -1 0
    outer loop
      vertex 148.5 92 0
      vertex 149.4 92 0.15
      vertex 148.5 92 0.15
    endloop
  endfacet
  facet normal 0 -1 -0
    outer loop
      vertex 149.4 92 0.15
      vertex 148.5 92 0
      vertex 149.4 92 0
    endloop
  endfacet
  facet normal -0.190213 -0.981743 0
    outer loop
      vertex 149.4 92 0
      vertex 149.496 91.9814 0.15
      vertex 149.4 92 0.15
    endloop
  endfacet
  facet normal -0.190213 -0.981743 -0
    outer loop
      vertex 149.496 91.9814 0.15
      vertex 149.4 92 0
      vertex 149.496 91.9814 0
    endloop
  endfacet
  facet normal -0.558945 -0.829205 0
    outer loop
      vertex 149.496 93.9814 0
      vertex 149.577 93.9268 0.15
      vertex 149.496 93.9814 0.15
    endloop
  endfacet
  facet normal -0.558945 -0.829205 -0
    outer loop
      vertex 149.577 93.9268 0.15
      vertex 149.496 93.9814 0
      vertex 149.577 93.9268 0
    endloop
  endfacet
  facet normal -0.832366 -0.554226 0
    outer loop
      vertex 149.631 93.8457 0
      vertex 149.577 93.9268 0.15
      vertex 149.577 93.9268 0
    endloop
  endfacet
  facet normal -0.832366 -0.554226 0
    outer loop
      vertex 149.577 93.9268 0.15
      vertex 149.631 93.8457 0
      vertex 149.631 93.8457 0.15
    endloop
  endfacet
  facet normal -0.980856 -0.194736 0
    outer loop
      vertex 149.65 93.75 0
      vertex 149.631 93.8457 0.15
      vertex 149.631 93.8457 0
    endloop
  endfacet
  facet normal -0.980856 -0.194736 0
    outer loop
      vertex 149.631 93.8457 0.15
      vertex 149.65 93.75 0
      vertex 149.65 93.75 0.15
    endloop
  endfacet
  facet normal -1 0 0
    outer loop
      vertex 149.65 93.0498 0
      vertex 149.65 93.75 0.15
      vertex 149.65 93.75 0
    endloop
  endfacet
  facet normal -1 -0 0
    outer loop
      vertex 149.65 93.75 0.15
      vertex 149.65 93.0498 0
      vertex 149.65 93.0498 0.15
    endloop
  endfacet
  facet normal -0.980856 0.194736 0
    outer loop
      vertex 149.631 92.9541 0
      vertex 149.65 93.0498 0.15
      vertex 149.65 93.0498 0
    endloop
  endfacet
  facet normal -0.980856 0.194736 0
    outer loop
      vertex 149.65 93.0498 0.15
      vertex 149.631 92.9541 0
      vertex 149.631 92.9541 0.15
    endloop
  endfacet
  facet normal -0.832366 0.554226 0
    outer loop
      vertex 149.577 92.873 0
      vertex 149.631 92.9541 0.15
      vertex 149.631 92.9541 0
    endloop
  endfacet
  facet normal -0.832366 0.554226 0
    outer loop
      vertex 149.631 92.9541 0.15
      vertex 149.577 92.873 0
      vertex 149.577 92.873 0.15
    endloop
  endfacet
  facet normal -0.552561 0.833472 0
    outer loop
      vertex 149.577 92.873 0
      vertex 149.496 92.8193 0.15
      vertex 149.577 92.873 0.15
    endloop
  endfacet
  facet normal -0.552561 0.833472 0
    outer loop
      vertex 149.496 92.8193 0.15
      vertex 149.577 92.873 0
      vertex 149.496 92.8193 0
    endloop
  endfacet
  facet normal -0.19906 0.979987 0
    outer loop
      vertex 149.496 92.8193 0
      vertex 149.4 92.7998 0.15
      vertex 149.496 92.8193 0.15
    endloop
  endfacet
  facet normal -0.19906 0.979987 0
    outer loop
      vertex 149.4 92.7998 0.15
      vertex 149.496 92.8193 0
      vertex 149.4 92.7998 0
    endloop
  endfacet
  facet normal 0 1 -0
    outer loop
      vertex 149.4 92.7998 0
      vertex 148.5 92.7998 0.15
      vertex 149.4 92.7998 0.15
    endloop
  endfacet
  facet normal 0 1 0
    outer loop
      vertex 148.5 92.7998 0.15
      vertex 149.4 92.7998 0
      vertex 148.5 92.7998 0
    endloop
  endfacet
  facet normal 0.19906 0.979987 -0
    outer loop
      vertex 148.5 92.7998 0
      vertex 148.404 92.8193 0.15
      vertex 148.5 92.7998 0.15
    endloop
  endfacet
  facet normal 0.19906 0.979987 0
    outer loop
      vertex 148.404 92.8193 0.15
      vertex 148.5 92.7998 0
      vertex 148.404 92.8193 0
    endloop
  endfacet
  facet normal 0.552561 0.833472 -0
    outer loop
      vertex 148.404 92.8193 0
      vertex 148.323 92.873 0.15
      vertex 148.404 92.8193 0.15
    endloop
  endfacet
  facet normal 0.552561 0.833472 0
    outer loop
      vertex 148.323 92.873 0.15
      vertex 148.404 92.8193 0
      vertex 148.323 92.873 0
    endloop
  endfacet
  facet normal 0.832366 0.554226 0
    outer loop
      vertex 148.323 92.873 0.15
      vertex 148.269 92.9541 0
      vertex 148.269 92.9541 0.15
    endloop
  endfacet
  facet normal 0.832366 0.554226 0
    outer loop
      vertex 148.269 92.9541 0
      vertex 148.323 92.873 0.15
      vertex 148.323 92.873 0
    endloop
  endfacet
  facet normal 0.980856 0.194736 0
    outer loop
      vertex 148.269 92.9541 0.15
      vertex 148.25 93.0498 0
      vertex 148.25 93.0498 0.15
    endloop
  endfacet
  facet normal 0.980856 0.194736 0
    outer loop
      vertex 148.25 93.0498 0
      vertex 148.269 92.9541 0.15
      vertex 148.269 92.9541 0
    endloop
  endfacet
  facet normal 1 -0 0
    outer loop
      vertex 148.25 93.0498 0.15
      vertex 148.25 93.75 0
      vertex 148.25 93.75 0.15
    endloop
  endfacet
  facet normal 1 0 0
    outer loop
      vertex 148.25 93.75 0
      vertex 148.25 93.0498 0.15
      vertex 148.25 93.0498 0
    endloop
  endfacet
  facet normal 0.980856 -0.194736 0
    outer loop
      vertex 148.25 93.75 0.15
      vertex 148.269 93.8457 0
      vertex 148.269 93.8457 0.15
    endloop
  endfacet
  facet normal 0.980856 -0.194736 0
    outer loop
      vertex 148.269 93.8457 0
      vertex 148.25 93.75 0.15
      vertex 148.25 93.75 0
    endloop
  endfacet
  facet normal 0.832366 -0.554226 0
    outer loop
      vertex 148.269 93.8457 0.15
      vertex 148.323 93.9268 0
      vertex 148.323 93.9268 0.15
    endloop
  endfacet
  facet normal 0.832366 -0.554226 0
    outer loop
      vertex 148.323 93.9268 0
      vertex 148.269 93.8457 0.15
      vertex 148.269 93.8457 0
    endloop
  endfacet
  facet normal 0.558945 -0.829205 0
    outer loop
      vertex 148.323 93.9268 0
      vertex 148.404 93.9814 0.15
      vertex 148.323 93.9268 0.15
    endloop
  endfacet
  facet normal 0.558945 -0.829205 0
    outer loop
      vertex 148.404 93.9814 0.15
      vertex 148.323 93.9268 0
      vertex 148.404 93.9814 0
    endloop
  endfacet
  facet normal 0.190213 -0.981743 0
    outer loop
      vertex 148.404 93.9814 0
      vertex 148.5 94 0.15
      vertex 148.404 93.9814 0.15
    endloop
  endfacet
  facet normal 0.190213 -0.981743 0
    outer loop
      vertex 148.5 94 0.15
      vertex 148.404 93.9814 0
      vertex 148.5 94 0
    endloop
  endfacet
  facet normal 0 -1 0
    outer loop
      vertex 148.5 94 0
      vertex 149.4 94 0.15
      vertex 148.5 94 0.15
    endloop
  endfacet
  facet normal 0 -1 -0
    outer loop
      vertex 149.4 94 0.15
      vertex 148.5 94 0
      vertex 149.4 94 0
    endloop
  endfacet
  facet normal -0.190213 -0.981743 0
    outer loop
      vertex 149.4 94 0
      vertex 149.496 93.9814 0.15
      vertex 149.4 94 0.15
    endloop
  endfacet
  facet normal -0.190213 -0.981743 -0
    outer loop
      vertex 149.496 93.9814 0.15
      vertex 149.4 94 0
      vertex 149.496 93.9814 0
    endloop
  endfacet
  facet normal -0.558945 -0.829205 0
    outer loop
      vertex 153.046 93.9814 0
      vertex 153.127 93.9268 0.15
      vertex 153.046 93.9814 0.15
    endloop
  endfacet
  facet normal -0.558945 -0.829205 -0
    outer loop
      vertex 153.127 93.9268 0.15
      vertex 153.046 93.9814 0
      vertex 153.127 93.9268 0
    endloop
  endfacet
  facet normal -0.832366 -0.554226 0
    outer loop
      vertex 153.181 93.8457 0
      vertex 153.127 93.9268 0.15
      vertex 153.127 93.9268 0
    endloop
  endfacet
  facet normal -0.832366 -0.554226 0
    outer loop
      vertex 153.127 93.9268 0.15
      vertex 153.181 93.8457 0
      vertex 153.181 93.8457 0.15
    endloop
  endfacet
  facet normal -0.980856 -0.194736 0
    outer loop
      vertex 153.2 93.75 0
      vertex 153.181 93.8457 0.15
      vertex 153.181 93.8457 0
    endloop
  endfacet
  facet normal -0.980856 -0.194736 0
    outer loop
      vertex 153.181 93.8457 0.15
      vertex 153.2 93.75 0
      vertex 153.2 93.75 0.15
    endloop
  endfacet
  facet normal -1 0 0
    outer loop
      vertex 153.2 93.0498 0
      vertex 153.2 93.75 0.15
      vertex 153.2 93.75 0
    endloop
  endfacet
  facet normal -1 -0 0
    outer loop
      vertex 153.2 93.75 0.15
      vertex 153.2 93.0498 0
      vertex 153.2 93.0498 0.15
    endloop
  endfacet
  facet normal -0.980856 0.194736 0
    outer loop
      vertex 153.181 92.9541 0
      vertex 153.2 93.0498 0.15
      vertex 153.2 93.0498 0
    endloop
  endfacet
  facet normal -0.980856 0.194736 0
    outer loop
      vertex 153.2 93.0498 0.15
      vertex 153.181 92.9541 0
      vertex 153.181 92.9541 0.15
    endloop
  endfacet
  facet normal -0.832366 0.554226 0
    outer loop
      vertex 153.127 92.873 0
      vertex 153.181 92.9541 0.15
      vertex 153.181 92.9541 0
    endloop
  endfacet
  facet normal -0.832366 0.554226 0
    outer loop
      vertex 153.181 92.9541 0.15
      vertex 153.127 92.873 0
      vertex 153.127 92.873 0.15
    endloop
  endfacet
  facet normal -0.552561 0.833472 0
    outer loop
      vertex 153.127 92.873 0
      vertex 153.046 92.8193 0.15
      vertex 153.127 92.873 0.15
    endloop
  endfacet
  facet normal -0.552561 0.833472 0
    outer loop
      vertex 153.046 92.8193 0.15
      vertex 153.127 92.873 0
      vertex 153.046 92.8193 0
    endloop
  endfacet
  facet normal -0.19906 0.979987 0
    outer loop
      vertex 153.046 92.8193 0
      vertex 152.95 92.7998 0.15
      vertex 153.046 92.8193 0.15
    endloop
  endfacet
  facet normal -0.19906 0.979987 0
    outer loop
      vertex 152.95 92.7998 0.15
      vertex 153.046 92.8193 0
      vertex 152.95 92.7998 0
    endloop
  endfacet
  facet normal 0 1 -0
    outer loop
      vertex 152.95 92.7998 0
      vertex 152.05 92.7998 0.15
      vertex 152.95 92.7998 0.15
    endloop
  endfacet
  facet normal 0 1 0
    outer loop
      vertex 152.05 92.7998 0.15
      vertex 152.95 92.7998 0
      vertex 152.05 92.7998 0
    endloop
  endfacet
  facet normal 0.19906 0.979987 -0
    outer loop
      vertex 152.05 92.7998 0
      vertex 151.954 92.8193 0.15
      vertex 152.05 92.7998 0.15
    endloop
  endfacet
  facet normal 0.19906 0.979987 0
    outer loop
      vertex 151.954 92.8193 0.15
      vertex 152.05 92.7998 0
      vertex 151.954 92.8193 0
    endloop
  endfacet
  facet normal 0.552561 0.833472 -0
    outer loop
      vertex 151.954 92.8193 0
      vertex 151.873 92.873 0.15
      vertex 151.954 92.8193 0.15
    endloop
  endfacet
  facet normal 0.552561 0.833472 0
    outer loop
      vertex 151.873 92.873 0.15
      vertex 151.954 92.8193 0
      vertex 151.873 92.873 0
    endloop
  endfacet
  facet normal 0.832366 0.554226 0
    outer loop
      vertex 151.873 92.873 0.15
      vertex 151.819 92.9541 0
      vertex 151.819 92.9541 0.15
    endloop
  endfacet
  facet normal 0.832366 0.554226 0
    outer loop
      vertex 151.819 92.9541 0
      vertex 151.873 92.873 0.15
      vertex 151.873 92.873 0
    endloop
  endfacet
  facet normal 0.980856 0.194736 0
    outer loop
      vertex 151.819 92.9541 0.15
      vertex 151.8 93.0498 0
      vertex 151.8 93.0498 0.15
    endloop
  endfacet
  facet normal 0.980856 0.194736 0
    outer loop
      vertex 151.8 93.0498 0
      vertex 151.819 92.9541 0.15
      vertex 151.819 92.9541 0
    endloop
  endfacet
  facet normal 1 -0 0
    outer loop
      vertex 151.8 93.0498 0.15
      vertex 151.8 93.75 0
      vertex 151.8 93.75 0.15
    endloop
  endfacet
  facet normal 1 0 0
    outer loop
      vertex 151.8 93.75 0
      vertex 151.8 93.0498 0.15
      vertex 151.8 93.0498 0
    endloop
  endfacet
  facet normal 0.980856 -0.194736 0
    outer loop
      vertex 151.8 93.75 0.15
      vertex 151.819 93.8457 0
      vertex 151.819 93.8457 0.15
    endloop
  endfacet
  facet normal 0.980856 -0.194736 0
    outer loop
      vertex 151.819 93.8457 0
      vertex 151.8 93.75 0.15
      vertex 151.8 93.75 0
    endloop
  endfacet
  facet normal 0.832366 -0.554226 0
    outer loop
      vertex 151.819 93.8457 0.15
      vertex 151.873 93.9268 0
      vertex 151.873 93.9268 0.15
    endloop
  endfacet
  facet normal 0.832366 -0.554226 0
    outer loop
      vertex 151.873 93.9268 0
      vertex 151.819 93.8457 0.15
      vertex 151.819 93.8457 0
    endloop
  endfacet
  facet normal 0.558945 -0.829205 0
    outer loop
      vertex 151.873 93.9268 0
      vertex 151.954 93.9814 0.15
      vertex 151.873 93.9268 0.15
    endloop
  endfacet
  facet normal 0.558945 -0.829205 0
    outer loop
      vertex 151.954 93.9814 0.15
      vertex 151.873 93.9268 0
      vertex 151.954 93.9814 0
    endloop
  endfacet
  facet normal 0.190213 -0.981743 0
    outer loop
      vertex 151.954 93.9814 0
      vertex 152.05 94 0.15
      vertex 151.954 93.9814 0.15
    endloop
  endfacet
  facet normal 0.190213 -0.981743 0
    outer loop
      vertex 152.05 94 0.15
      vertex 151.954 93.9814 0
      vertex 152.05 94 0
    endloop
  endfacet
  facet normal 0 -1 0
    outer loop
      vertex 152.05 94 0
      vertex 152.95 94 0.15
      vertex 152.05 94 0.15
    endloop
  endfacet
  facet normal 0 -1 -0
    outer loop
      vertex 152.95 94 0.15
      vertex 152.05 94 0
      vertex 152.95 94 0
    endloop
  endfacet
  facet normal -0.190213 -0.981743 0
    outer loop
      vertex 152.95 94 0
      vertex 153.046 93.9814 0.15
      vertex 152.95 94 0.15
    endloop
  endfacet
  facet normal -0.190213 -0.981743 -0
    outer loop
      vertex 153.046 93.9814 0.15
      vertex 152.95 94 0
      vertex 153.046 93.9814 0
    endloop
  endfacet
endsolid OpenSCAD_Model
